order_id,order_date,customer_id,customer_name,region,product_name,category,unit_price,quantity,discount_pct,payment_method,sales_channel
ORD101401,19/01/2025,CUST1200,James Martin,West,Power Bank,Electronics,116.01,2.0,0.0,UPI,Online
ORD105238,2025-12-02,CUST1704,Lisa Brown,North,USB-C Hub,Electronics,353.59,2.0,0.0,Debit Card,Mobile App
ORD104393,2025-01-13,CUST1316,Ryan Hall,East,USB-C Hub,Electronics,258.85,5.0,0.0,UPI,Mobile App
ORD103608,11-14-2024,CUST1178,Paul Thompson,CENTRAL,Noise Cancelling Headphones,Electronics,41.1,1.0,10.0,UPI,Mobile App
ORD101984,2025-10-22,CUST1027,Brent Jordan,East,Wool Sweater,Apparel,43.04,1.0,0.0,Debit Card,Online
ORD104029,2025-10-09,CUST1777,Jean Lane,Central,Bluetooth Speaker,Electronics,315.93,2.0,0.0,Debit Card,Mobile App
ORD102460,2024-07-07,CUST1754,David Hayes DVM,central,Yoga Mat,Sports & Outdoors,275.09,1.0,0.0,Credit Card,In-Store
ORD105291,18/10/2025,CUST1888,Sheena Burton,CENTRAL,Power Bank,Electronics,135.16,1.0,15.0,Credit Card,Mobile App
ORD100564,2024-10-19,CUST1164,Cindy Hayes,CENTRAL,Ergonomic Chair,Office Supplies,60.44,1.0,10.0,Debit Card,Mobile App
ORD100605,2025/01/07,CUST1170,Renee Bruce, South ,Wool Sweater,Apparel,25.51,2.0,5.0,Debit Card,In-Store
ORD102219,2024/06/30,CUST1475,Seth Matthews,SOUTH,Cycling Helmet,Sports & Outdoors,51.98,1.0,0.0,PayPal,Mobile App
ORD104353,2025-06-07,CUST1748,Keith Choi,west,Standing Desk,Office Supplies,217.65,2.0,5.0,PayPal,Online
ORD102764,2025-12-11,CUST1589,Andrew Berry,north,Air Fryer,Home & Kitchen,37.03,4.0,0.0,Cash on Delivery,In-Store
ORD101577,05-30-2025,CUST1094,Jesse Parker,West,Wireless Mouse,Electronics,69.05,1.0,0.0,PayPal,Mobile App
ORD104102,15/10/2025,CUST1848,Danielle Murphy,North,Air Fryer,Home & Kitchen,216.01,1.0,0.0,PayPal,In-Store
ORD104148,2024-08-26,CUST1580,Travis Hopkins,NORTH,USB-C Hub,Electronics,137.52,1.0,0.0,Debit Card,Mobile App
ORD105938,16/11/2024,CUST1704,Lisa Brown,east,27in Monitor,Electronics,141.7,1.0,20.0,Credit Card,Online
ORD103239,12/09/2025,CUST1553,Robert Wilson,SOUTH,Blender,Home & Kitchen,117.57,2.0,10.0,UPI,Online
ORD100550,2025-08-16,CUST1253,Chloe Tran,West,Rice Cooker,Home & Kitchen,75.83,2.0,0.0,Cash on Delivery,Online
ORD100848,2024-06-07,CUST1314,Robert Jackson,East,USB-C Hub,Electronics,229.18,2.0,0.0,Cash on Delivery,Mobile App
ORD104855,2025-01-22,CUST1729,Kevin Marquez, West,Ergonomic Chair,Office Supplies,75.41,1.0,0.0,Debit Card,Mobile App
ORD105813,2024-11-25,CUST1624,Sarah Watson,Central,Denim Jacket,Apparel,43.4,1.0,0.0,Credit Card,Online
ORD101547,2025-07-04,CUST1022,Lisa Brandt,NORTH,Yoga Pants,Apparel,62.1,1.0,10.0,Cash on Delivery,In-Store
ORD103395,2025-04-20,CUST1894,Richard Jenkins,CENTRAL,Denim Jacket,Apparel,99.43,5.0,15.0,Credit Card,Mobile App
ORD105763,20/04/2025,CUST1421,Krista Davis, South ,USB-C Hub,Electronics,46.83,5.0,5.0,Credit Card,In-Store
ORD104890,2024-10-18,CUST1122,Mary Grimes,East,Rice Cooker,Home & Kitchen,37.21,5.0,0.0,Credit Card,In-Store
ORD100542,2025-09-25,CUST1542,Ashley Parrish,South,Water Bottle,Sports & Outdoors,112.18,1.0,,Cash on Delivery,Mobile App
ORD100842,2025-12-05,CUST1108,Tammy Gonzales, West,Camping Tent,Sports & Outdoors,85.72,1.0,10.0,PayPal,Mobile App
ORD101996,25/02/2024,CUST1674,John Garcia,west,Vacuum Cleaner,Home & Kitchen,66.4,4.0,10.0,Credit Card,In-Store
ORD100162,21/05/2025,CUST1049,Rita Keith, North,Noise Cancelling Headphones,Electronics,239.81,5.0,0.0,UPI,In-Store
ORD102521,06/11/2024,CUST1879,Dustin Bell,East ,Water Bottle,Sports & Outdoors,45.5,1.0,0.0,UPI,Mobile App
ORD103782,2024-10-14,CUST1131,Ashlee Jackson,South,Rice Cooker,Home & Kitchen,195.48,3.0,0.0,Debit Card,Online
ORD103049,2024-05-05,CUST1297,Austin Wheeler,West,Smartwatch,Electronics,92.0,2.0,10.0,Cash on Delivery,Online
ORD103333,14/05/2025,CUST1679,Laura Meza,south,Noise Cancelling Headphones,Electronics,43.23,1.0,0.0,Debit Card,Mobile App
ORD105680,2025-09-26,CUST1455,Martin Hughes,east,Rice Cooker,Home & Kitchen,49.18,1.0,0.0,Cash on Delivery,Mobile App
ORD105265,2025-06-27,CUST1892,Carol Morris, West,Electric Kettle,Home & Kitchen,67.64,1.0,0.0,PayPal,In-Store
ORD100450,2025-06-20,CUST1574,Mr. Matthew Miller,south,USB-C Hub,Electronics,229.39,1.0,5.0,Credit Card,In-Store
ORD101025,2025-05-09,CUST1329,Haley Davis,south,Yoga Pants,Apparel,98.44,2.0,0.0,Credit Card,Online
ORD105835,2025-05-07,CUST1354,Christopher Moore,North,Blender,Home & Kitchen,39.34,2.0,0.0,Cash on Delivery,In-Store
ORD104823,15/11/2025,CUST1867,Dwayne Bruce,East,Portable SSD 1TB,Electronics,266.32,1.0,5.0,PayPal,Online
ORD103937,2025-06-17,CUST1122,Mary Grimes,NORTH,Air Fryer,Home & Kitchen,196.13,2.0,0.0,PayPal,Online
ORD104112,27/02/2025,CUST1142,Casey Anderson,west,Desk Lamp,Office Supplies,127.04,1.0,0.0,UPI,Mobile App
ORD105151,27/05/2024,CUST1219,Stacey Stewart,central,Desk Lamp,Office Supplies,40.09,1.0,5.0,UPI,Mobile App
ORD103351,28/10/2025,CUST1402,Carol Moore,SOUTH,Air Fryer,Home & Kitchen,181.91,1.0,0.0,Cash on Delivery,In-Store
ORD102678,05/05/2025,CUST1618,Austin Schultz, West,Coffee Maker,Home & Kitchen,168.09,2.0,10.0,Cash on Delivery,Online
ORD101317,2024-10-05,CUST1333,Emily Rodriguez,South,Standing Desk,Office Supplies,61.92,4.0,15.0,Credit Card,Mobile App
ORD105408,2025-03-10,CUST1542,Ashley Parrish,East,Wool Sweater,Apparel,75.7,2.0,0.0,Credit Card,Online
ORD101016,2024/09/11,CUST1220,Matthew Mitchell,SOUTH,Electric Kettle,Home & Kitchen,78.04,1.0,,Credit Card,Online
ORD105992,2025-06-14,CUST1373,Wendy Camacho,Central,Webcam HD,Electronics,288.34,1.0,0.0,Cash on Delivery,Online
ORD103058,2024-11-24,CUST1251,Amber Campbell,CENTRAL,Denim Jacket,Apparel,115.74,3.0,0.0,PayPal,Mobile App
ORD105031,28/06/2025,CUST1153,Samantha Davis,East ,Smartwatch,Electronics,238.73,3.0,10.0,Cash on Delivery,Mobile App
ORD100101,2024-05-14,CUST1676,Steve Miller PhD,West,USB-C Hub,Electronics,444.7,2.0,15.0,Debit Card,Mobile App
ORD101095,2025-10-14,CUST1879,Dustin Bell, North,Cotton T-Shirt,Apparel,31.22,3.0,0.0,Debit Card,Mobile App
ORD100288,2025-01-30,CUST1737,Anthony Bailey,South,27in Monitor,Electronics,131.05,1.0,0.0,UPI,Online
ORD100270,09-28-2024,CUST1462,Deanna Bartlett,Central,Non-stick Pan Set,Home & Kitchen,101.3,2.0,0.0,Credit Card,Online
ORD100615,2024-04-02,CUST1257,Brenda Velazquez,CENTRAL,Smartwatch,Electronics,421.5,2.0,0.0,Credit Card,In-Store
ORD100664,2025-10-07,CUST1519,Danielle Reed,Central,Whiteboard,Office Supplies,275.93,4.0,0.0,Debit Card,In-Store
ORD104132,2025/11/10,CUST1606,Lisa Cohen,south,Bluetooth Speaker,Electronics,194.18,1.0,10.0,Credit Card,Online
ORD104760,2025-02-04,CUST1841,Erika Garcia,East ,Smartwatch,Electronics,446.29,1.0,0.0,Cash on Delivery,Mobile App
ORD103310,28/02/2025,CUST1131,Ashlee Jackson,East,Smartwatch,Electronics,136.45,1.0,0.0,PayPal,In-Store
ORD104928,01/09/2024,CUST1027,Brent Jordan,West,Standing Desk,Office Supplies,183.69,2.0,0.0,Credit Card,Mobile App
ORD101458,13/07/2025,CUST1135,Brooke Alexander, South ,Noise Cancelling Headphones,Electronics,72.86,3.0,0.0,PayPal,In-Store
ORD103436,2024-12-20,CUST1534,Lisa Morris,Central,Bluetooth Speaker,Electronics,82.65,2.0,5.0,Cash on Delivery,Mobile App
ORD102051,30/09/2025,CUST1401,Laura Jones,East,Yoga Pants,Apparel,53.5,3.0,0.0,UPI,Online
ORD103048,2025-05-17,CUST1794,Richard King, North,Standing Desk,Office Supplies,154.0,1.0,0.0,Cash on Delivery,Online
ORD103146,2025/09/06,CUST1024,Crystal Robinson,central,Whiteboard,Office Supplies,87.72,3.0,0.0,UPI,Mobile App
ORD101956,26/08/2025,CUST1240,Travis Stone,East,Toaster,Home & Kitchen,118.54,1.0,10.0,Cash on Delivery,In-Store
ORD103130,2024-11-14,CUST1584,Jamie Gray, West,Noise Cancelling Headphones,Electronics,71.18,2.0,10.0,Debit Card,In-Store
ORD101093,2025-08-31,CUST1264,Matthew Fox,,Notebook Pack,Office Supplies,,,5.0,Debit Card,Online
ORD103124,2024-05-07,CUST1099,John Peterson,west,Mechanical Keyboard,Electronics,370.98,4.0,0.0,PayPal,Mobile App
ORD101523,12/12/2025,CUST1353,Ashley Sweeney, West,Ergonomic Chair,Office Supplies,283.82,1.0,0.0,Credit Card,Online
ORD105950,2025-08-27,CUST1422,Richard Walker,SOUTH,Bluetooth Speaker,Electronics,36.78,2.0,0.0,Cash on Delivery,In-Store
ORD104754,2025-07-14,CUST1613,Krista Barber,CENTRAL,Denim Jacket,Apparel,31.59,1.0,0.0,Credit Card,In-Store
ORD104473,01-13-2025,CUST1540,James Brown,North,Blender,Home & Kitchen,213.87,4.0,5.0,Credit Card,Mobile App
ORD101140,2024/07/21,CUST1647,Joyce Curry,NORTH,Blender,Home & Kitchen,135.87,4.0,0.0,Credit Card,Online
ORD103802,2025-03-13,CUST1523,Jillian Wilson,NORTH,Rice Cooker,Home & Kitchen,78.86,5.0,5.0,Debit Card,In-Store
ORD105276,2025-12-27,CUST1739,Matthew Graves,SOUTH,USB-C Hub,Electronics,395.45,2.0,0.0,PayPal,In-Store
ORD101563,09/05/2024,CUST1066,Robert Contreras,CENTRAL,Desk Lamp,Office Supplies,266.91,1.0,10.0,Cash on Delivery,Mobile App
ORD104856,2024-07-07,CUST1158,, West,Notebook Pack,Office Supplies,21.72,1.0,,,Online
ORD101705,2024-03-02,CUST1366,Joshua Jackson,east,Whiteboard,Office Supplies,344.82,2.0,10.0,Credit Card,Online
ORD100926,2025/05/30,CUST1003,Abigail Shaffer,East ,27in Monitor,Electronics,172.74,1.0,0.0,Cash on Delivery,In-Store
ORD100686,2024-07-29,CUST1019,Linda Burns,Central,Whiteboard,Office Supplies,314.93,1.0,0.0,Cash on Delivery,In-Store
ORD100749,2024-09-01,CUST1255,Gina Mcmillan,south,Wireless Mouse,Electronics,279.24,1.0,,,In-Store
ORD104076,2024-03-09,CUST1422,Richard Walker,Central,Power Bank,Electronics,195.47,3.0,5.0,Credit Card,In-Store
ORD103566,05/04/2025,CUST1560,James Wilson,NORTH,Blender,Home & Kitchen,32.97,1.0,0.0,Debit Card,In-Store
ORD101216,2025-08-03,CUST1503,Michael Harris,North,Water Bottle,Sports & Outdoors,280.11,2.0,15.0,PayPal,Online
ORD104468,15/05/2024,CUST1496,Michael Sims,west,Wool Sweater,Apparel,50.72,2.0,0.0,UPI,Mobile App
ORD103916,2025/11/07,CUST1814,Jonathan Delgado,East,Wool Sweater,Apparel,58.56,1.0,0.0,PayPal,In-Store
ORD101933,2024-02-03,CUST1350,Kathryn Cooper,Central,Ergonomic Chair,Office Supplies,146.02,1.0,5.0,Debit Card,Online
ORD104766,2025-08-27,CUST1451,Colton Terry,south,Cotton T-Shirt,Apparel,20.54,1.0,0.0,Cash on Delivery,Mobile App
ORD100623,2024-04-23,CUST1321,Judy Sanchez, South ,Wool Sweater,Apparel,98.06,1.0,5.0,Cash on Delivery,Mobile App
ORD102855,2025/09/04,CUST1274,Taylor Gentry,SOUTH,Denim Jacket,Apparel,32.85,2.0,5.0,UPI,Mobile App
ORD105794,2025-02-23,CUST1089,Mary Rogers,north,Toaster,Home & Kitchen,100.95,1.0,0.0,PayPal,In-Store
ORD100585,10/05/2025,CUST1079,Mrs. Marie Harrington DDS,West,USB-C Hub,Electronics,441.97,1.0,0.0,Credit Card,Online
ORD100089,2024/02/20,CUST1579,Victor Holden,South,Webcam HD,Electronics,34.32,3.0,,UPI,In-Store
ORD101781,2024-11-07,CUST1433,Rebecca Kelly,NORTH,Yoga Mat,Sports & Outdoors,140.17,2.0,5.0,UPI,Mobile App
ORD100157,2025-08-08,CUST1666,Ashley Freeman, North,Whiteboard,Office Supplies,24.01,3.0,0.0,Credit Card,In-Store
ORD103384,2025/06/27,CUST1060,Richard Lawson,north,Yoga Pants,Apparel,73.03,1.0,15.0,UPI,In-Store
ORD100641,02-19-2024,CUST1132,James Thomas, West,Wool Sweater,Apparel,49.12,2.0,0.0,PayPal,In-Store
ORD100012,2025-10-02,CUST1519,Danielle Reed,south,Wireless Mouse,Electronics,430.37,4.0,15.0,Cash on Delivery,Mobile App
ORD105723,06-17-2025,CUST1049,Rita Keith,CENTRAL,Vacuum Cleaner,Home & Kitchen,24.05,1.0,0.0,Debit Card,In-Store
ORD101876,02/01/2025,CUST1232,Benjamin Thompson,central,Coffee Maker,Home & Kitchen,119.38,2.0,10.0,Debit Card,In-Store
ORD103034,2024-06-12,CUST1113,Shannon Rivera,west,Non-stick Pan Set,Home & Kitchen,105.08,2.0,5.0,Debit Card,Mobile App
ORD103981,2024-02-03,CUST1130,Yolanda Francis,West,Whiteboard,Office Supplies,80.37,3.0,5.0,UPI,In-Store
ORD100389,10/02/2025,CUST1282,Melissa Brown,East ,Cotton T-Shirt,Apparel,42.44,2.0,20.0,UPI,Mobile App
ORD100030,13/01/2025,CUST1152,Michael Stephens,CENTRAL,Toaster,Home & Kitchen,132.18,1.0,0.0,Debit Card,In-Store
ORD104110,2024-05-17,CUST1839,Tammy Thompson,North,Portable SSD 1TB,Electronics,155.64,3.0,0.0,Debit Card,Online
ORD102948,2025-12-24,CUST1180,Thomas Atkins,Central,Water Bottle,Sports & Outdoors,37.16,1.0,10.0,Credit Card,In-Store
ORD103727,08/09/2024,CUST1792,Thomas Curry, West,Blender,Home & Kitchen,75.58,3.0,10.0,Debit Card,In-Store
ORD101578,2025-08-25,CUST1015,Tricia Valencia,CENTRAL,Desk Lamp,Office Supplies,347.75,1.0,0.0,UPI,In-Store
ORD103089,2025-08-19,CUST1166,Bradley Reynolds,south,Vacuum Cleaner,Home & Kitchen,130.49,2.0,15.0,Credit Card,Online
ORD101687,05-10-2025,CUST1025,Shannon Jones,Central,Water Bottle,Sports & Outdoors,105.74,2.0,15.0,Debit Card,Mobile App
ORD105653,2024-09-25,CUST1878,Terri Kerr,SOUTH,Running Shoes,Apparel,63.6,2.0,10.0,Credit Card,Mobile App
ORD105921,2025/02/28,CUST1656,Diane Martinez, West,Bluetooth Speaker,Electronics,260.54,1.0,0.0,PayPal,Online
ORD103268,06/06/2025,CUST1580,Travis Hopkins,west,Noise Cancelling Headphones,Electronics,140.39,1.0,0.0,Debit Card,Mobile App
ORD103286,2024-03-03,CUST1245,Melinda Evans,west,Rice Cooker,Home & Kitchen,94.93,2.0,15.0,Credit Card,In-Store
ORD103318,2025-04-12,CUST1873,Michael Wells,East,Dumbbell Set,Sports & Outdoors,155.62,1.0,0.0,PayPal,In-Store
ORD101381,11-12-2025,CUST1398,Mary Thompson,West,Vacuum Cleaner,Home & Kitchen,108.68,1.0,0.0,Debit Card,In-Store
ORD103811,17/05/2025,CUST1133,Bob Pitts,central,Wireless Mouse,Electronics,65.84,4.0,5.0,Debit Card,Online
ORD103221,09/06/2024,CUST1095,Tiffany Vaughn, West,USB-C Hub,Electronics,343.22,2.0,0.0,Credit Card,Mobile App
ORD101719,04/12/2024,CUST1253,Chloe Tran,SOUTH,Notebook Pack,Office Supplies,217.99,1.0,0.0,PayPal,Mobile App
ORD100259,2025-06-20,CUST1826,Matthew Smith,central,Vacuum Cleaner,Home & Kitchen,166.59,1.0,0.0,Cash on Delivery,Mobile App
ORD104643,2024/12/20,CUST1374,Sandra Juarez,west,Power Bank,Electronics,389.94,4.0,0.0,Debit Card,Mobile App
ORD100597,27/10/2024,CUST1811,Robert Thompson,west,Power Bank,Electronics,65.94,1.0,0.0,UPI,Mobile App
ORD103090,2025-02-27,CUST1301,Sheryl Buck,west,Standing Desk,Office Supplies,250.71,2.0,0.0,PayPal,Online
ORD100176,2024/06/29,CUST1427,Danielle Phillips,Central,Denim Jacket,Apparel,71.19,2.0,15.0,Credit Card,In-Store
ORD102701,2024-02-08,CUST1468,Alicia Roth,North,Portable SSD 1TB,Electronics,184.17,1.0,10.0,UPI,Online
ORD101778,2025-01-20,CUST1154,Gavin Zhang, West,Denim Jacket,Apparel,92.11,1.0,10.0,UPI,Mobile App
ORD103534,2025-01-08,CUST1484,Jason Price,West,Cotton T-Shirt,Apparel,21.63,2.0,0.0,Cash on Delivery,Online
ORD100335,2025-11-25,CUST1012,Kimberly Burgess, North,Yoga Mat,Sports & Outdoors,267.63,1.0,10.0,Cash on Delivery,Mobile App
ORD105497,2024/04/17,CUST1122,Mary Grimes, South ,Non-stick Pan Set,Home & Kitchen,193.65,3.0,0.0,Debit Card,In-Store
ORD100421,09-19-2025,CUST1529,Ashley Carr,north,Wool Sweater,Apparel,101.98,1.0,10.0,PayPal,In-Store
ORD100683,2024-11-29,CUST1683,Joshua Brooks,east,Standing Desk,Office Supplies,269.06,2.0,0.0,Cash on Delivery,Mobile App
ORD101615,2025-02-12,CUST1050,Sharon Cochran,East ,Notebook Pack,Office Supplies,178.96,1.0,0.0,PayPal,In-Store
ORD104811,2024/03/05,CUST1779,Lisa Dixon,south,Webcam HD,Electronics,156.7,2.0,0.0,Credit Card,Mobile App
ORD105389,2024-07-05,CUST1324,Shannon Davis,NORTH,Toaster,Home & Kitchen,89.48,1.0,0.0,PayPal,Online
ORD102432,2025-12-25,CUST1327,Michelle Sanders,west,Dumbbell Set,Sports & Outdoors,115.84,2.0,0.0,PayPal,In-Store
ORD104596,02-20-2024,CUST1061,Steven Flynn,central,Blender,Home & Kitchen,23.55,1.0,5.0,Debit Card,In-Store
ORD105299,2025/07/06,CUST1263,Tami Salas,North,Air Fryer,Home & Kitchen,141.55,1.0,0.0,UPI,Online
ORD105344,2024-04-26,CUST1717,Elizabeth Reese,East ,Yoga Pants,Apparel,115.33,1.0,0.0,Credit Card,Online
ORD103307,28/11/2024,CUST1084,Barbara Riggs,Central,Cotton T-Shirt,Apparel,59.03,3.0,5.0,Debit Card,In-Store
ORD104147,2024-07-14,CUST1015,Tricia Valencia,North,27in Monitor,Electronics,34.5,1.0,0.0,Cash on Delivery,Mobile App
ORD105679,2024/01/19,CUST1488,Henry Garner,North,Air Fryer,Home & Kitchen,107.79,1.0,0.0,Cash on Delivery,Mobile App
ORD102020,10-12-2025,CUST1329,Haley Davis,NORTH,Cycling Helmet,Sports & Outdoors,32.37,1.0,0.0,UPI,Online
ORD103144,28/12/2024,CUST1619,Harry Nichols,central,Cycling Helmet,Sports & Outdoors,131.27,1.0,5.0,PayPal,In-Store
ORD105485,03-02-2025,CUST1310,Elizabeth Ward,West,Smartwatch,Electronics,68.4,1.0,0.0,Debit Card,In-Store
ORD101697,2025-10-11,CUST1729,Kevin Marquez,north,27in Monitor,Electronics,442.41,5.0,0.0,Cash on Delivery,In-Store
ORD102249,10-19-2024,CUST1693,Nicole Johnston,CENTRAL,Ergonomic Chair,Office Supplies,247.09,1.0,0.0,Cash on Delivery,Online
ORD103276,2025-11-12,CUST1589,Andrew Berry,north,Air Fryer,Home & Kitchen,52.68,4.0,0.0,Cash on Delivery,Mobile App
ORD100138,10/07/2024,CUST1246,Mr. Lawrence Edwards, North,Electric Kettle,Home & Kitchen,163.71,1.0,5.0,Credit Card,Mobile App
ORD103991,02-27-2024,CUST1887,Donald Gamble,north,Mechanical Keyboard,Electronics,83.7,2.0,0.0,Debit Card,Mobile App
ORD105217,22/09/2024,CUST1555,Jose Vaughan,West,Camping Tent,Sports & Outdoors,85.5,1.0,5.0,Cash on Delivery,Mobile App
ORD102223,2025-11-24,CUST1861,Judith Miller,south,Power Bank,Electronics,300.41,1.0,0.0,UPI,Online
ORD102566,2025-09-05,CUST1410,Makayla Steele,West,Wireless Mouse,Electronics,328.62,1.0,,,Mobile App
ORD102776,20/11/2024,CUST1362,Melissa Brewer,south,Ergonomic Chair,Office Supplies,289.73,4.0,0.0,Credit Card,Mobile App
ORD103033,2025-08-13,CUST1885,Justin Ford,central,Bluetooth Speaker,Electronics,223.51,2.0,0.0,Debit Card,Online
ORD101965,2024-07-24,CUST1251,Amber Campbell,north,Yoga Pants,Apparel,22.86,2.0,0.0,Debit Card,Online
ORD103159,03-18-2024,CUST1134,David Scott,East,Power Bank,Electronics,448.29,2.0,0.0,Cash on Delivery,Mobile App
ORD103265,2024-04-20,CUST1133,Bob Pitts,north,Camping Tent,Sports & Outdoors,169.97,2.0,0.0,Debit Card,Online
ORD103135,14/10/2024,CUST1134,David Scott,west,Dumbbell Set,Sports & Outdoors,244.79,1.0,0.0,UPI,In-Store
ORD103118,2025-05-24,CUST1307,Claire Clark,east,Vacuum Cleaner,Home & Kitchen,210.21,1.0,10.0,PayPal,Mobile App
ORD101762,30/06/2024,CUST1043,Michelle Harris,North,Toaster,Home & Kitchen,81.86,1.0,10.0,Cash on Delivery,In-Store
ORD102670,01-02-2025,CUST1243,Travis Wise,South,Wireless Mouse,Electronics,118.95,5.0,0.0,Cash on Delivery,Mobile App
ORD105932,26/08/2025,CUST1725,Danielle Medina, West,Bluetooth Speaker,Electronics,423.72,2.0,5.0,Debit Card,Online
ORD104060,07/04/2025,CUST1117,Michael Martinez,NORTH,Bluetooth Speaker,Electronics,89.7,1.0,0.0,UPI,Mobile App
ORD103117,2025-07-19,CUST1710,Lori Johns,South,Yoga Pants,Apparel,87.75,4.0,20.0,UPI,Online
ORD105362,2024/05/27,CUST1103,Marc Lynch, South ,USB-C Hub,Electronics,264.85,2.0,10.0,UPI,Mobile App
ORD105492,2024-01-27,CUST1644,Luke Miller,Central,Water Bottle,Sports & Outdoors,50.45,2.0,0.0,Debit Card,Mobile App
ORD100206,12-01-2025,CUST1713,Erin Daniels,East,Noise Cancelling Headphones,Electronics,58.58,5.0,0.0,Credit Card,Mobile App
ORD103107,2025-05-28,CUST1326,Amanda Mcfarland, North,Portable SSD 1TB,Electronics,120.55,1.0,0.0,Cash on Delivery,Online
ORD105781,2024/04/17,CUST1390,Katrina Adkins,west,Mechanical Keyboard,Electronics,395.19,2.0,0.0,UPI,In-Store
ORD102024,2025/10/05,CUST1674,John Garcia,NORTH,Cotton T-Shirt,Apparel,57.24,1.0,0.0,UPI,Mobile App
ORD105797,19/08/2025,CUST1837,Tracy Wells,south,Webcam HD,Electronics,36.91,1.0,0.0,PayPal,Mobile App
ORD105053,2025/03/26,CUST1358,Katherine Church,west,Camping Tent,Sports & Outdoors,71.93,5.0,0.0,Credit Card,Mobile App
ORD101913,22/08/2025,CUST1502,Alicia Norris,West,Notebook Pack,Office Supplies,320.11,1.0,0.0,Credit Card,In-Store
ORD104262,2025-10-07,CUST1657,Johnny Peterson,East,Ergonomic Chair,Office Supplies,218.83,1.0,10.0,UPI,Mobile App
ORD104018,2025-10-15,CUST1251,Amber Campbell,west,27in Monitor,Electronics,58.07,1.0,5.0,Debit Card,Online
ORD104287,2024-03-03,CUST1577,Kimberly Valdez, West,USB-C Hub,Electronics,306.84,2.0,0.0,Credit Card,Mobile App
ORD105162,2025-01-03,CUST1617,Tonya Ellis,South,USB-C Hub,Electronics,272.06,1.0,0.0,UPI,In-Store
ORD102903,2025-05-31,CUST1695,Patricia Anderson,East,Cycling Helmet,Sports & Outdoors,234.44,3.0,0.0,PayPal,In-Store
ORD103019,2025/12/02,CUST1865,Grant Lucas,CENTRAL,Non-stick Pan Set,Home & Kitchen,42.55,1.0,10.0,Cash on Delivery,In-Store
ORD105374,2024-01-30,CUST1286,Angela Griffin,NORTH,Noise Cancelling Headphones,Electronics,221.16,3.0,,Cash on Delivery,Mobile App
ORD103187,27/10/2025,CUST1751,Kristen Smith,West,Rice Cooker,Home & Kitchen,34.21,3.0,20.0,UPI,Online
ORD104305,24/09/2025,CUST1444,Mrs. Stacey Davis,CENTRAL,Ergonomic Chair,Office Supplies,31.64,1.0,10.0,UPI,Online
ORD103487,13/05/2024,CUST1194,Nathaniel Douglas, South ,Wool Sweater,Apparel,43.42,1.0,10.0,Debit Card,Online
ORD102013,2024/02/21,CUST1178,Paul Thompson,CENTRAL,Power Bank,Electronics,156.93,3.0,0.0,Debit Card,Mobile App
ORD104055,2024/06/28,CUST1091,Jason Peters,south,Standing Desk,Office Supplies,27.92,3.0,0.0,Debit Card,Mobile App
ORD105964,2025/09/03,CUST1899,Rachel Jones,south,Yoga Mat,Sports & Outdoors,0.0,3.0,0.0,Cash on Delivery,Online
ORD100097,16/05/2025,CUST1670,Kimberly Gibson,NORTH,Yoga Pants,Apparel,59.01,2.0,0.0,PayPal,Online
ORD100948,04/11/2025,CUST1697,Thomas Davis,East ,Blender,Home & Kitchen,184.05,3.0,0.0,UPI,Online
ORD103850,15/04/2025,CUST1825,Charles Valdez,NORTH,Bluetooth Speaker,Electronics,201.06,5.0,0.0,Credit Card,Online
ORD104002,2024-09-15,CUST1062,Frances Cardenas,East,Vacuum Cleaner,Home & Kitchen,88.72,1.0,5.0,Debit Card,Mobile App
ORD102852,2025-07-30,CUST1007,Dr. Sharon James, South ,Camping Tent,Sports & Outdoors,183.81,1.0,0.0,PayPal,In-Store
ORD105844,2024-05-17,CUST1100,Jennifer Jones, West,Dumbbell Set,Sports & Outdoors,277.83,5.0,0.0,UPI,Mobile App
ORD102723,07/04/2025,CUST1887,Donald Gamble,East ,Cotton T-Shirt,Apparel,82.2,3.0,10.0,PayPal,Online
ORD103557,2024-09-10,CUST1872,Theresa Reilly,central,Standing Desk,Office Supplies,274.61,3.0,15.0,UPI,In-Store
ORD105734,2024-02-03,CUST1577,Kimberly Valdez, North,Yoga Mat,Sports & Outdoors,74.37,1.0,10.0,Debit Card,Mobile App
ORD101899,04-22-2025,CUST1865,Grant Lucas,east,Running Shoes,Apparel,90.78,1.0,20.0,PayPal,In-Store
ORD104875,2025-12-07,CUST1336,Misty Hansen,west,Air Fryer,Home & Kitchen,120.68,1.0,0.0,Cash on Delivery,Online
ORD102695,2025-03-04,CUST1773,Kimberly Young,East ,Cycling Helmet,Sports & Outdoors,38.85,2.0,10.0,UPI,Mobile App
ORD100277,2024/01/20,CUST1821,Nathan Watkins,East ,Toaster,Home & Kitchen,59.89,4.0,0.0,PayPal,In-Store
ORD105173,2025-02-28,CUST1746,Mrs. Felicia Castro DDS,Central,Rice Cooker,Home & Kitchen,186.77,2.0,0.0,Credit Card,In-Store
ORD101009,08-25-2024,CUST1898,Brenda Perez,West,Denim Jacket,Apparel,81.96,1.0,0.0,UPI,In-Store
ORD100976,2025-01-23,CUST1045,Michael Hoffman,SOUTH,Power Bank,Electronics,188.17,1.0,0.0,UPI,Mobile App
ORD100106,2025-04-09,CUST1423,Angela Willis,East,Yoga Pants,Apparel,90.69,1.0,0.0,Credit Card,In-Store
ORD103016,2024-03-30,CUST1288,Daniel Aguilar,east,Camping Tent,Sports & Outdoors,24.59,1.0,0.0,UPI,In-Store
ORD104180,2025-12-27,CUST1120,Thomas Romero,Central,Electric Kettle,Home & Kitchen,127.98,1.0,0.0,UPI,Online
ORD105140,2024-07-28,CUST1097,Adrian Ferguson,East,Wool Sweater,Apparel,93.05,1.0,15.0,PayPal,Mobile App
ORD100940,2024-07-23,CUST1138,Melissa Garner,west,Cotton T-Shirt,Apparel,99.46,1.0,0.0,Credit Card,In-Store
ORD100512,2024-10-13,CUST1747,Elizabeth Hunter,West,Non-stick Pan Set,Home & Kitchen,42.63,1.0,10.0,Credit Card,Mobile App
ORD103120,11-11-2024,CUST1474,Madison Martinez,South,Air Fryer,Home & Kitchen,158.59,2.0,0.0,UPI,Mobile App
ORD103831,26/01/2024,CUST1876,,east,Portable SSD 1TB,Electronics,295.15,1.0,,,Mobile App
ORD102149,2025-05-07,CUST1256,Andrew Reeves,South,Yoga Mat,Sports & Outdoors,101.86,2.0,0.0,Debit Card,Mobile App
ORD105765,2025-08-20,CUST1316,Ryan Hall,south,Rice Cooker,Home & Kitchen,46.12,3.0,10.0,Credit Card,In-Store
ORD104532,2024-09-11,CUST1220,Matthew Mitchell,north,Whiteboard,Office Supplies,109.92,4.0,0.0,PayPal,Mobile App
ORD105886,2024-06-14,CUST1429,Rachael Howard DDS, South ,Yoga Pants,Apparel,16.34,3.0,5.0,Credit Card,In-Store
ORD104484,24/02/2025,CUST1019,Linda Burns,North,Non-stick Pan Set,Home & Kitchen,188.72,1.0,,PayPal,In-Store
ORD102146,2025-08-25,CUST1266,Courtney Dudley,South,Cotton T-Shirt,Apparel,75.93,1.0,5.0,Cash on Delivery,In-Store
ORD101555,2025-01-27,CUST1855,Rebecca French,west,Wireless Mouse,Electronics,401.03,4.0,5.0,PayPal,Mobile App
ORD103121,2024-02-28,CUST1772,Daniel Benson,South,Yoga Pants,Apparel,106.86,2.0,0.0,Debit Card,Mobile App
ORD101795,2025-09-15,CUST1875,Audrey Johnson,West,Wool Sweater,Apparel,29.38,4.0,0.0,Debit Card,Online
ORD102135,2025-10-11,CUST1434,Suzanne Johnson,north,Electric Kettle,Home & Kitchen,214.22,3.0,20.0,Credit Card,Mobile App
ORD104594,08-07-2025,CUST1819,Julian Ponce,Central,Air Fryer,Home & Kitchen,206.2,2.0,0.0,Credit Card,Online
ORD104271,2024-01-14,CUST1430,Devin Johnson,North,Wool Sweater,Apparel,17.63,2.0,10.0,Credit Card,In-Store
ORD101538,02/04/2025,CUST1814,Jonathan Delgado,East,Coffee Maker,Home & Kitchen,82.12,1.0,0.0,UPI,Online
ORD103748,2024-02-14,CUST1716,Ryan Thomas,East,Desk Lamp,Office Supplies,177.85,2.0,,Credit Card,Online
ORD102561,2024-09-29,CUST1649,Adam Mills,North,Non-stick Pan Set,Home & Kitchen,104.22,5.0,0.0,Cash on Delivery,Online
ORD102983,2025-05-09,CUST1502,Alicia Norris,north,Ergonomic Chair,Office Supplies,137.71,1.0,0.0,Debit Card,Online
ORD100084,2025/03/20,CUST1232,Benjamin Thompson, North,Dumbbell Set,Sports & Outdoors,263.25,1.0,10.0,Credit Card,In-Store
ORD101079,24/01/2024,CUST1441,Michael Anderson, West,Running Shoes,Apparel,31.37,2.0,0.0,PayPal,Mobile App
ORD105981,12/10/2025,CUST1024,Crystal Robinson,Central,Mechanical Keyboard,Electronics,405.53,1.0,15.0,Debit Card,Online
ORD101333,31/08/2025,CUST1532,Jonathan Moreno,CENTRAL,Non-stick Pan Set,Home & Kitchen,125.34,2.0,5.0,Debit Card,Online
ORD100081,2025/10/29,CUST1395,Kimberly Hernandez,west,Desk Lamp,Office Supplies,24.84,2.0,20.0,UPI,Online
ORD104122,2025-04-15,CUST1539,Mary Butler, West,Yoga Pants,Apparel,58.88,1.0,5.0,PayPal,Mobile App
ORD102955,2025-04-26,CUST1413,Jacqueline Villegas,East ,Standing Desk,Office Supplies,149.36,1.0,15.0,UPI,Online
ORD104050,13/10/2024,CUST1327,Michelle Sanders, West,Denim Jacket,Apparel,99.58,1.0,5.0,Cash on Delivery,Online
ORD104700,17/08/2024,CUST1642,David Manning,north,Ergonomic Chair,Office Supplies,81.46,2.0,0.0,Cash on Delivery,In-Store
ORD101406,17/06/2024,CUST1031,Tammy Allison, West,Wireless Mouse,Electronics,356.52,3.0,0.0,Cash on Delivery,Online
ORD103651,11/02/2025,CUST1530,Richard Love,North,Wireless Mouse,Electronics,362.94,1.0,0.0,UPI,In-Store
ORD102994,2024-01-09,CUST1863,Jason Fleming, South ,Toaster,Home & Kitchen,174.58,1.0,10.0,PayPal,Mobile App
ORD103950,2024-07-16,CUST1538,Melissa Morris,North,Standing Desk,Office Supplies,167.25,2.0,20.0,Debit Card,In-Store
ORD104370,21/11/2024,CUST1089,Mary Rogers,west,Mechanical Keyboard,Electronics,35.37,1.0,20.0,Debit Card,Mobile App
ORD100864,02-18-2025,CUST1320,Manuel King,west,Whiteboard,Office Supplies,215.73,1.0,5.0,Debit Card,Online
ORD100257,2025-03-20,CUST1059,Stephanie Gilbert,Central,Coffee Maker,Home & Kitchen,82.03,1.0,0.0,Cash on Delivery,Mobile App
ORD105367,2025-02-07,CUST1649,Adam Mills, North,Power Bank,Electronics,294.52,1.0,15.0,Debit Card,In-Store
ORD104772,03-01-2024,CUST1811,Robert Thompson,North,Vacuum Cleaner,Home & Kitchen,181.18,1.0,15.0,Cash on Delivery,Mobile App
ORD104044,2024/08/03,CUST1728,Ashley Osborne,SOUTH,Desk Lamp,Office Supplies,110.37,3.0,5.0,Cash on Delivery,In-Store
ORD103036,2025-10-31,CUST1834,Michelle Salazar,Central,Whiteboard,Office Supplies,230.78,2.0,5.0,Credit Card,Online
ORD101257,25/10/2025,CUST1369,Scott Miller,central,Notebook Pack,Office Supplies,293.2,2.0,0.0,Cash on Delivery,In-Store
ORD101914,2025/04/04,CUST1559,Laura Perez,Central,Non-stick Pan Set,Home & Kitchen,84.19,3.0,10.0,PayPal,Online
ORD102291,2024/03/28,CUST1458,Joseph Camacho,north,Rice Cooker,Home & Kitchen,122.94,2.0,5.0,PayPal,Online
ORD102847,2025-06-06,CUST1168,Michelle Schmitt,south,Denim Jacket,Apparel,86.16,1.0,0.0,Cash on Delivery,Mobile App
ORD102757,2024-06-05,CUST1042,Shawn Baker,west,Wool Sweater,Apparel,111.89,1.0,10.0,PayPal,In-Store
ORD103140,2024-09-15,CUST1144,Brenda Levy,north,Noise Cancelling Headphones,Electronics,43.5,3.0,10.0,UPI,Mobile App
ORD105176,2025-12-10,CUST1595,Chase Davis,West,Yoga Mat,Sports & Outdoors,186.14,4.0,10.0,Debit Card,Online
ORD102900,04-21-2025,CUST1697,Thomas Davis,south,Cycling Helmet,Sports & Outdoors,278.76,1.0,10.0,UPI,Mobile App
ORD104298,2025-06-21,CUST1144,Brenda Levy, North,Bluetooth Speaker,Electronics,84.74,1.0,0.0,Debit Card,Mobile App
ORD104830,18/11/2024,CUST1676,Steve Miller PhD,central,Rice Cooker,Home & Kitchen,144.71,2.0,0.0,PayPal,In-Store
ORD103794,2025-12-09,CUST1552,Michael Griffin,central,Cycling Helmet,Sports & Outdoors,83.04,1.0,0.0,Debit Card,In-Store
ORD102721,23/08/2024,CUST1780,April Castro,East ,Blender,Home & Kitchen,89.6,1.0,15.0,Cash on Delivery,Online
ORD104535,2024-01-09,CUST1688,Misty Mcguire,west,Portable SSD 1TB,Electronics,296.5,1.0,0.0,PayPal,Online
ORD102426,2025-09-27,CUST1385,Edwin Reyes,West,Cycling Helmet,Sports & Outdoors,294.01,1.0,0.0,Cash on Delivery,Online
ORD100482,2025-09-16,CUST1504,Lisa Haynes,west,Blender,Home & Kitchen,142.86,1.0,10.0,PayPal,Online
ORD100924,02-24-2024,CUST1113,Shannon Rivera,north,Rice Cooker,Home & Kitchen,123.72,1.0,0.0,Cash on Delivery,In-Store
ORD102369,01-06-2025,CUST1712,Lori Perez,west,Non-stick Pan Set,Home & Kitchen,175.03,2.0,5.0,Cash on Delivery,Mobile App
ORD102300,2025-07-28,CUST1840,Leslie Nguyen,south,USB-C Hub,Electronics,93.87,3.0,0.0,Debit Card,Online
ORD100704,2025-06-14,CUST1280,Cathy Taylor,central,Yoga Mat,Sports & Outdoors,257.91,1.0,0.0,PayPal,Mobile App
ORD100586,11/01/2024,CUST1067,Jessica Meadows,Central,Smartwatch,Electronics,277.1,1.0,0.0,Credit Card,Mobile App
ORD102439,13/12/2024,CUST1865,Grant Lucas,west,Denim Jacket,Apparel,30.31,1.0,0.0,Debit Card,In-Store
ORD101390,2024-08-24,CUST1578,Donna Marshall,West,Electric Kettle,Home & Kitchen,106.16,2.0,15.0,Credit Card,Online
ORD103494,05-17-2024,CUST1164,Cindy Hayes,West,Wool Sweater,Apparel,102.68,3.0,15.0,Credit Card,Online
ORD100248,08/03/2025,CUST1836,Julie Sims, North,Power Bank,Electronics,121.13,2.0,0.0,UPI,Online
ORD105836,2025-05-25,CUST1393,Austin Baker,Central,Notebook Pack,Office Supplies,282.98,1.0,0.0,Credit Card,Mobile App
ORD101530,01/05/2024,CUST1045,Michael Hoffman,East,Standing Desk,Office Supplies,294.5,1.0,5.0,Cash on Delivery,Online
ORD104417,2025/09/03,CUST1766,Anna Lang, North,Wool Sweater,Apparel,49.46,2.0,15.0,Cash on Delivery,Online
ORD100837,2025-06-05,CUST1076,James Elliott, West,Standing Desk,Office Supplies,261.84,1.0,0.0,UPI,In-Store
ORD101788,2025-04-30,CUST1633,Dr. Samuel Holmes DDS,East,Notebook Pack,Office Supplies,174.04,2.0,5.0,Credit Card,Mobile App
ORD105072,2025-09-18,CUST1780,April Castro,central,Noise Cancelling Headphones,Electronics,277.51,1.0,0.0,Cash on Delivery,Online
ORD102201,27/06/2025,CUST1168,Michelle Schmitt,Central,Cotton T-Shirt,Apparel,35.4,5.0,10.0,Credit Card,In-Store
ORD101031,2024-07-16,CUST1643,Shawn Kelley,central,Blender,Home & Kitchen,33.35,2.0,0.0,UPI,Mobile App
ORD104582,2024/12/03,CUST1776,Daniel Taylor,West,Rice Cooker,Home & Kitchen,63.53,5.0,0.0,Cash on Delivery,Mobile App
ORD101730,31/07/2024,CUST1187,Jeremy Turner, South ,Camping Tent,Sports & Outdoors,21.64,1.0,0.0,Credit Card,In-Store
ORD105239,02/11/2024,CUST1719,Michael Howard,West,27in Monitor,Electronics,415.08,2.0,0.0,Credit Card,In-Store
ORD103873,11/05/2025,CUST1638,Dustin Welch,west,Notebook Pack,Office Supplies,198.49,1.0,5.0,Cash on Delivery,Mobile App
ORD101328,2024/06/06,CUST1068,Paul Larsen, West,Air Fryer,Home & Kitchen,153.26,2.0,20.0,UPI,In-Store
ORD101952,2024-12-05,CUST1362,Melissa Brewer,West,USB-C Hub,Electronics,139.95,1.0,5.0,PayPal,Online
ORD103954,2024-02-16,CUST1228,Amanda Hernandez, North,Noise Cancelling Headphones,Electronics,123.34,2.0,0.0,Cash on Delivery,Mobile App
ORD100594,2025-05-26,CUST1238,Michael Cooper,Central,Electric Kettle,Home & Kitchen,87.73,2.0,10.0,Cash on Delivery,Mobile App
ORD105893,2025-09-26,CUST1855,Rebecca French,south,Ergonomic Chair,Office Supplies,139.05,3.0,0.0,Debit Card,Online
ORD102147,2024-10-19,CUST1014,Rebecca Henderson,west,Cotton T-Shirt,Apparel,37.43,1.0,5.0,UPI,Mobile App
ORD102336,2024-02-15,CUST1554,Jaime Lang,SOUTH,Coffee Maker,Home & Kitchen,127.29,2.0,0.0,Debit Card,Mobile App
ORD104864,15/03/2025,CUST1373,Wendy Camacho, West,Air Fryer,Home & Kitchen,167.24,2.0,0.0,Debit Card,In-Store
ORD102185,17/06/2025,CUST1165,Brandon Simmons,East,Running Shoes,Apparel,119.62,1.0,20.0,Credit Card,In-Store
ORD104840,2024-12-05,CUST1297,Austin Wheeler,SOUTH,Smartwatch,Electronics,109.34,1.0,0.0,Cash on Delivery,Mobile App
ORD100378,2025-09-10,CUST1811,Robert Thompson,central,27in Monitor,Electronics,244.46,1.0,0.0,Debit Card,In-Store
ORD106000,11-12-2024,CUST1595,Chase Davis,Central,USB-C Hub,Electronics,439.77,1.0,5.0,PayPal,Mobile App
ORD105459,2025-05-06,CUST1582,Heather Harrison,CENTRAL,Ergonomic Chair,Office Supplies,279.65,1.0,15.0,PayPal,In-Store
ORD100910,2025-04-08,CUST1431,William Moreno,east,Standing Desk,Office Supplies,77.02,3.0,0.0,PayPal,Mobile App
ORD103393,2025-01-03,CUST1307,Claire Clark,East,27in Monitor,Electronics,388.0,3.0,5.0,PayPal,In-Store
ORD103920,2024-01-03,CUST1143,Terry Coffey,Central,Mechanical Keyboard,Electronics,238.35,3.0,0.0,PayPal,Online
ORD104626,2025/07/10,CUST1630,Paul Diaz,CENTRAL,Rice Cooker,Home & Kitchen,181.65,2.0,0.0,Debit Card,Mobile App
ORD100764,27/05/2025,CUST1004,Gabrielle Davis,north,Non-stick Pan Set,Home & Kitchen,47.33,1.0,0.0,PayPal,In-Store
ORD102074,08/02/2024,CUST1086,Madison Poole, South ,Non-stick Pan Set,Home & Kitchen,53.89,2.0,10.0,PayPal,Mobile App
ORD101706,2025-11-08,CUST1098,Beth Oneill,NORTH,USB-C Hub,Electronics,209.7,1.0,0.0,PayPal,Online
ORD100294,2025-04-27,CUST1315,Kelly Combs,North,27in Monitor,Electronics,97.6,1.0,10.0,PayPal,Online
ORD102964,12-31-2025,CUST1446,Stacey Snyder,west,USB-C Hub,Electronics,437.98,1.0,0.0,Debit Card,In-Store
ORD100995,14/12/2025,CUST1362,Melissa Brewer,central,Mechanical Keyboard,Electronics,81.26,3.0,0.0,PayPal,Online
ORD102250,2024-05-29,CUST1116,Peter Garrett,West,Bluetooth Speaker,Electronics,414.82,1.0,15.0,PayPal,Online
ORD103706,2025-03-01,CUST1667,Michael Howard,CENTRAL,Wool Sweater,Apparel,92.03,1.0,5.0,PayPal,In-Store
ORD100543,2025-04-30,CUST1864,Dorothy Brown, West,27in Monitor,Electronics,142.48,1.0,20.0,Debit Card,Mobile App
ORD104412,2024-04-01,CUST1800,Joseph Graham,East ,Cycling Helmet,Sports & Outdoors,81.56,1.0,15.0,UPI,Online
ORD102311,19/12/2024,CUST1322,Shannon Malone,CENTRAL,Wool Sweater,Apparel,38.86,2.0,0.0,Credit Card,Online
ORD102585,06-09-2024,CUST1159,Jodi Walker,NORTH,Blender,Home & Kitchen,96.04,1.0,10.0,Cash on Delivery,Online
ORD100932,2025-03-17,CUST1591,Nathan Stanley,East,Camping Tent,Sports & Outdoors,201.9,1.0,10.0,Credit Card,Online
ORD100112,04/08/2025,CUST1738,Thomas Williams, North,Standing Desk,Office Supplies,137.91,1.0,0.0,Credit Card,Online
ORD102355,17/06/2025,CUST1458,Joseph Camacho,East ,Wool Sweater,Apparel,83.46,3.0,0.0,Cash on Delivery,In-Store
ORD101659,2025-11-20,CUST1200,James Martin,East ,Noise Cancelling Headphones,Electronics,438.92,5.0,10.0,Credit Card,Online
ORD101978,2025-05-03,CUST1595,Chase Davis,Central,Bluetooth Speaker,Electronics,356.6,2.0,10.0,PayPal,Mobile App
ORD105965,23/03/2024,CUST1688,Misty Mcguire,CENTRAL,Standing Desk,Office Supplies,212.03,4.0,0.0,UPI,In-Store
ORD101612,2025/09/09,CUST1181,Brian Smith, North,Power Bank,Electronics,327.93,1.0,0.0,PayPal,Mobile App
ORD103788,02-27-2025,CUST1897,Tracy Jackson,East ,Noise Cancelling Headphones,Electronics,83.91,1.0,10.0,UPI,In-Store
ORD104519,14/06/2025,CUST1733,Eric Cross,Central,Wireless Mouse,Electronics,438.13,2.0,0.0,Debit Card,In-Store
ORD103798,2025-03-26,CUST1100,Jennifer Jones,East ,Yoga Mat,Sports & Outdoors,108.09,5.0,0.0,Credit Card,In-Store
ORD104127,2024-09-24,CUST1783,Zachary Santiago,north,Denim Jacket,Apparel,51.6,4.0,10.0,Debit Card,Online
ORD105739,03-13-2024,CUST1716,Ryan Thomas,East,Running Shoes,Apparel,67.49,4.0,0.0,Credit Card,Online
ORD102778,2025-12-28,CUST1268,Jennifer Reed,Central,Mechanical Keyboard,Electronics,111.68,1.0,10.0,Credit Card,Online
ORD103508,2025-08-22,CUST1798,Mark Clark, South ,Running Shoes,Apparel,106.68,3.0,5.0,Credit Card,Online
ORD105505,2025-08-07,CUST1275,Jennifer Simpson DVM,North,Electric Kettle,Home & Kitchen,79.83,1.0,0.0,PayPal,In-Store
ORD102007,2024-09-11,CUST1228,Amanda Hernandez,north,Camping Tent,Sports & Outdoors,129.45,1.0,0.0,Cash on Delivery,In-Store
ORD105003,2025-06-26,CUST1470,Jeremy Mcintyre,West,Yoga Pants,Apparel,52.62,1.0,10.0,Cash on Delivery,Online
ORD103779,2025-03-16,CUST1581,Philip Hall,East,Whiteboard,Office Supplies,39.43,2.0,0.0,PayPal,Online
ORD102343,2025-01-07,CUST1370,Heather Page,west,Whiteboard,Office Supplies,266.18,2.0,0.0,UPI,Online
ORD104530,14/03/2025,CUST1788,Ashley Olson,CENTRAL,Smartwatch,Electronics,293.42,1.0,10.0,PayPal,Mobile App
ORD101136,2025-10-14,CUST1137,,SOUTH,Yoga Mat,Sports & Outdoors,290.99,1.0,,,In-Store
ORD103723,10-24-2024,CUST1157,Richard Young,west,Wool Sweater,Apparel,118.31,2.0,0.0,Cash on Delivery,Mobile App
ORD100349,2024-05-28,CUST1109,Kathryn Snyder, West,Whiteboard,Office Supplies,107.22,3.0,0.0,Credit Card,Online
ORD100256,2024/07/27,CUST1317,Mark Peck,North,Running Shoes,Apparel,82.26,2.0,0.0,Debit Card,Mobile App
ORD102883,02-18-2025,CUST1110,David Davis, West,Running Shoes,Apparel,103.81,4.0,5.0,Credit Card,In-Store
ORD103018,10-06-2025,CUST1690,Tammy Cook,Central,Non-stick Pan Set,Home & Kitchen,87.67,1.0,0.0,Credit Card,Online
ORD103137,2025-03-20,CUST1399,Gregory Holmes PhD,East,Wireless Mouse,Electronics,189.28,2.0,0.0,UPI,In-Store
ORD104556,2024-10-14,CUST1625,Phillip Dixon,Central,Camping Tent,Sports & Outdoors,107.27,1.0,0.0,Debit Card,Online
ORD102784,2024-03-28,CUST1070,Chris Reyes, West,Air Fryer,Home & Kitchen,218.34,5.0,15.0,Debit Card,Mobile App
ORD101557,2025/08/10,CUST1000,Allison Hill,East,Denim Jacket,Apparel,101.68,1.0,0.0,Debit Card,In-Store
ORD104366,2024-05-02,CUST1159,Jodi Walker,NORTH,Webcam HD,Electronics,438.88,1.0,0.0,UPI,In-Store
ORD101894,01/05/2024,CUST1253,Chloe Tran,south,Bluetooth Speaker,Electronics,157.18,2.0,15.0,Credit Card,In-Store
ORD102412,2024-09-23,CUST1882,John Dillon,West,Air Fryer,Home & Kitchen,146.26,4.0,20.0,Cash on Delivery,Mobile App
ORD105658,05/01/2025,CUST1007,Dr. Sharon James,North,Mechanical Keyboard,Electronics,264.21,3.0,5.0,Debit Card,In-Store
ORD101444,2024-08-13,CUST1233,Victoria Contreras,CENTRAL,Denim Jacket,Apparel,93.67,1.0,0.0,Cash on Delivery,In-Store
ORD104621,2025-05-29,CUST1824,Judy Gregory,north,Webcam HD,Electronics,233.81,1.0,5.0,Credit Card,Online
ORD102077,16/10/2024,CUST1421,Krista Davis,central,Cotton T-Shirt,Apparel,81.6,3.0,10.0,PayPal,In-Store
ORD104672,2025-07-15,CUST1394,Lori Mason, South ,Whiteboard,Office Supplies,229.72,2.0,15.0,UPI,Online
ORD100466,2025/11/18,CUST1422,Richard Walker,central,27in Monitor,Electronics,121.17,1.0,0.0,Debit Card,Online
ORD103446,22/12/2024,CUST1102,Joseph Hayes, North,Yoga Pants,Apparel,21.72,4.0,10.0,Cash on Delivery,In-Store
ORD105063,2025-02-08,CUST1772,Daniel Benson,west,Denim Jacket,Apparel,28.32,2.0,15.0,Cash on Delivery,Mobile App
ORD102231,2025-06-08,CUST1737,Anthony Bailey, West,Blender,Home & Kitchen,34.32,1.0,0.0,Debit Card,In-Store
ORD104784,2024-05-09,CUST1613,Krista Barber,West,Smartwatch,Electronics,311.62,1.0,0.0,Cash on Delivery,Online
ORD104167,10-22-2024,CUST1841,Erika Garcia,SOUTH,Whiteboard,Office Supplies,146.78,1.0,0.0,PayPal,Online
ORD104220,11/08/2025,CUST1018,Mark Lynch, South ,Running Shoes,Apparel,80.94,1.0,5.0,Debit Card,Mobile App
ORD105015,2025/06/13,CUST1562,Preston Kim,West,Power Bank,Electronics,62.07,2.0,15.0,Cash on Delivery,Online
ORD101994,2024-10-16,CUST1708,Thomas Torres,CENTRAL,Denim Jacket,Apparel,115.55,1.0,0.0,Cash on Delivery,Mobile App
ORD101590,2025-01-03,CUST1260,Paula Lane, North,Coffee Maker,Home & Kitchen,188.51,1.0,15.0,UPI,Online
ORD103772,01-13-2025,CUST1369,Scott Miller, West,Bluetooth Speaker,Electronics,120.07,1.0,0.0,Credit Card,Online
ORD102356,2025-05-17,CUST1889,Laura Bruce,north,Cycling Helmet,Sports & Outdoors,188.92,2.0,0.0,PayPal,Mobile App
ORD105717,2025-06-29,CUST1737,Anthony Bailey,SOUTH,Notebook Pack,Office Supplies,191.59,3.0,10.0,PayPal,In-Store
ORD101351,06/12/2024,CUST1206,Stacey Arias, West,Non-stick Pan Set,Home & Kitchen,87.44,1.0,0.0,Cash on Delivery,In-Store
ORD105968,10/09/2024,CUST1490,Steve Mason,central,Portable SSD 1TB,Electronics,98.2,1.0,0.0,Debit Card,In-Store
ORD101598,2024-01-31,CUST1117,Michael Martinez,east,Yoga Mat,Sports & Outdoors,30.15,2.0,0.0,Cash on Delivery,Mobile App
ORD103282,2024-12-13,CUST1079,Mrs. Marie Harrington DDS,Central,Water Bottle,Sports & Outdoors,70.58,4.0,0.0,Cash on Delivery,In-Store
ORD100624,2024-05-16,CUST1462,Deanna Bartlett,west,Camping Tent,Sports & Outdoors,255.92,2.0,0.0,Cash on Delivery,In-Store
ORD101561,12/10/2024,CUST1368,Jeffery Fitzgerald,West,Running Shoes,Apparel,57.06,3.0,15.0,UPI,Online
ORD103540,2024-09-23,CUST1498,Joseph Warren,NORTH,Wireless Mouse,Electronics,161.03,1.0,5.0,UPI,Online
ORD103232,2024-07-24,CUST1124,Reginald Williams,East,Denim Jacket,Apparel,97.96,1.0,0.0,Debit Card,In-Store
ORD104586,18/05/2024,CUST1795,Christopher Vargas, North,Camping Tent,Sports & Outdoors,87.92,3.0,0.0,Cash on Delivery,In-Store
ORD103488,2024/04/06,CUST1500,Mrs. Alison Wagner,CENTRAL,Blender,Home & Kitchen,218.64,4.0,0.0,UPI,Online
ORD101632,01/10/2024,CUST1239,Amy Martinez,west,Blender,Home & Kitchen,53.64,1.0,0.0,Credit Card,Mobile App
ORD103824,2024-05-04,CUST1651,Adam Brooks,SOUTH,Cycling Helmet,Sports & Outdoors,158.26,2.0,0.0,Debit Card,In-Store
ORD103796,2025-07-23,CUST1543,Rebecca Horton,South,Yoga Pants,Apparel,65.04,2.0,0.0,Debit Card,In-Store
ORD102577,2024/05/14,CUST1527,Brent Hopkins,West,Coffee Maker,Home & Kitchen,198.83,1.0,5.0,UPI,Online
ORD101423,2024-04-14,CUST1826,Matthew Smith,north,Notebook Pack,Office Supplies,209.62,4.0,0.0,Cash on Delivery,In-Store
ORD105218,2025-06-08,CUST1667,Michael Howard,Central,Desk Lamp,Office Supplies,316.37,1.0,0.0,Cash on Delivery,In-Store
ORD105923,2025-07-26,CUST1202,Vincent Mueller,west,Standing Desk,Office Supplies,302.96,2.0,0.0,UPI,Mobile App
ORD103943,2025/08/28,CUST1025,Shannon Jones, South ,Rice Cooker,Home & Kitchen,78.65,4.0,10.0,Credit Card,In-Store
ORD105971,26/03/2024,CUST1748,Keith Choi,Central,Power Bank,Electronics,370.42,2.0,10.0,Cash on Delivery,Mobile App
ORD102088,2024-04-11,CUST1410,Makayla Steele,SOUTH,Smartwatch,Electronics,50.23,4.0,0.0,PayPal,In-Store
ORD100841,01-11-2024,CUST1058,Erika Terry,west,Vacuum Cleaner,Home & Kitchen,164.42,1.0,5.0,Debit Card,Mobile App
ORD103088,2025/07/13,CUST1787,Dr. Michael Adams DVM,Central,Desk Lamp,Office Supplies,138.48,1.0,0.0,PayPal,Mobile App
ORD102954,2024-12-15,CUST1540,James Brown,SOUTH,Bluetooth Speaker,Electronics,215.05,2.0,5.0,PayPal,Mobile App
ORD104248,2025-02-06,CUST1491,Brittany Gay,SOUTH,USB-C Hub,Electronics,157.05,2.0,15.0,Credit Card,Mobile App
ORD103704,04/11/2025,CUST1129,Stacy Freeman, South ,Yoga Pants,Apparel,34.92,1.0,0.0,Debit Card,Online
ORD102719,2024-02-24,CUST1422,Richard Walker,west,Whiteboard,Office Supplies,138.96,2.0,0.0,Credit Card,Online
ORD100740,2024-04-03,CUST1589,Andrew Berry,east,Whiteboard,Office Supplies,121.82,2.0,0.0,UPI,In-Store
ORD103692,2024-04-30,CUST1061,Steven Flynn, North,Mechanical Keyboard,Electronics,361.86,1.0,5.0,PayPal,Mobile App
ORD100280,2025-12-15,CUST1242,Matthew Le,Central,Wool Sweater,Apparel,52.25,3.0,5.0,Cash on Delivery,Online
ORD101443,2024-04-30,CUST1158,Kelly Reese,central,Air Fryer,Home & Kitchen,101.56,2.0,0.0,UPI,Online
ORD100782,2025-11-12,CUST1225,Heather Bolton,central,Yoga Mat,Sports & Outdoors,58.15,4.0,10.0,Credit Card,Mobile App
ORD104394,2024-08-25,CUST1833,Devin Cole,east,Running Shoes,Apparel,36.11,1.0,10.0,UPI,Mobile App
ORD102920,24/09/2024,CUST1168,Michelle Schmitt,CENTRAL,27in Monitor,Electronics,389.95,2.0,0.0,Debit Card,In-Store
ORD100814,2025/07/21,CUST1086,Madison Poole,North,Ergonomic Chair,Office Supplies,36.08,1.0,10.0,Credit Card,In-Store
ORD105183,2025-11-29,CUST1112,Robert Costa,SOUTH,Wireless Mouse,Electronics,216.07,3.0,5.0,Debit Card,Mobile App
ORD101900,2024-05-02,CUST1542,Ashley Parrish, South ,Yoga Mat,Sports & Outdoors,34.19,5.0,0.0,Debit Card,Mobile App
ORD104043,2024/06/11,CUST1182,Anita Richard,Central,Running Shoes,Apparel,92.33,1.0,0.0,Credit Card,Online
ORD104995,2024-05-19,CUST1104,Brad Allen,East,Desk Lamp,Office Supplies,61.18,1.0,0.0,PayPal,In-Store
ORD104929,05/05/2024,CUST1505,Autumn Wilson,South,Power Bank,Electronics,97.23,1.0,0.0,Cash on Delivery,In-Store
ORD102714,2025/04/28,CUST1387,Tamara Jensen,NORTH,Toaster,Home & Kitchen,128.55,1.0,0.0,Cash on Delivery,In-Store
ORD105967,21/05/2024,CUST1386,Alejandra Santos,central,Wool Sweater,Apparel,19.35,2.0,0.0,PayPal,Online
ORD100494,2025-07-27,CUST1015,Tricia Valencia,North,Rice Cooker,Home & Kitchen,154.22,1.0,20.0,Debit Card,Mobile App
ORD105283,2025/05/05,CUST1770,Bethany Garcia, North,Notebook Pack,Office Supplies,89.65,1.0,5.0,PayPal,Online
ORD102637,2025/04/22,CUST1692,Karl Murphy,east,Yoga Mat,Sports & Outdoors,29.67,2.0,15.0,Debit Card,Mobile App
ORD102952,2024-12-01,CUST1698,Kirk Johnson,North,Yoga Mat,Sports & Outdoors,63.56,1.0,15.0,PayPal,Mobile App
ORD105801,2024-07-23,CUST1088,Samuel Rivas, North,27in Monitor,Electronics,300.13,3.0,5.0,UPI,Online
ORD100712,2024-02-15,CUST1190,Larry Mason,west,Smartwatch,Electronics,133.92,1.0,0.0,PayPal,Mobile App
ORD101767,2025-03-08,CUST1224,Mitchell Jackson,East,Yoga Pants,Apparel,88.32,1.0,15.0,Debit Card,Mobile App
ORD100135,28/04/2025,CUST1140,Patricia Becker,West,Bluetooth Speaker,Electronics,420.6,3.0,0.0,Debit Card,Mobile App
ORD105019,01/10/2024,CUST1085,Matthew Smith,central,Water Bottle,Sports & Outdoors,89.51,1.0,10.0,UPI,In-Store
ORD104707,2024-07-14,CUST1524,Andrew Dunn, West,Cotton T-Shirt,Apparel,26.19,1.0,0.0,PayPal,In-Store
ORD101564,04-17-2025,CUST1002,Cristian Santos,CENTRAL,Yoga Pants,Apparel,81.2,2.0,15.0,Debit Card,Online
ORD102880,04/05/2024,CUST1064,Michael Snyder,East ,Coffee Maker,Home & Kitchen,53.6,1.0,0.0,Debit Card,Mobile App
ORD104562,2024-04-01,CUST1148,Elizabeth Ortiz,East,27in Monitor,Electronics,316.02,2.0,5.0,PayPal,In-Store
ORD101930,04-16-2024,CUST1383,Kelly Wallace,East,Webcam HD,Electronics,380.79,1.0,0.0,Cash on Delivery,Online
ORD104759,2024-09-06,CUST1480,Jorge Bates,East ,27in Monitor,Electronics,291.25,5.0,15.0,UPI,Mobile App
ORD102285,2025/12/15,CUST1310,Elizabeth Ward,CENTRAL,Dumbbell Set,Sports & Outdoors,161.73,1.0,10.0,UPI,Online
ORD100645,2024/12/15,CUST1095,Tiffany Vaughn,east,Noise Cancelling Headphones,Electronics,369.67,2.0,0.0,Debit Card,Mobile App
ORD105576,2025-02-02,CUST1048,Stacey Russell,east,Running Shoes,Apparel,70.1,2.0,0.0,Debit Card,In-Store
ORD104114,2024-09-12,CUST1656,Diane Martinez,SOUTH,Wireless Mouse,Electronics,46.79,1.0,0.0,UPI,Mobile App
ORD100342,2025-02-23,CUST1504,Lisa Haynes,north,Vacuum Cleaner,Home & Kitchen,129.54,1.0,0.0,Cash on Delivery,Online
ORD102542,2025-05-15,CUST1084,Barbara Riggs,North,Denim Jacket,Apparel,113.59,1.0,10.0,PayPal,In-Store
ORD103828,2024/11/26,CUST1664,Lauren Vazquez,East ,Electric Kettle,Home & Kitchen,34.22,2.0,0.0,Cash on Delivery,Mobile App
ORD105114,2024-03-23,CUST1454,Bradley Anthony,North,Noise Cancelling Headphones,Electronics,212.74,1.0,0.0,Cash on Delivery,Online
ORD104575,14/06/2025,CUST1341,Ernest Oconnell,East,Standing Desk,Office Supplies,52.89,1.0,0.0,Debit Card,Mobile App
ORD105722,2025-12-13,CUST1637,Richard Kelly,east,Portable SSD 1TB,Electronics,333.19,5.0,15.0,Cash on Delivery,Mobile App
ORD100985,01-15-2025,CUST1208,Raven Taylor,East,Mechanical Keyboard,Electronics,57.93,1.0,0.0,UPI,Online
ORD100110,2025-07-24,CUST1628,Jamie Garcia,East ,Whiteboard,Office Supplies,86.89,1.0,5.0,PayPal,Online
ORD105236,2024-11-25,CUST1677,Rebecca Brown,South,Webcam HD,Electronics,161.47,1.0,5.0,UPI,Mobile App
ORD104213,2025/09/13,CUST1281,Paul Finley,NORTH,Cycling Helmet,Sports & Outdoors,177.93,1.0,0.0,Cash on Delivery,Online
ORD102549,2025-12-22,CUST1129,Stacy Freeman,west,Mechanical Keyboard,Electronics,385.56,1.0,0.0,Cash on Delivery,In-Store
ORD103967,2025-06-07,CUST1171,Christopher Park,NORTH,Denim Jacket,Apparel,40.51,5.0,5.0,Credit Card,In-Store
ORD104673,25/03/2024,CUST1088,Samuel Rivas,West,Yoga Pants,Apparel,113.75,2.0,5.0,Credit Card,Mobile App
ORD105891,08/04/2024,CUST1747,Elizabeth Hunter,west,Blender,Home & Kitchen,173.87,2.0,0.0,Cash on Delivery,Mobile App
ORD104032,2025-03-26,CUST1780,April Castro, South ,Standing Desk,Office Supplies,34.36,2.0,0.0,Debit Card,Mobile App
ORD102453,03-23-2025,CUST1382,Cynthia Rios,north,Air Fryer,Home & Kitchen,172.03,1.0,0.0,Cash on Delivery,In-Store
ORD103204,2025/07/06,CUST1856,Susan Cox,West,Yoga Pants,Apparel,47.84,2.0,,,Online
ORD104999,01-09-2024,CUST1165,Brandon Simmons,CENTRAL,Ergonomic Chair,Office Supplies,32.46,1.0,0.0,Cash on Delivery,Mobile App
ORD100688,2024-04-01,CUST1187,Jeremy Turner,north,Coffee Maker,Home & Kitchen,42.93,1.0,0.0,UPI,Mobile App
ORD105852,2025-06-16,CUST1310,Elizabeth Ward,CENTRAL,Dumbbell Set,Sports & Outdoors,70.67,3.0,10.0,PayPal,In-Store
ORD100783,12/08/2025,CUST1892,Carol Morris,west,Smartwatch,Electronics,294.26,1.0,0.0,Cash on Delivery,Online
ORD105970,05/10/2024,CUST1219,Stacey Stewart,CENTRAL,Rice Cooker,Home & Kitchen,150.09,4.0,0.0,Credit Card,In-Store
ORD105498,2025-06-08,CUST1002,Cristian Santos,Central,Water Bottle,Sports & Outdoors,81.09,1.0,20.0,UPI,Mobile App
ORD105103,2025-11-19,CUST1297,Austin Wheeler,west,Bluetooth Speaker,Electronics,203.2,3.0,0.0,Cash on Delivery,Online
ORD102399,2024-11-26,CUST1687,Kevin Hall,Central,Yoga Pants,Apparel,40.67,2.0,0.0,Debit Card,Online
ORD101973,2024-07-12,CUST1634,Brett Martin,central,Ergonomic Chair,Office Supplies,183.94,1.0,5.0,Debit Card,Online
ORD104564,06/04/2025,CUST1834,Michelle Salazar, South ,27in Monitor,Electronics,37.6,1.0,5.0,UPI,In-Store
ORD101160,30/01/2024,CUST1299,Donna Cabrera,Central,Camping Tent,Sports & Outdoors,175.28,1.0,15.0,PayPal,In-Store
ORD101122,2024-03-15,CUST1155,Robin Hall,CENTRAL,Desk Lamp,Office Supplies,288.04,1.0,5.0,Cash on Delivery,In-Store
ORD103411,2025-08-11,CUST1155,Robin Hall,west,Wireless Mouse,Electronics,251.7,1.0,0.0,Credit Card,Mobile App
ORD100526,2024-11-27,CUST1708,Thomas Torres,SOUTH,Mechanical Keyboard,Electronics,296.48,4.0,15.0,Credit Card,In-Store
ORD103012,2025-02-20,CUST1594,James Rodriguez,central,Yoga Pants,Apparel,43.06,1.0,10.0,Cash on Delivery,Online
ORD101316,2025-06-30,CUST1836,Julie Sims,west,27in Monitor,Electronics,281.12,1.0,10.0,UPI,Mobile App
ORD100080,2025-12-15,CUST1890,Brandy Martin,east,Non-stick Pan Set,Home & Kitchen,130.38,2.0,0.0,UPI,Online
ORD101854,05/04/2024,CUST1188,Jesse Brown,south,USB-C Hub,Electronics,375.65,3.0,0.0,Credit Card,Online
ORD104787,2024/10/28,CUST1598,Jessica Mays,west,Power Bank,Electronics,56.61,1.0,5.0,UPI,Mobile App
ORD104878,2025-04-04,CUST1047,Rebecca Valencia,central,Denim Jacket,Apparel,114.87,2.0,0.0,UPI,Mobile App
ORD103464,2025-10-12,CUST1332,Michelle Miller,South,Rice Cooker,Home & Kitchen,107.09,5.0,0.0,Debit Card,Mobile App
ORD104307,05-10-2025,CUST1863,Jason Fleming,north,Bluetooth Speaker,Electronics,294.87,1.0,10.0,Credit Card,Mobile App
ORD103931,2025-08-12,CUST1559,Laura Perez,East,Denim Jacket,Apparel,41.73,1.0,0.0,Credit Card,In-Store
ORD104922,2024-09-28,CUST1584,Jamie Gray,South,Ergonomic Chair,Office Supplies,242.93,1.0,0.0,PayPal,Mobile App
ORD105028,2025-12-15,CUST1821,Nathan Watkins, North,Cotton T-Shirt,Apparel,69.08,1.0,0.0,Credit Card,In-Store
ORD102367,2024-09-24,CUST1238,Michael Cooper,west,Camping Tent,Sports & Outdoors,128.88,1.0,5.0,Credit Card,Online
ORD101137,2025-08-07,CUST1489,Julie Wilson,South,Water Bottle,Sports & Outdoors,48.92,2.0,0.0,Debit Card,Mobile App
ORD105171,2025/05/20,CUST1822,Kathryn Hanna,west,Coffee Maker,Home & Kitchen,205.94,1.0,0.0,Cash on Delivery,Mobile App
ORD100694,08-22-2025,CUST1862,Brian Hernandez,west,Dumbbell Set,Sports & Outdoors,90.71,1.0,5.0,PayPal,Online
ORD105303,2025-03-02,CUST1298,Andrew Gonzales, North,Cotton T-Shirt,Apparel,106.12,1.0,0.0,UPI,In-Store
ORD102763,2025-05-14,CUST1431,William Moreno,Central,Cotton T-Shirt,Apparel,76.18,2.0,0.0,Cash on Delivery,Mobile App
ORD104243,2025-12-16,CUST1783,Zachary Santiago,CENTRAL,Power Bank,Electronics,406.22,3.0,0.0,Cash on Delivery,In-Store
ORD104907,19/08/2025,CUST1449,Kimberly Villanueva,North,Denim Jacket,Apparel,20.79,2.0,5.0,Cash on Delivery,Mobile App
ORD104198,01-14-2025,CUST1359,Harold Ellis,North,Noise Cancelling Headphones,Electronics,290.94,1.0,20.0,PayPal,In-Store
ORD105904,2024-12-05,CUST1796,Michael Washington,NORTH,Ergonomic Chair,Office Supplies,295.31,1.0,10.0,Cash on Delivery,Online
ORD102892,2025-02-01,CUST1623,Blake Sosa,West,Air Fryer,Home & Kitchen,46.95,3.0,10.0,UPI,In-Store
ORD101378,2025-11-18,CUST1594,James Rodriguez,East ,Electric Kettle,Home & Kitchen,169.36,2.0,0.0,Credit Card,Online
ORD100569,18/07/2024,CUST1056,Renee Mcdaniel, South ,Noise Cancelling Headphones,Electronics,287.45,1.0,5.0,Debit Card,In-Store
ORD102977,2024-03-04,CUST1520,Mason Moore, North,Whiteboard,Office Supplies,247.24,3.0,0.0,Debit Card,Mobile App
ORD105148,2024-01-07,CUST1101,David Grant,north,Desk Lamp,Office Supplies,17.54,1.0,10.0,UPI,Mobile App
ORD103832,2024-07-26,CUST1261,Patricia James,East,Blender,Home & Kitchen,96.97,1.0,10.0,PayPal,In-Store
ORD102945,2024-12-23,CUST1451,Colton Terry,Central,Electric Kettle,Home & Kitchen,148.34,1.0,10.0,Credit Card,In-Store
ORD101805,2025-12-05,CUST1894,Richard Jenkins,North,Air Fryer,Home & Kitchen,64.45,1.0,,,Mobile App
ORD100609,06-29-2025,CUST1274,Taylor Gentry,NORTH,Yoga Pants,Apparel,105.58,2.0,15.0,UPI,Mobile App
ORD102151,15/08/2025,CUST1146,James Little,South,Bluetooth Speaker,Electronics,348.42,3.0,15.0,Debit Card,Mobile App
ORD100489,2024-11-05,CUST1462,Deanna Bartlett,central,Ergonomic Chair,Office Supplies,102.31,1.0,10.0,PayPal,Online
ORD102192,2024-02-01,CUST1226,Heidi Owen,East ,Water Bottle,Sports & Outdoors,134.66,2.0,20.0,Cash on Delivery,Mobile App
ORD100381,19/02/2025,CUST1184,Jordan Bullock, North,Smartwatch,Electronics,41.66,2.0,0.0,Cash on Delivery,Mobile App
ORD104980,2024-02-19,CUST1812,Matthew Rodriguez, West,Rice Cooker,Home & Kitchen,183.34,5.0,15.0,UPI,In-Store
ORD102602,04/02/2024,CUST1497,James Chapman,east,Standing Desk,Office Supplies,206.9,1.0,,UPI,Online
ORD100305,18/05/2024,CUST1726,Cheryl Gonzales, North,Non-stick Pan Set,Home & Kitchen,184.2,2.0,0.0,Cash on Delivery,Mobile App
ORD100502,29/12/2025,CUST1678,Toni Davis,West,Desk Lamp,Office Supplies,202.85,1.0,5.0,UPI,Online
ORD100982,2024-03-06,CUST1624,Sarah Watson,central,Yoga Pants,Apparel,37.87,1.0,5.0,PayPal,In-Store
ORD105557,2025-10-25,CUST1280,Cathy Taylor, South ,Blender,Home & Kitchen,179.47,1.0,15.0,Cash on Delivery,In-Store
ORD101197,24/03/2025,CUST1446,Stacey Snyder,West,Noise Cancelling Headphones,Electronics,103.4,3.0,5.0,UPI,Mobile App
ORD100834,2024-07-25,CUST1308,Autumn Key, North,27in Monitor,Electronics,106.99,1.0,10.0,Debit Card,Online
ORD101077,2025-02-03,CUST1714,Shari Parker,East ,Rice Cooker,Home & Kitchen,50.36,3.0,0.0,Credit Card,Mobile App
ORD105319,12-16-2025,CUST1333,Emily Rodriguez,central,Cotton T-Shirt,Apparel,103.3,1.0,0.0,Cash on Delivery,In-Store
ORD102050,23/07/2024,CUST1347,Robin Wheeler, North,27in Monitor,Electronics,296.62,1.0,0.0,UPI,In-Store
ORD102438,15/05/2024,CUST1504,Lisa Haynes, North,Wireless Mouse,Electronics,29.73,2.0,0.0,UPI,Online
ORD104652,2024-10-05,CUST1069,Jeremiah Reeves, West,Whiteboard,Office Supplies,202.87,1.0,0.0,Credit Card,Mobile App
ORD100460,2025-08-09,CUST1232,Benjamin Thompson,CENTRAL,Noise Cancelling Headphones,Electronics,246.31,2.0,0.0,PayPal,Mobile App
ORD103966,12/09/2024,CUST1435,Sara Cochran,east,Camping Tent,Sports & Outdoors,238.7,2.0,5.0,Debit Card,In-Store
ORD104498,2025/10/22,CUST1360,Leslie Powers, South ,Air Fryer,Home & Kitchen,126.24,2.0,20.0,Debit Card,In-Store
ORD103373,2024-11-23,CUST1214,Rachel Romero,central,Power Bank,Electronics,310.4,5.0,0.0,UPI,Mobile App
ORD100501,2024-12-14,CUST1493,Abigail Hill,south,Toaster,Home & Kitchen,138.11,1.0,0.0,Cash on Delivery,In-Store
ORD100690,2025-05-31,CUST1504,Lisa Haynes,East,Coffee Maker,Home & Kitchen,30.38,1.0,0.0,Credit Card,In-Store
ORD100409,2024-03-02,CUST1101,David Grant,east,Desk Lamp,Office Supplies,112.01,2.0,5.0,PayPal,In-Store
ORD101583,2025-03-15,CUST1048,Stacey Russell,west,Whiteboard,Office Supplies,120.26,1.0,0.0,PayPal,In-Store
ORD102172,2025/08/15,CUST1858,Mrs. Ashley Mendoza, North,Cotton T-Shirt,Apparel,97.21,1.0,0.0,Debit Card,In-Store
ORD100179,10-16-2025,CUST1179,Mary Gomez,south,USB-C Hub,Electronics,30.99,1.0,5.0,UPI,Mobile App
ORD101641,2024/09/04,CUST1045,Michael Hoffman,east,Air Fryer,Home & Kitchen,34.74,1.0,10.0,Cash on Delivery,In-Store
ORD102200,14/04/2024,CUST1233,Victoria Contreras,East,Wireless Mouse,Electronics,333.67,2.0,0.0,Debit Card,In-Store
ORD103434,25/10/2025,CUST1153,Samantha Davis, North,Desk Lamp,Office Supplies,76.74,1.0,0.0,Debit Card,In-Store
ORD102198,2024-05-31,CUST1234,Michelle Ho,West,Mechanical Keyboard,Electronics,76.73,4.0,0.0,Cash on Delivery,Online
ORD104052,2024-07-17,CUST1323,Adam Jackson,east,Notebook Pack,Office Supplies,65.16,3.0,10.0,Debit Card,Online
ORD102129,2025-01-16,CUST1384,Karen Perez,North,Denim Jacket,Apparel,119.57,1.0,15.0,PayPal,Mobile App
ORD100932,2025-03-17,CUST1591,Nathan Stanley,East,Camping Tent,Sports & Outdoors,201.9,1.0,10.0,Credit Card,Online
ORD104801,2025-07-07,CUST1273,Matthew Velez,NORTH,Whiteboard,Office Supplies,319.53,2.0,0.0,Debit Card,In-Store
ORD105145,2024-01-08,CUST1590,Christopher Nielsen, South ,Power Bank,Electronics,328.83,1.0,0.0,Cash on Delivery,In-Store
ORD104212,2024-11-20,CUST1724,Laura Herrera,North,Wool Sweater,Apparel,52.35,1.0,0.0,Cash on Delivery,In-Store
ORD103587,2025-07-22,CUST1286,Angela Griffin,central,Rice Cooker,Home & Kitchen,178.36,2.0,0.0,Cash on Delivery,Mobile App
ORD105197,2025-08-13,CUST1631,Kenneth Perez,west,Desk Lamp,Office Supplies,306.28,2.0,0.0,PayPal,Mobile App
ORD101280,2025-04-19,CUST1070,Chris Reyes,NORTH,USB-C Hub,Electronics,277.21,2.0,0.0,Cash on Delivery,In-Store
ORD105841,2024-06-11,CUST1525,Jordan Clark,east,Running Shoes,Apparel,72.21,1.0,0.0,UPI,Online
ORD100935,2025-12-02,CUST1008,Daniel Adams,South,Portable SSD 1TB,Electronics,265.83,3.0,0.0,Debit Card,Mobile App
ORD105874,07-27-2024,CUST1313,Kelly Sanchez,central,27in Monitor,Electronics,287.98,2.0,0.0,UPI,Online
ORD103835,2025/06/03,CUST1689,Susan Larson, West,Webcam HD,Electronics,138.78,3.0,0.0,UPI,Mobile App
ORD104997,2025-04-05,CUST1236,Stephen Jones,Central,Yoga Mat,Sports & Outdoors,281.28,1.0,20.0,UPI,In-Store
ORD102868,25/12/2024,CUST1414,Angela Bradley, West,Bluetooth Speaker,Electronics,43.82,3.0,5.0,UPI,Mobile App
ORD101241,2024-09-29,CUST1473,Danielle Bryant,SOUTH,Coffee Maker,Home & Kitchen,96.83,1.0,5.0,UPI,Online
ORD104163,2025/01/10,CUST1275,Jennifer Simpson DVM,South,Cotton T-Shirt,Apparel,63.97,2.0,,UPI,In-Store
ORD105826,2024-02-01,CUST1380,William Patterson,north,Notebook Pack,Office Supplies,88.95,2.0,5.0,PayPal,In-Store
ORD102514,2024/06/03,CUST1827,Christopher Garza,North,Running Shoes,Apparel,17.73,1.0,10.0,Debit Card,Online
ORD102619,11/04/2025,CUST1025,Shannon Jones,South,Coffee Maker,Home & Kitchen,113.46,4.0,20.0,Credit Card,Online
ORD101071,2024-03-21,CUST1524,Andrew Dunn,central,Power Bank,Electronics,440.16,2.0,20.0,PayPal,In-Store
ORD103277,2024-08-26,CUST1254,William Becker,NORTH,Noise Cancelling Headphones,Electronics,146.63,1.0,5.0,UPI,Mobile App
ORD103506,05/03/2025,CUST1317,Mark Peck,central,Blender,Home & Kitchen,149.04,1.0,0.0,UPI,Mobile App
ORD101302,2024-10-11,CUST1042,Shawn Baker,West,USB-C Hub,Electronics,101.97,1.0,10.0,Cash on Delivery,In-Store
ORD103449,2024-06-01,CUST1378,Frank Campbell MD,SOUTH,Ergonomic Chair,Office Supplies,11.62,2.0,0.0,Credit Card,Online
ORD103381,12-01-2025,CUST1209,Luis Bullock, West,Electric Kettle,Home & Kitchen,101.49,1.0,5.0,Credit Card,Online
ORD102551,2025-03-30,CUST1821,Nathan Watkins,north,Water Bottle,Sports & Outdoors,275.37,3.0,5.0,Cash on Delivery,Online
ORD104470,2024/10/31,CUST1149,David Medina,NORTH,Mechanical Keyboard,Electronics,104.07,1.0,0.0,Cash on Delivery,In-Store
ORD105399,04/09/2024,CUST1799,James Turner, West,Yoga Pants,Apparel,88.36,5.0,0.0,Debit Card,In-Store
ORD102092,2024-07-25,CUST1820,Heather Miller,south,Smartwatch,Electronics,275.21,1.0,10.0,UPI,Mobile App
ORD100198,2024-10-16,CUST1245,Melinda Evans,west,Portable SSD 1TB,Electronics,413.64,2.0,5.0,Cash on Delivery,Mobile App
ORD100171,31/07/2024,CUST1789,Blake Wu,central,Electric Kettle,Home & Kitchen,75.8,1.0,0.0,UPI,In-Store
ORD104242,10-03-2024,CUST1562,Preston Kim,Central,Power Bank,Electronics,288.45,2.0,0.0,Debit Card,In-Store
ORD102295,22/05/2024,CUST1585,Heather Parrish,south,Ergonomic Chair,Office Supplies,313.26,3.0,0.0,PayPal,In-Store
ORD102132,2024-04-06,CUST1078,Trevor Fisher,north,Rice Cooker,Home & Kitchen,20.59,1.0,0.0,Cash on Delivery,Online
ORD101181,06-30-2024,CUST1614,Jordan Powell,West,27in Monitor,Electronics,439.7,1.0,0.0,Debit Card,Mobile App
ORD101111,28/12/2024,CUST1056,Renee Mcdaniel,west,Power Bank,Electronics,192.26,1.0,20.0,Debit Card,In-Store
ORD102376,2024-04-03,CUST1718,Phillip Salazar,east,Notebook Pack,Office Supplies,12.49,2.0,15.0,Cash on Delivery,In-Store
ORD102234,2025-12-31,CUST1773,Kimberly Young,NORTH,Yoga Pants,Apparel,104.4,1.0,20.0,UPI,Mobile App
ORD103935,18/02/2024,CUST1173,Cindy Barnes,west,Rice Cooker,Home & Kitchen,95.2,1.0,0.0,PayPal,Online
ORD102627,01/02/2025,CUST1886,Sandra Kennedy,south,Desk Lamp,Office Supplies,301.66,5.0,0.0,Credit Card,In-Store
ORD102599,2024-02-08,CUST1169,John Boone,South,USB-C Hub,Electronics,217.25,1.0,0.0,PayPal,Online
ORD102191,22/12/2025,CUST1597,April Pace,NORTH,Bluetooth Speaker,Electronics,145.27,2.0,0.0,Cash on Delivery,Mobile App
ORD105237,25/02/2025,CUST1551,Daniel Goodwin,south,Mechanical Keyboard,Electronics,418.21,1.0,0.0,PayPal,Mobile App
ORD102136,2025-04-15,CUST1425,Jessica Ramsey,north,Whiteboard,Office Supplies,140.72,3.0,0.0,UPI,In-Store
ORD100805,2025-11-23,CUST1085,Matthew Smith,NORTH,Webcam HD,Electronics,135.79,2.0,15.0,Debit Card,Mobile App
ORD104455,2024-04-09,CUST1168,Michelle Schmitt, North,Running Shoes,Apparel,88.85,3.0,0.0,Credit Card,Mobile App
ORD104719,2025-03-20,CUST1411,Oscar Parker, West,Portable SSD 1TB,Electronics,39.56,2.0,0.0,Cash on Delivery,In-Store
ORD102654,30/11/2025,CUST1040,Sherry Wood,North,Electric Kettle,Home & Kitchen,212.31,3.0,15.0,Cash on Delivery,Online
ORD105067,08/01/2025,CUST1503,Michael Harris,north,Water Bottle,Sports & Outdoors,188.63,3.0,0.0,Cash on Delivery,Online
ORD104091,2025-07-09,CUST1072,Alicia Gilmore,NORTH,Denim Jacket,Apparel,20.37,3.0,0.0,UPI,Mobile App
ORD100893,2025-10-13,CUST1439,Eric Taylor,CENTRAL,Noise Cancelling Headphones,Electronics,106.88,2.0,0.0,Debit Card,In-Store
ORD104245,2024-07-17,CUST1456,Jeremiah Baker, North,USB-C Hub,Electronics,155.62,3.0,0.0,Cash on Delivery,Online
ORD103288,2024/11/03,CUST1143,Terry Coffey,North,Bluetooth Speaker,Electronics,339.56,5.0,0.0,Debit Card,Mobile App
ORD100416,2024-06-23,CUST1134,David Scott,south,Noise Cancelling Headphones,Electronics,156.48,1.0,0.0,PayPal,In-Store
ORD101415,2024-09-11,CUST1510,Sarah Ward,east,Webcam HD,Electronics,433.91,2.0,15.0,UPI,Mobile App
ORD104464,2025-01-04,CUST1695,Patricia Anderson,Central,Running Shoes,Apparel,45.33,1.0,0.0,Cash on Delivery,In-Store
ORD105869,2024-08-25,CUST1096,Paige Carlson,South,Noise Cancelling Headphones,Electronics,274.9,4.0,20.0,Credit Card,In-Store
ORD105288,27/11/2024,CUST1361,Charles Price,NORTH,Camping Tent,Sports & Outdoors,149.35,2.0,0.0,PayPal,In-Store
ORD102940,2025-08-28,CUST1882,John Dillon,SOUTH,Wool Sweater,Apparel,36.05,1.0,10.0,Debit Card,Mobile App
ORD101763,12/02/2025,CUST1653,Kellie Marsh,SOUTH,Rice Cooker,Home & Kitchen,68.91,1.0,0.0,Credit Card,Mobile App
ORD100726,08/06/2025,CUST1597,April Pace,East,Denim Jacket,Apparel,93.92,1.0,0.0,UPI,In-Store
ORD100930,2025-01-08,CUST1679,Laura Meza,central,Notebook Pack,Office Supplies,163.89,2.0,0.0,PayPal,In-Store
ORD104512,2024-03-14,CUST1390,Katrina Adkins,west,27in Monitor,Electronics,81.21,2.0,10.0,UPI,Online
ORD103428,09-14-2024,CUST1127,Jennifer Pena,west,Power Bank,Electronics,318.62,2.0,0.0,Credit Card,Online
ORD104419,2025-04-03,CUST1176,Michael Watkins,central,Ergonomic Chair,Office Supplies,345.67,4.0,5.0,PayPal,Online
ORD102554,2024-11-09,CUST1304,Kristina Faulkner, North,Toaster,Home & Kitchen,161.66,1.0,0.0,PayPal,In-Store
ORD100330,2025/04/12,CUST1262,Jeremy Barnes,North,Denim Jacket,Apparel,114.69,3.0,5.0,PayPal,In-Store
ORD105589,2024-12-27,CUST1232,Benjamin Thompson, West,Desk Lamp,Office Supplies,207.63,1.0,0.0,UPI,Mobile App
ORD104156,2024/04/08,CUST1898,Brenda Perez,Central,Power Bank,Electronics,391.26,1.0,10.0,PayPal,Online
ORD103907,01-25-2024,CUST1024,Crystal Robinson,West,Running Shoes,Apparel,106.65,2.0,0.0,Credit Card,In-Store
ORD105306,2024/08/17,CUST1349,Brett Walker, North,Notebook Pack,Office Supplies,100.22,1.0,0.0,UPI,Mobile App
ORD104858,2025-10-07,CUST1745,April Johnson,South,Yoga Mat,Sports & Outdoors,121.08,2.0,10.0,UPI,Mobile App
ORD101055,2024/10/02,CUST1110,David Davis, West,Air Fryer,Home & Kitchen,214.15,4.0,0.0,UPI,Mobile App
ORD105584,2025-03-04,CUST1414,Angela Bradley,east,Yoga Pants,Apparel,89.81,2.0,0.0,UPI,In-Store
ORD101339,2024-02-22,CUST1663,Jeffrey Smith,CENTRAL,Wireless Mouse,Electronics,88.77,1.0,0.0,Debit Card,Online
ORD102944,11-26-2025,CUST1572,Caroline Edwards,East,Bluetooth Speaker,Electronics,127.57,1.0,10.0,Cash on Delivery,Mobile App
ORD105787,18/08/2024,CUST1584,Jamie Gray,central,Mechanical Keyboard,Electronics,60.8,1.0,0.0,Debit Card,In-Store
ORD105417,18/09/2024,CUST1691,Sarah Mcfarland,north,Wool Sweater,Apparel,99.61,1.0,10.0,PayPal,Online
ORD102029,01/01/2024,CUST1293,Susan Bennett,SOUTH,USB-C Hub,Electronics,369.41,3.0,0.0,UPI,In-Store
ORD100025,2024-03-15,CUST1468,Alicia Roth,west,Cotton T-Shirt,Apparel,40.06,1.0,0.0,Cash on Delivery,Mobile App
ORD102117,2025-12-24,CUST1229,Laura Moreno,East,Blender,Home & Kitchen,137.9,1.0,0.0,UPI,Mobile App
ORD104441,2025-04-13,CUST1049,Rita Keith,CENTRAL,Non-stick Pan Set,Home & Kitchen,82.17,1.0,5.0,UPI,In-Store
ORD103887,2024/07/26,CUST1428,James Barnes,Central,Wireless Mouse,Electronics,181.06,2.0,0.0,Credit Card,In-Store
ORD104239,2025-12-16,CUST1516,Sheryl Acosta,central,Non-stick Pan Set,Home & Kitchen,71.41,1.0,15.0,Credit Card,Online
ORD104544,26/12/2025,CUST1422,Richard Walker,Central,Electric Kettle,Home & Kitchen,186.75,2.0,0.0,Cash on Delivery,Mobile App
ORD100193,2025-07-23,CUST1641,Kelly Cole,north,Cycling Helmet,Sports & Outdoors,75.66,1.0,5.0,PayPal,Mobile App
ORD104893,19/10/2025,CUST1854,Faith Johnson,north,Whiteboard,Office Supplies,16.27,4.0,10.0,Credit Card,In-Store
ORD105372,15/08/2025,CUST1087,Robert Medina,,Yoga Pants,Apparel,,,15.0,Credit Card,Mobile App
ORD104269,09-08-2025,CUST1818,Tina Davis,CENTRAL,Ergonomic Chair,Office Supplies,212.75,3.0,5.0,Debit Card,In-Store
ORD100632,2025-07-26,CUST1687,Kevin Hall,SOUTH,Ergonomic Chair,Office Supplies,11.82,2.0,0.0,Debit Card,In-Store
ORD100692,2025-01-17,CUST1801,Joseph Blanchard,north,Denim Jacket,Apparel,46.98,1.0,20.0,Debit Card,Online
ORD100040,22/06/2024,CUST1523,Jillian Wilson,East,Whiteboard,Office Supplies,232.6,1.0,0.0,PayPal,Mobile App
ORD105499,2025-12-07,CUST1371,Renee Hudson,south,Webcam HD,Electronics,301.39,4.0,10.0,UPI,Mobile App
ORD102328,2024-01-17,CUST1657,Johnny Peterson,East ,Denim Jacket,Apparel,84.77,2.0,0.0,Cash on Delivery,Online
ORD100762,2025-05-08,CUST1839,Tammy Thompson,West,Rice Cooker,Home & Kitchen,108.28,2.0,20.0,UPI,In-Store
ORD102142,2025-12-02,CUST1654,Barry Taylor,south,Desk Lamp,Office Supplies,313.83,2.0,0.0,PayPal,Online
ORD101225,2025-12-03,CUST1003,Abigail Shaffer,North,Denim Jacket,Apparel,111.39,4.0,0.0,Credit Card,Mobile App
ORD101123,2024-11-26,CUST1019,Linda Burns,SOUTH,Toaster,Home & Kitchen,197.88,1.0,0.0,PayPal,Online
ORD105255,2024/01/15,CUST1089,Mary Rogers, West,Whiteboard,Office Supplies,112.19,2.0,,Debit Card,Online
ORD101926,03-22-2025,CUST1352,Brent Bowen,east,Rice Cooker,Home & Kitchen,120.04,4.0,0.0,Cash on Delivery,Mobile App
ORD103496,2025-10-19,CUST1284,Tyler Mendoza,south,Notebook Pack,Office Supplies,100.94,1.0,0.0,Debit Card,Mobile App
ORD103560,2024/01/18,CUST1027,Brent Jordan,CENTRAL,Noise Cancelling Headphones,Electronics,91.76,2.0,5.0,Cash on Delivery,Online
ORD103793,11/04/2025,CUST1263,Tami Salas,central,Whiteboard,Office Supplies,195.66,3.0,15.0,Credit Card,In-Store
ORD100200,2024-10-29,CUST1593,Kayla Jackson,East ,Electric Kettle,Home & Kitchen,168.25,1.0,10.0,PayPal,Online
ORD104764,27/03/2024,CUST1122,Mary Grimes, West,Wireless Mouse,Electronics,245.03,1.0,20.0,Cash on Delivery,Online
ORD100180,2025-01-27,CUST1254,William Becker, North,Toaster,Home & Kitchen,153.85,1.0,0.0,PayPal,In-Store
ORD100579,2025-10-05,CUST1526,Sarah Rivera,West,Non-stick Pan Set,Home & Kitchen,29.74,1.0,0.0,Credit Card,Mobile App
ORD102664,26/05/2024,CUST1501,Martin Wise,West,Bluetooth Speaker,Electronics,259.74,1.0,0.0,UPI,Mobile App
ORD104216,2025-08-30,CUST1013,Zachary Hicks,South,Ergonomic Chair,Office Supplies,189.73,1.0,0.0,UPI,Mobile App
ORD105564,12-14-2024,CUST1036,Cynthia Wilson,Central,27in Monitor,Electronics,448.53,1.0,,PayPal,Online
ORD105947,04-30-2025,CUST1076,James Elliott,east,Power Bank,Electronics,259.72,3.0,0.0,Debit Card,Online
ORD103834,02/02/2025,CUST1855,Rebecca French,NORTH,Non-stick Pan Set,Home & Kitchen,52.62,5.0,,,Mobile App
ORD100786,08/01/2025,CUST1433,Rebecca Kelly,NORTH,Running Shoes,Apparel,47.63,2.0,0.0,Debit Card,Mobile App
ORD103733,2024-08-02,CUST1030,Angela Morton,west,Coffee Maker,Home & Kitchen,78.22,1.0,0.0,Credit Card,Mobile App
ORD105247,02/09/2024,CUST1010,Andrew Stewart,East,Mechanical Keyboard,Electronics,184.03,4.0,0.0,UPI,Mobile App
ORD105070,2024-08-27,CUST1324,Shannon Davis, West,Wool Sweater,Apparel,110.01,5.0,0.0,PayPal,Online
ORD101081,2024-08-10,CUST1418,John Phelps,CENTRAL,USB-C Hub,Electronics,350.92,5.0,0.0,Cash on Delivery,In-Store
ORD104654,2024-08-18,CUST1408,Eddie Mueller,east,Water Bottle,Sports & Outdoors,158.98,1.0,0.0,Credit Card,In-Store
ORD101861,2024-11-03,CUST1133,Bob Pitts, West,Yoga Mat,Sports & Outdoors,176.7,1.0,0.0,UPI,Mobile App
ORD102297,07-28-2025,CUST1535,Denise Stuart,West,Power Bank,Electronics,103.05,1.0,15.0,UPI,In-Store
ORD102463,2024-07-27,CUST1281,Paul Finley,Central,Running Shoes,Apparel,115.27,3.0,0.0,PayPal,Mobile App
ORD101843,2024-03-18,CUST1860,Mr. Bryan Mckinney,Central,Power Bank,Electronics,116.41,1.0,5.0,UPI,Mobile App
ORD104627,2025-11-13,CUST1611,, North,Denim Jacket,Apparel,26.97,2.0,,,In-Store
ORD102346,2024-07-19,CUST1212,Jose Allen,SOUTH,Dumbbell Set,Sports & Outdoors,168.64,4.0,0.0,Cash on Delivery,In-Store
ORD103758,04/02/2025,CUST1704,Lisa Brown, South ,Running Shoes,Apparel,51.26,2.0,0.0,Cash on Delivery,Mobile App
ORD103668,2025-04-02,CUST1829,Erica Oconnell,East ,Blender,Home & Kitchen,48.11,2.0,5.0,Credit Card,Mobile App
ORD103414,2025-10-03,CUST1024,Crystal Robinson,South,Dumbbell Set,Sports & Outdoors,268.67,1.0,0.0,Cash on Delivery,In-Store
ORD102634,16/07/2024,CUST1866,Keith Villanueva,North,Ergonomic Chair,Office Supplies,38.28,1.0,5.0,PayPal,Mobile App
ORD105542,2024-01-29,CUST1274,Taylor Gentry,west,Vacuum Cleaner,Home & Kitchen,195.76,1.0,15.0,Debit Card,Mobile App
ORD101172,04/04/2025,CUST1175,Lawrence Perry,East,Air Fryer,Home & Kitchen,112.05,1.0,0.0,Credit Card,In-Store
ORD101732,2024-02-21,CUST1390,Katrina Adkins,east,Notebook Pack,Office Supplies,251.66,4.0,10.0,Credit Card,Mobile App
ORD103374,2025/10/13,CUST1237,Patricia Morrow,CENTRAL,Webcam HD,Electronics,334.6,1.0,,Cash on Delivery,Mobile App
ORD104955,11-03-2025,CUST1319,Megan Drake,east,Yoga Pants,Apparel,111.71,1.0,20.0,Cash on Delivery,Mobile App
ORD103730,2025/09/27,CUST1611,Lisa Craig,Central,Webcam HD,Electronics,32.66,1.0,0.0,UPI,In-Store
ORD100070,2025-12-06,CUST1449,Kimberly Villanueva,central,USB-C Hub,Electronics,361.87,2.0,0.0,UPI,In-Store
ORD105685,07-21-2025,CUST1417,Christopher Owens, West,USB-C Hub,Electronics,308.01,2.0,0.0,Debit Card,Online
ORD100577,2025-12-03,CUST1889,Laura Bruce,east,Coffee Maker,Home & Kitchen,139.78,1.0,0.0,Credit Card,In-Store
ORD100520,2025-04-30,CUST1699,Jessica Glass,east,Rice Cooker,Home & Kitchen,169.23,3.0,10.0,Cash on Delivery,In-Store
ORD105692,2024-06-12,CUST1335,Linda Mueller,North,Cycling Helmet,Sports & Outdoors,289.61,2.0,10.0,Credit Card,Mobile App
ORD101927,16/02/2025,CUST1488,Henry Garner,north,Camping Tent,Sports & Outdoors,251.38,2.0,0.0,Debit Card,In-Store
ORD103029,2025-03-31,CUST1464,Ashley Hernandez,South,Rice Cooker,Home & Kitchen,148.39,3.0,0.0,PayPal,Mobile App
ORD100296,01-31-2025,CUST1232,Benjamin Thompson,East ,Mechanical Keyboard,Electronics,61.43,1.0,5.0,UPI,Mobile App
ORD105919,03-10-2024,CUST1504,Lisa Haynes, West,27in Monitor,Electronics,374.36,5.0,0.0,Cash on Delivery,In-Store
ORD103175,25/05/2024,CUST1117,Michael Martinez,East ,Cotton T-Shirt,Apparel,63.07,2.0,0.0,Debit Card,In-Store
ORD102934,2025-04-07,CUST1682,Erika Watson PhD,east,Air Fryer,Home & Kitchen,96.28,2.0,0.0,Credit Card,Mobile App
ORD100720,09-30-2025,CUST1539,Mary Butler,south,Water Bottle,Sports & Outdoors,143.39,1.0,20.0,Credit Card,Online
ORD101824,2024-11-02,CUST1062,Frances Cardenas, North,Coffee Maker,Home & Kitchen,191.12,2.0,15.0,UPI,Online
ORD102014,2024/03/15,CUST1393,Austin Baker,West,Blender,Home & Kitchen,53.16,1.0,0.0,Cash on Delivery,Mobile App
ORD105569,2025-05-12,CUST1863,Jason Fleming,East ,Ergonomic Chair,Office Supplies,112.94,1.0,10.0,UPI,In-Store
ORD100314,08-08-2025,CUST1597,April Pace,South,Vacuum Cleaner,Home & Kitchen,71.89,1.0,10.0,PayPal,Mobile App
ORD103251,2025-06-26,CUST1301,Sheryl Buck,Central,Non-stick Pan Set,Home & Kitchen,188.58,4.0,10.0,Debit Card,Mobile App
ORD105819,2025-11-19,CUST1017,Deborah Mason,South,Wool Sweater,Apparel,36.7,1.0,10.0,Debit Card,Mobile App
ORD100559,2025/11/20,CUST1462,Deanna Bartlett,central,Coffee Maker,Home & Kitchen,114.03,2.0,5.0,Credit Card,Online
ORD102061,11-03-2024,CUST1407,John Campbell, West,Coffee Maker,Home & Kitchen,171.69,4.0,0.0,UPI,Mobile App
ORD101944,12/12/2025,CUST1827,Christopher Garza,East ,Wireless Mouse,Electronics,121.07,1.0,5.0,Cash on Delivery,Online
ORD101847,2024-06-01,CUST1051,Courtney Velasquez,West,Webcam HD,Electronics,187.59,1.0,0.0,UPI,Mobile App
ORD105850,2025-06-17,CUST1323,Adam Jackson,SOUTH,Portable SSD 1TB,Electronics,190.17,1.0,0.0,Cash on Delivery,Mobile App
ORD102844,2024-06-10,CUST1474,Madison Martinez,West,USB-C Hub,Electronics,65.74,1.0,5.0,Credit Card,In-Store
ORD100003,2024-12-10,CUST1159,Jodi Walker,east,Ergonomic Chair,Office Supplies,267.99,1.0,0.0,UPI,Online
ORD100464,2025-09-19,CUST1273,Matthew Velez,CENTRAL,Ergonomic Chair,Office Supplies,54.73,1.0,5.0,Debit Card,Online
ORD100635,04/11/2025,CUST1569,Danielle Gonzalez,West,USB-C Hub,Electronics,159.11,5.0,15.0,UPI,Online
ORD100663,24/03/2025,CUST1723,Ricardo Franklin,East,USB-C Hub,Electronics,387.7,4.0,0.0,Credit Card,Online
ORD105075,2024-09-10,CUST1893,Heidi Ferguson,SOUTH,Bluetooth Speaker,Electronics,296.18,1.0,0.0,Credit Card,In-Store
ORD103625,2025/07/16,CUST1299,Donna Cabrera,North,Desk Lamp,Office Supplies,294.88,1.0,0.0,Debit Card,Online
ORD105487,07-02-2025,CUST1129,Stacy Freeman,south,27in Monitor,Electronics,390.52,1.0,0.0,PayPal,In-Store
ORD104789,2024-12-20,CUST1589,Andrew Berry, West,Portable SSD 1TB,Electronics,82.02,2.0,0.0,PayPal,Mobile App
ORD104372,05-11-2025,CUST1331,Henry Pugh MD,north,Cotton T-Shirt,Apparel,106.52,3.0,0.0,Cash on Delivery,Mobile App
ORD100155,2024-03-21,CUST1531,Leah Barton,west,Vacuum Cleaner,Home & Kitchen,52.93,1.0,15.0,Cash on Delivery,In-Store
ORD104655,01-11-2024,CUST1892,Carol Morris,SOUTH,Air Fryer,Home & Kitchen,136.88,5.0,0.0,Debit Card,Mobile App
ORD104553,10-28-2024,CUST1421,Krista Davis,south,Coffee Maker,Home & Kitchen,118.11,2.0,0.0,Debit Card,Online
ORD102350,2025-08-01,CUST1386,Alejandra Santos, South ,Toaster,Home & Kitchen,72.39,1.0,0.0,Cash on Delivery,In-Store
ORD104281,2025-04-08,CUST1489,Julie Wilson,East,Electric Kettle,Home & Kitchen,141.75,3.0,0.0,Credit Card,Online
ORD103131,2024-11-20,CUST1449,Kimberly Villanueva,south,Ergonomic Chair,Office Supplies,191.54,3.0,10.0,Debit Card,In-Store
ORD100611,04/12/2025,CUST1661,Vickie Kennedy, South ,Yoga Mat,Sports & Outdoors,194.57,3.0,0.0,UPI,Online
ORD101052,2025-10-06,CUST1330,Jennifer Ayala,West,Power Bank,Electronics,162.27,2.0,10.0,Credit Card,Online
ORD105928,19/09/2024,CUST1031,Tammy Allison,CENTRAL,Electric Kettle,Home & Kitchen,184.18,1.0,0.0,Debit Card,Mobile App
ORD104903,2024-12-11,CUST1512,Anna Briggs,East ,Ergonomic Chair,Office Supplies,325.04,2.0,0.0,UPI,Online
ORD101163,2025-09-28,CUST1654,Barry Taylor,Central,Standing Desk,Office Supplies,117.62,1.0,0.0,Debit Card,In-Store
ORD103628,2025-03-18,CUST1089,Mary Rogers, South ,Denim Jacket,Apparel,99.27,5.0,0.0,Debit Card,In-Store
ORD101276,12/02/2024,CUST1650,Katherine Campos,SOUTH,Vacuum Cleaner,Home & Kitchen,88.63,1.0,5.0,Credit Card,In-Store
ORD100856,12/08/2024,CUST1795,Christopher Vargas,East ,Electric Kettle,Home & Kitchen,96.93,2.0,5.0,Debit Card,In-Store
ORD105419,2025-10-31,CUST1383,Kelly Wallace, North,Cycling Helmet,Sports & Outdoors,107.51,1.0,0.0,UPI,Mobile App
ORD102750,2024-02-15,CUST1036,Cynthia Wilson,central,Blender,Home & Kitchen,218.71,3.0,0.0,Debit Card,Mobile App
ORD104909,2024-05-07,CUST1760,Dustin Patel,CENTRAL,Portable SSD 1TB,Electronics,26.3,2.0,0.0,UPI,Online
ORD101173,29/01/2024,CUST1583,Michael Boyd,central,Blender,Home & Kitchen,32.76,1.0,0.0,UPI,In-Store
ORD100396,2025-08-19,CUST1743,Lee Stewart, North,Wireless Mouse,Electronics,338.19,1.0,10.0,PayPal,Online
ORD105553,2025/10/07,CUST1172,Kylie Morales,south,Mechanical Keyboard,Electronics,204.53,5.0,10.0,Debit Card,Online
ORD104395,21/12/2025,CUST1596,Kim Goodwin,North,Cycling Helmet,Sports & Outdoors,245.84,1.0,0.0,Credit Card,Mobile App
ORD102947,2025-05-01,CUST1830,Donald Todd, North,Toaster,Home & Kitchen,80.59,2.0,10.0,Debit Card,Online
ORD104503,2024-10-17,CUST1876,Christie Fox,CENTRAL,Coffee Maker,Home & Kitchen,189.22,4.0,0.0,Credit Card,Mobile App
ORD104460,13/10/2025,CUST1443,Keith Zuniga,west,Camping Tent,Sports & Outdoors,89.13,1.0,0.0,Debit Card,In-Store
ORD100059,2024-07-14,CUST1010,Andrew Stewart,CENTRAL,Notebook Pack,Office Supplies,105.08,2.0,0.0,UPI,In-Store
ORD101592,09-18-2024,CUST1514,Michael Brown,NORTH,Bluetooth Speaker,Electronics,127.39,2.0,,,Mobile App
ORD105439,2025-07-07,CUST1717,Elizabeth Reese,east,USB-C Hub,Electronics,82.07,4.0,5.0,Cash on Delivery,Online
ORD105257,2024-07-15,CUST1238,,South,USB-C Hub,Electronics,395.5,2.0,,,Online
ORD100558,2025-01-16,CUST1283,Stephanie Padilla,east,27in Monitor,Electronics,161.2,4.0,0.0,UPI,Mobile App
ORD105719,22/09/2025,CUST1226,Heidi Owen,West,Wool Sweater,Apparel,114.02,5.0,0.0,Credit Card,In-Store
ORD101114,13/09/2025,CUST1498,Joseph Warren,CENTRAL,Running Shoes,Apparel,97.03,1.0,0.0,Credit Card,Online
ORD103848,2025-07-08,CUST1690,Tammy Cook,east,Wool Sweater,Apparel,70.43,1.0,0.0,Credit Card,Mobile App
ORD101741,04-14-2024,CUST1747,Elizabeth Hunter,central,Desk Lamp,Office Supplies,321.54,1.0,10.0,UPI,Mobile App
ORD104780,2024-10-30,CUST1545,Maria Fischer,SOUTH,27in Monitor,Electronics,33.89,3.0,5.0,PayPal,Mobile App
ORD100299,10/02/2025,CUST1089,Mary Rogers,Central,Blender,Home & Kitchen,186.82,1.0,0.0,PayPal,Mobile App
ORD101271,2024/09/17,CUST1106,Dennis Moody,East ,Toaster,Home & Kitchen,196.14,5.0,5.0,Debit Card,Mobile App
ORD103002,2024-10-03,CUST1723,Ricardo Franklin,NORTH,Blender,Home & Kitchen,200.66,1.0,5.0,UPI,Mobile App
ORD105256,2025-03-27,CUST1572,Caroline Edwards,east,Desk Lamp,Office Supplies,81.63,1.0,0.0,Debit Card,In-Store
ORD102530,2024-06-16,CUST1171,Christopher Park,East ,Blender,Home & Kitchen,152.14,1.0,0.0,Debit Card,Online
ORD102046,2024-01-14,CUST1372,Kenneth Farley,East,Camping Tent,Sports & Outdoors,83.48,2.0,0.0,UPI,Online
ORD104842,2025-08-26,CUST1580,Travis Hopkins,East ,Cycling Helmet,Sports & Outdoors,284.69,1.0,10.0,Credit Card,Online
ORD105369,2024-07-23,CUST1671,Patty Allen,Central,Wool Sweater,Apparel,116.1,5.0,,,In-Store
ORD105710,2025-02-05,CUST1343,Catherine Saunders MD,West,Standing Desk,Office Supplies,290.45,1.0,15.0,Cash on Delivery,In-Store
ORD102121,2025-06-05,CUST1318,Jennifer Smith,South,Electric Kettle,Home & Kitchen,123.32,2.0,0.0,Credit Card,Online
ORD101939,2025-07-13,CUST1740,Anna Evans,SOUTH,Cotton T-Shirt,Apparel,80.46,2.0,0.0,Credit Card,In-Store
ORD101518,2025-02-16,CUST1118,Anna Gay,West,Blender,Home & Kitchen,30.7,2.0,0.0,Debit Card,Online
ORD102103,2024-10-10,CUST1526,Sarah Rivera,CENTRAL,Power Bank,Electronics,161.0,2.0,10.0,UPI,Online
ORD102039,2025/05/30,CUST1269,Thomas Douglas,central,Electric Kettle,Home & Kitchen,31.1,1.0,15.0,Credit Card,In-Store
ORD103245,2025/09/08,CUST1505,Autumn Wilson,north,Portable SSD 1TB,Electronics,203.85,1.0,20.0,Debit Card,Mobile App
ORD102759,14/10/2025,CUST1807,Angelica Jacobs,central,Portable SSD 1TB,Electronics,437.7,2.0,5.0,PayPal,In-Store
ORD102371,03-09-2024,CUST1410,Makayla Steele,central,Standing Desk,Office Supplies,121.73,4.0,0.0,Debit Card,Mobile App
ORD101233,2025-10-09,CUST1390,Katrina Adkins, North,Noise Cancelling Headphones,Electronics,203.33,1.0,20.0,PayPal,Online
ORD104595,2025-03-11,CUST1401,Laura Jones,west,Electric Kettle,Home & Kitchen,209.65,3.0,0.0,Cash on Delivery,Mobile App
ORD105956,25/09/2025,CUST1276,Tanya Rogers,north,Yoga Mat,Sports & Outdoors,122.27,1.0,0.0,UPI,Mobile App
ORD105840,06-03-2025,CUST1494,Jeffrey Jordan, North,USB-C Hub,Electronics,142.84,2.0,5.0,PayPal,In-Store
ORD102749,2025-09-12,CUST1399,Gregory Holmes PhD, South ,Wool Sweater,Apparel,76.32,4.0,5.0,PayPal,Online
ORD100088,2024-08-30,CUST1873,Michael Wells,SOUTH,Noise Cancelling Headphones,Electronics,318.38,1.0,0.0,PayPal,Mobile App
ORD105143,23/10/2024,CUST1163,Larry Garcia,East,Denim Jacket,Apparel,115.1,1.0,10.0,UPI,Online
ORD101006,2025-10-04,CUST1036,Cynthia Wilson, West,Smartwatch,Electronics,159.95,3.0,15.0,Debit Card,Mobile App
ORD104769,2024-10-28,CUST1494,Jeffrey Jordan,central,Mechanical Keyboard,Electronics,108.22,1.0,10.0,Debit Card,In-Store
ORD103700,23/10/2024,CUST1158,Kelly Reese,CENTRAL,Vacuum Cleaner,Home & Kitchen,199.41,1.0,5.0,Cash on Delivery,In-Store
ORD102971,2024-04-17,CUST1242,Matthew Le,west,Standing Desk,Office Supplies,102.1,2.0,0.0,Credit Card,Mobile App
ORD100098,2025-10-22,CUST1702,Christina Mills,Central,Denim Jacket,Apparel,61.56,5.0,0.0,UPI,In-Store
ORD100214,2024-05-15,CUST1779,Lisa Dixon, South ,Non-stick Pan Set,Home & Kitchen,41.31,1.0,0.0,UPI,In-Store
ORD103979,2025/07/16,CUST1625,Phillip Dixon,west,Water Bottle,Sports & Outdoors,73.59,1.0,15.0,Cash on Delivery,Mobile App
ORD102288,2024-04-16,CUST1663,Jeffrey Smith, South ,Noise Cancelling Headphones,Electronics,282.72,1.0,0.0,UPI,In-Store
ORD102217,2024-05-22,CUST1329,Haley Davis,South,Whiteboard,Office Supplies,108.98,1.0,5.0,Debit Card,Online
ORD102240,04-03-2025,CUST1784,Katelyn Kim,west,Non-stick Pan Set,Home & Kitchen,191.75,1.0,0.0,UPI,Online
ORD101148,2025-05-02,CUST1534,Lisa Morris,SOUTH,Notebook Pack,Office Supplies,26.63,5.0,20.0,Debit Card,Mobile App
ORD103932,2025-07-16,CUST1037,Kevin Mills,CENTRAL,Air Fryer,Home & Kitchen,39.24,1.0,0.0,Debit Card,Mobile App
ORD102204,2025-10-05,CUST1819,Julian Ponce,east,Ergonomic Chair,Office Supplies,326.14,1.0,0.0,Credit Card,Online
ORD102026,08/05/2025,CUST1074,Stephanie Freeman,north,Webcam HD,Electronics,233.57,1.0,5.0,PayPal,In-Store
ORD104009,2024-09-15,CUST1310,Elizabeth Ward,NORTH,27in Monitor,Electronics,85.53,3.0,0.0,PayPal,In-Store
ORD100716,2024-08-23,CUST1654,Barry Taylor,East,Portable SSD 1TB,Electronics,397.34,4.0,0.0,Debit Card,Online
ORD103402,11-06-2024,CUST1195,Emily Douglas,NORTH,27in Monitor,Electronics,409.45,1.0,0.0,Credit Card,In-Store
ORD104592,12-24-2024,CUST1524,Andrew Dunn,East ,Desk Lamp,Office Supplies,253.49,2.0,20.0,UPI,Mobile App
ORD104467,2025-09-02,CUST1158,Kelly Reese,central,Water Bottle,Sports & Outdoors,80.61,1.0,0.0,UPI,Mobile App
ORD101183,07-15-2025,CUST1465,Sharon Beard,central,Coffee Maker,Home & Kitchen,119.53,2.0,,UPI,Online
ORD100222,2024-03-16,CUST1433,Rebecca Kelly, West,Denim Jacket,Apparel,81.5,1.0,10.0,Cash on Delivery,In-Store
ORD100122,02/04/2024,CUST1078,Trevor Fisher, North,Coffee Maker,Home & Kitchen,82.08,1.0,5.0,Cash on Delivery,In-Store
ORD100695,2025/07/23,CUST1850,Joseph Mendoza,South,Smartwatch,Electronics,264.31,1.0,0.0,UPI,Online
ORD101492,2024-07-01,CUST1861,Judith Miller,CENTRAL,Yoga Pants,Apparel,59.31,1.0,5.0,PayPal,Mobile App
ORD101298,25/10/2024,CUST1741,John Martinez,East,Cotton T-Shirt,Apparel,36.47,1.0,10.0,Debit Card,Mobile App
ORD101089,09-23-2024,CUST1801,Joseph Blanchard,Central,Desk Lamp,Office Supplies,304.8,5.0,0.0,Cash on Delivery,Online
ORD105570,2024-06-02,CUST1445,Hayley Buchanan,central,Whiteboard,Office Supplies,195.25,3.0,10.0,Credit Card,Online
ORD102053,2024-04-02,CUST1337,Derrick Adams, South ,Webcam HD,Electronics,342.55,5.0,0.0,Credit Card,Mobile App
ORD103513,2025-03-31,CUST1578,Donna Marshall,Central,Non-stick Pan Set,Home & Kitchen,137.23,1.0,5.0,Credit Card,Mobile App
ORD102104,29/09/2025,CUST1739,Matthew Graves, North,27in Monitor,Electronics,96.53,4.0,0.0,Debit Card,In-Store
ORD105033,2024/04/15,CUST1764,Michael Vance,north,Vacuum Cleaner,Home & Kitchen,166.85,1.0,20.0,Credit Card,In-Store
ORD100892,2024-11-21,CUST1839,Tammy Thompson, West,Noise Cancelling Headphones,Electronics,38.89,1.0,10.0,Cash on Delivery,In-Store
ORD105944,2025-02-16,CUST1119,Dr. Jordan Hill PhD,NORTH,USB-C Hub,Electronics,353.12,1.0,5.0,UPI,In-Store
ORD100031,12/09/2024,CUST1366,Joshua Jackson,Central,Webcam HD,Electronics,179.98,4.0,0.0,PayPal,Mobile App
ORD101141,10-05-2025,CUST1878,Terri Kerr,east,Denim Jacket,Apparel,32.0,1.0,0.0,Cash on Delivery,In-Store
ORD101626,2025-03-15,CUST1445,Hayley Buchanan,CENTRAL,Blender,Home & Kitchen,104.14,1.0,0.0,Cash on Delivery,Mobile App
ORD104566,2024-12-06,CUST1443,Keith Zuniga,CENTRAL,Notebook Pack,Office Supplies,85.37,3.0,0.0,PayPal,In-Store
ORD102506,2024-03-26,CUST1111,Pamela Thompson,east,Notebook Pack,Office Supplies,280.59,1.0,5.0,PayPal,Mobile App
ORD101428,2025-02-05,CUST1635,Patrick Green,South,Whiteboard,Office Supplies,50.7,2.0,5.0,PayPal,Online
ORD103122,02-17-2025,CUST1587,Jack Love, West,Dumbbell Set,Sports & Outdoors,139.39,2.0,0.0,Debit Card,In-Store
ORD100812,28/12/2024,CUST1468,Alicia Roth,East ,Water Bottle,Sports & Outdoors,215.76,1.0,0.0,Cash on Delivery,In-Store
ORD104443,2024-07-28,CUST1807,Angelica Jacobs, North,27in Monitor,Electronics,348.19,3.0,15.0,Cash on Delivery,In-Store
ORD105167,2024-12-30,CUST1327,,west,Dumbbell Set,Sports & Outdoors,74.7,4.0,,,In-Store
ORD104034,2025-11-27,CUST1658,Amanda Miller, West,Mechanical Keyboard,Electronics,263.36,2.0,5.0,UPI,Mobile App
ORD102159,2025-03-15,CUST1597,April Pace, North,Notebook Pack,Office Supplies,217.2,1.0,0.0,Debit Card,Mobile App
ORD104722,2024-05-27,CUST1056,Renee Mcdaniel,CENTRAL,Rice Cooker,Home & Kitchen,119.05,2.0,20.0,Cash on Delivery,In-Store
ORD100729,2024/05/21,CUST1195,Emily Douglas,west,Bluetooth Speaker,Electronics,131.26,2.0,10.0,Cash on Delivery,In-Store
ORD100944,2025-10-27,CUST1086,Madison Poole,East,Wireless Mouse,Electronics,221.69,3.0,0.0,Cash on Delivery,Online
ORD104283,2024-10-07,CUST1707,Charlotte Mason, North,Coffee Maker,Home & Kitchen,180.76,1.0,5.0,Credit Card,Mobile App
ORD104191,16/08/2024,CUST1515,Meghan White,South,Wireless Mouse,Electronics,242.04,4.0,5.0,Credit Card,Mobile App
ORD100801,2024-02-05,CUST1575,Stephen Jones,West,Ergonomic Chair,Office Supplies,23.31,2.0,0.0,Credit Card,Mobile App
ORD101619,2024-11-18,CUST1835,Justin Lee,Central,Bluetooth Speaker,Electronics,439.26,2.0,5.0,Credit Card,Mobile App
ORD105354,2024-10-01,CUST1772,Daniel Benson,SOUTH,Toaster,Home & Kitchen,114.39,2.0,0.0,Debit Card,Mobile App
ORD105902,06-06-2025,CUST1329,Haley Davis,West,Yoga Pants,Apparel,23.4,2.0,0.0,Credit Card,Online
ORD100224,2025/07/30,CUST1662,Kelly King,West,Running Shoes,Apparel,26.48,1.0,5.0,UPI,In-Store
ORD104540,2025-10-05,CUST1457,Rhonda Gutierrez,East,Wireless Mouse,Electronics,312.87,1.0,5.0,Credit Card,Mobile App
ORD105702,2024-08-12,CUST1598,Jessica Mays,NORTH,Power Bank,Electronics,258.44,2.0,5.0,Cash on Delivery,Mobile App
ORD100006,15/09/2025,CUST1699,Jessica Glass, West,Bluetooth Speaker,Electronics,94.13,1.0,5.0,Cash on Delivery,Mobile App
ORD103299,2025-09-11,CUST1377,Heather Brown,West,Toaster,Home & Kitchen,23.17,1.0,5.0,Cash on Delivery,Online
ORD101043,23/08/2025,CUST1726,Cheryl Gonzales, South ,Camping Tent,Sports & Outdoors,200.67,2.0,0.0,PayPal,Mobile App
ORD105780,31/07/2025,CUST1738,Thomas Williams,Central,Smartwatch,Electronics,378.54,2.0,20.0,PayPal,Online
ORD102044,2024-03-22,CUST1655,Katherine Flores,north,Portable SSD 1TB,Electronics,333.72,5.0,15.0,Credit Card,In-Store
ORD104404,2024/08/27,CUST1735,Lisa Snyder, North,Dumbbell Set,Sports & Outdoors,224.91,2.0,5.0,Credit Card,Mobile App
ORD105807,05/07/2025,CUST1068,Paul Larsen,SOUTH,Yoga Mat,Sports & Outdoors,0.0,3.0,10.0,Debit Card,In-Store
ORD100173,2024-05-20,CUST1575,Stephen Jones, North,Portable SSD 1TB,Electronics,303.79,2.0,5.0,Cash on Delivery,Online
ORD103772,01-13-2025,CUST1369,Scott Miller, West,Bluetooth Speaker,Electronics,120.07,1.0,0.0,Credit Card,Online
ORD101989,2024-03-20,CUST1432,Joseph Moody, West,Mechanical Keyboard,Electronics,320.15,1.0,10.0,UPI,Mobile App
ORD102736,2024-07-03,CUST1698,Kirk Johnson,east,Portable SSD 1TB,Electronics,432.32,1.0,0.0,UPI,Online
ORD105918,2025-02-05,CUST1421,Krista Davis, West,Dumbbell Set,Sports & Outdoors,37.64,1.0,0.0,Credit Card,Online
ORD101421,2024-05-17,CUST1339,Brian Torres,east,Notebook Pack,Office Supplies,92.09,2.0,10.0,Credit Card,Mobile App
ORD100399,26/01/2025,CUST1119,Dr. Jordan Hill PhD,central,Dumbbell Set,Sports & Outdoors,208.3,4.0,0.0,Debit Card,Mobile App
ORD104073,2024-06-07,CUST1271,David Garcia,east,Blender,Home & Kitchen,132.03,2.0,0.0,UPI,In-Store
ORD101943,26/04/2024,CUST1873,Michael Wells,west,USB-C Hub,Electronics,369.07,4.0,20.0,Debit Card,In-Store
ORD101053,2025-07-13,CUST1313,Kelly Sanchez, North,Non-stick Pan Set,Home & Kitchen,87.33,4.0,0.0,Credit Card,In-Store
ORD100647,2025-07-18,CUST1302,Megan Floyd,SOUTH,USB-C Hub,Electronics,315.83,1.0,5.0,Credit Card,Mobile App
ORD102563,2025-09-01,CUST1361,Charles Price,East,Toaster,Home & Kitchen,202.32,1.0,0.0,Debit Card,Online
ORD102120,2025-01-01,CUST1692,Karl Murphy,west,Non-stick Pan Set,Home & Kitchen,146.43,2.0,15.0,Credit Card,Mobile App
ORD101683,03-19-2025,CUST1756,Brittany Peterson, South ,Smartwatch,Electronics,144.36,1.0,15.0,Cash on Delivery,In-Store
ORD102366,03-07-2025,CUST1852,Mrs. Maureen Martin DDS, North,Standing Desk,Office Supplies,119.71,4.0,0.0,Credit Card,Mobile App
ORD101522,24/12/2024,CUST1717,Elizabeth Reese,north,Blender,Home & Kitchen,50.03,1.0,10.0,Credit Card,Mobile App
ORD102353,2024-09-27,CUST1286,Angela Griffin,south,Denim Jacket,Apparel,65.67,1.0,0.0,Debit Card,Mobile App
ORD101220,2024-11-05,CUST1752,Andre Terrell,North,Portable SSD 1TB,Electronics,305.25,1.0,5.0,UPI,In-Store
ORD104827,16/10/2024,CUST1448,Fernando Lynn,east,Dumbbell Set,Sports & Outdoors,204.2,2.0,5.0,Debit Card,Online
ORD103773,2024-12-19,CUST1485,Micheal Parks,East ,Vacuum Cleaner,Home & Kitchen,113.62,1.0,5.0,PayPal,Online
ORD103421,2024-02-28,CUST1871,Joshua Martin,South,USB-C Hub,Electronics,202.25,1.0,0.0,Debit Card,Mobile App
ORD105230,2025-02-27,CUST1150,Kimberly Matthews, West,Air Fryer,Home & Kitchen,111.22,5.0,0.0,PayPal,In-Store
ORD101809,2025/01/22,CUST1490,Steve Mason,East ,Denim Jacket,Apparel,45.72,3.0,0.0,Cash on Delivery,In-Store
ORD100473,14/02/2024,CUST1387,Tamara Jensen,West,Toaster,Home & Kitchen,165.37,5.0,5.0,PayPal,Mobile App
ORD103092,2024-09-24,CUST1145,Richard Smith,east,Cotton T-Shirt,Apparel,92.07,1.0,0.0,UPI,Mobile App
ORD104025,15/02/2025,CUST1079,Mrs. Marie Harrington DDS, South ,Bluetooth Speaker,Electronics,310.44,1.0,0.0,UPI,Online
ORD105309,2025-03-04,CUST1680,Megan Park,East,Whiteboard,Office Supplies,207.81,1.0,5.0,Debit Card,Online
ORD103678,2025-08-17,CUST1099,John Peterson,NORTH,Standing Desk,Office Supplies,175.12,2.0,10.0,Credit Card,Online
ORD104185,02/10/2024,CUST1791,Jose Harrison,Central,Yoga Pants,Apparel,39.94,1.0,10.0,Credit Card,Mobile App
ORD102999,01-12-2024,CUST1811,Robert Thompson,NORTH,Denim Jacket,Apparel,79.58,1.0,10.0,Cash on Delivery,In-Store
ORD104440,2025-04-21,CUST1583,Michael Boyd, South ,Camping Tent,Sports & Outdoors,169.06,4.0,0.0,Debit Card,In-Store
ORD105744,04-17-2025,CUST1251,Amber Campbell,East,Water Bottle,Sports & Outdoors,67.45,2.0,15.0,Debit Card,Mobile App
ORD103209,15/01/2024,CUST1499,Katherine Christensen MD,Central,Webcam HD,Electronics,249.92,1.0,0.0,Cash on Delivery,Online
ORD105489,2024-10-31,CUST1637,Richard Kelly, South ,Cotton T-Shirt,Apparel,73.26,1.0,10.0,PayPal,Mobile App
ORD104961,2025-02-03,CUST1238,Michael Cooper,north,Desk Lamp,Office Supplies,120.58,2.0,0.0,Cash on Delivery,Online
ORD105118,2025-12-27,CUST1730,Susan Hogan,east,Webcam HD,Electronics,267.52,3.0,0.0,Cash on Delivery,Online
ORD101658,2024/05/14,CUST1670,Kimberly Gibson, South ,Denim Jacket,Apparel,21.21,1.0,0.0,Cash on Delivery,Mobile App
ORD100959,2024-04-08,CUST1644,Luke Miller,North,Desk Lamp,Office Supplies,286.7,3.0,20.0,Debit Card,Online
ORD105611,2025/04/20,CUST1288,Daniel Aguilar,east,Wool Sweater,Apparel,16.44,1.0,0.0,UPI,In-Store
ORD101715,2025-04-26,CUST1322,Shannon Malone, South ,Water Bottle,Sports & Outdoors,259.08,1.0,5.0,Cash on Delivery,Mobile App
ORD103877,2024-05-28,CUST1637,Richard Kelly, South ,USB-C Hub,Electronics,390.87,3.0,10.0,UPI,Mobile App
ORD104518,04/11/2024,CUST1832,Adam Howe,north,Coffee Maker,Home & Kitchen,32.58,4.0,0.0,Cash on Delivery,In-Store
ORD103512,2024-02-29,CUST1683,Joshua Brooks,SOUTH,Running Shoes,Apparel,97.84,1.0,0.0,PayPal,Online
ORD104752,2024/06/10,CUST1527,Brent Hopkins,NORTH,Cotton T-Shirt,Apparel,117.34,1.0,15.0,UPI,Mobile App
ORD103861,04/07/2025,CUST1543,Rebecca Horton,SOUTH,Blender,Home & Kitchen,71.19,1.0,,Debit Card,In-Store
ORD105280,2025/10/07,CUST1114,Brandon King,West,Rice Cooker,Home & Kitchen,78.54,1.0,20.0,Debit Card,Mobile App
ORD100170,28/11/2025,CUST1559,Laura Perez, North,Wool Sweater,Apparel,70.18,1.0,0.0,PayPal,Mobile App
ORD105445,2025-03-24,CUST1851,Melissa Russell,West,Noise Cancelling Headphones,Electronics,342.0,5.0,0.0,Credit Card,Mobile App
ORD104686,2025-07-07,CUST1070,Chris Reyes,CENTRAL,Whiteboard,Office Supplies,26.87,1.0,,Debit Card,In-Store
ORD102520,2025-04-07,CUST1594,James Rodriguez, South ,Wool Sweater,Apparel,94.83,1.0,10.0,UPI,In-Store
ORD100858,2025-12-21,CUST1120,Thomas Romero,north,Toaster,Home & Kitchen,68.5,3.0,20.0,Credit Card,Mobile App
ORD101909,2025-09-26,CUST1766,Anna Lang,CENTRAL,Vacuum Cleaner,Home & Kitchen,198.56,1.0,5.0,Debit Card,Mobile App
ORD100223,03/01/2025,CUST1037,Kevin Mills, West,Yoga Pants,Apparel,68.19,4.0,10.0,Cash on Delivery,Mobile App
ORD101662,2025-09-01,CUST1352,Brent Bowen,West,Dumbbell Set,Sports & Outdoors,85.0,1.0,10.0,UPI,In-Store
ORD102923,2025-07-29,CUST1592,Sharon Jackson DVM,west,Cotton T-Shirt,Apparel,36.59,1.0,15.0,Cash on Delivery,Mobile App
ORD101642,17/08/2025,CUST1868,Caitlyn Nichols, West,Denim Jacket,Apparel,90.25,5.0,0.0,PayPal,Online
ORD102665,31/10/2025,CUST1325,Karen Williams,North,Wireless Mouse,Electronics,274.2,1.0,10.0,UPI,Mobile App
ORD104469,02/01/2024,CUST1324,Shannon Davis,south,Bluetooth Speaker,Electronics,131.83,1.0,20.0,Cash on Delivery,Mobile App
ORD105760,2024/01/02,CUST1112,Robert Costa, North,Desk Lamp,Office Supplies,244.89,5.0,15.0,PayPal,Mobile App
ORD102809,16/01/2024,CUST1832,Adam Howe,NORTH,Smartwatch,Electronics,292.05,2.0,0.0,Debit Card,In-Store
ORD104813,2024-10-12,CUST1865,Grant Lucas, West,Yoga Pants,Apparel,79.14,4.0,10.0,UPI,Online
ORD105481,2024-10-07,CUST1817,Karen Bradley,SOUTH,Cycling Helmet,Sports & Outdoors,108.98,1.0,15.0,Debit Card,Mobile App
ORD100530,2024-03-12,CUST1489,Julie Wilson,east,Bluetooth Speaker,Electronics,409.46,2.0,0.0,Credit Card,In-Store
ORD100765,2025-08-25,CUST1315,Kelly Combs,SOUTH,Toaster,Home & Kitchen,208.06,5.0,5.0,Credit Card,Online
ORD100603,2024-12-11,CUST1889,Laura Bruce,Central,27in Monitor,Electronics,300.44,2.0,0.0,Cash on Delivery,In-Store
ORD102739,19/05/2024,CUST1118,Anna Gay,South,Portable SSD 1TB,Electronics,347.36,5.0,15.0,Cash on Delivery,Mobile App
ORD103344,06/01/2025,CUST1017,Deborah Mason,CENTRAL,Yoga Pants,Apparel,105.54,1.0,,Debit Card,In-Store
ORD103710,2025-11-20,CUST1399,Gregory Holmes PhD,SOUTH,Cycling Helmet,Sports & Outdoors,89.5,1.0,15.0,Debit Card,In-Store
ORD100086,2025-08-20,CUST1699,Jessica Glass,CENTRAL,Denim Jacket,Apparel,32.85,1.0,0.0,UPI,Mobile App
ORD104745,13/07/2024,CUST1509,David Hall,south,Portable SSD 1TB,Electronics,403.24,1.0,5.0,Cash on Delivery,Online
ORD103462,2025-12-20,CUST1327,Michelle Sanders,North,Yoga Mat,Sports & Outdoors,208.43,1.0,10.0,Debit Card,In-Store
ORD102846,2025/09/20,CUST1226,Heidi Owen,West,Cycling Helmet,Sports & Outdoors,297.71,1.0,5.0,UPI,Mobile App
ORD104383,2024-12-19,CUST1488,Henry Garner,east,Notebook Pack,Office Supplies,26.61,2.0,0.0,Cash on Delivery,Mobile App
ORD105138,19/02/2024,CUST1112,Robert Costa,North,Vacuum Cleaner,Home & Kitchen,47.26,3.0,10.0,UPI,Mobile App
ORD102456,30/05/2025,CUST1614,Jordan Powell, South ,Running Shoes,Apparel,113.45,1.0,5.0,UPI,In-Store
ORD104362,2025-02-13,CUST1550,Joshua Davis,East,USB-C Hub,Electronics,107.16,2.0,0.0,PayPal,Online
ORD100345,09-12-2025,CUST1396,,West,Blender,Home & Kitchen,158.36,1.0,,,In-Store
ORD100954,2025-11-05,CUST1725,Danielle Medina, West,Dumbbell Set,Sports & Outdoors,120.44,1.0,15.0,Debit Card,Mobile App
ORD101971,03-06-2025,CUST1535,Denise Stuart,west,Camping Tent,Sports & Outdoors,144.41,1.0,0.0,Credit Card,In-Store
ORD105934,2024-04-23,CUST1789,Blake Wu, West,Ergonomic Chair,Office Supplies,318.18,1.0,0.0,UPI,In-Store
ORD105882,2024-12-29,CUST1520,Mason Moore,East,Webcam HD,Electronics,341.4,1.0,15.0,Cash on Delivery,In-Store
ORD105470,2024-12-14,CUST1745,April Johnson,CENTRAL,Webcam HD,Electronics,25.19,1.0,0.0,Cash on Delivery,Online
ORD100033,12/06/2024,CUST1830,Donald Todd, West,Notebook Pack,Office Supplies,276.01,1.0,0.0,Credit Card,In-Store
ORD103418,2024-09-17,CUST1511,Charles Holland,West,Smartwatch,Electronics,169.42,4.0,10.0,PayPal,In-Store
ORD104611,27/08/2025,CUST1182,Anita Richard,Central,Rice Cooker,Home & Kitchen,112.5,2.0,0.0,Debit Card,Mobile App
ORD105128,2025-01-27,CUST1657,Johnny Peterson,North,Desk Lamp,Office Supplies,133.72,1.0,0.0,UPI,Mobile App
ORD103875,07/11/2024,CUST1702,Christina Mills,north,Bluetooth Speaker,Electronics,275.53,2.0,0.0,UPI,In-Store
ORD104360,12-15-2024,CUST1004,Gabrielle Davis,East ,Ergonomic Chair,Office Supplies,86.41,2.0,15.0,PayPal,Online
ORD101962,2024-10-07,CUST1811,Robert Thompson,north,Webcam HD,Electronics,399.35,2.0,0.0,Cash on Delivery,Mobile App
ORD104364,26/02/2025,CUST1388,Bryce Blair,East ,Water Bottle,Sports & Outdoors,190.57,4.0,20.0,UPI,Online
ORD101232,2025-02-16,CUST1815,Gary Myers,central,Running Shoes,Apparel,87.54,1.0,10.0,UPI,In-Store
ORD101851,2025-08-02,CUST1553,Robert Wilson,north,Ergonomic Chair,Office Supplies,232.48,1.0,10.0,Cash on Delivery,In-Store
ORD104879,2025-08-01,CUST1808,Cathy Rodriguez, North,Wireless Mouse,Electronics,204.45,1.0,10.0,Debit Card,In-Store
ORD100613,12/05/2025,CUST1659,Catherine Huang,south,USB-C Hub,Electronics,37.39,3.0,15.0,Credit Card,Online
ORD102657,2024-12-01,CUST1160,Judith Maynard,South,Wool Sweater,Apparel,95.01,1.0,5.0,Credit Card,Mobile App
ORD104182,2024-03-17,CUST1508,Maureen Hernandez,North,Camping Tent,Sports & Outdoors,284.75,1.0,0.0,Credit Card,In-Store
ORD105789,26/05/2025,CUST1645,Mark Anderson,SOUTH,Electric Kettle,Home & Kitchen,219.85,2.0,0.0,Debit Card,Mobile App
ORD105715,2025-03-03,CUST1859,Derek Frazier, North,Wireless Mouse,Electronics,424.01,1.0,15.0,PayPal,Mobile App
ORD104690,2024/05/29,CUST1268,Jennifer Reed,Central,Portable SSD 1TB,Electronics,119.34,1.0,10.0,UPI,Online
ORD104724,2024-06-21,CUST1171,Christopher Park, South ,USB-C Hub,Electronics,105.04,1.0,10.0,Cash on Delivery,In-Store
ORD102232,2024-09-07,CUST1029,Connor West,North,Webcam HD,Electronics,384.47,2.0,15.0,PayPal,Online
ORD100019,2024-04-21,CUST1745,April Johnson,NORTH,Air Fryer,Home & Kitchen,154.67,5.0,0.0,Debit Card,Mobile App
ORD105909,10/05/2025,CUST1871,Joshua Martin, West,Webcam HD,Electronics,227.5,1.0,0.0,PayPal,Mobile App
ORD105593,2024-10-01,CUST1584,Jamie Gray, South ,Ergonomic Chair,Office Supplies,132.36,4.0,10.0,UPI,Online
ORD105917,2025-09-24,CUST1184,Jordan Bullock, South ,Power Bank,Electronics,299.06,4.0,5.0,UPI,In-Store
ORD100043,2025-07-24,CUST1530,Richard Love, West,Running Shoes,Apparel,96.73,1.0,0.0,Credit Card,In-Store
ORD101945,2024-05-15,CUST1167,Kristina Santiago,central,Standing Desk,Office Supplies,75.53,1.0,5.0,Cash on Delivery,Online
ORD100269,2025-08-21,CUST1139,Crystal Pham,north,Notebook Pack,Office Supplies,118.14,1.0,10.0,Credit Card,Online
ORD101746,2025-09-20,CUST1826,Matthew Smith,west,Air Fryer,Home & Kitchen,67.14,1.0,15.0,Credit Card,In-Store
ORD102578,03/07/2025,CUST1687,Kevin Hall,Central,Noise Cancelling Headphones,Electronics,76.14,1.0,5.0,UPI,Online
ORD102079,15/10/2024,CUST1833,Devin Cole,west,Smartwatch,Electronics,206.58,2.0,0.0,Debit Card,Online
ORD101121,16/09/2025,CUST1587,Jack Love,Central,Yoga Mat,Sports & Outdoors,165.15,3.0,15.0,Debit Card,Online
ORD102165,25/12/2025,CUST1207,Zachary Brooks, South ,Whiteboard,Office Supplies,197.49,1.0,15.0,UPI,In-Store
ORD104140,14/08/2025,CUST1644,Luke Miller,central,Yoga Mat,Sports & Outdoors,144.72,5.0,0.0,Credit Card,In-Store
ORD102982,2025-04-06,CUST1030,Angela Morton,east,Wool Sweater,Apparel,27.33,1.0,15.0,PayPal,Mobile App
ORD102569,2024-09-09,CUST1100,Jennifer Jones, West,Cotton T-Shirt,Apparel,62.95,1.0,15.0,UPI,Online
ORD103826,2025/11/25,CUST1267,Justin Michael,CENTRAL,Yoga Pants,Apparel,24.3,3.0,0.0,UPI,In-Store
ORD105448,09-18-2024,CUST1243,Travis Wise, West,Whiteboard,Office Supplies,39.46,2.0,0.0,PayPal,Online
ORD104342,22/08/2025,CUST1893,Heidi Ferguson, North,Cotton T-Shirt,Apparel,118.13,3.0,0.0,UPI,In-Store
ORD103984,2024-10-17,CUST1781,Kevin Garrett,East ,Water Bottle,Sports & Outdoors,297.33,1.0,20.0,Cash on Delivery,In-Store
ORD104316,16/05/2025,CUST1538,Melissa Morris,North,Desk Lamp,Office Supplies,49.69,2.0,0.0,Debit Card,In-Store
ORD102655,2024-07-07,CUST1557,Ronald Johns, South ,Portable SSD 1TB,Electronics,122.55,1.0,0.0,Debit Card,Online
ORD103620,2025-07-11,CUST1851,Melissa Russell,west,Notebook Pack,Office Supplies,342.54,2.0,15.0,UPI,In-Store
ORD104457,2024/09/08,CUST1509,David Hall,West,Desk Lamp,Office Supplies,205.15,1.0,,,Online
ORD103376,2024-04-16,CUST1367,Ashley Wilson,south,Blender,Home & Kitchen,206.5,2.0,5.0,Cash on Delivery,Mobile App
ORD101017,23/08/2024,CUST1289,Jose Bryant,East,Whiteboard,Office Supplies,44.86,1.0,0.0,Debit Card,Online
ORD105588,2025-07-28,CUST1782,Christopher Taylor,Central,Power Bank,Electronics,43.23,1.0,5.0,PayPal,Online
ORD100061,2025-04-09,CUST1338,Richard Ward,CENTRAL,Wool Sweater,Apparel,73.11,1.0,0.0,PayPal,Online
ORD105677,2025-11-20,CUST1435,Sara Cochran,North,Dumbbell Set,Sports & Outdoors,88.54,1.0,10.0,PayPal,Mobile App
ORD105858,2024/02/25,CUST1430,Devin Johnson,CENTRAL,Non-stick Pan Set,Home & Kitchen,72.08,4.0,10.0,UPI,Online
ORD100360,07-04-2025,CUST1855,Rebecca French,NORTH,Mechanical Keyboard,Electronics,114.58,2.0,0.0,UPI,Mobile App
ORD100853,2025-02-03,CUST1150,Kimberly Matthews,CENTRAL,Ergonomic Chair,Office Supplies,278.21,3.0,0.0,UPI,Online
ORD104515,2025-04-19,CUST1005,Monica Herrera,West,Dumbbell Set,Sports & Outdoors,175.09,3.0,10.0,Cash on Delivery,In-Store
ORD101096,2024/06/23,CUST1415,Samuel Howe,East ,Power Bank,Electronics,30.13,1.0,0.0,Debit Card,Mobile App
ORD100554,2025-10-04,CUST1648,Gregory Fernandez, West,Desk Lamp,Office Supplies,72.88,4.0,0.0,PayPal,Mobile App
ORD101698,2025/11/11,CUST1157,Richard Young,CENTRAL,USB-C Hub,Electronics,172.1,5.0,10.0,Debit Card,Online
ORD101515,2024-01-25,CUST1767,Pamela Ruiz,CENTRAL,USB-C Hub,Electronics,0.0,1.0,0.0,Debit Card,In-Store
ORD103699,06/01/2024,CUST1313,Kelly Sanchez,East ,Webcam HD,Electronics,414.07,1.0,0.0,PayPal,In-Store
ORD102114,2024-03-31,CUST1647,Joyce Curry,West,Denim Jacket,Apparel,27.02,2.0,10.0,Cash on Delivery,Online
ORD100717,2025-01-01,CUST1371,Renee Hudson,South,Non-stick Pan Set,Home & Kitchen,181.45,1.0,0.0,Credit Card,Online
ORD101620,2024-07-23,CUST1840,Leslie Nguyen,West,Water Bottle,Sports & Outdoors,77.49,3.0,,,Online
ORD100337,05-22-2025,CUST1517,Arthur Pena,north,Whiteboard,Office Supplies,313.3,2.0,10.0,Credit Card,In-Store
ORD102587,2025-08-06,CUST1598,Jessica Mays,East ,Noise Cancelling Headphones,Electronics,281.56,5.0,5.0,PayPal,In-Store
ORD100928,30/04/2025,CUST1608,Lee Ramsey,West,Webcam HD,Electronics,399.53,1.0,0.0,UPI,Online
ORD104889,2025-05-28,CUST1140,Patricia Becker,north,Desk Lamp,Office Supplies,182.07,1.0,15.0,Cash on Delivery,Online
ORD104352,2024-12-01,CUST1285,Joshua Ruiz, West,USB-C Hub,Electronics,316.23,5.0,15.0,UPI,In-Store
ORD102040,2024-04-04,CUST1613,Krista Barber,North,Rice Cooker,Home & Kitchen,218.48,1.0,5.0,PayPal,Online
ORD103728,23/06/2025,CUST1522,Robert Miller,CENTRAL,Dumbbell Set,Sports & Outdoors,231.54,-1.0,15.0,PayPal,Mobile App
ORD101308,2025-06-20,CUST1447,Rachel Lane,central,Ergonomic Chair,Office Supplies,194.03,1.0,10.0,Credit Card,In-Store
ORD105281,2024-03-12,CUST1227,Jessica Martinez,West,Wireless Mouse,Electronics,46.53,1.0,5.0,PayPal,Online
ORD105496,2025-08-29,CUST1591,Nathan Stanley,east,27in Monitor,Electronics,190.83,1.0,0.0,PayPal,Online
ORD104118,14/11/2025,CUST1295,Kimberly Patel,Central,Coffee Maker,Home & Kitchen,153.03,1.0,0.0,UPI,Mobile App
ORD101484,06-08-2025,CUST1898,Brenda Perez,North,Notebook Pack,Office Supplies,290.45,1.0,5.0,Credit Card,Online
ORD104005,2025-04-25,CUST1000,Allison Hill,east,Cycling Helmet,Sports & Outdoors,199.83,1.0,15.0,Credit Card,Online
ORD105177,2025-04-07,CUST1129,Stacy Freeman,East,Coffee Maker,Home & Kitchen,26.43,3.0,0.0,Debit Card,Online
ORD105628,2024-07-05,CUST1494,Jeffrey Jordan,NORTH,Notebook Pack,Office Supplies,63.23,1.0,10.0,Cash on Delivery,Mobile App
ORD104425,2025-08-20,CUST1509,David Hall,east,Water Bottle,Sports & Outdoors,233.66,1.0,0.0,PayPal,Mobile App
ORD103261,2024-11-23,CUST1028,Victoria Garcia, North,Ergonomic Chair,Office Supplies,216.83,1.0,0.0,PayPal,Mobile App
ORD103604,2025/11/11,CUST1669,Denise Guerra,North,27in Monitor,Electronics,260.7,2.0,0.0,Credit Card,Mobile App
ORD103911,08-29-2024,CUST1084,Barbara Riggs,SOUTH,Mechanical Keyboard,Electronics,392.87,3.0,15.0,Credit Card,In-Store
ORD102293,09-09-2025,CUST1444,Mrs. Stacey Davis,East,Blender,Home & Kitchen,84.69,2.0,0.0,UPI,In-Store
ORD101087,07/09/2024,CUST1591,Nathan Stanley,Central,Electric Kettle,Home & Kitchen,84.54,1.0,0.0,UPI,Online
ORD105329,03-22-2024,CUST1590,Christopher Nielsen,West,Yoga Mat,Sports & Outdoors,60.77,1.0,0.0,Cash on Delivery,In-Store
ORD105021,31/10/2024,CUST1662,Kelly King,CENTRAL,USB-C Hub,Electronics,84.41,4.0,20.0,Debit Card,Online
ORD103550,2025-06-03,CUST1081,Jacob Obrien,south,Vacuum Cleaner,Home & Kitchen,115.49,1.0,0.0,UPI,In-Store
ORD103346,01-09-2024,CUST1001,Angie Henderson,South,Cotton T-Shirt,Apparel,32.45,2.0,10.0,Credit Card,Online
ORD104680,03-12-2025,CUST1006,Shannon Ray, South ,USB-C Hub,Electronics,243.4,1.0,0.0,Credit Card,Mobile App
ORD103750,2025-11-06,CUST1455,Martin Hughes,North,Power Bank,Electronics,307.75,1.0,20.0,UPI,Mobile App
ORD103050,09/01/2024,CUST1441,Michael Anderson, West,Standing Desk,Office Supplies,206.86,1.0,0.0,Cash on Delivery,Mobile App
ORD104134,2025-02-01,CUST1548,Frank Williams,west,Non-stick Pan Set,Home & Kitchen,28.71,2.0,0.0,Debit Card,Mobile App
ORD104812,28/04/2025,CUST1681,Kathy Sandoval,East ,Toaster,Home & Kitchen,132.43,1.0,0.0,Credit Card,Mobile App
ORD105857,08/06/2024,CUST1858,Mrs. Ashley Mendoza,south,Blender,Home & Kitchen,70.49,1.0,5.0,Credit Card,In-Store
ORD102882,2025-09-06,CUST1835,Justin Lee, South ,Denim Jacket,Apparel,21.25,3.0,5.0,Cash on Delivery,Mobile App
ORD103741,2024-06-03,CUST1416,Dillon Jones,CENTRAL,Bluetooth Speaker,Electronics,284.78,4.0,0.0,Cash on Delivery,Online
ORD103893,02-21-2025,CUST1803,Julia Leonard,Central,USB-C Hub,Electronics,90.11,2.0,0.0,PayPal,Online
ORD103569,2025/06/12,CUST1881,Jessica Mosley,Central,Air Fryer,Home & Kitchen,101.6,1.0,0.0,UPI,In-Store
ORD101507,2025-02-06,CUST1224,Mitchell Jackson,west,Rice Cooker,Home & Kitchen,164.96,1.0,0.0,Credit Card,Mobile App
ORD102415,2025-10-25,CUST1522,Robert Miller,East,Coffee Maker,Home & Kitchen,82.39,1.0,5.0,UPI,Mobile App
ORD105980,26/02/2024,CUST1115,April Booth, South ,Notebook Pack,Office Supplies,124.5,1.0,10.0,Debit Card,Mobile App
ORD105987,02-09-2025,CUST1774,Kyle Nguyen,CENTRAL,Blender,Home & Kitchen,31.04,4.0,0.0,Debit Card,Online
ORD100261,2024-06-02,CUST1372,Kenneth Farley,SOUTH,Ergonomic Chair,Office Supplies,24.97,3.0,0.0,Credit Card,Mobile App
ORD103661,2025-01-07,CUST1884,Ronnie Roberts,West,Cotton T-Shirt,Apparel,38.75,3.0,10.0,Cash on Delivery,In-Store
ORD103161,2024/06/22,CUST1476,Anthony Nash,South,Toaster,Home & Kitchen,192.74,4.0,0.0,PayPal,Online
ORD102710,2024-09-24,CUST1560,James Wilson,SOUTH,Electric Kettle,Home & Kitchen,110.61,1.0,15.0,Credit Card,Mobile App
ORD105645,02/03/2024,CUST1351,Todd Thomas,North,Yoga Pants,Apparel,106.89,1.0,10.0,PayPal,Online
ORD104267,2024-07-09,CUST1505,Autumn Wilson, North,Notebook Pack,Office Supplies,81.82,1.0,0.0,Credit Card,Online
ORD101255,2024-09-23,CUST1342,Douglas Hartman, North,Bluetooth Speaker,Electronics,242.12,1.0,0.0,PayPal,In-Store
ORD104152,2024-06-16,CUST1433,Rebecca Kelly,west,Portable SSD 1TB,Electronics,428.08,4.0,0.0,UPI,Mobile App
ORD100997,2025-06-05,CUST1741,John Martinez,north,Toaster,Home & Kitchen,77.86,1.0,10.0,Credit Card,Mobile App
ORD100487,2024-12-28,CUST1818,Tina Davis,east,Bluetooth Speaker,Electronics,260.95,1.0,15.0,Debit Card,In-Store
ORD105117,28/11/2024,CUST1340,Erin Cook,west,USB-C Hub,Electronics,277.92,4.0,0.0,PayPal,Mobile App
ORD101410,2024-09-08,CUST1002,Cristian Santos,North,Air Fryer,Home & Kitchen,121.43,-1.0,5.0,PayPal,Online
ORD103602,18/02/2025,CUST1703,Alicia Aguilar,West,Dumbbell Set,Sports & Outdoors,129.75,1.0,0.0,UPI,Mobile App
ORD101638,2024-10-18,CUST1518,Krystal Levine,North,Bluetooth Speaker,Electronics,78.57,1.0,5.0,Cash on Delivery,In-Store
ORD105460,2025-02-01,CUST1694,George Alvarez, North,Denim Jacket,Apparel,24.45,2.0,5.0,Credit Card,Mobile App
ORD104387,30/12/2025,CUST1151,Teresa Ramirez, West,Non-stick Pan Set,Home & Kitchen,122.36,1.0,0.0,PayPal,Online
ORD105803,10/12/2025,CUST1394,Lori Mason,CENTRAL,Smartwatch,Electronics,378.33,2.0,0.0,Credit Card,In-Store
ORD105008,2024-10-12,CUST1586,Brenda Martin, West,USB-C Hub,Electronics,115.73,2.0,10.0,PayPal,Mobile App
ORD101266,2024-10-20,CUST1868,Caitlyn Nichols, West,Desk Lamp,Office Supplies,200.04,2.0,10.0,Cash on Delivery,In-Store
ORD101251,30/11/2025,CUST1245,Melinda Evans,Central,Desk Lamp,Office Supplies,64.08,3.0,0.0,Credit Card,Mobile App
ORD100397,2025-07-26,CUST1416,Dillon Jones,north,Denim Jacket,Apparel,62.75,1.0,0.0,PayPal,In-Store
ORD104526,2025-05-19,CUST1042,Shawn Baker,CENTRAL,Water Bottle,Sports & Outdoors,255.17,2.0,0.0,UPI,In-Store
ORD100774,2024-04-13,CUST1489,Julie Wilson,north,Noise Cancelling Headphones,Electronics,77.99,1.0,0.0,PayPal,Online
ORD103213,2024-10-22,CUST1570,Cynthia Mitchell, South ,Rice Cooker,Home & Kitchen,91.39,4.0,15.0,Credit Card,Online
ORD100486,2025/02/27,CUST1343,Catherine Saunders MD,CENTRAL,Standing Desk,Office Supplies,173.71,2.0,0.0,Credit Card,Mobile App
ORD103511,2024-05-18,CUST1157,Richard Young,East ,Dumbbell Set,Sports & Outdoors,176.22,2.0,10.0,Cash on Delivery,Mobile App
ORD101373,2025-08-25,CUST1070,Chris Reyes,West,Dumbbell Set,Sports & Outdoors,38.77,1.0,0.0,UPI,Online
ORD105187,15/07/2024,CUST1181,Brian Smith,east,Running Shoes,Apparel,59.47,1.0,,PayPal,In-Store
ORD100197,2024-01-16,CUST1310,Elizabeth Ward,east,Power Bank,Electronics,332.83,2.0,20.0,Debit Card,Mobile App
ORD101412,10/02/2024,CUST1042,Shawn Baker,East ,Cotton T-Shirt,Apparel,47.56,1.0,5.0,Credit Card,In-Store
ORD101104,2025-10-20,CUST1737,Anthony Bailey,Central,Cotton T-Shirt,Apparel,74.78,2.0,15.0,Cash on Delivery,In-Store
ORD102331,2025-05-10,CUST1695,Patricia Anderson,south,Wool Sweater,Apparel,74.56,1.0,0.0,Credit Card,In-Store
ORD102706,07-02-2025,CUST1502,Alicia Norris, South ,Standing Desk,Office Supplies,164.37,1.0,10.0,Debit Card,Mobile App
ORD104421,2025-09-17,CUST1855,Rebecca French,SOUTH,USB-C Hub,Electronics,92.3,1.0,0.0,Debit Card,In-Store
ORD105189,2025-05-16,CUST1204,David Davidson,west,Whiteboard,Office Supplies,75.37,1.0,10.0,Cash on Delivery,In-Store
ORD101054,17/01/2025,CUST1854,Faith Johnson,west,Desk Lamp,Office Supplies,211.82,2.0,0.0,UPI,Mobile App
ORD102003,2025-04-28,CUST1879,Dustin Bell,west,Toaster,Home & Kitchen,207.41,2.0,0.0,Debit Card,Online
ORD100447,2024-11-22,CUST1312,Alexis Tran,West,Whiteboard,Office Supplies,325.74,2.0,0.0,Debit Card,In-Store
ORD105639,2025/11/07,CUST1437,Carlos Love,East,Wireless Mouse,Electronics,384.11,5.0,0.0,Credit Card,Mobile App
ORD103909,2025-10-14,CUST1065,Colleen Brock, North,Yoga Mat,Sports & Outdoors,144.39,2.0,0.0,Debit Card,Mobile App
ORD100547,17/07/2024,CUST1139,Crystal Pham, North,Camping Tent,Sports & Outdoors,74.26,2.0,0.0,PayPal,Online
ORD100971,2025-02-11,CUST1299,Donna Cabrera,south,USB-C Hub,Electronics,211.39,1.0,0.0,Credit Card,Mobile App
ORD100831,2025-09-13,CUST1292,Randy Cannon,West,Camping Tent,Sports & Outdoors,23.78,1.0,0.0,Debit Card,In-Store
ORD105052,19/06/2025,CUST1717,Elizabeth Reese,West,Standing Desk,Office Supplies,204.38,1.0,0.0,Credit Card,Mobile App
ORD101935,2024-11-28,CUST1759,Stephen Garcia,South,Electric Kettle,Home & Kitchen,203.18,1.0,0.0,Debit Card,In-Store
ORD103672,2025-06-07,CUST1683,Joshua Brooks,East,Blender,Home & Kitchen,190.81,4.0,0.0,Cash on Delivery,Online
ORD103951,21/04/2024,CUST1423,Angela Willis,West,Desk Lamp,Office Supplies,253.35,3.0,0.0,PayPal,In-Store
ORD102464,2025-05-12,CUST1409,Dr. Morgan Payne PhD,SOUTH,Bluetooth Speaker,Electronics,394.95,1.0,20.0,PayPal,In-Store
ORD105525,27/12/2025,CUST1152,Michael Stephens, West,USB-C Hub,Electronics,448.22,1.0,0.0,Credit Card,Mobile App
ORD103734,04-03-2024,CUST1863,Jason Fleming,SOUTH,Mechanical Keyboard,Electronics,330.69,2.0,0.0,UPI,Online
ORD100164,2024/05/11,CUST1696,Christina Gilbert,East ,Running Shoes,Apparel,55.57,1.0,5.0,UPI,In-Store
ORD104250,2025-01-02,CUST1531,Leah Barton, North,Rice Cooker,Home & Kitchen,40.5,3.0,5.0,Debit Card,In-Store
ORD105634,2025-02-27,CUST1658,Amanda Miller,East,Desk Lamp,Office Supplies,79.75,1.0,0.0,Cash on Delivery,In-Store
ORD100187,2025/10/18,CUST1787,Dr. Michael Adams DVM,south,Yoga Mat,Sports & Outdoors,296.01,1.0,0.0,UPI,In-Store
ORD100156,05/11/2025,CUST1594,James Rodriguez, West,Webcam HD,Electronics,286.13,1.0,0.0,Cash on Delivery,In-Store
ORD101679,2025/08/25,CUST1139,Crystal Pham, North,Standing Desk,Office Supplies,48.37,4.0,0.0,PayPal,Online
ORD100250,25/02/2025,CUST1643,Shawn Kelley,south,Air Fryer,Home & Kitchen,142.06,1.0,10.0,UPI,Online
ORD105502,04/03/2024,CUST1742,Lisa Rodriguez,SOUTH,Rice Cooker,Home & Kitchen,29.18,3.0,0.0,PayPal,In-Store
ORD101870,05-01-2024,CUST1224,Mitchell Jackson,East ,Power Bank,Electronics,371.77,5.0,0.0,Debit Card,In-Store
ORD101234,2024-10-04,CUST1400,Patricia Johnson,North,Blender,Home & Kitchen,50.21,4.0,0.0,Credit Card,In-Store
ORD102733,2024-01-09,CUST1678,Toni Davis,central,Noise Cancelling Headphones,Electronics,137.5,1.0,15.0,PayPal,In-Store
ORD100058,2024-11-28,CUST1344,Sandra Jones,west,Portable SSD 1TB,Electronics,128.64,1.0,0.0,Debit Card,In-Store
ORD100011,2025-10-18,CUST1549,Michael Fox, West,Smartwatch,Electronics,390.83,1.0,10.0,PayPal,In-Store
ORD105796,27/12/2024,CUST1715,Krystal Moore,central,Bluetooth Speaker,Electronics,327.81,1.0,0.0,UPI,Mobile App
ORD100169,04/03/2024,CUST1893,Heidi Ferguson,NORTH,Bluetooth Speaker,Electronics,202.98,1.0,10.0,Cash on Delivery,Online
ORD103613,21/07/2024,CUST1084,Barbara Riggs,west,Dumbbell Set,Sports & Outdoors,295.86,1.0,15.0,Debit Card,Mobile App
ORD105194,07/08/2024,CUST1012,Kimberly Burgess, North,Standing Desk,Office Supplies,342.82,4.0,5.0,PayPal,Online
ORD103211,2024-06-27,CUST1098,Beth Oneill,NORTH,27in Monitor,Electronics,61.57,4.0,5.0,PayPal,Mobile App
ORD101314,2024-07-09,CUST1285,Joshua Ruiz,SOUTH,Smartwatch,Electronics,421.1,1.0,15.0,PayPal,Online
ORD104507,2024-02-28,CUST1295,Kimberly Patel, West,Ergonomic Chair,Office Supplies,221.4,1.0,0.0,UPI,In-Store
ORD100909,2025-10-23,CUST1076,James Elliott,CENTRAL,Smartwatch,Electronics,143.17,2.0,5.0,UPI,In-Store
ORD101307,2025-03-29,CUST1418,John Phelps,South,Yoga Pants,Apparel,104.21,1.0,10.0,UPI,Mobile App
ORD101432,2025-02-08,CUST1243,Travis Wise,west,Yoga Mat,Sports & Outdoors,250.92,2.0,0.0,Credit Card,Mobile App
ORD103345,2024-12-27,CUST1481,Brian Brown,NORTH,USB-C Hub,Electronics,98.86,1.0,0.0,PayPal,In-Store
ORD101566,2025-09-25,CUST1595,Chase Davis,CENTRAL,Yoga Pants,Apparel,84.63,2.0,0.0,PayPal,Mobile App
ORD105032,2025-11-25,CUST1031,Tammy Allison,East,Wool Sweater,Apparel,107.03,2.0,0.0,Debit Card,Mobile App
ORD100873,19/09/2024,CUST1264,Matthew Fox,NORTH,Power Bank,Electronics,179.41,1.0,20.0,UPI,Mobile App
ORD102653,19/06/2024,CUST1149,David Medina,CENTRAL,Noise Cancelling Headphones,Electronics,431.4,1.0,5.0,Cash on Delivery,Online
ORD103301,2024-08-04,CUST1875,Audrey Johnson,East,Toaster,Home & Kitchen,143.79,5.0,5.0,UPI,In-Store
ORD104057,2024-01-22,CUST1790,Angela Schultz,north,Cycling Helmet,Sports & Outdoors,217.48,4.0,0.0,Debit Card,Online
ORD104286,2025-01-04,CUST1149,David Medina,SOUTH,Cotton T-Shirt,Apparel,32.37,1.0,0.0,PayPal,In-Store
ORD101488,2025-09-22,CUST1181,Brian Smith, North,Yoga Mat,Sports & Outdoors,93.64,3.0,0.0,Credit Card,Mobile App
ORD100891,2024-09-27,CUST1274,Taylor Gentry, South ,Dumbbell Set,Sports & Outdoors,14.19,1.0,15.0,UPI,Mobile App
ORD101455,2025-09-08,CUST1164,Cindy Hayes,Central,Desk Lamp,Office Supplies,256.5,3.0,5.0,PayPal,Online
ORD100051,2025-04-26,CUST1258,Ronald Patel,SOUTH,Bluetooth Speaker,Electronics,168.44,4.0,10.0,Cash on Delivery,Online
ORD101237,2025-09-18,CUST1700,Ashley Brown, South ,Air Fryer,Home & Kitchen,211.37,2.0,5.0,Debit Card,Mobile App
ORD101631,29/10/2024,CUST1145,Richard Smith,South,Yoga Mat,Sports & Outdoors,145.26,2.0,0.0,UPI,Mobile App
ORD102552,2024-07-06,CUST1810,Richard Ramirez,South,Dumbbell Set,Sports & Outdoors,108.26,4.0,20.0,UPI,Online
ORD105078,2024-11-05,CUST1573,Brandy Quinn,Central,Standing Desk,Office Supplies,239.33,2.0,0.0,Cash on Delivery,In-Store
ORD104851,07-09-2024,CUST1667,Michael Howard, West,Dumbbell Set,Sports & Outdoors,155.49,2.0,10.0,PayPal,In-Store
ORD100555,2025-12-02,CUST1813,Michelle Garcia, West,Noise Cancelling Headphones,Electronics,344.98,2.0,0.0,PayPal,Mobile App
ORD101672,2024-08-13,CUST1699,Jessica Glass, West,Webcam HD,Electronics,410.66,2.0,0.0,PayPal,Online
ORD103215,2024-04-10,CUST1060,Richard Lawson,central,Portable SSD 1TB,Electronics,325.82,3.0,15.0,PayPal,Online
ORD105784,29/05/2024,CUST1215,James Burgess,SOUTH,Vacuum Cleaner,Home & Kitchen,189.87,1.0,0.0,Debit Card,Mobile App
ORD104912,2025-02-11,CUST1381,Isaac Miller,North,Running Shoes,Apparel,23.75,2.0,15.0,Credit Card,Online
ORD102992,03/01/2024,CUST1601,Adrienne Mills,east,Denim Jacket,Apparel,89.3,4.0,0.0,Debit Card,Mobile App
ORD100522,04/09/2024,CUST1472,Samuel Suarez,NORTH,Water Bottle,Sports & Outdoors,108.47,-1.0,,,Online
ORD100941,28/03/2025,CUST1098,Beth Oneill,central,Wool Sweater,Apparel,72.31,1.0,0.0,Cash on Delivery,Mobile App
ORD101209,2025-03-29,CUST1442,Patricia Bradley, West,27in Monitor,Electronics,168.52,4.0,0.0,Debit Card,In-Store
ORD102517,25/08/2024,CUST1401,Laura Jones,North,Webcam HD,Electronics,411.78,2.0,0.0,Cash on Delivery,Mobile App
ORD102976,26/02/2025,CUST1454,Bradley Anthony,Central,Noise Cancelling Headphones,Electronics,327.53,1.0,15.0,PayPal,In-Store
ORD100643,18/03/2025,CUST1305,,West,Toaster,Home & Kitchen,76.99,3.0,,,Mobile App
ORD102592,06-13-2024,CUST1110,David Davis,SOUTH,Electric Kettle,Home & Kitchen,23.69,1.0,5.0,Credit Card,In-Store
ORD101750,02/01/2024,CUST1199,,Central,Cotton T-Shirt,Apparel,77.07,2.0,,,Online
ORD100204,2024-10-08,CUST1012,Kimberly Burgess,NORTH,Yoga Pants,Apparel,110.84,2.0,0.0,PayPal,Online
ORD105655,02-22-2025,CUST1519,Danielle Reed,North,Camping Tent,Sports & Outdoors,172.17,1.0,0.0,Credit Card,Online
ORD105411,2024-09-29,CUST1364,Tracey Wagner,NORTH,Portable SSD 1TB,Electronics,71.48,3.0,20.0,UPI,Online
ORD104620,2025-08-06,CUST1237,Patricia Morrow,SOUTH,Whiteboard,Office Supplies,105.62,4.0,0.0,UPI,In-Store
ORD102012,2025-06-25,CUST1794,Richard King, West,Camping Tent,Sports & Outdoors,135.23,1.0,5.0,Cash on Delivery,Online
ORD100082,16/01/2024,CUST1538,Melissa Morris,Central,Power Bank,Electronics,166.1,1.0,15.0,UPI,Mobile App
ORD105681,2025-07-22,CUST1045,Michael Hoffman,South,Dumbbell Set,Sports & Outdoors,292.45,1.0,0.0,PayPal,Mobile App
ORD105082,2025-08-20,CUST1710,Lori Johns,East,Non-stick Pan Set,Home & Kitchen,133.03,5.0,0.0,UPI,Mobile App
ORD105434,2024-09-05,CUST1880,Jill Riddle,CENTRAL,Running Shoes,Apparel,56.44,4.0,0.0,Debit Card,Online
ORD101738,18/08/2025,CUST1177,Eric Clark,North,Yoga Mat,Sports & Outdoors,61.99,2.0,15.0,PayPal,In-Store
ORD104522,2025-02-14,CUST1002,Cristian Santos,Central,Rice Cooker,Home & Kitchen,208.6,3.0,0.0,Debit Card,Mobile App
ORD100407,10-03-2024,CUST1234,Michelle Ho,CENTRAL,Notebook Pack,Office Supplies,163.25,2.0,10.0,Cash on Delivery,In-Store
ORD104731,2025-01-28,CUST1156,Brianna Anderson,East,Ergonomic Chair,Office Supplies,203.25,2.0,0.0,PayPal,Online
ORD102688,19/11/2024,CUST1652,Miguel Brewer,CENTRAL,Wool Sweater,Apparel,63.9,1.0,15.0,Credit Card,In-Store
ORD104476,2024-10-03,CUST1130,Yolanda Francis,west,Power Bank,Electronics,312.81,-2.0,5.0,Cash on Delivery,Mobile App
ORD104323,2024-10-03,CUST1777,Jean Lane,south,Toaster,Home & Kitchen,84.14,4.0,15.0,PayPal,Online
ORD105851,2024/03/30,CUST1688,Misty Mcguire,East,Bluetooth Speaker,Electronics,449.66,1.0,0.0,Debit Card,Mobile App
ORD105756,2024/05/25,CUST1347,,East ,Mechanical Keyboard,Electronics,47.27,3.0,,,In-Store
ORD104525,02/02/2024,CUST1178,Paul Thompson,west,Wool Sweater,Apparel,58.83,3.0,5.0,Cash on Delivery,In-Store
ORD104703,15/12/2024,CUST1638,Dustin Welch,South,Denim Jacket,Apparel,53.01,1.0,15.0,PayPal,Online
ORD100588,2024-10-15,CUST1732,Krystal Keller,north,Coffee Maker,Home & Kitchen,39.82,2.0,0.0,Cash on Delivery,Online
ORD101941,2024-02-03,CUST1833,Devin Cole,west,USB-C Hub,Electronics,352.95,4.0,0.0,Cash on Delivery,Mobile App
ORD101716,12/10/2025,CUST1080,Cynthia Wells,central,Vacuum Cleaner,Home & Kitchen,133.01,2.0,0.0,PayPal,Online
ORD104059,2025/03/01,CUST1893,Heidi Ferguson,CENTRAL,Power Bank,Electronics,250.59,1.0,0.0,Debit Card,In-Store
ORD104279,2025-01-22,CUST1692,Karl Murphy,central,Water Bottle,Sports & Outdoors,56.69,5.0,0.0,Credit Card,In-Store
ORD101586,2025-07-22,CUST1031,Tammy Allison,north,Webcam HD,Electronics,299.15,2.0,0.0,Debit Card,Online
ORD100394,2025-09-05,CUST1199,Kimberly Rodgers, North,Camping Tent,Sports & Outdoors,196.4,1.0,0.0,Debit Card,Mobile App
ORD102242,2024-07-19,CUST1190,Larry Mason,West,Mechanical Keyboard,Electronics,152.99,3.0,0.0,UPI,In-Store
ORD103697,09-04-2024,CUST1876,Christie Fox,West,Cycling Helmet,Sports & Outdoors,77.64,2.0,10.0,Debit Card,In-Store
ORD105777,2025-08-10,CUST1144,Brenda Levy,north,Cycling Helmet,Sports & Outdoors,96.65,1.0,,,In-Store
ORD102712,05-30-2024,CUST1139,Crystal Pham,East ,Camping Tent,Sports & Outdoors,169.18,1.0,0.0,Credit Card,Mobile App
ORD100104,2024-05-31,CUST1082,Alexander Collins,Central,Desk Lamp,Office Supplies,243.27,1.0,,,Mobile App
ORD104803,28/01/2025,CUST1807,Angelica Jacobs, West,Noise Cancelling Headphones,Electronics,329.24,2.0,0.0,PayPal,In-Store
ORD101195,2025-08-06,CUST1549,Michael Fox,west,Webcam HD,Electronics,431.01,2.0,0.0,Credit Card,In-Store
ORD100213,2024-06-06,CUST1075,Rebecca Ramsey, West,Toaster,Home & Kitchen,37.14,2.0,0.0,Debit Card,Mobile App
ORD104424,07/04/2025,CUST1437,Carlos Love,central,Yoga Mat,Sports & Outdoors,228.2,1.0,10.0,Debit Card,In-Store
ORD104736,26/01/2025,CUST1889,Laura Bruce,north,Mechanical Keyboard,Electronics,162.42,1.0,0.0,UPI,In-Store
ORD104883,21/07/2024,CUST1329,Haley Davis,SOUTH,Vacuum Cleaner,Home & Kitchen,63.87,2.0,0.0,Debit Card,Online
ORD101685,2024-11-27,CUST1440,Marie Thompson,East ,Standing Desk,Office Supplies,85.67,1.0,0.0,Debit Card,In-Store
ORD104579,2025-02-27,CUST1547,Justin Anderson,west,Coffee Maker,Home & Kitchen,111.15,1.0,5.0,Credit Card,Mobile App
ORD103957,2024-07-25,CUST1782,Christopher Taylor,East,Noise Cancelling Headphones,Electronics,39.44,4.0,10.0,Cash on Delivery,Online
ORD103220,2024-08-08,CUST1194,Nathaniel Douglas,west,Non-stick Pan Set,Home & Kitchen,139.61,1.0,0.0,PayPal,In-Store
ORD103582,2024-11-19,CUST1647,Joyce Curry,west,Smartwatch,Electronics,393.81,2.0,0.0,Credit Card,Mobile App
ORD105604,2025-11-10,CUST1689,Susan Larson,North,Water Bottle,Sports & Outdoors,30.15,1.0,,,Mobile App
ORD103559,07/01/2025,CUST1658,Amanda Miller, West,Notebook Pack,Office Supplies,341.87,3.0,0.0,UPI,Mobile App
ORD105814,2024-11-26,CUST1016,Patricia Peterson,north,27in Monitor,Electronics,126.7,5.0,15.0,Cash on Delivery,Online
ORD104723,12-05-2024,CUST1462,Deanna Bartlett,East ,Smartwatch,Electronics,445.62,3.0,5.0,PayPal,Online
ORD104254,2024-04-29,CUST1202,Vincent Mueller,CENTRAL,Desk Lamp,Office Supplies,165.11,2.0,10.0,UPI,In-Store
ORD100784,03-23-2025,CUST1657,Johnny Peterson, West,Wool Sweater,Apparel,110.57,2.0,10.0,Debit Card,In-Store
ORD100232,2024-05-17,CUST1604,Justin Webb, West,Whiteboard,Office Supplies,68.66,2.0,0.0,Debit Card,In-Store
ORD100149,2025-12-21,CUST1268,Jennifer Reed,South,Yoga Mat,Sports & Outdoors,223.87,1.0,10.0,Cash on Delivery,In-Store
ORD101019,15/11/2024,CUST1198,Ralph Lee,west,Smartwatch,Electronics,282.07,1.0,10.0,UPI,Mobile App
ORD101169,01-07-2025,CUST1267,Justin Michael,CENTRAL,Toaster,Home & Kitchen,145.45,4.0,10.0,PayPal,In-Store
ORD105550,2025-02-25,CUST1629,Derrick Mullen, South ,Smartwatch,Electronics,445.03,2.0,15.0,UPI,Mobile App
ORD104265,2025-02-01,CUST1740,Anna Evans,East,Vacuum Cleaner,Home & Kitchen,118.01,1.0,5.0,Debit Card,Online
ORD100388,2025-02-22,CUST1704,Lisa Brown,north,Ergonomic Chair,Office Supplies,206.52,1.0,10.0,Debit Card,In-Store
ORD104919,2024/03/06,CUST1867,Dwayne Bruce,central,Webcam HD,Electronics,136.31,1.0,5.0,Credit Card,In-Store
ORD102859,09/09/2024,CUST1769,John Bell, North,Water Bottle,Sports & Outdoors,195.89,2.0,0.0,UPI,In-Store
ORD103456,2024/07/24,CUST1047,Rebecca Valencia,South,Wireless Mouse,Electronics,434.28,1.0,,,Mobile App
ORD102730,12-10-2025,CUST1717,Elizabeth Reese,North,Cycling Helmet,Sports & Outdoors,43.47,4.0,0.0,Cash on Delivery,In-Store
ORD102490,19/05/2025,CUST1877,Tina Daugherty,NORTH,Whiteboard,Office Supplies,12.48,1.0,0.0,Cash on Delivery,Online
ORD100272,2025-07-17,CUST1875,Audrey Johnson,NORTH,Webcam HD,Electronics,135.57,5.0,0.0,UPI,Online
ORD105277,11-18-2025,CUST1871,Joshua Martin, West,Blender,Home & Kitchen,116.98,2.0,0.0,Debit Card,Online
ORD105689,2025-07-08,CUST1152,Michael Stephens, West,Coffee Maker,Home & Kitchen,178.59,1.0,5.0,Debit Card,In-Store
ORD105667,2024-02-16,CUST1703,Alicia Aguilar,East ,Yoga Pants,Apparel,111.66,4.0,5.0,PayPal,Online
ORD100141,2024-05-18,CUST1646,Julie Pitts,central,Blender,Home & Kitchen,186.08,2.0,0.0,UPI,Online
ORD101303,01/10/2025,CUST1010,Andrew Stewart,North,Mechanical Keyboard,Electronics,418.44,2.0,0.0,PayPal,In-Store
ORD100700,2024/08/27,CUST1827,Christopher Garza, North,Webcam HD,Electronics,314.24,2.0,10.0,PayPal,Online
ORD100758,15/08/2024,CUST1820,Heather Miller,north,Bluetooth Speaker,Electronics,170.66,1.0,5.0,UPI,Mobile App
ORD103964,2025-05-07,CUST1601,Adrienne Mills,West,Yoga Pants,Apparel,68.43,1.0,0.0,Debit Card,Mobile App
ORD105108,2024/10/05,CUST1002,Cristian Santos,north,Coffee Maker,Home & Kitchen,131.32,3.0,0.0,UPI,In-Store
ORD103945,2025-01-21,CUST1639,Logan Sullivan,east,Desk Lamp,Office Supplies,178.42,2.0,0.0,UPI,Online
ORD101498,2024-03-05,CUST1754,David Hayes DVM,North,Mechanical Keyboard,Electronics,248.48,3.0,0.0,Cash on Delivery,Online
ORD103126,2024-11-18,CUST1215,James Burgess,west,Air Fryer,Home & Kitchen,214.5,3.0,0.0,Debit Card,Online
ORD102649,2025/04/11,CUST1479,Judy Robinson,SOUTH,Smartwatch,Electronics,363.43,1.0,10.0,Cash on Delivery,Online
ORD105883,02-05-2025,CUST1275,Jennifer Simpson DVM,NORTH,Noise Cancelling Headphones,Electronics,306.99,1.0,5.0,Cash on Delivery,Online
ORD104161,2024-07-08,CUST1520,Mason Moore,East,Cotton T-Shirt,Apparel,50.73,1.0,5.0,UPI,Online
ORD105721,10-24-2024,CUST1199,Kimberly Rodgers,Central,Air Fryer,Home & Kitchen,42.04,5.0,10.0,Debit Card,Mobile App
ORD104083,2024-11-16,CUST1240,Travis Stone,East ,Running Shoes,Apparel,81.08,3.0,15.0,PayPal,Mobile App
ORD103629,2025/05/05,CUST1802,Marissa Nelson,CENTRAL,Wireless Mouse,Electronics,88.78,1.0,10.0,Credit Card,In-Store
ORD101080,2024/08/04,CUST1099,John Peterson,South,Standing Desk,Office Supplies,137.6,2.0,0.0,Cash on Delivery,In-Store
ORD102645,11/09/2025,CUST1436,Anthony Guzman,South,Mechanical Keyboard,Electronics,56.61,3.0,0.0,Credit Card,In-Store
ORD102571,2024-08-23,CUST1161,Katherine Browning,SOUTH,Notebook Pack,Office Supplies,17.36,2.0,0.0,PayPal,Online
ORD105650,2025-09-17,CUST1733,Eric Cross,South,Whiteboard,Office Supplies,149.39,2.0,15.0,UPI,Mobile App
ORD103485,2024-12-28,CUST1777,Jean Lane,West,Toaster,Home & Kitchen,213.72,1.0,0.0,Cash on Delivery,Mobile App
ORD103481,2025-08-05,CUST1420,Megan Green,Central,Denim Jacket,Apparel,115.95,3.0,10.0,Credit Card,Online
ORD105043,2025-03-05,CUST1569,Danielle Gonzalez,SOUTH,Portable SSD 1TB,Electronics,143.97,1.0,0.0,UPI,Online
ORD100894,13/08/2025,CUST1516,Sheryl Acosta,West,Cycling Helmet,Sports & Outdoors,57.63,1.0,0.0,PayPal,Mobile App
ORD103252,2024-04-28,CUST1311,Ryan Rocha,SOUTH,Dumbbell Set,Sports & Outdoors,44.75,4.0,0.0,Credit Card,Mobile App
ORD103503,2025-07-01,CUST1846,Laura Tran,East ,Wireless Mouse,Electronics,121.59,1.0,0.0,Cash on Delivery,In-Store
ORD101827,01-30-2025,CUST1088,Samuel Rivas,south,Toaster,Home & Kitchen,38.07,2.0,5.0,Debit Card,Mobile App
ORD103590,2025-10-10,CUST1675,Dawn Diaz,CENTRAL,Notebook Pack,Office Supplies,73.02,1.0,0.0,UPI,Mobile App
ORD104153,2025-04-10,CUST1724,Laura Herrera,SOUTH,Camping Tent,Sports & Outdoors,135.64,2.0,0.0,Debit Card,Mobile App
ORD102306,2025/03/20,CUST1852,Mrs. Maureen Martin DDS,west,Water Bottle,Sports & Outdoors,200.62,4.0,0.0,PayPal,Mobile App
ORD103516,29/07/2024,CUST1885,Justin Ford,north,Rice Cooker,Home & Kitchen,51.06,1.0,15.0,Debit Card,In-Store
ORD102669,01/04/2025,CUST1854,Faith Johnson,SOUTH,Bluetooth Speaker,Electronics,354.92,3.0,0.0,Cash on Delivery,Mobile App
ORD103174,06-07-2024,CUST1189,Julie Spencer,SOUTH,Water Bottle,Sports & Outdoors,235.58,1.0,20.0,Credit Card,Online
ORD105018,2024-06-30,CUST1165,Brandon Simmons,central,Desk Lamp,Office Supplies,64.75,1.0,5.0,Cash on Delivery,Online
ORD102760,2024/10/31,CUST1389,Bradley Tran,west,Dumbbell Set,Sports & Outdoors,79.06,1.0,5.0,PayPal,Mobile App
ORD101337,05-13-2025,CUST1121,Richard Adams, North,Toaster,Home & Kitchen,50.81,1.0,0.0,UPI,In-Store
ORD103108,15/08/2025,CUST1510,Sarah Ward,North,Wool Sweater,Apparel,101.97,1.0,,PayPal,Mobile App
ORD103447,2025-03-02,CUST1219,Stacey Stewart,west,Camping Tent,Sports & Outdoors,145.98,1.0,0.0,Cash on Delivery,In-Store
ORD101108,2025-09-16,CUST1105,Doris Hall,SOUTH,Standing Desk,Office Supplies,82.49,2.0,5.0,Debit Card,In-Store
ORD101062,2024-11-14,CUST1435,Sara Cochran,south,Air Fryer,Home & Kitchen,62.25,1.0,0.0,UPI,Online
ORD104633,2024-11-04,CUST1216,Ashley Perkins,West,Ergonomic Chair,Office Supplies,218.8,3.0,0.0,Debit Card,In-Store
ORD100229,2024-07-21,CUST1029,Connor West,west,Noise Cancelling Headphones,Electronics,292.65,1.0,10.0,UPI,In-Store
ORD105046,01/10/2024,CUST1710,Lori Johns,north,Air Fryer,Home & Kitchen,44.51,1.0,0.0,Credit Card,In-Store
ORD104746,2025/02/27,CUST1406,Michael Williams,CENTRAL,Wireless Mouse,Electronics,312.2,1.0,0.0,Debit Card,In-Store
ORD105951,2024-10-23,CUST1502,Alicia Norris,east,Wool Sweater,Apparel,73.86,1.0,0.0,Credit Card,Mobile App
ORD105462,2025-10-30,CUST1014,Rebecca Henderson,CENTRAL,Desk Lamp,Office Supplies,246.2,1.0,0.0,Cash on Delivery,In-Store
ORD101505,2025-10-17,CUST1874,Tammy Morgan, West,Blender,Home & Kitchen,211.07,2.0,5.0,Cash on Delivery,Mobile App
ORD105350,2025-07-09,CUST1749,John Johnson,CENTRAL,Coffee Maker,Home & Kitchen,142.96,2.0,0.0,Cash on Delivery,Mobile App
ORD100317,2025-04-26,CUST1474,Madison Martinez, South ,Notebook Pack,Office Supplies,152.96,4.0,15.0,Cash on Delivery,Mobile App
ORD102089,01-02-2025,CUST1408,Eddie Mueller,East ,Whiteboard,Office Supplies,148.16,1.0,0.0,PayPal,Online
ORD102214,23/04/2024,CUST1726,Cheryl Gonzales,SOUTH,Webcam HD,Electronics,242.72,3.0,0.0,PayPal,Online
ORD100738,2024-11-13,CUST1133,Bob Pitts,Central,Rice Cooker,Home & Kitchen,168.63,1.0,15.0,UPI,Online
ORD105157,2025/09/08,CUST1254,William Becker,Central,Noise Cancelling Headphones,Electronics,134.06,1.0,0.0,PayPal,Online
ORD103836,2024-12-26,CUST1103,Marc Lynch,North,Camping Tent,Sports & Outdoors,163.86,1.0,0.0,Cash on Delivery,Mobile App
ORD104434,22/10/2025,CUST1356,Jeffrey Smith,East,Whiteboard,Office Supplies,296.73,1.0,15.0,PayPal,Online
ORD102842,2025-08-29,CUST1224,Mitchell Jackson,NORTH,Rice Cooker,Home & Kitchen,198.17,2.0,0.0,PayPal,Mobile App
ORD103179,2025-01-21,CUST1510,Sarah Ward,East,Ergonomic Chair,Office Supplies,260.36,3.0,0.0,PayPal,Online
ORD105750,2025-06-26,CUST1705,Mary Lin,West,Denim Jacket,Apparel,33.4,5.0,10.0,Debit Card,In-Store
ORD102363,16/06/2024,CUST1248,Anthony Dougherty,West,Air Fryer,Home & Kitchen,170.86,1.0,0.0,PayPal,In-Store
ORD103551,08-29-2025,CUST1340,Erin Cook,NORTH,Coffee Maker,Home & Kitchen,177.09,4.0,0.0,Cash on Delivery,Online
ORD103466,2025-06-15,CUST1245,Melinda Evans,South,Coffee Maker,Home & Kitchen,113.27,2.0,20.0,PayPal,In-Store
ORD102575,23/12/2024,CUST1353,,CENTRAL,Ergonomic Chair,Office Supplies,209.37,3.0,,,Mobile App
ORD104206,2024-02-28,CUST1530,Richard Love,North,Portable SSD 1TB,Electronics,145.89,2.0,0.0,Credit Card,Mobile App
ORD101736,2025-04-24,CUST1202,Vincent Mueller,south,Running Shoes,Apparel,37.63,4.0,0.0,Credit Card,Mobile App
ORD101124,2024-06-05,CUST1732,Krystal Keller, North,Cotton T-Shirt,Apparel,70.9,2.0,15.0,Debit Card,Online
ORD104524,02/11/2024,CUST1044,Sandra Williams,North,Portable SSD 1TB,Electronics,260.72,1.0,15.0,Debit Card,Online
ORD100162,21/05/2025,CUST1049,Rita Keith, North,Noise Cancelling Headphones,Electronics,239.81,5.0,0.0,UPI,In-Store
ORD102676,2025-06-10,CUST1062,Frances Cardenas,east,27in Monitor,Electronics,110.6,2.0,0.0,UPI,In-Store
ORD100301,27/01/2025,CUST1898,Brenda Perez,central,Cycling Helmet,Sports & Outdoors,236.51,3.0,0.0,Cash on Delivery,Mobile App
ORD100483,2025-02-28,CUST1818,Tina Davis,West,Wireless Mouse,Electronics,222.58,3.0,5.0,PayPal,In-Store
ORD104478,2024-11-09,CUST1783,Zachary Santiago,SOUTH,27in Monitor,Electronics,119.16,1.0,20.0,Cash on Delivery,Online
ORD101310,2025/04/25,CUST1388,Bryce Blair,south,Bluetooth Speaker,Electronics,197.17,1.0,5.0,Cash on Delivery,Online
ORD104985,03-09-2024,CUST1351,Todd Thomas,NORTH,Portable SSD 1TB,Electronics,448.89,5.0,0.0,Debit Card,Online
ORD100077,2025-12-23,CUST1733,Eric Cross,central,Mechanical Keyboard,Electronics,221.12,1.0,0.0,UPI,In-Store
ORD104070,2024/10/28,CUST1291,Kimberly Brown,Central,Smartwatch,Electronics,236.98,2.0,0.0,PayPal,Online
ORD102409,2024-07-31,CUST1784,Katelyn Kim,NORTH,Portable SSD 1TB,Electronics,174.06,1.0,0.0,Cash on Delivery,Online
ORD104159,07-20-2025,CUST1201,Cynthia Wallace, South ,Camping Tent,Sports & Outdoors,68.63,5.0,15.0,Debit Card,Online
ORD100286,2025-09-18,CUST1186,Justin Riley,South,Wireless Mouse,Electronics,428.23,4.0,5.0,Cash on Delivery,Online
ORD105745,13/09/2025,CUST1813,Michelle Garcia,CENTRAL,USB-C Hub,Electronics,252.56,3.0,5.0,PayPal,In-Store
ORD100942,2024/01/28,CUST1028,Victoria Garcia,central,Wool Sweater,Apparel,52.19,1.0,15.0,UPI,Online
ORD104687,15/11/2024,CUST1466,Kara Jackson,East,Denim Jacket,Apparel,83.47,1.0,15.0,UPI,In-Store
ORD105096,21/09/2024,CUST1164,Cindy Hayes,north,Wireless Mouse,Electronics,336.58,1.0,0.0,PayPal,In-Store
ORD102899,2024/10/10,CUST1231,,CENTRAL,Denim Jacket,Apparel,111.74,2.0,,,In-Store
ORD103296,2025-03-09,CUST1722,Timothy Duke,East,Wireless Mouse,Electronics,297.7,1.0,10.0,PayPal,Mobile App
ORD100791,2024-10-16,CUST1400,Patricia Johnson,SOUTH,Cotton T-Shirt,Apparel,59.36,1.0,0.0,Debit Card,Mobile App
ORD101278,2024-04-04,CUST1486,,West,Air Fryer,Home & Kitchen,95.99,5.0,,,In-Store
ORD101929,10/06/2024,CUST1058,Erika Terry,north,Dumbbell Set,Sports & Outdoors,186.74,5.0,10.0,Cash on Delivery,In-Store
ORD101728,2024-11-01,CUST1722,Timothy Duke,central,Yoga Mat,Sports & Outdoors,277.74,2.0,0.0,PayPal,In-Store
ORD105822,12/04/2024,CUST1833,Devin Cole,central,Ergonomic Chair,Office Supplies,103.35,1.0,20.0,UPI,Mobile App
ORD105433,04/03/2024,CUST1219,Stacey Stewart,CENTRAL,Coffee Maker,Home & Kitchen,165.88,2.0,15.0,PayPal,In-Store
ORD101835,10-03-2024,CUST1628,Jamie Garcia,east,Yoga Mat,Sports & Outdoors,176.06,1.0,0.0,PayPal,Online
ORD100429,2024-09-11,CUST1380,William Patterson,West,Wireless Mouse,Electronics,271.96,2.0,10.0,Credit Card,Mobile App
ORD104637,2025-09-13,CUST1765,Michelle Lambert,NORTH,Bluetooth Speaker,Electronics,52.54,1.0,0.0,PayPal,Online
ORD100710,03-14-2025,CUST1464,Ashley Hernandez,South,Noise Cancelling Headphones,Electronics,195.72,2.0,0.0,Cash on Delivery,Online
ORD104706,07-02-2024,CUST1838,Dominique Hamilton,north,Yoga Mat,Sports & Outdoors,169.12,2.0,0.0,Debit Card,Online
ORD102867,2024-03-24,CUST1125,Matthew Hoover, West,Vacuum Cleaner,Home & Kitchen,108.26,1.0,5.0,Debit Card,Online
ORD101855,01/04/2025,CUST1597,April Pace,North,Electric Kettle,Home & Kitchen,202.27,1.0,0.0,UPI,Online
ORD103057,17/10/2025,CUST1517,Arthur Pena,North,Power Bank,Electronics,88.86,4.0,0.0,Cash on Delivery,Mobile App
ORD103182,01-18-2025,CUST1332,Michelle Miller,CENTRAL,Dumbbell Set,Sports & Outdoors,215.87,3.0,0.0,UPI,In-Store
ORD102359,2025-02-28,CUST1459,James Nash, South ,Standing Desk,Office Supplies,212.77,5.0,10.0,Cash on Delivery,In-Store
ORD104551,15/11/2025,CUST1862,Brian Hernandez,west,Camping Tent,Sports & Outdoors,261.51,1.0,10.0,Credit Card,Online
ORD101807,2024-07-04,CUST1700,,east,Denim Jacket,Apparel,16.01,3.0,,,In-Store
ORD100178,2024-12-04,CUST1197,Susan Davis DDS,east,Rice Cooker,Home & Kitchen,197.85,1.0,10.0,UPI,Mobile App
ORD105510,2025-12-08,CUST1096,Paige Carlson,East ,Dumbbell Set,Sports & Outdoors,225.33,3.0,15.0,UPI,Online
ORD102677,2024-08-20,CUST1600,Angela George,East ,Running Shoes,Apparel,28.64,2.0,5.0,UPI,In-Store
ORD100383,2024-03-11,CUST1464,Ashley Hernandez, North,Standing Desk,Office Supplies,221.89,2.0,5.0,UPI,Online
ORD100797,2025-06-05,CUST1656,Diane Martinez,NORTH,Wool Sweater,Apparel,53.57,1.0,5.0,Cash on Delivery,Mobile App
ORD102662,07-30-2024,CUST1312,Alexis Tran,East ,Noise Cancelling Headphones,Electronics,285.19,3.0,0.0,PayPal,In-Store
ORD104435,2024-03-08,CUST1585,Heather Parrish,North,Portable SSD 1TB,Electronics,302.22,1.0,5.0,UPI,Mobile App
ORD103636,2024/04/02,CUST1125,Matthew Hoover,North,Bluetooth Speaker,Electronics,227.12,3.0,5.0,UPI,Online
ORD105225,2025-06-10,CUST1587,Jack Love,NORTH,Yoga Mat,Sports & Outdoors,175.79,1.0,5.0,Cash on Delivery,Mobile App
ORD103401,02-22-2024,CUST1267,Justin Michael,Central,Smartwatch,Electronics,406.45,4.0,10.0,PayPal,In-Store
ORD102930,2024-01-29,CUST1117,Michael Martinez,east,Power Bank,Electronics,282.95,2.0,0.0,Credit Card,Online
ORD101859,10/06/2025,CUST1490,Steve Mason,central,Water Bottle,Sports & Outdoors,222.96,3.0,5.0,Debit Card,Online
ORD105081,2025-07-12,CUST1878,Terri Kerr,CENTRAL,Ergonomic Chair,Office Supplies,280.21,1.0,20.0,Cash on Delivery,Mobile App
ORD101156,13/04/2024,CUST1365,Jill Jackson,west,Notebook Pack,Office Supplies,227.69,1.0,0.0,UPI,Online
ORD105903,2024-04-19,CUST1680,Megan Park,Central,Yoga Mat,Sports & Outdoors,253.08,3.0,10.0,Debit Card,Mobile App
ORD103409,2024-02-05,CUST1879,Dustin Bell,south,Running Shoes,Apparel,60.48,5.0,20.0,Credit Card,Online
ORD100781,06/11/2025,CUST1249,Michelle Lee,north,Dumbbell Set,Sports & Outdoors,60.4,1.0,0.0,Credit Card,In-Store
ORD101363,2025-02-16,CUST1106,Dennis Moody,west,Non-stick Pan Set,Home & Kitchen,25.96,3.0,10.0,Debit Card,Mobile App
ORD102199,28/08/2025,CUST1366,Joshua Jackson,north,Smartwatch,Electronics,143.03,1.0,20.0,Credit Card,Online
ORD103186,2025-06-07,CUST1296,Shaun Cannon,West,Mechanical Keyboard,Electronics,114.94,5.0,10.0,PayPal,In-Store
ORD100947,2025-02-04,CUST1852,Mrs. Maureen Martin DDS,North,Mechanical Keyboard,Electronics,245.92,1.0,0.0,Credit Card,In-Store
ORD101623,2024/03/31,CUST1784,Katelyn Kim,SOUTH,Noise Cancelling Headphones,Electronics,171.46,2.0,0.0,Cash on Delivery,Online
ORD101400,2025-03-11,CUST1220,Matthew Mitchell,East ,Dumbbell Set,Sports & Outdoors,57.33,5.0,20.0,UPI,In-Store
ORD105190,2024-09-01,CUST1830,Donald Todd,Central,Portable SSD 1TB,Electronics,397.04,5.0,0.0,PayPal,Mobile App
ORD100208,12-09-2025,CUST1235,Dr. Cynthia Snyder,Central,Whiteboard,Office Supplies,342.29,5.0,0.0,UPI,In-Store
ORD104547,2025/10/28,CUST1708,Thomas Torres, South ,Cycling Helmet,Sports & Outdoors,63.41,4.0,0.0,Debit Card,Online
ORD101605,2024-07-18,CUST1376,Jackie Clements,North,Yoga Pants,Apparel,43.23,2.0,10.0,Cash on Delivery,Online
ORD100041,2024-07-22,CUST1317,Mark Peck, West,Yoga Pants,Apparel,50.19,3.0,0.0,Credit Card,Online
ORD105795,24/05/2025,CUST1500,Mrs. Alison Wagner,Central,Electric Kettle,Home & Kitchen,220.0,1.0,15.0,Debit Card,Mobile App
ORD102630,2025-08-29,CUST1410,Makayla Steele, South ,Electric Kettle,Home & Kitchen,206.89,1.0,0.0,Cash on Delivery,In-Store
ORD101529,2024/06/25,CUST1380,William Patterson,east,Vacuum Cleaner,Home & Kitchen,144.58,1.0,0.0,PayPal,In-Store
ORD104753,2025/11/19,CUST1389,Bradley Tran, West,Noise Cancelling Headphones,Electronics,55.44,3.0,0.0,Cash on Delivery,Online
ORD102033,2025-09-26,CUST1266,Courtney Dudley,SOUTH,Coffee Maker,Home & Kitchen,165.78,3.0,0.0,PayPal,Online
ORD103895,2024-07-23,CUST1673,Brent Hopkins,NORTH,Denim Jacket,Apparel,78.55,1.0,10.0,Debit Card,Mobile App
ORD105391,2024-02-01,CUST1128,Michael Santos,SOUTH,Yoga Mat,Sports & Outdoors,266.86,1.0,0.0,Debit Card,Mobile App
ORD100075,2024-09-30,CUST1778,Susan Torres,east,Electric Kettle,Home & Kitchen,123.69,2.0,0.0,PayPal,In-Store
ORD100961,2025-06-13,CUST1582,Heather Harrison,West,Blender,Home & Kitchen,180.32,1.0,0.0,Credit Card,In-Store
ORD103489,2025-02-10,CUST1257,Brenda Velazquez,west,Cycling Helmet,Sports & Outdoors,116.85,3.0,0.0,Credit Card,Mobile App
ORD101239,05/12/2024,CUST1568,Tara Gamble,east,Cotton T-Shirt,Apparel,81.56,4.0,0.0,Debit Card,In-Store
ORD101667,06/11/2024,CUST1370,Heather Page,east,Noise Cancelling Headphones,Electronics,420.19,1.0,0.0,PayPal,In-Store
ORD101084,2025-09-25,CUST1193,Rachel Holland,central,Running Shoes,Apparel,55.25,2.0,5.0,Cash on Delivery,Mobile App
ORD104045,05-13-2024,CUST1502,Alicia Norris,SOUTH,Webcam HD,Electronics,88.06,3.0,0.0,PayPal,In-Store
ORD102744,08-06-2024,CUST1247,Kayla Rodriguez,west,Wireless Mouse,Electronics,80.81,1.0,0.0,Debit Card,Mobile App
ORD102918,2024-12-27,CUST1420,Megan Green,SOUTH,Desk Lamp,Office Supplies,96.99,1.0,15.0,Credit Card,Mobile App
ORD105057,01-22-2024,CUST1856,Susan Cox,Central,Portable SSD 1TB,Electronics,294.02,1.0,10.0,Debit Card,Online
ORD103280,2025-03-01,CUST1181,Brian Smith, North,USB-C Hub,Electronics,64.04,1.0,20.0,Debit Card,Mobile App
ORD102745,2024-12-26,CUST1305,Tammy Boone,west,Wool Sweater,Apparel,22.08,1.0,0.0,Credit Card,Online
ORD101967,2025/04/30,CUST1850,Joseph Mendoza,NORTH,Air Fryer,Home & Kitchen,84.07,1.0,10.0,Debit Card,In-Store
ORD101063,20/12/2024,CUST1476,Anthony Nash,East,Noise Cancelling Headphones,Electronics,101.3,1.0,10.0,Credit Card,Mobile App
ORD100642,2025-02-12,CUST1182,Anita Richard, North,Ergonomic Chair,Office Supplies,196.03,2.0,0.0,Debit Card,Online
ORD104124,12-14-2025,CUST1020,David Bradley,NORTH,Ergonomic Chair,Office Supplies,302.24,1.0,0.0,PayPal,Online
ORD104660,2024-11-11,CUST1782,Christopher Taylor,South,USB-C Hub,Electronics,218.62,4.0,10.0,Debit Card,Online
ORD100454,2024-09-21,CUST1208,Raven Taylor,south,Coffee Maker,Home & Kitchen,81.02,1.0,0.0,Cash on Delivery,Mobile App
ORD104583,2024-12-14,CUST1223,Samantha Gardner,West,Dumbbell Set,Sports & Outdoors,92.49,1.0,10.0,PayPal,Mobile App
ORD103736,08-29-2024,CUST1218,Chad Baldwin,central,Yoga Mat,Sports & Outdoors,65.25,1.0,0.0,UPI,Mobile App
ORD100437,2025-12-26,CUST1841,Erika Garcia,SOUTH,Coffee Maker,Home & Kitchen,113.61,2.0,0.0,Cash on Delivery,In-Store
ORD105523,2024-01-29,CUST1460,Lisa Martinez,West,Camping Tent,Sports & Outdoors,84.22,1.0,0.0,UPI,Online
ORD103300,20/03/2025,CUST1349,Brett Walker,north,Webcam HD,Electronics,372.36,1.0,20.0,Debit Card,Mobile App
ORD105278,12-29-2024,CUST1005,Monica Herrera,west,Coffee Maker,Home & Kitchen,187.16,3.0,10.0,Debit Card,Mobile App
ORD102995,2025-02-26,CUST1492,Mike Maxwell, South ,Denim Jacket,Apparel,45.86,2.0,0.0,Credit Card,In-Store
ORD101049,2025-01-07,CUST1501,Martin Wise,East,Camping Tent,Sports & Outdoors,294.03,1.0,0.0,Cash on Delivery,In-Store
ORD103664,2025/02/18,CUST1182,Anita Richard,North,Running Shoes,Apparel,26.22,1.0,15.0,PayPal,Mobile App
ORD103336,01-08-2025,CUST1112,Robert Costa,SOUTH,Noise Cancelling Headphones,Electronics,246.45,2.0,5.0,UPI,Online
ORD103927,2024-12-24,CUST1436,Anthony Guzman,West,Smartwatch,Electronics,433.4,1.0,10.0,Debit Card,In-Store
ORD101536,2025/03/26,CUST1621,Travis Vega,West,Smartwatch,Electronics,27.32,1.0,0.0,UPI,In-Store
ORD103955,09-27-2024,CUST1694,George Alvarez,North,Coffee Maker,Home & Kitchen,100.92,4.0,10.0,Cash on Delivery,Mobile App
ORD100309,2025-11-29,CUST1885,Justin Ford,South,Standing Desk,Office Supplies,240.42,1.0,10.0,Debit Card,Mobile App
ORD103687,2024-02-23,CUST1755,Paula Gentry,central,Webcam HD,Electronics,392.24,1.0,5.0,UPI,Online
ORD101460,2024-02-24,CUST1282,Melissa Brown,west,Noise Cancelling Headphones,Electronics,149.96,1.0,0.0,Debit Card,Mobile App
ORD100581,2024-06-15,CUST1421,Krista Davis,SOUTH,Blender,Home & Kitchen,22.58,2.0,0.0,Debit Card,Mobile App
ORD102030,2025-04-26,CUST1005,Monica Herrera,South,Smartwatch,Electronics,201.79,1.0,5.0,Credit Card,Mobile App
ORD105298,2024-04-10,CUST1507,Daniel Fitzpatrick MD,north,Standing Desk,Office Supplies,151.26,3.0,0.0,Debit Card,Online
ORD101249,2025-12-31,CUST1535,Denise Stuart,North,Standing Desk,Office Supplies,178.87,4.0,0.0,PayPal,In-Store
ORD100811,22/01/2025,CUST1673,Brent Hopkins,north,Wool Sweater,Apparel,65.07,1.0,0.0,PayPal,Online
ORD105853,2024-08-27,CUST1143,Terry Coffey, North,Power Bank,Electronics,433.8,3.0,10.0,Cash on Delivery,Online
ORD100556,2025-09-25,CUST1392,Ryan Fisher,Central,Cycling Helmet,Sports & Outdoors,284.25,2.0,0.0,PayPal,Online
ORD103896,2024-07-08,CUST1015,Tricia Valencia,central,Noise Cancelling Headphones,Electronics,86.92,2.0,0.0,PayPal,Mobile App
ORD100707,2024/09/01,CUST1253,Chloe Tran, South ,Air Fryer,Home & Kitchen,138.51,2.0,0.0,Credit Card,In-Store
ORD104480,2024-07-02,CUST1856,Susan Cox,East ,Yoga Mat,Sports & Outdoors,54.19,3.0,10.0,Debit Card,In-Store
ORD103716,2025-11-27,CUST1114,Brandon King,CENTRAL,Mechanical Keyboard,Electronics,203.53,1.0,0.0,PayPal,Online
ORD101448,15/07/2024,CUST1768,Jenna Lyons, South ,USB-C Hub,Electronics,350.76,3.0,,,Mobile App
ORD100902,2025/12/09,CUST1141,Richard Johnson, North,Standing Desk,Office Supplies,304.74,1.0,0.0,PayPal,In-Store
ORD100352,2024-09-14,CUST1565,Andrew Armstrong,central,Wool Sweater,Apparel,55.69,5.0,0.0,UPI,Online
ORD104992,2024-12-08,CUST1851,Melissa Russell,East,Yoga Pants,Apparel,19.87,1.0,10.0,PayPal,Mobile App
ORD104748,2024-07-09,CUST1490,Steve Mason,west,Rice Cooker,Home & Kitchen,142.24,1.0,5.0,Cash on Delivery,In-Store
ORD100555,2025-12-02,CUST1813,Michelle Garcia, West,Noise Cancelling Headphones,Electronics,344.98,2.0,0.0,PayPal,Mobile App
ORD104456,2024-09-20,CUST1692,Karl Murphy,SOUTH,Standing Desk,Office Supplies,299.63,3.0,0.0,Credit Card,In-Store
ORD103928,2024-04-05,CUST1208,Raven Taylor, North,Vacuum Cleaner,Home & Kitchen,47.05,1.0,0.0,Cash on Delivery,Online
ORD100513,06/07/2025,CUST1079,Mrs. Marie Harrington DDS, West,Yoga Mat,Sports & Outdoors,82.63,2.0,5.0,PayPal,Mobile App
ORD102898,2024-09-05,CUST1295,Kimberly Patel,north,Yoga Pants,Apparel,43.58,4.0,5.0,Credit Card,Online
ORD105933,2025-06-08,CUST1080,Cynthia Wells,CENTRAL,Running Shoes,Apparel,26.56,4.0,10.0,Debit Card,In-Store
ORD103475,2025-06-06,CUST1040,Sherry Wood,SOUTH,USB-C Hub,Electronics,79.19,2.0,10.0,Credit Card,Online
ORD105092,2024-04-06,CUST1609,Linda Bautista,CENTRAL,Electric Kettle,Home & Kitchen,71.91,2.0,0.0,PayPal,In-Store
ORD100888,2024/04/11,CUST1718,Phillip Salazar,east,Vacuum Cleaner,Home & Kitchen,189.02,2.0,5.0,Credit Card,Online
ORD105406,19/08/2024,CUST1302,Megan Floyd,East ,Yoga Pants,Apparel,71.24,1.0,10.0,Credit Card,Mobile App
ORD101382,02/03/2024,CUST1062,Frances Cardenas,East,Vacuum Cleaner,Home & Kitchen,107.49,1.0,,Cash on Delivery,In-Store
ORD105503,2024-07-05,CUST1315,Kelly Combs,east,Cotton T-Shirt,Apparel,20.69,1.0,20.0,PayPal,In-Store
ORD100233,2024-07-09,CUST1588,Karen Mendoza,south,Bluetooth Speaker,Electronics,319.71,2.0,0.0,Cash on Delivery,Mobile App
ORD100715,09/12/2024,CUST1872,Theresa Reilly,east,Rice Cooker,Home & Kitchen,158.96,5.0,5.0,UPI,In-Store
ORD102018,01-05-2024,CUST1412,Valerie Thomas,north,Electric Kettle,Home & Kitchen,215.21,2.0,0.0,PayPal,In-Store
ORD105421,2024-03-25,CUST1138,Melissa Garner, North,Wool Sweater,Apparel,82.9,1.0,5.0,Credit Card,Online
ORD103638,2025/01/01,CUST1481,Brian Brown, South ,Yoga Mat,Sports & Outdoors,143.06,1.0,5.0,UPI,In-Store
ORD102668,2025-09-02,CUST1891,Mark Jones,CENTRAL,Notebook Pack,Office Supplies,178.96,1.0,5.0,Credit Card,Online
ORD105396,2025-02-25,CUST1172,Kylie Morales,Central,Electric Kettle,Home & Kitchen,52.62,4.0,0.0,UPI,In-Store
ORD104453,09-01-2024,CUST1531,Leah Barton, North,Smartwatch,Electronics,423.75,1.0,0.0,Credit Card,Mobile App
ORD102254,2025-10-16,CUST1201,Cynthia Wallace,South,Electric Kettle,Home & Kitchen,115.46,1.0,,UPI,Mobile App
ORD102547,27/09/2025,CUST1512,Anna Briggs,west,Noise Cancelling Headphones,Electronics,231.31,1.0,10.0,Credit Card,Online
ORD102244,08/04/2025,CUST1137,Ian Phillips, West,Running Shoes,Apparel,63.19,1.0,0.0,Debit Card,Online
ORD100788,2024-11-12,CUST1035,Kim Brown, West,Vacuum Cleaner,Home & Kitchen,49.17,2.0,5.0,Credit Card,In-Store
ORD102491,2024/03/05,CUST1452,Kenneth Larsen,west,Electric Kettle,Home & Kitchen,82.73,2.0,10.0,PayPal,Mobile App
ORD101188,2024-02-19,CUST1656,Diane Martinez,East,Water Bottle,Sports & Outdoors,268.92,2.0,,Credit Card,In-Store
ORD100053,2025-01-12,CUST1716,Ryan Thomas,central,USB-C Hub,Electronics,226.26,1.0,0.0,Cash on Delivery,Mobile App
ORD100739,2024-05-26,CUST1206,Stacey Arias,west,Cotton T-Shirt,Apparel,76.69,2.0,,UPI,Mobile App
ORD104508,2024-04-03,CUST1040,Sherry Wood, South ,Air Fryer,Home & Kitchen,97.52,3.0,0.0,Debit Card,Online
ORD101482,2025-12-03,CUST1351,Todd Thomas,south,Power Bank,Electronics,98.04,4.0,0.0,Debit Card,Mobile App
ORD101650,2024-03-20,CUST1362,Melissa Brewer, North,Denim Jacket,Apparel,98.72,4.0,0.0,UPI,Online
ORD101528,2025/07/31,CUST1415,Samuel Howe, North,Cotton T-Shirt,Apparel,18.4,1.0,20.0,UPI,In-Store
ORD102876,17/03/2024,CUST1212,Jose Allen,Central,Coffee Maker,Home & Kitchen,140.03,1.0,10.0,PayPal,Mobile App
ORD101103,2024-07-21,CUST1452,Kenneth Larsen,North,Yoga Mat,Sports & Outdoors,103.83,2.0,0.0,Cash on Delivery,Online
ORD105226,2025-03-26,CUST1779,Lisa Dixon,East ,Air Fryer,Home & Kitchen,44.48,3.0,0.0,PayPal,Online
ORD100291,2025-10-31,CUST1031,Tammy Allison,CENTRAL,Yoga Mat,Sports & Outdoors,109.33,5.0,0.0,UPI,Online
ORD100240,2025/06/10,CUST1296,Shaun Cannon,central,Vacuum Cleaner,Home & Kitchen,139.37,1.0,5.0,Credit Card,Online
ORD100125,2024-12-08,CUST1808,Cathy Rodriguez,West,Vacuum Cleaner,Home & Kitchen,97.48,3.0,5.0,Credit Card,Mobile App
ORD100572,10/03/2025,CUST1825,Charles Valdez,East,Portable SSD 1TB,Electronics,340.15,1.0,10.0,UPI,Online
ORD102434,2025/03/05,CUST1822,Kathryn Hanna,CENTRAL,Air Fryer,Home & Kitchen,103.4,2.0,0.0,UPI,Mobile App
ORD103256,2024-06-16,CUST1671,Patty Allen,north,Notebook Pack,Office Supplies,73.55,1.0,15.0,Credit Card,Online
ORD103439,2025/05/05,CUST1880,Jill Riddle,SOUTH,Wool Sweater,Apparel,63.18,1.0,0.0,Debit Card,Mobile App
ORD102598,18/06/2025,CUST1199,Kimberly Rodgers, West,Dumbbell Set,Sports & Outdoors,229.32,1.0,0.0,UPI,Online
ORD103045,2025-08-14,CUST1260,Paula Lane,NORTH,Air Fryer,Home & Kitchen,188.47,2.0,0.0,UPI,In-Store
ORD104181,2024-11-29,CUST1662,Kelly King,North,Bluetooth Speaker,Electronics,286.94,1.0,15.0,PayPal,Mobile App
ORD105880,2025/01/21,CUST1167,Kristina Santiago,West,Webcam HD,Electronics,141.44,4.0,15.0,PayPal,Online
ORD103168,2025-06-29,CUST1855,Rebecca French,CENTRAL,Dumbbell Set,Sports & Outdoors,174.33,2.0,15.0,PayPal,Mobile App
ORD105349,2024-10-07,CUST1515,Meghan White,north,Dumbbell Set,Sports & Outdoors,59.34,1.0,0.0,Debit Card,Mobile App
ORD100733,11/03/2025,CUST1347,Robin Wheeler,west,Water Bottle,Sports & Outdoors,283.69,1.0,0.0,UPI,Mobile App
ORD102871,2024-02-01,CUST1108,Tammy Gonzales,West,Bluetooth Speaker,Electronics,358.8,1.0,20.0,PayPal,In-Store
ORD100264,2025-04-20,CUST1757,Briana Wiggins,east,Portable SSD 1TB,Electronics,28.39,1.0,5.0,UPI,Online
ORD100713,2024-12-17,CUST1480,Jorge Bates,West,Non-stick Pan Set,Home & Kitchen,82.24,4.0,0.0,Credit Card,Mobile App
ORD103218,14/12/2025,CUST1613,Krista Barber,central,Coffee Maker,Home & Kitchen,157.73,1.0,0.0,PayPal,In-Store
ORD101277,06/12/2025,CUST1788,Ashley Olson, West,Wireless Mouse,Electronics,133.71,1.0,0.0,PayPal,Mobile App
ORD103171,2024/09/21,CUST1534,Lisa Morris, West,Running Shoes,Apparel,60.27,1.0,20.0,UPI,Mobile App
ORD104210,22/04/2025,CUST1706,James Bray,West,Noise Cancelling Headphones,Electronics,329.95,1.0,0.0,UPI,Online
ORD104361,2024-03-28,CUST1696,Christina Gilbert,Central,Wool Sweater,Apparel,56.49,1.0,0.0,Debit Card,Mobile App
ORD104189,17/10/2025,CUST1784,Katelyn Kim,North,Notebook Pack,Office Supplies,196.56,4.0,0.0,UPI,Online
ORD101350,09/02/2024,CUST1738,Thomas Williams,Central,USB-C Hub,Electronics,127.01,2.0,0.0,PayPal,Mobile App
ORD105207,28/01/2025,CUST1497,James Chapman,NORTH,Denim Jacket,Apparel,96.24,1.0,10.0,Debit Card,Mobile App
ORD102243,2024-05-20,CUST1474,Madison Martinez,East ,Running Shoes,Apparel,45.12,1.0,15.0,Cash on Delivery,In-Store
ORD100370,17/05/2024,CUST1283,Stephanie Padilla,west,Bluetooth Speaker,Electronics,129.62,1.0,10.0,PayPal,In-Store
ORD103520,2024-04-02,CUST1155,Robin Hall,west,Toaster,Home & Kitchen,140.85,1.0,10.0,Debit Card,In-Store
ORD101253,2025-08-26,CUST1069,Jeremiah Reeves, West,Vacuum Cleaner,Home & Kitchen,118.45,2.0,0.0,Debit Card,Mobile App
ORD102420,11-02-2024,CUST1171,Christopher Park, South ,Camping Tent,Sports & Outdoors,170.91,3.0,0.0,Debit Card,Online
ORD105652,25/10/2025,CUST1838,Dominique Hamilton,west,Denim Jacket,Apparel,116.4,1.0,10.0,Cash on Delivery,In-Store
ORD102802,2024-09-21,CUST1388,Bryce Blair,west,Ergonomic Chair,Office Supplies,276.12,1.0,20.0,UPI,Mobile App
ORD101194,2025-05-15,CUST1118,Anna Gay,North,Wool Sweater,Apparel,28.53,2.0,0.0,Cash on Delivery,In-Store
ORD102345,2024-04-19,CUST1598,Jessica Mays,Central,Whiteboard,Office Supplies,180.16,3.0,0.0,UPI,In-Store
ORD101660,13/05/2024,CUST1224,Mitchell Jackson,West,27in Monitor,Electronics,440.94,1.0,15.0,UPI,In-Store
ORD101274,2025-10-15,CUST1845,Greg Tanner,west,Coffee Maker,Home & Kitchen,158.99,1.0,0.0,Debit Card,Online
ORD104742,09-02-2025,CUST1216,Ashley Perkins, West,Denim Jacket,Apparel,101.51,2.0,10.0,PayPal,In-Store
ORD103770,2024/12/01,CUST1638,Dustin Welch,North,Wireless Mouse,Electronics,161.27,2.0,0.0,PayPal,In-Store
ORD100836,2024-05-12,CUST1613,Krista Barber,West,Noise Cancelling Headphones,Electronics,247.6,5.0,0.0,Cash on Delivery,Online
ORD105380,2024-10-31,CUST1048,Stacey Russell,SOUTH,Toaster,Home & Kitchen,53.85,2.0,0.0,Debit Card,In-Store
ORD104886,2024-12-17,CUST1680,Megan Park, West,Denim Jacket,Apparel,18.01,3.0,0.0,Debit Card,Online
ORD100064,2025-05-05,CUST1587,Jack Love,North,USB-C Hub,Electronics,296.09,3.0,0.0,Debit Card,Online
ORD104377,2025-04-25,CUST1851,Melissa Russell, West,27in Monitor,Electronics,217.39,1.0,0.0,UPI,Mobile App
ORD103676,2025-08-27,CUST1106,Dennis Moody,East,Power Bank,Electronics,360.23,1.0,20.0,Debit Card,Online
ORD102131,2025-10-04,CUST1665,Mr. George Booker DDS, South ,Mechanical Keyboard,Electronics,171.79,2.0,0.0,Cash on Delivery,Online
ORD102286,05/08/2024,CUST1357,Rebecca Herrera,Central,Camping Tent,Sports & Outdoors,33.21,3.0,5.0,Debit Card,Online
ORD101842,25/12/2025,CUST1067,Jessica Meadows, South ,Notebook Pack,Office Supplies,163.07,1.0,0.0,Cash on Delivery,Mobile App
ORD105582,2024-11-11,CUST1710,Lori Johns,CENTRAL,27in Monitor,Electronics,295.8,3.0,0.0,UPI,Online
ORD100376,04-10-2025,CUST1397,Brandon Hamilton,east,Bluetooth Speaker,Electronics,124.46,2.0,0.0,Credit Card,Mobile App
ORD103596,2024-01-07,CUST1887,Donald Gamble,West,Cotton T-Shirt,Apparel,112.62,4.0,0.0,Cash on Delivery,Mobile App
ORD102790,09-08-2024,CUST1406,Michael Williams,central,Bluetooth Speaker,Electronics,277.37,1.0,5.0,Debit Card,Online
ORD103522,23/11/2024,CUST1388,Bryce Blair,East ,Blender,Home & Kitchen,196.72,1.0,0.0,UPI,Mobile App
ORD102362,2024-09-04,CUST1431,William Moreno,Central,USB-C Hub,Electronics,73.84,1.0,15.0,Cash on Delivery,Mobile App
ORD102163,18/08/2025,CUST1224,Mitchell Jackson,east,Wool Sweater,Apparel,58.73,1.0,0.0,Debit Card,In-Store
ORD103027,2025-10-24,CUST1459,James Nash,SOUTH,Notebook Pack,Office Supplies,50.64,3.0,0.0,UPI,Online
ORD101286,2025-11-11,CUST1088,Samuel Rivas,north,Electric Kettle,Home & Kitchen,201.32,4.0,5.0,Cash on Delivery,In-Store
ORD103180,2025/05/14,CUST1747,Elizabeth Hunter,South,Portable SSD 1TB,Electronics,38.34,1.0,15.0,PayPal,Online
ORD105484,2024-04-01,CUST1770,Bethany Garcia,East,Cycling Helmet,Sports & Outdoors,244.55,3.0,0.0,PayPal,Online
ORD103655,2024-04-30,CUST1153,Samantha Davis,North,Air Fryer,Home & Kitchen,98.75,3.0,20.0,Cash on Delivery,In-Store
ORD101180,2024-06-25,CUST1879,Dustin Bell,east,Noise Cancelling Headphones,Electronics,155.16,3.0,0.0,Cash on Delivery,In-Store
ORD104802,2024-03-09,CUST1687,Kevin Hall,SOUTH,Wool Sweater,Apparel,23.35,2.0,20.0,UPI,In-Store
ORD103743,02-14-2025,CUST1173,Cindy Barnes, South ,Notebook Pack,Office Supplies,137.85,1.0,0.0,Credit Card,In-Store
ORD104818,05/02/2025,CUST1657,Johnny Peterson,north,Running Shoes,Apparel,48.64,1.0,0.0,Credit Card,Mobile App
ORD105982,2024/02/10,CUST1645,Mark Anderson,Central,Portable SSD 1TB,Electronics,122.12,3.0,0.0,UPI,Mobile App
ORD102495,2025-11-04,CUST1077,David Murphy,West,USB-C Hub,Electronics,310.69,5.0,0.0,Debit Card,In-Store
ORD101753,2025-02-10,CUST1718,Phillip Salazar,East ,Notebook Pack,Office Supplies,74.42,2.0,15.0,Debit Card,Online
ORD105016,28/06/2025,CUST1637,Richard Kelly,north,Electric Kettle,Home & Kitchen,196.67,2.0,0.0,PayPal,In-Store
ORD104111,2025/03/19,CUST1255,Gina Mcmillan,central,Bluetooth Speaker,Electronics,356.92,2.0,0.0,Debit Card,Mobile App
ORD100386,24/12/2024,CUST1808,Cathy Rodriguez,central,Air Fryer,Home & Kitchen,159.53,1.0,10.0,Cash on Delivery,Online
ORD104415,06/11/2024,CUST1372,Kenneth Farley,CENTRAL,Mechanical Keyboard,Electronics,442.35,2.0,5.0,Cash on Delivery,In-Store
ORD104947,2025-06-22,CUST1848,Danielle Murphy,East ,Blender,Home & Kitchen,188.79,3.0,0.0,Cash on Delivery,Mobile App
ORD100637,2024-10-17,CUST1357,Rebecca Herrera,Central,Wool Sweater,Apparel,66.76,3.0,0.0,Debit Card,Mobile App
ORD100735,02/12/2024,CUST1192,Helen Hardin,SOUTH,Wool Sweater,Apparel,117.92,1.0,0.0,UPI,Mobile App
ORD101646,06/01/2024,CUST1047,Rebecca Valencia,CENTRAL,Ergonomic Chair,Office Supplies,204.25,2.0,0.0,Cash on Delivery,Mobile App
ORD100536,2024/02/21,CUST1014,Rebecca Henderson,south,Wool Sweater,Apparel,110.25,2.0,0.0,Credit Card,In-Store
ORD104357,2024-05-31,CUST1183,Eric Morgan,west,Electric Kettle,Home & Kitchen,179.45,2.0,0.0,PayPal,In-Store
ORD103816,2024-09-26,CUST1502,Alicia Norris,NORTH,Cotton T-Shirt,Apparel,21.39,1.0,5.0,UPI,Online
ORD100451,2024-07-14,CUST1433,Rebecca Kelly,NORTH,Notebook Pack,Office Supplies,242.81,2.0,0.0,Cash on Delivery,Mobile App
ORD100996,2024/12/29,CUST1075,Rebecca Ramsey,Central,Non-stick Pan Set,Home & Kitchen,138.3,2.0,10.0,UPI,Mobile App
ORD103781,25/01/2025,CUST1111,Pamela Thompson, North,Toaster,Home & Kitchen,130.38,1.0,15.0,Credit Card,Mobile App
ORD104994,04-29-2025,CUST1644,Luke Miller, South ,Power Bank,Electronics,328.17,2.0,0.0,UPI,Mobile App
ORD101125,2024-03-11,CUST1553,Robert Wilson,Central,Mechanical Keyboard,Electronics,36.15,2.0,0.0,PayPal,Online
ORD102605,2025-11-26,CUST1712,Lori Perez,Central,Mechanical Keyboard,Electronics,380.98,4.0,0.0,Cash on Delivery,Online
ORD104957,2024-07-12,CUST1048,Stacey Russell, West,Mechanical Keyboard,Electronics,280.08,1.0,0.0,Debit Card,In-Store
ORD100485,2024/12/12,CUST1198,Ralph Lee,Central,Cotton T-Shirt,Apparel,56.59,2.0,0.0,UPI,In-Store
ORD103260,2024-01-24,CUST1213,Jason Beck,west,Power Bank,Electronics,268.68,1.0,5.0,Credit Card,In-Store
ORD104168,21/02/2025,CUST1230,Allison Lopez,CENTRAL,Camping Tent,Sports & Outdoors,18.76,1.0,0.0,PayPal,Online
ORD101394,13/03/2025,CUST1589,Andrew Berry,north,Standing Desk,Office Supplies,280.55,4.0,0.0,PayPal,In-Store
ORD104810,07/11/2025,CUST1238,Michael Cooper,East,Standing Desk,Office Supplies,83.33,2.0,0.0,Debit Card,In-Store
ORD104332,2024/02/16,CUST1080,Cynthia Wells,Central,Camping Tent,Sports & Outdoors,21.45,3.0,10.0,UPI,Online
ORD102848,2024-01-12,CUST1030,Angela Morton, West,Non-stick Pan Set,Home & Kitchen,179.57,3.0,0.0,UPI,Mobile App
ORD104692,2025-01-13,CUST1787,Dr. Michael Adams DVM,East,Bluetooth Speaker,Electronics,391.02,5.0,0.0,PayPal,Mobile App
ORD104656,02-26-2024,CUST1880,Jill Riddle, South ,Standing Desk,Office Supplies,321.77,1.0,0.0,PayPal,Online
ORD105040,2024-08-29,CUST1867,Dwayne Bruce,SOUTH,Smartwatch,Electronics,247.49,2.0,0.0,Cash on Delivery,Mobile App
ORD105049,2025-05-25,CUST1521,Erica Rivera,East,Smartwatch,Electronics,90.5,3.0,20.0,Debit Card,In-Store
ORD103476,22/07/2025,CUST1044,Sandra Williams, North,Mechanical Keyboard,Electronics,96.33,2.0,10.0,PayPal,Online
ORD103375,2024-08-12,CUST1509,David Hall,central,27in Monitor,Electronics,70.61,2.0,0.0,Debit Card,Online
ORD103459,2025-02-20,CUST1498,Joseph Warren,North,Yoga Pants,Apparel,111.26,2.0,15.0,Debit Card,Online
ORD102551,2025-03-30,CUST1821,Nathan Watkins,north,Water Bottle,Sports & Outdoors,275.37,3.0,5.0,Cash on Delivery,Online
ORD104969,2024-04-17,CUST1112,Robert Costa,NORTH,Wool Sweater,Apparel,44.2,2.0,0.0,UPI,In-Store
ORD104477,2025-10-22,CUST1886,Sandra Kennedy,North,Camping Tent,Sports & Outdoors,95.82,1.0,0.0,UPI,Online
ORD103320,08-28-2024,CUST1322,Shannon Malone, West,Ergonomic Chair,Office Supplies,316.59,1.0,0.0,Cash on Delivery,Mobile App
ORD101275,2024-05-01,CUST1068,Paul Larsen,West,Webcam HD,Electronics,76.46,1.0,0.0,PayPal,Mobile App
ORD102962,2024-03-25,CUST1251,Amber Campbell, South ,Yoga Pants,Apparel,40.71,2.0,10.0,Cash on Delivery,In-Store
ORD102281,2024-02-29,CUST1831,Kevin Anderson,south,Toaster,Home & Kitchen,189.0,4.0,0.0,Credit Card,Mobile App
ORD104796,2025-01-17,CUST1861,Judith Miller,East ,Standing Desk,Office Supplies,105.29,1.0,0.0,Credit Card,Mobile App
ORD101228,19/12/2024,CUST1436,Anthony Guzman,West,Power Bank,Electronics,151.11,1.0,0.0,Cash on Delivery,Online
ORD102071,2024-06-07,CUST1251,Amber Campbell,central,Denim Jacket,Apparel,28.05,1.0,0.0,UPI,Mobile App
ORD105994,26/07/2025,CUST1764,Michael Vance,Central,Coffee Maker,Home & Kitchen,24.17,5.0,20.0,Debit Card,Mobile App
ORD101206,2025-02-01,CUST1751,Kristen Smith,central,Notebook Pack,Office Supplies,80.75,1.0,0.0,PayPal,In-Store
ORD104085,2024-10-04,CUST1697,Thomas Davis,North,Cotton T-Shirt,Apparel,35.44,3.0,0.0,PayPal,Online
ORD105420,2025/01/29,CUST1053,Meghan Anthony,CENTRAL,Water Bottle,Sports & Outdoors,190.15,1.0,0.0,PayPal,Mobile App
ORD101416,25/09/2025,CUST1144,Brenda Levy,South,Whiteboard,Office Supplies,230.23,1.0,5.0,Debit Card,Mobile App
ORD102251,2024-12-05,CUST1079,Mrs. Marie Harrington DDS,Central,Camping Tent,Sports & Outdoors,119.77,3.0,0.0,Credit Card,In-Store
ORD104079,2025-05-22,CUST1467,Amanda Preston,south,Vacuum Cleaner,Home & Kitchen,43.01,2.0,0.0,Debit Card,Online
ORD100820,2024-07-09,CUST1358,Katherine Church,South,Wireless Mouse,Electronics,286.6,1.0,15.0,Credit Card,Online
ORD105879,08-12-2025,CUST1869,Rebecca Martin,NORTH,Non-stick Pan Set,Home & Kitchen,66.05,1.0,15.0,Debit Card,In-Store
ORD103249,2024-09-07,CUST1618,Austin Schultz, North,Wool Sweater,Apparel,65.81,1.0,0.0,UPI,In-Store
ORD102525,11/01/2024,CUST1776,Daniel Taylor,South,Power Bank,Electronics,114.29,2.0,0.0,PayPal,Mobile App
ORD105192,2024-08-23,CUST1593,Kayla Jackson, West,USB-C Hub,Electronics,215.09,1.0,0.0,UPI,Online
ORD105551,2024/10/21,CUST1800,Joseph Graham,North,Noise Cancelling Headphones,Electronics,267.82,1.0,20.0,UPI,Mobile App
ORD102017,09-14-2024,CUST1050,Sharon Cochran,south,Toaster,Home & Kitchen,22.47,1.0,0.0,Debit Card,Online
ORD100298,2024-05-09,CUST1216,Ashley Perkins,East,Yoga Pants,Apparel,30.48,4.0,10.0,Credit Card,Mobile App
ORD104600,2025/10/13,CUST1155,Robin Hall,SOUTH,Blender,Home & Kitchen,158.95,2.0,0.0,Debit Card,In-Store
ORD102573,10-25-2025,CUST1279,Margaret Sullivan,South,Ergonomic Chair,Office Supplies,283.35,5.0,0.0,PayPal,In-Store
ORD100188,2025-07-06,CUST1699,Jessica Glass,South,Dumbbell Set,Sports & Outdoors,141.18,4.0,20.0,PayPal,Online
ORD100194,2025-04-29,CUST1188,Jesse Brown,NORTH,Yoga Pants,Apparel,48.47,1.0,10.0,Debit Card,In-Store
ORD103866,2024-08-29,CUST1583,Michael Boyd,west,Denim Jacket,Apparel,84.71,3.0,0.0,Cash on Delivery,Online
ORD104601,2024/07/21,CUST1871,Joshua Martin,south,Bluetooth Speaker,Electronics,196.71,1.0,0.0,Cash on Delivery,Mobile App
ORD105423,17/11/2025,CUST1677,Rebecca Brown,West,Noise Cancelling Headphones,Electronics,202.55,5.0,10.0,UPI,Mobile App
ORD100160,2024/10/24,CUST1144,Brenda Levy,south,Coffee Maker,Home & Kitchen,83.82,1.0,0.0,Cash on Delivery,In-Store
ORD103941,17/03/2025,CUST1019,Linda Burns,central,Denim Jacket,Apparel,100.24,1.0,0.0,UPI,In-Store
ORD102324,2025-11-04,CUST1870,Jacob Harris, North,Whiteboard,Office Supplies,322.72,2.0,15.0,Debit Card,Online
ORD100933,2025/04/05,CUST1557,Ronald Johns,CENTRAL,Dumbbell Set,Sports & Outdoors,195.96,5.0,15.0,Cash on Delivery,Online
ORD102718,2025/03/10,CUST1291,Kimberly Brown,Central,Coffee Maker,Home & Kitchen,164.91,1.0,0.0,Cash on Delivery,In-Store
ORD105051,13/09/2025,CUST1408,Eddie Mueller, South ,Dumbbell Set,Sports & Outdoors,191.86,1.0,0.0,Credit Card,In-Store
ORD103259,2025-03-29,CUST1772,Daniel Benson, South ,Bluetooth Speaker,Electronics,65.74,1.0,0.0,Credit Card,Online
ORD105517,04-22-2025,CUST1845,Greg Tanner,West,Cotton T-Shirt,Apparel,52.16,1.0,10.0,UPI,Online
ORD101708,2025/09/08,CUST1236,Stephen Jones,east,Yoga Pants,Apparel,64.83,1.0,0.0,Debit Card,Online
ORD102320,2025-06-22,CUST1029,Connor West,NORTH,Denim Jacket,Apparel,94.91,1.0,0.0,UPI,In-Store
ORD100777,17/12/2025,CUST1889,Laura Bruce,North,Noise Cancelling Headphones,Electronics,333.22,4.0,0.0,Debit Card,In-Store
ORD103460,25/08/2024,CUST1405,Courtney Wright,South,Desk Lamp,Office Supplies,21.78,2.0,5.0,PayPal,Mobile App
ORD102080,2024-04-13,CUST1263,Tami Salas, West,Desk Lamp,Office Supplies,110.84,1.0,15.0,Debit Card,Mobile App
ORD105753,2025-01-16,CUST1762,Tony Brock,West,USB-C Hub,Electronics,147.18,1.0,10.0,Credit Card,Online
ORD101407,07/10/2025,CUST1663,Jeffrey Smith,East ,27in Monitor,Electronics,229.33,3.0,0.0,Cash on Delivery,Online
ORD100477,2025-09-09,CUST1683,Joshua Brooks,North,USB-C Hub,Electronics,48.4,1.0,5.0,Credit Card,Online
ORD100102,04/04/2025,CUST1763,Amber Johnson,East,Blender,Home & Kitchen,73.07,1.0,0.0,Cash on Delivery,Mobile App
ORD101008,04/03/2025,CUST1727,Louis Brown,East,Standing Desk,Office Supplies,11.09,1.0,0.0,Cash on Delivery,In-Store
ORD101593,2024-11-18,CUST1613,Krista Barber, West,Wool Sweater,Apparel,118.76,2.0,0.0,Debit Card,In-Store
ORD104684,2024-04-14,CUST1306,Michael Morrison, West,Wool Sweater,Apparel,26.68,1.0,15.0,PayPal,Online
ORD105885,2025-12-06,CUST1026,Timothy Duncan,east,Running Shoes,Apparel,45.93,1.0,0.0,Credit Card,In-Store
ORD101601,2024-01-04,CUST1809,Tammy Hill,East ,Bluetooth Speaker,Electronics,156.47,3.0,0.0,Credit Card,In-Store
ORD105285,2024/05/26,CUST1231,Michele Lewis,west,Bluetooth Speaker,Electronics,315.76,2.0,10.0,Credit Card,In-Store
ORD105025,2025-09-04,CUST1189,Julie Spencer,east,Electric Kettle,Home & Kitchen,85.55,3.0,0.0,Credit Card,Mobile App
ORD103166,29/10/2024,CUST1267,Justin Michael,east,Water Bottle,Sports & Outdoors,273.12,1.0,5.0,Debit Card,Mobile App
ORD101088,2024-06-12,CUST1893,Heidi Ferguson,east,Desk Lamp,Office Supplies,180.07,1.0,15.0,Credit Card,Online
ORD105537,25/08/2024,CUST1452,Kenneth Larsen,Central,Cotton T-Shirt,Apparel,119.13,3.0,10.0,Debit Card,Online
ORD103588,2025-05-22,CUST1776,Daniel Taylor,West,Rice Cooker,Home & Kitchen,43.95,4.0,0.0,UPI,Online
ORD102753,2024-06-02,CUST1029,Connor West,east,Cotton T-Shirt,Apparel,34.55,1.0,10.0,UPI,In-Store
ORD103715,23/04/2025,CUST1229,Laura Moreno, North,Portable SSD 1TB,Electronics,281.34,1.0,0.0,PayPal,Online
ORD105977,2025-02-02,CUST1078,Trevor Fisher,south,Electric Kettle,Home & Kitchen,118.52,1.0,0.0,Credit Card,Online
ORD104270,2025/01/12,CUST1018,Mark Lynch,West,Portable SSD 1TB,Electronics,298.46,1.0,15.0,PayPal,Mobile App
ORD105910,02/06/2025,CUST1540,James Brown, North,Toaster,Home & Kitchen,206.01,1.0,15.0,Credit Card,Mobile App
ORD105480,14/04/2025,CUST1036,Cynthia Wilson,south,Running Shoes,Apparel,89.36,1.0,5.0,UPI,In-Store
ORD105135,2025-02-27,CUST1711,Steven Sandoval,central,Yoga Pants,Apparel,108.74,1.0,0.0,Debit Card,Mobile App
ORD104510,2024-06-22,CUST1458,Joseph Camacho,south,27in Monitor,Electronics,437.72,1.0,0.0,UPI,Online
ORD103321,2024-03-12,CUST1210,Lisa Henderson,West,Standing Desk,Office Supplies,75.33,1.0,0.0,Cash on Delivery,In-Store
ORD105446,2025-12-07,CUST1500,Mrs. Alison Wagner,west,Dumbbell Set,Sports & Outdoors,26.74,2.0,0.0,UPI,Online
ORD102691,2024-06-08,CUST1291,Kimberly Brown,West,Portable SSD 1TB,Electronics,126.1,2.0,5.0,Credit Card,Online
ORD103305,2024-11-26,CUST1371,Renee Hudson,CENTRAL,Water Bottle,Sports & Outdoors,22.96,1.0,10.0,Debit Card,In-Store
ORD100899,2024-03-19,CUST1498,Joseph Warren,North,Camping Tent,Sports & Outdoors,124.55,1.0,20.0,UPI,In-Store
ORD105232,2024/10/17,CUST1881,Jessica Mosley,Central,Camping Tent,Sports & Outdoors,241.33,3.0,0.0,Debit Card,Online
ORD104821,17/07/2025,CUST1618,Austin Schultz, West,Webcam HD,Electronics,239.77,1.0,0.0,UPI,In-Store
ORD103292,2024/01/02,CUST1083,Michael Burton,north,Mechanical Keyboard,Electronics,407.67,1.0,0.0,Credit Card,Online
ORD104835,2025-05-12,CUST1368,Jeffery Fitzgerald, South ,Smartwatch,Electronics,132.96,5.0,0.0,Debit Card,Online
ORD105321,2025-12-29,CUST1025,Shannon Jones,west,Standing Desk,Office Supplies,77.22,5.0,5.0,UPI,Mobile App
ORD105223,09-08-2024,CUST1390,Katrina Adkins,south,Rice Cooker,Home & Kitchen,48.64,1.0,0.0,Cash on Delivery,Mobile App
ORD103717,2024-03-16,CUST1101,David Grant,North,Desk Lamp,Office Supplies,282.96,1.0,0.0,Cash on Delivery,In-Store
ORD105626,2024-09-27,CUST1649,Adam Mills,SOUTH,Wool Sweater,Apparel,118.58,2.0,0.0,PayPal,Online
ORD104876,2025/07/02,CUST1281,Paul Finley, North,Whiteboard,Office Supplies,56.18,1.0,0.0,PayPal,Online
ORD103458,2024-10-29,CUST1009,Joel Nelson,west,Desk Lamp,Office Supplies,44.88,1.0,0.0,UPI,Online
ORD102707,2024/01/27,CUST1850,Joseph Mendoza, West,Yoga Mat,Sports & Outdoors,127.27,1.0,5.0,Debit Card,In-Store
ORD102747,2025-01-20,CUST1339,Brian Torres, West,Non-stick Pan Set,Home & Kitchen,159.39,1.0,0.0,UPI,In-Store
ORD104275,2025-09-02,CUST1884,Ronnie Roberts,Central,Whiteboard,Office Supplies,229.93,2.0,10.0,PayPal,In-Store
ORD103924,2024-01-04,CUST1010,Andrew Stewart,West,Cycling Helmet,Sports & Outdoors,251.51,2.0,0.0,Cash on Delivery,In-Store
ORD101793,2025-11-12,CUST1402,Carol Moore,North,Webcam HD,Electronics,153.78,5.0,0.0,UPI,Mobile App
ORD100763,2025-04-09,CUST1389,Bradley Tran,west,Notebook Pack,Office Supplies,212.36,1.0,0.0,Cash on Delivery,Mobile App
ORD105469,2025-09-04,CUST1498,Joseph Warren, North,Standing Desk,Office Supplies,187.12,1.0,0.0,PayPal,Mobile App
ORD102233,2024-05-26,CUST1714,Shari Parker,CENTRAL,Yoga Pants,Apparel,74.28,2.0,0.0,PayPal,Mobile App
ORD101090,10-26-2024,CUST1847,Cindy Wells,NORTH,Yoga Pants,Apparel,82.94,2.0,10.0,Credit Card,In-Store
ORD103123,2025-06-07,CUST1196,James Conner,CENTRAL,Vacuum Cleaner,Home & Kitchen,191.01,1.0,0.0,PayPal,Online
ORD105972,23/06/2024,CUST1112,Robert Costa,west,Camping Tent,Sports & Outdoors,95.23,4.0,10.0,Debit Card,In-Store
ORD104381,09-14-2025,CUST1797,Samantha Monroe,Central,Whiteboard,Office Supplies,140.94,1.0,15.0,PayPal,In-Store
ORD105993,2024-05-28,CUST1278,David Lopez,CENTRAL,USB-C Hub,Electronics,289.84,1.0,0.0,UPI,Online
ORD105279,2025/07/29,CUST1370,Heather Page,South,Ergonomic Chair,Office Supplies,108.41,1.0,15.0,Debit Card,Mobile App
ORD104238,04/07/2024,CUST1643,Shawn Kelley, South ,Portable SSD 1TB,Electronics,178.53,1.0,15.0,Cash on Delivery,In-Store
ORD104914,2024-01-23,CUST1563,Daniel Francis,East ,Running Shoes,Apparel,65.01,1.0,15.0,Credit Card,Online
ORD102568,2024-12-21,CUST1810,Richard Ramirez,West,Bluetooth Speaker,Electronics,387.81,2.0,20.0,UPI,Mobile App
ORD101207,06/11/2025,CUST1582,Heather Harrison,north,Denim Jacket,Apparel,90.95,1.0,0.0,PayPal,In-Store
ORD105914,2024-12-01,CUST1266,Courtney Dudley,East,Dumbbell Set,Sports & Outdoors,186.22,1.0,10.0,UPI,In-Store
ORD104629,2025/02/27,CUST1825,Charles Valdez,west,Wireless Mouse,Electronics,216.05,1.0,10.0,Debit Card,Mobile App
ORD103080,05/12/2025,CUST1874,Tammy Morgan,west,Ergonomic Chair,Office Supplies,16.96,3.0,0.0,Cash on Delivery,Mobile App
ORD104222,23/07/2025,CUST1230,Allison Lopez,west,Wool Sweater,Apparel,119.63,1.0,0.0,Debit Card,Online
ORD100177,2025-09-09,CUST1009,Joel Nelson,Central,Standing Desk,Office Supplies,328.45,5.0,0.0,PayPal,In-Store
ORD103986,20/01/2025,CUST1298,Andrew Gonzales,west,Dumbbell Set,Sports & Outdoors,121.0,1.0,5.0,Cash on Delivery,Online
ORD104610,2025-06-03,CUST1705,Mary Lin,CENTRAL,Portable SSD 1TB,Electronics,46.89,1.0,0.0,Debit Card,In-Store
ORD103073,04-13-2025,CUST1253,Chloe Tran,West,Yoga Pants,Apparel,30.42,1.0,5.0,PayPal,Mobile App
ORD101832,2024-08-07,CUST1001,Angie Henderson, West,Bluetooth Speaker,Electronics,434.42,1.0,0.0,Debit Card,In-Store
ORD105360,2025-05-23,CUST1000,Allison Hill,West,Running Shoes,Apparel,117.47,2.0,10.0,Debit Card,Online
ORD105587,2024-01-14,CUST1313,Kelly Sanchez,West,Webcam HD,Electronics,331.62,1.0,0.0,Cash on Delivery,Mobile App
ORD103859,2025-04-17,CUST1689,Susan Larson,central,Cotton T-Shirt,Apparel,58.3,1.0,0.0,UPI,Online
ORD104814,2024-06-15,CUST1413,Jacqueline Villegas, North,Non-stick Pan Set,Home & Kitchen,43.62,3.0,10.0,UPI,Online
ORD104604,2024-09-11,CUST1817,Karen Bradley,south,Dumbbell Set,Sports & Outdoors,21.22,1.0,0.0,Debit Card,In-Store
ORD101470,2024/02/04,CUST1038,Michael Evans,Central,Vacuum Cleaner,Home & Kitchen,176.67,3.0,15.0,Debit Card,Mobile App
ORD100195,2025-02-01,CUST1570,Cynthia Mitchell,east,Standing Desk,Office Supplies,283.96,4.0,0.0,Debit Card,In-Store
ORD100411,2024-03-21,CUST1793,Mary Carter,SOUTH,Yoga Pants,Apparel,33.33,3.0,10.0,PayPal,In-Store
ORD104615,07/11/2024,CUST1661,Vickie Kennedy,East ,Power Bank,Electronics,62.26,3.0,10.0,Cash on Delivery,In-Store
ORD105465,22/02/2025,CUST1231,Michele Lewis,north,Non-stick Pan Set,Home & Kitchen,203.14,5.0,0.0,PayPal,In-Store
ORD100387,2025-02-22,CUST1612,Penny Gomez MD,central,Vacuum Cleaner,Home & Kitchen,115.43,1.0,15.0,Credit Card,Mobile App
ORD101336,2025-11-09,CUST1638,Dustin Welch,north,Toaster,Home & Kitchen,103.86,1.0,0.0,PayPal,Online
ORD101714,01-29-2025,CUST1429,Rachael Howard DDS,Central,Portable SSD 1TB,Electronics,277.06,4.0,,UPI,Mobile App
ORD101330,2024/09/18,CUST1437,Carlos Love,south,USB-C Hub,Electronics,107.66,2.0,0.0,Debit Card,Online
ORD100549,2025-06-18,CUST1088,Samuel Rivas,East,Power Bank,Electronics,409.87,2.0,0.0,Debit Card,Mobile App
ORD101389,2024-12-10,CUST1250,Kathleen Davis,south,Yoga Pants,Apparel,74.35,1.0,0.0,Debit Card,Mobile App
ORD102019,08/11/2024,CUST1068,Paul Larsen, West,Portable SSD 1TB,Electronics,420.23,1.0,20.0,Debit Card,Online
ORD104454,2024/10/24,CUST1822,Kathryn Hanna,South,Coffee Maker,Home & Kitchen,103.08,1.0,10.0,PayPal,Mobile App
ORD104472,2025-06-26,CUST1543,Rebecca Horton,North,Camping Tent,Sports & Outdoors,77.12,1.0,0.0,UPI,In-Store
ORD100565,2025-01-13,CUST1129,Stacy Freeman,CENTRAL,Denim Jacket,Apparel,31.93,1.0,0.0,Cash on Delivery,Mobile App
ORD104483,11-12-2025,CUST1399,Gregory Holmes PhD,NORTH,Webcam HD,Electronics,151.12,1.0,0.0,Debit Card,Online
ORD105115,2024-02-09,CUST1623,Blake Sosa,Central,Blender,Home & Kitchen,100.87,1.0,5.0,UPI,Mobile App
ORD103005,2025-03-10,CUST1766,Anna Lang,CENTRAL,Water Bottle,Sports & Outdoors,31.33,2.0,0.0,PayPal,Mobile App
ORD104574,2025-06-16,CUST1105,Doris Hall,East,Ergonomic Chair,Office Supplies,168.22,1.0,0.0,UPI,Mobile App
ORD105428,2025/11/19,CUST1272,Vanessa Moore,East ,Smartwatch,Electronics,107.53,1.0,0.0,Cash on Delivery,Online
ORD100339,2025-02-26,CUST1018,Mark Lynch,East ,Portable SSD 1TB,Electronics,215.0,1.0,0.0,Cash on Delivery,Online
ORD105949,05-22-2025,CUST1182,Anita Richard,East,Whiteboard,Office Supplies,64.34,1.0,10.0,Credit Card,Mobile App
ORD104504,01-21-2024,CUST1449,Kimberly Villanueva,south,Yoga Pants,Apparel,79.78,1.0,15.0,Debit Card,Mobile App
ORD102082,2025/08/28,CUST1140,Patricia Becker,West,Mechanical Keyboard,Electronics,102.54,1.0,15.0,PayPal,In-Store
ORD105700,2025-09-27,CUST1480,Jorge Bates,west,Denim Jacket,Apparel,66.73,4.0,10.0,Debit Card,Mobile App
ORD102690,2024/05/21,CUST1783,Zachary Santiago,North,Non-stick Pan Set,Home & Kitchen,156.42,1.0,20.0,UPI,In-Store
ORD103549,09-05-2024,CUST1066,Robert Contreras,east,Webcam HD,Electronics,137.18,3.0,15.0,PayPal,Online
ORD103738,2025-06-20,CUST1425,Jessica Ramsey,South,Standing Desk,Office Supplies,332.76,2.0,0.0,PayPal,Mobile App
ORD100614,2024-04-02,CUST1687,Kevin Hall, South ,Webcam HD,Electronics,393.55,4.0,5.0,Debit Card,Online
ORD102444,2025-06-27,CUST1527,Brent Hopkins,West,Water Bottle,Sports & Outdoors,192.58,1.0,5.0,Cash on Delivery,In-Store
ORD103930,2024-06-22,CUST1171,Christopher Park,West,Rice Cooker,Home & Kitchen,79.12,1.0,,,Mobile App
ORD103969,2025-03-24,CUST1000,Allison Hill,CENTRAL,Mechanical Keyboard,Electronics,142.7,5.0,0.0,Debit Card,Online
ORD104388,2024/04/28,CUST1078,Trevor Fisher,East,Toaster,Home & Kitchen,59.23,1.0,0.0,UPI,In-Store
ORD101806,2024-03-10,CUST1831,Kevin Anderson,East,Dumbbell Set,Sports & Outdoors,281.67,2.0,15.0,Debit Card,In-Store
ORD100503,21/04/2024,CUST1415,Samuel Howe,east,Wool Sweater,Apparel,49.16,1.0,0.0,Cash on Delivery,In-Store
ORD105161,2025-04-23,CUST1399,Gregory Holmes PhD,central,Vacuum Cleaner,Home & Kitchen,51.1,1.0,0.0,UPI,In-Store
ORD105195,2025/01/16,CUST1215,James Burgess,East ,Yoga Mat,Sports & Outdoors,66.07,2.0,5.0,Debit Card,In-Store
ORD104993,2025-12-10,CUST1557,Ronald Johns,North,USB-C Hub,Electronics,427.87,3.0,0.0,Credit Card,Mobile App
ORD105725,2024-03-30,CUST1018,Mark Lynch,Central,Wool Sweater,Apparel,29.81,1.0,10.0,UPI,In-Store
ORD104487,2024-04-05,CUST1338,Richard Ward,East,Electric Kettle,Home & Kitchen,101.41,5.0,10.0,Cash on Delivery,Online
ORD101058,06/06/2024,CUST1092,Alan Phillips,central,Water Bottle,Sports & Outdoors,100.57,1.0,10.0,PayPal,Online
ORD104093,26/09/2025,CUST1465,Sharon Beard,north,Power Bank,Electronics,446.66,1.0,10.0,Cash on Delivery,In-Store
ORD105864,02-20-2024,CUST1779,Lisa Dixon,Central,Wool Sweater,Apparel,23.3,3.0,0.0,PayPal,In-Store
ORD103319,2025-12-13,CUST1113,Shannon Rivera,CENTRAL,Power Bank,Electronics,401.39,1.0,5.0,PayPal,Mobile App
ORD102869,2025-09-08,CUST1125,Matthew Hoover, North,Coffee Maker,Home & Kitchen,147.69,4.0,0.0,Debit Card,In-Store
ORD104158,2024-10-13,CUST1659,Catherine Huang,CENTRAL,Whiteboard,Office Supplies,84.98,2.0,0.0,Debit Card,Mobile App
ORD104339,2025-01-24,CUST1319,Megan Drake,South,Water Bottle,Sports & Outdoors,205.06,1.0,0.0,Debit Card,Mobile App
ORD102583,29/04/2025,CUST1417,Christopher Owens,South,Noise Cancelling Headphones,Electronics,303.99,1.0,20.0,PayPal,Online
ORD100515,22/06/2024,CUST1644,Luke Miller,East,Power Bank,Electronics,343.51,2.0,0.0,PayPal,Mobile App
ORD102212,2025-02-11,CUST1655,Katherine Flores,West,Webcam HD,Electronics,107.64,2.0,5.0,PayPal,In-Store
ORD102105,2025-01-28,CUST1197,Susan Davis DDS,NORTH,Rice Cooker,Home & Kitchen,78.51,2.0,5.0,Cash on Delivery,Online
ORD102931,2025/02/26,CUST1187,Jeremy Turner, North,Mechanical Keyboard,Electronics,167.08,2.0,10.0,UPI,Mobile App
ORD100016,25/08/2025,CUST1065,,north,Water Bottle,Sports & Outdoors,138.17,2.0,,,Online
ORD105878,2024-12-16,CUST1768,Jenna Lyons, North,Standing Desk,Office Supplies,244.08,4.0,20.0,PayPal,Online
ORD103822,08/11/2025,CUST1824,Judy Gregory,East ,Wool Sweater,Apparel,90.53,4.0,0.0,Credit Card,Mobile App
ORD105300,2025-11-30,CUST1288,Daniel Aguilar,west,Mechanical Keyboard,Electronics,46.12,1.0,0.0,Debit Card,In-Store
ORD101143,05/03/2024,CUST1781,Kevin Garrett, North,Portable SSD 1TB,Electronics,353.1,1.0,0.0,UPI,Mobile App
ORD101785,02-07-2025,CUST1678,Toni Davis,south,Power Bank,Electronics,251.82,1.0,5.0,PayPal,Online
ORD101372,17/02/2025,CUST1304,Kristina Faulkner,CENTRAL,Yoga Pants,Apparel,106.38,2.0,0.0,Credit Card,In-Store
ORD104004,04/09/2025,CUST1423,Angela Willis, North,Blender,Home & Kitchen,216.32,4.0,0.0,Credit Card,Mobile App
ORD104351,05-25-2025,CUST1460,Lisa Martinez,west,Notebook Pack,Office Supplies,58.28,1.0,,Debit Card,Mobile App
ORD105782,2025-11-27,CUST1000,Allison Hill,East,Non-stick Pan Set,Home & Kitchen,98.04,4.0,0.0,Debit Card,Online
ORD100998,2024-04-09,CUST1286,Angela Griffin,East ,Wool Sweater,Apparel,54.83,1.0,15.0,UPI,In-Store
ORD101786,2025/09/08,CUST1409,Dr. Morgan Payne PhD,east,Wireless Mouse,Electronics,94.71,1.0,0.0,Credit Card,Mobile App
ORD104505,2025-05-12,CUST1820,Heather Miller,North,Notebook Pack,Office Supplies,305.28,-2.0,10.0,Credit Card,In-Store
ORD101502,2025-07-21,CUST1391,Jonathan Wheeler,west,Mechanical Keyboard,Electronics,242.14,3.0,15.0,Credit Card,In-Store
ORD101097,2025-05-08,CUST1173,Cindy Barnes,CENTRAL,Notebook Pack,Office Supplies,187.93,1.0,15.0,UPI,Online
ORD102309,02/02/2024,CUST1369,Scott Miller,South,Wireless Mouse,Electronics,349.34,3.0,20.0,Cash on Delivery,In-Store
ORD105076,13/02/2024,CUST1809,Tammy Hill,East ,Vacuum Cleaner,Home & Kitchen,193.3,1.0,0.0,UPI,Online
ORD105501,2024/07/04,CUST1723,Ricardo Franklin, South ,Bluetooth Speaker,Electronics,246.25,1.0,5.0,Cash on Delivery,In-Store
ORD101397,03-05-2024,CUST1442,Patricia Bradley, West,Standing Desk,Office Supplies,134.66,3.0,0.0,Debit Card,In-Store
ORD104329,2025-05-18,CUST1550,Joshua Davis,West,Wireless Mouse,Electronics,365.16,3.0,5.0,Credit Card,In-Store
ORD101399,2025/06/27,CUST1568,Tara Gamble, West,27in Monitor,Electronics,322.37,1.0,15.0,Cash on Delivery,Mobile App
ORD104771,16/10/2024,CUST1818,Tina Davis,East,Coffee Maker,Home & Kitchen,180.49,1.0,0.0,PayPal,Mobile App
ORD101101,2025-09-15,CUST1181,Brian Smith,SOUTH,USB-C Hub,Electronics,318.12,2.0,0.0,PayPal,Online
ORD105617,2024-05-13,CUST1532,Jonathan Moreno, South ,Standing Desk,Office Supplies,216.08,1.0,10.0,Credit Card,Mobile App
ORD100207,2024-06-24,CUST1652,Miguel Brewer,East,Yoga Mat,Sports & Outdoors,38.93,1.0,0.0,UPI,Mobile App
ORD103962,2025-10-29,CUST1064,Michael Snyder,NORTH,Electric Kettle,Home & Kitchen,26.84,1.0,0.0,Cash on Delivery,In-Store
ORD103148,2024/05/05,CUST1236,Stephen Jones,NORTH,Desk Lamp,Office Supplies,124.36,1.0,0.0,PayPal,Online
ORD104433,2025-11-07,CUST1339,Brian Torres,Central,Smartwatch,Electronics,158.09,4.0,0.0,Cash on Delivery,Mobile App
ORD105258,2024-08-07,CUST1145,Richard Smith,East,Running Shoes,Apparel,21.26,1.0,0.0,Debit Card,Online
ORD102280,26/07/2024,CUST1410,Makayla Steele,East,Cotton T-Shirt,Apparel,44.38,3.0,20.0,Debit Card,Online
ORD105790,2025-11-30,CUST1489,Julie Wilson,central,Wireless Mouse,Electronics,74.2,5.0,0.0,Debit Card,In-Store
ORD101553,05-21-2025,CUST1363,Ryan Harvey,East,Cotton T-Shirt,Apparel,110.0,1.0,0.0,Debit Card,Online
ORD105519,09/10/2024,CUST1659,Catherine Huang,north,Ergonomic Chair,Office Supplies,39.52,2.0,15.0,Debit Card,In-Store
ORD102400,2025-09-07,CUST1562,Preston Kim,west,Ergonomic Chair,Office Supplies,17.39,1.0,5.0,Cash on Delivery,Mobile App
ORD102541,2024-07-02,CUST1080,Cynthia Wells, North,Whiteboard,Office Supplies,199.28,1.0,10.0,PayPal,In-Store
ORD102758,14/04/2025,CUST1814,Jonathan Delgado, West,Cycling Helmet,Sports & Outdoors,185.85,3.0,0.0,PayPal,Online
ORD100826,25/03/2024,CUST1296,Shaun Cannon,NORTH,Cotton T-Shirt,Apparel,60.11,2.0,0.0,Debit Card,Mobile App
ORD104033,05/09/2024,CUST1889,Laura Bruce,East ,Yoga Mat,Sports & Outdoors,207.51,2.0,10.0,Cash on Delivery,Online
ORD102612,2024/05/08,CUST1278,David Lopez,west,Mechanical Keyboard,Electronics,136.64,3.0,0.0,Debit Card,In-Store
ORD103712,22/07/2025,CUST1509,David Hall, West,Blender,Home & Kitchen,114.96,2.0,0.0,PayPal,Online
ORD102506,2024-03-26,CUST1111,Pamela Thompson,east,Notebook Pack,Office Supplies,280.59,1.0,5.0,PayPal,Mobile App
ORD100776,2024/02/28,CUST1408,Eddie Mueller,CENTRAL,Cotton T-Shirt,Apparel,119.94,3.0,0.0,PayPal,Online
ORD100878,2024-04-27,CUST1719,Michael Howard,East,Bluetooth Speaker,Electronics,52.4,1.0,10.0,Credit Card,Mobile App
ORD101901,2024-08-20,CUST1613,Krista Barber,NORTH,Rice Cooker,Home & Kitchen,124.52,1.0,10.0,UPI,Online
ORD100869,08-25-2024,CUST1095,Tiffany Vaughn,East ,Running Shoes,Apparel,45.46,1.0,20.0,Debit Card,Mobile App
ORD103285,2024-07-28,CUST1177,Eric Clark,east,Cotton T-Shirt,Apparel,33.69,2.0,0.0,Cash on Delivery,Mobile App
ORD104894,2024-05-30,CUST1786,Robert Cruz,east,Yoga Pants,Apparel,105.76,4.0,0.0,Debit Card,Mobile App
ORD104449,06/10/2025,CUST1574,Mr. Matthew Miller,Central,Wool Sweater,Apparel,108.51,2.0,0.0,Credit Card,Online
ORD102100,2025-04-24,CUST1861,Judith Miller,East ,Cycling Helmet,Sports & Outdoors,292.79,1.0,15.0,PayPal,Online
ORD100427,2024-09-16,CUST1562,Preston Kim, West,Vacuum Cleaner,Home & Kitchen,207.24,1.0,0.0,PayPal,Online
ORD100462,2024-05-01,CUST1570,Cynthia Mitchell,North,Blender,Home & Kitchen,151.25,2.0,0.0,Debit Card,Mobile App
ORD104030,01-26-2025,CUST1376,Jackie Clements, West,Wool Sweater,Apparel,29.93,4.0,10.0,Cash on Delivery,In-Store
ORD103577,29/09/2025,CUST1895,Rebecca Hansen,east,Cycling Helmet,Sports & Outdoors,181.1,1.0,15.0,UPI,In-Store
ORD102087,2025-03-31,CUST1876,Christie Fox,South,Noise Cancelling Headphones,Electronics,106.94,2.0,5.0,UPI,Online
ORD105811,2025-04-16,CUST1234,Michelle Ho,west,Coffee Maker,Home & Kitchen,102.24,3.0,15.0,Debit Card,Mobile App
ORD103792,2024-03-04,CUST1126,Evelyn Garcia,East,Yoga Pants,Apparel,97.55,5.0,0.0,PayPal,Mobile App
ORD102536,2025-04-02,CUST1542,Ashley Parrish,CENTRAL,Air Fryer,Home & Kitchen,115.93,3.0,5.0,Credit Card,Mobile App
ORD101771,29/01/2025,CUST1893,Heidi Ferguson,East,Standing Desk,Office Supplies,301.65,1.0,0.0,Debit Card,Online
ORD103165,2025-11-09,CUST1566,Patrick Swanson,CENTRAL,Standing Desk,Office Supplies,23.38,3.0,0.0,Credit Card,Mobile App
ORD101479,2025/10/11,CUST1190,Larry Mason,west,Toaster,Home & Kitchen,59.22,1.0,5.0,Cash on Delivery,Mobile App
ORD102319,11-21-2024,CUST1866,Keith Villanueva,Central,Electric Kettle,Home & Kitchen,108.45,1.0,0.0,PayPal,In-Store
ORD104233,2025-11-23,CUST1158,Kelly Reese,CENTRAL,Air Fryer,Home & Kitchen,199.63,1.0,0.0,Debit Card,Mobile App
ORD105846,2025-04-20,CUST1145,Richard Smith,NORTH,Bluetooth Speaker,Electronics,286.57,1.0,5.0,UPI,Online
ORD104550,2024/12/25,CUST1670,Kimberly Gibson,north,Denim Jacket,Apparel,112.27,2.0,0.0,Cash on Delivery,In-Store
ORD105341,2025-06-20,CUST1265,Megan Dillon,north,Toaster,Home & Kitchen,54.81,4.0,5.0,Debit Card,In-Store
ORD102428,15/04/2024,CUST1319,Megan Drake,north,Webcam HD,Electronics,393.11,1.0,15.0,PayPal,Mobile App
ORD102829,2025-06-11,CUST1584,Jamie Gray,West,Wireless Mouse,Electronics,236.95,3.0,20.0,Cash on Delivery,In-Store
ORD100544,2025-04-09,CUST1631,Kenneth Perez,east,Yoga Mat,Sports & Outdoors,197.72,1.0,10.0,Credit Card,Mobile App
ORD101656,11-14-2024,CUST1339,Brian Torres, North,Cycling Helmet,Sports & Outdoors,273.68,1.0,20.0,Credit Card,Mobile App
ORD100470,25/02/2024,CUST1432,Joseph Moody,south,Noise Cancelling Headphones,Electronics,400.87,3.0,0.0,Debit Card,In-Store
ORD101020,2024-04-05,CUST1385,Edwin Reyes,SOUTH,Notebook Pack,Office Supplies,103.18,1.0,0.0,UPI,Mobile App
ORD101875,2025-02-04,CUST1152,Michael Stephens,West,Camping Tent,Sports & Outdoors,159.84,2.0,20.0,Cash on Delivery,In-Store
ORD100274,2024-12-05,CUST1828,,central,Running Shoes,Apparel,17.29,1.0,,,Online
ORD100846,2025-01-28,CUST1617,Tonya Ellis,West,Toaster,Home & Kitchen,40.05,2.0,0.0,Credit Card,Mobile App
ORD103208,2024-10-17,CUST1774,Kyle Nguyen,CENTRAL,Wireless Mouse,Electronics,298.36,1.0,0.0,PayPal,Online
ORD105314,08-23-2024,CUST1638,Dustin Welch,Central,Noise Cancelling Headphones,Electronics,336.25,1.0,0.0,Debit Card,In-Store
ORD101210,2024-07-21,CUST1656,Diane Martinez,East,Denim Jacket,Apparel,43.7,2.0,0.0,PayPal,In-Store
ORD104675,18/03/2024,CUST1494,Jeffrey Jordan,South,Electric Kettle,Home & Kitchen,109.12,2.0,10.0,UPI,Mobile App
ORD105687,2025-01-24,CUST1551,Daniel Goodwin,South,Cycling Helmet,Sports & Outdoors,260.62,1.0,0.0,PayPal,Online
ORD104608,11-09-2025,CUST1280,Cathy Taylor,north,Desk Lamp,Office Supplies,242.51,1.0,5.0,PayPal,Mobile App
ORD100967,27/01/2024,CUST1021,Kim Martinez,Central,Wool Sweater,Apparel,65.15,3.0,15.0,Debit Card,Mobile App
ORD100235,2025-03-30,CUST1503,Michael Harris,East ,Noise Cancelling Headphones,Electronics,434.63,2.0,0.0,Credit Card,Mobile App
ORD102143,02/07/2024,CUST1331,Henry Pugh MD,CENTRAL,Wireless Mouse,Electronics,36.19,4.0,0.0,PayPal,In-Store
ORD101509,24/04/2025,CUST1682,Erika Watson PhD,north,Power Bank,Electronics,99.09,1.0,15.0,UPI,Mobile App
ORD102410,2025-06-02,CUST1381,Isaac Miller,NORTH,Ergonomic Chair,Office Supplies,204.13,1.0,0.0,PayPal,Mobile App
ORD104486,2024-06-29,CUST1232,Benjamin Thompson,NORTH,Cotton T-Shirt,Apparel,99.2,1.0,15.0,Cash on Delivery,Online
ORD100665,12-08-2024,CUST1157,Richard Young,East,Webcam HD,Electronics,325.97,3.0,5.0,Credit Card,Online
ORD102626,19/07/2024,CUST1734,Toni Smith,NORTH,Water Bottle,Sports & Outdoors,231.84,2.0,10.0,Cash on Delivery,In-Store
ORD102924,2024-08-28,CUST1029,Connor West,South,Noise Cancelling Headphones,Electronics,174.38,1.0,15.0,Credit Card,In-Store
ORD103329,2025-07-05,CUST1538,Melissa Morris,CENTRAL,Bluetooth Speaker,Electronics,97.2,4.0,0.0,PayPal,In-Store
ORD101552,2024-09-30,CUST1680,Megan Park,central,Noise Cancelling Headphones,Electronics,270.9,5.0,5.0,PayPal,Online
ORD102768,2025-08-06,CUST1581,Philip Hall,central,Yoga Pants,Apparel,85.12,1.0,0.0,PayPal,Online
ORD104950,2024/06/14,CUST1378,Frank Campbell MD,CENTRAL,Noise Cancelling Headphones,Electronics,30.74,2.0,10.0,Credit Card,Mobile App
ORD100092,2025/05/08,CUST1850,Joseph Mendoza,east,Smartwatch,Electronics,397.5,1.0,0.0,PayPal,Mobile App
ORD102926,2024-09-21,CUST1726,Cheryl Gonzales,CENTRAL,Non-stick Pan Set,Home & Kitchen,205.14,2.0,0.0,Cash on Delivery,Online
ORD104430,17/08/2024,CUST1112,Robert Costa,north,Blender,Home & Kitchen,25.52,2.0,0.0,Debit Card,Mobile App
ORD103063,2024/09/12,CUST1051,Courtney Velasquez,west,Notebook Pack,Office Supplies,170.58,1.0,10.0,Cash on Delivery,Online
ORD105643,02-26-2024,CUST1269,Thomas Douglas,Central,Running Shoes,Apparel,52.0,1.0,0.0,Cash on Delivery,Mobile App
ORD104196,2025-12-20,CUST1045,Michael Hoffman,west,Electric Kettle,Home & Kitchen,63.71,2.0,0.0,UPI,In-Store
ORD103533,2024-03-10,CUST1759,Stephen Garcia,north,Vacuum Cleaner,Home & Kitchen,35.15,1.0,5.0,Debit Card,Mobile App
ORD101964,05-03-2025,CUST1198,Ralph Lee,east,Bluetooth Speaker,Electronics,376.91,1.0,0.0,Credit Card,Online
ORD100009,2024/08/12,CUST1597,April Pace,west,27in Monitor,Electronics,341.62,2.0,0.0,Debit Card,Mobile App
ORD105456,09-08-2025,CUST1249,Michelle Lee, South ,Wireless Mouse,Electronics,404.12,2.0,0.0,Cash on Delivery,In-Store
ORD102843,2024-10-29,CUST1668,Edward Terry,South,Wool Sweater,Apparel,114.7,2.0,5.0,PayPal,In-Store
ORD105761,25/10/2025,CUST1389,Bradley Tran, South ,Cycling Helmet,Sports & Outdoors,162.28,3.0,20.0,Credit Card,Mobile App
ORD101886,02-22-2025,CUST1636,Gregory Frazier,South,Dumbbell Set,Sports & Outdoors,286.38,3.0,15.0,UPI,Mobile App
ORD101686,2025/03/25,CUST1834,Michelle Salazar, North,Webcam HD,Electronics,412.19,2.0,0.0,Credit Card,Online
ORD104714,23/11/2025,CUST1291,Kimberly Brown,NORTH,Desk Lamp,Office Supplies,12.24,1.0,0.0,Credit Card,Mobile App
ORD101748,2024-06-28,CUST1505,Autumn Wilson,Central,Bluetooth Speaker,Electronics,100.74,1.0,0.0,UPI,In-Store
ORD105014,2025-05-05,CUST1164,Cindy Hayes,SOUTH,Power Bank,Electronics,285.04,1.0,0.0,Debit Card,Mobile App
ORD102111,2024-03-08,CUST1215,James Burgess,CENTRAL,Cycling Helmet,Sports & Outdoors,167.75,2.0,0.0,Credit Card,In-Store
ORD101046,2024-07-09,CUST1186,Justin Riley,North,Ergonomic Chair,Office Supplies,202.5,1.0,10.0,Credit Card,Online
ORD103160,01-15-2024,CUST1202,Vincent Mueller,South,Rice Cooker,Home & Kitchen,209.22,1.0,0.0,Cash on Delivery,Mobile App
ORD101288,2025-08-22,CUST1537,Miguel Parks,West,Desk Lamp,Office Supplies,13.81,1.0,5.0,PayPal,Online
ORD101263,2024-06-05,CUST1064,Michael Snyder,NORTH,Cycling Helmet,Sports & Outdoors,212.14,1.0,10.0,UPI,Mobile App
ORD100217,2025-01-04,CUST1495,Curtis Watson, South ,Portable SSD 1TB,Electronics,87.02,1.0,10.0,Debit Card,Mobile App
ORD101841,08-26-2024,CUST1670,Kimberly Gibson,Central,Webcam HD,Electronics,359.7,5.0,10.0,Cash on Delivery,Online
ORD104738,2025-03-18,CUST1144,Brenda Levy,West,Webcam HD,Electronics,444.44,3.0,0.0,PayPal,In-Store
ORD102688,19/11/2024,CUST1652,Miguel Brewer,CENTRAL,Wool Sweater,Apparel,63.9,1.0,15.0,Credit Card,In-Store
ORD105961,2025-02-13,CUST1140,Patricia Becker,north,Dumbbell Set,Sports & Outdoors,60.4,2.0,0.0,Credit Card,In-Store
ORD105340,2024-01-15,CUST1833,Devin Cole,West,Running Shoes,Apparel,97.44,3.0,0.0,Cash on Delivery,In-Store
ORD103725,07-02-2024,CUST1009,Joel Nelson,south,Vacuum Cleaner,Home & Kitchen,145.56,2.0,10.0,UPI,Online
ORD105260,2024-04-12,CUST1270,Melissa Taylor,South,Cycling Helmet,Sports & Outdoors,70.08,2.0,0.0,PayPal,In-Store
ORD103673,2024-10-14,CUST1746,Mrs. Felicia Castro DDS,West,Denim Jacket,Apparel,69.33,1.0,,Cash on Delivery,Mobile App
ORD103363,2025-04-15,CUST1089,Mary Rogers,east,Desk Lamp,Office Supplies,284.4,4.0,0.0,UPI,Online
ORD105320,07-11-2025,CUST1305,Tammy Boone,East,Blender,Home & Kitchen,189.86,1.0,15.0,Debit Card,Online
ORD104278,2025-02-13,CUST1405,Courtney Wright,East ,Wireless Mouse,Electronics,124.64,2.0,10.0,Credit Card,Mobile App
ORD104817,07/07/2025,CUST1116,Peter Garrett,north,Blender,Home & Kitchen,180.39,4.0,0.0,Cash on Delivery,Online
ORD101359,2024/11/12,CUST1783,Zachary Santiago,North,USB-C Hub,Electronics,410.03,1.0,15.0,Cash on Delivery,Mobile App
ORD105064,2024-04-23,CUST1150,Kimberly Matthews,East,Air Fryer,Home & Kitchen,121.66,1.0,15.0,Debit Card,In-Store
ORD103912,2025-07-18,CUST1712,Lori Perez,South,Rice Cooker,Home & Kitchen,51.34,2.0,10.0,Debit Card,Mobile App
ORD104491,2024-07-27,CUST1162,Donald Schultz,central,Electric Kettle,Home & Kitchen,91.0,2.0,10.0,PayPal,In-Store
ORD100499,2024-03-07,CUST1464,Ashley Hernandez, South ,Dumbbell Set,Sports & Outdoors,64.81,4.0,0.0,PayPal,In-Store
ORD105663,10/01/2024,CUST1252,Stephen Luna,central,Yoga Pants,Apparel,90.84,1.0,0.0,PayPal,Mobile App
ORD100939,2025-09-03,CUST1267,Justin Michael,East,Camping Tent,Sports & Outdoors,245.77,2.0,15.0,Cash on Delivery,In-Store
ORD101200,2025/07/14,CUST1570,Cynthia Mitchell, South ,Ergonomic Chair,Office Supplies,306.25,1.0,0.0,Credit Card,Online
ORD102831,2025-11-24,CUST1482,Stephanie Evans,east,Cotton T-Shirt,Apparel,100.27,1.0,0.0,Cash on Delivery,Mobile App
ORD105282,2024-08-08,CUST1073,Sarah Ashley,West,Non-stick Pan Set,Home & Kitchen,214.87,1.0,15.0,PayPal,Mobile App
ORD101267,24/11/2024,CUST1564,Traci Camacho,CENTRAL,Rice Cooker,Home & Kitchen,128.92,1.0,0.0,PayPal,In-Store
ORD104203,28/12/2024,CUST1340,Erin Cook,West,Portable SSD 1TB,Electronics,169.07,4.0,10.0,Debit Card,Online
ORD105731,2024-01-27,CUST1838,Dominique Hamilton,CENTRAL,Rice Cooker,Home & Kitchen,139.09,1.0,5.0,Debit Card,Online
ORD104318,11-30-2024,CUST1325,Karen Williams,Central,Yoga Mat,Sports & Outdoors,196.49,3.0,0.0,Credit Card,Online
ORD104854,2025-06-09,CUST1541,Miss Brianna Brown,SOUTH,Desk Lamp,Office Supplies,311.25,2.0,0.0,Credit Card,Online
ORD103342,30/07/2025,CUST1184,Jordan Bullock,north,Rice Cooker,Home & Kitchen,145.39,1.0,10.0,UPI,In-Store
ORD101814,2025-08-07,CUST1336,Misty Hansen,central,Non-stick Pan Set,Home & Kitchen,107.61,2.0,5.0,Cash on Delivery,Online
ORD101069,2025-10-10,CUST1129,Stacy Freeman,North,Wireless Mouse,Electronics,250.79,1.0,10.0,PayPal,In-Store
ORD102782,2025-08-27,CUST1692,Karl Murphy,North,Cotton T-Shirt,Apparel,100.0,1.0,5.0,Debit Card,Online
ORD101751,2025-05-26,CUST1514,Michael Brown,central,Water Bottle,Sports & Outdoors,98.99,4.0,10.0,Cash on Delivery,In-Store
ORD104306,18/04/2024,CUST1453,Matthew Greene,East,Wool Sweater,Apparel,34.95,2.0,0.0,PayPal,In-Store
ORD103432,2025-02-15,CUST1792,Thomas Curry,north,Whiteboard,Office Supplies,222.55,1.0,0.0,UPI,Mobile App
ORD101014,2024/01/21,CUST1132,James Thomas, North,Blender,Home & Kitchen,127.2,3.0,5.0,Credit Card,In-Store
ORD104068,2024-07-16,CUST1054,Victoria Johnson,west,Smartwatch,Electronics,62.01,2.0,5.0,Cash on Delivery,Mobile App
ORD100525,07-08-2024,CUST1579,Victor Holden, West,Yoga Mat,Sports & Outdoors,258.65,1.0,10.0,Debit Card,In-Store
ORD100435,2024-07-15,CUST1206,Stacey Arias,North,Coffee Maker,Home & Kitchen,28.76,4.0,0.0,Cash on Delivery,Mobile App
ORD102981,21/07/2024,CUST1446,Stacey Snyder,Central,Desk Lamp,Office Supplies,314.77,4.0,0.0,PayPal,In-Store
ORD105963,2024-04-27,CUST1333,Emily Rodriguez,north,Wireless Mouse,Electronics,55.67,1.0,0.0,Debit Card,In-Store
ORD102278,2024-05-11,CUST1737,Anthony Bailey,East,Smartwatch,Electronics,166.56,3.0,0.0,Credit Card,Online
ORD101989,2024-03-20,CUST1432,Joseph Moody, West,Mechanical Keyboard,Electronics,320.15,1.0,10.0,UPI,Mobile App
ORD105199,30/05/2025,CUST1554,Jaime Lang,Central,Rice Cooker,Home & Kitchen,190.69,2.0,0.0,Cash on Delivery,Mobile App
ORD100325,18/09/2024,CUST1384,Karen Perez,West,Whiteboard,Office Supplies,181.58,1.0,15.0,Cash on Delivery,Online
ORD101427,2024-12-07,CUST1250,Kathleen Davis,East,Noise Cancelling Headphones,Electronics,72.61,1.0,5.0,UPI,In-Store
ORD103538,2024/01/11,CUST1532,Jonathan Moreno,north,Toaster,Home & Kitchen,75.4,1.0,0.0,Credit Card,Mobile App
ORD100589,2024-07-08,CUST1375,Jason Hayes,central,Yoga Mat,Sports & Outdoors,278.18,4.0,5.0,Credit Card,Online
ORD105845,2025-03-28,CUST1685,William Lewis, North,Wool Sweater,Apparel,113.84,2.0,15.0,Credit Card,In-Store
ORD101024,01/08/2025,CUST1037,Kevin Mills,south,Portable SSD 1TB,Electronics,132.11,1.0,0.0,Credit Card,In-Store
ORD105208,2025/04/29,CUST1658,Amanda Miller, North,Cotton T-Shirt,Apparel,85.59,3.0,5.0,PayPal,Mobile App
ORD104979,2025-01-18,CUST1174,Sophia Moore,SOUTH,Yoga Mat,Sports & Outdoors,108.4,4.0,5.0,Credit Card,In-Store
ORD100988,2025-10-26,CUST1390,Katrina Adkins,West,Denim Jacket,Apparel,54.78,2.0,10.0,Credit Card,Online
ORD105222,28/07/2024,CUST1616,Laura Benson, South ,Yoga Mat,Sports & Outdoors,54.8,1.0,15.0,Credit Card,Mobile App
ORD104542,09-29-2024,CUST1080,Cynthia Wells,east,Wireless Mouse,Electronics,219.99,1.0,0.0,Debit Card,In-Store
ORD103571,2024-05-13,CUST1492,Mike Maxwell,SOUTH,Notebook Pack,Office Supplies,108.81,3.0,15.0,Credit Card,In-Store
ORD100249,16/05/2024,CUST1140,Patricia Becker, South ,Mechanical Keyboard,Electronics,335.57,1.0,,Debit Card,Online
ORD103469,2024-09-30,CUST1504,Lisa Haynes,East ,Blender,Home & Kitchen,144.58,1.0,15.0,Debit Card,Online
ORD100736,2024/03/12,CUST1027,Brent Jordan,NORTH,Yoga Mat,Sports & Outdoors,61.37,2.0,0.0,UPI,In-Store
ORD101501,06-07-2024,CUST1495,Curtis Watson,east,Non-stick Pan Set,Home & Kitchen,72.07,5.0,0.0,Credit Card,In-Store
ORD103783,2024-11-28,CUST1004,Gabrielle Davis,NORTH,Whiteboard,Office Supplies,188.55,3.0,10.0,Debit Card,In-Store
ORD105602,2025-01-16,CUST1263,Tami Salas,east,Bluetooth Speaker,Electronics,330.43,2.0,15.0,Debit Card,In-Store
ORD103290,12/11/2024,CUST1248,Anthony Dougherty,SOUTH,Whiteboard,Office Supplies,142.35,2.0,10.0,Debit Card,Online
ORD102000,2024-03-08,CUST1032,Carmen Smith,East ,Portable SSD 1TB,Electronics,398.93,1.0,0.0,UPI,Online
ORD102916,2025-03-25,CUST1570,Cynthia Mitchell,east,USB-C Hub,Electronics,96.14,1.0,0.0,UPI,Online
ORD105205,08-06-2024,CUST1158,Kelly Reese,West,Wool Sweater,Apparel,103.81,1.0,10.0,Cash on Delivery,In-Store
ORD103669,2024-09-09,CUST1572,Caroline Edwards, West,Portable SSD 1TB,Electronics,383.04,1.0,10.0,Debit Card,In-Store
ORD103713,01/02/2024,CUST1830,Donald Todd,SOUTH,Desk Lamp,Office Supplies,287.75,1.0,5.0,Debit Card,In-Store
ORD103507,2025-08-06,CUST1812,Matthew Rodriguez,East ,Dumbbell Set,Sports & Outdoors,226.89,1.0,0.0,UPI,Online
ORD104016,2024-01-21,CUST1318,Jennifer Smith,East ,Standing Desk,Office Supplies,86.91,3.0,15.0,PayPal,In-Store
ORD104195,09/08/2024,CUST1400,Patricia Johnson,NORTH,27in Monitor,Electronics,290.53,2.0,15.0,Credit Card,Mobile App
ORD105440,17/03/2024,CUST1301,Sheryl Buck,South,Whiteboard,Office Supplies,67.13,3.0,,,Online
ORD105011,2025-02-10,CUST1804,Megan Kaiser,NORTH,Ergonomic Chair,Office Supplies,101.74,4.0,0.0,Debit Card,Online
ORD103053,2024-10-05,CUST1161,Katherine Browning,east,Bluetooth Speaker,Electronics,235.36,1.0,0.0,Debit Card,In-Store
ORD102099,02-15-2024,CUST1276,Tanya Rogers, North,Ergonomic Chair,Office Supplies,57.72,5.0,0.0,Credit Card,In-Store
ORD105368,2024-01-21,CUST1009,Joel Nelson,central,Webcam HD,Electronics,41.88,2.0,0.0,Credit Card,In-Store
ORD100027,2025-11-10,CUST1836,Julie Sims,East ,Yoga Pants,Apparel,118.3,3.0,5.0,Debit Card,In-Store
ORD105091,2025-03-26,CUST1748,Keith Choi,SOUTH,Wireless Mouse,Electronics,174.83,2.0,0.0,Credit Card,Mobile App
ORD103314,2024-10-20,CUST1708,Thomas Torres,north,Non-stick Pan Set,Home & Kitchen,219.32,4.0,0.0,Cash on Delivery,Online
ORD105984,2025-08-12,CUST1574,Mr. Matthew Miller,east,Whiteboard,Office Supplies,264.69,2.0,15.0,Cash on Delivery,In-Store
ORD100191,2025-02-15,CUST1250,Kathleen Davis,West,Mechanical Keyboard,Electronics,277.43,1.0,10.0,Cash on Delivery,Online
ORD103188,2024-11-13,CUST1411,Oscar Parker,East,Noise Cancelling Headphones,Electronics,257.92,3.0,5.0,UPI,In-Store
ORD102921,21/10/2025,CUST1739,Matthew Graves, North,27in Monitor,Electronics,279.45,1.0,10.0,UPI,Mobile App
ORD101869,2024-09-21,CUST1435,Sara Cochran,CENTRAL,Non-stick Pan Set,Home & Kitchen,80.04,5.0,,,Online
ORD100094,2025-08-21,CUST1766,Anna Lang,East ,Noise Cancelling Headphones,Electronics,30.92,2.0,5.0,PayPal,Online
ORD104071,2025-09-24,CUST1297,Austin Wheeler,East ,Wool Sweater,Apparel,55.7,1.0,0.0,UPI,In-Store
ORD103765,30/04/2024,CUST1651,Adam Brooks,Central,Whiteboard,Office Supplies,179.33,1.0,15.0,Credit Card,Mobile App
ORD101213,04-13-2024,CUST1179,Mary Gomez,East ,Cotton T-Shirt,Apparel,76.26,3.0,0.0,Debit Card,Online
ORD102780,2024-08-17,CUST1514,Michael Brown,north,Standing Desk,Office Supplies,18.81,1.0,0.0,PayPal,Mobile App
ORD103040,2024/05/03,CUST1886,Sandra Kennedy, North,Coffee Maker,Home & Kitchen,218.1,3.0,10.0,PayPal,In-Store
ORD103900,2025-02-27,CUST1026,Timothy Duncan,NORTH,Power Bank,Electronics,341.43,4.0,0.0,Cash on Delivery,Mobile App
ORD104941,2024-11-03,CUST1177,Eric Clark,NORTH,Dumbbell Set,Sports & Outdoors,63.24,3.0,0.0,UPI,In-Store
ORD104697,29/07/2025,CUST1376,Jackie Clements, South ,Yoga Pants,Apparel,34.7,2.0,15.0,Debit Card,In-Store
ORD103665,2024-07-04,CUST1842,Kevin Brown,north,Notebook Pack,Office Supplies,251.9,4.0,10.0,Debit Card,Online
ORD105539,05/04/2024,CUST1343,Catherine Saunders MD,central,Wool Sweater,Apparel,56.05,5.0,5.0,Debit Card,Mobile App
ORD105010,2024-02-26,CUST1135,Brooke Alexander,east,Bluetooth Speaker,Electronics,221.97,2.0,0.0,Debit Card,Online
ORD101848,02-04-2025,CUST1798,Mark Clark, North,Running Shoes,Apparel,113.1,1.0,10.0,UPI,Mobile App
ORD101000,2024-06-18,CUST1101,David Grant,central,Standing Desk,Office Supplies,156.38,1.0,0.0,PayPal,In-Store
ORD104193,29/11/2024,CUST1603,Donald Becker,East,Toaster,Home & Kitchen,148.59,1.0,10.0,Debit Card,In-Store
ORD101119,2025-06-08,CUST1061,Steven Flynn, West,Noise Cancelling Headphones,Electronics,206.62,3.0,15.0,Cash on Delivery,In-Store
ORD102497,12-03-2025,CUST1219,Stacey Stewart,CENTRAL,Vacuum Cleaner,Home & Kitchen,145.84,1.0,0.0,PayPal,In-Store
ORD101430,08/08/2024,CUST1834,Michelle Salazar,south,Air Fryer,Home & Kitchen,137.31,3.0,10.0,Cash on Delivery,Online
ORD103597,2024-06-09,CUST1713,Erin Daniels,East,Yoga Pants,Apparel,110.0,2.0,0.0,Debit Card,In-Store
ORD103405,2025-07-05,CUST1843,James Ellis, West,27in Monitor,Electronics,151.67,1.0,15.0,Credit Card,Mobile App
ORD101513,2024-11-05,CUST1206,Stacey Arias,Central,Smartwatch,Electronics,192.6,1.0,0.0,UPI,Mobile App
ORD100133,2025/04/05,CUST1781,Kevin Garrett,North,Running Shoes,Apparel,89.7,2.0,0.0,Debit Card,In-Store
ORD103865,2024-03-22,CUST1656,Diane Martinez,Central,Dumbbell Set,Sports & Outdoors,100.87,2.0,0.0,PayPal,Online
ORD102123,30/06/2025,CUST1838,Dominique Hamilton,west,Smartwatch,Electronics,445.95,1.0,15.0,Credit Card,Mobile App
ORD103948,28/03/2024,CUST1830,Donald Todd,east,Electric Kettle,Home & Kitchen,50.06,2.0,5.0,UPI,Online
ORD105316,2024-05-14,CUST1812,Matthew Rodriguez,East,Smartwatch,Electronics,268.83,1.0,0.0,UPI,Mobile App
ORD103430,22/01/2025,CUST1138,Melissa Garner,central,Vacuum Cleaner,Home & Kitchen,139.78,1.0,0.0,PayPal,In-Store
ORD103471,08-24-2025,CUST1819,Julian Ponce,SOUTH,USB-C Hub,Electronics,167.26,1.0,10.0,UPI,Mobile App
ORD105284,2025-02-07,CUST1571,Matthew Steele,East ,Standing Desk,Office Supplies,314.45,2.0,0.0,UPI,Mobile App
ORD101616,27/07/2025,CUST1181,Brian Smith,NORTH,Wireless Mouse,Electronics,220.23,1.0,0.0,PayPal,Online
ORD104208,2025-06-16,CUST1355,Charlotte Sandoval,NORTH,Dumbbell Set,Sports & Outdoors,14.77,2.0,0.0,PayPal,Online
ORD104443,2024-07-28,CUST1807,Angelica Jacobs, North,27in Monitor,Electronics,348.19,3.0,15.0,Cash on Delivery,In-Store
ORD104678,2024-02-26,CUST1603,Donald Becker,SOUTH,Running Shoes,Apparel,93.31,1.0,5.0,Cash on Delivery,Online
ORD103612,2024-06-16,CUST1828,Robert Simmons, West,Smartwatch,Electronics,116.13,2.0,5.0,Credit Card,In-Store
ORD105453,16/04/2025,CUST1231,Michele Lewis,South,Camping Tent,Sports & Outdoors,275.62,1.0,0.0,PayPal,In-Store
ORD103997,2024/01/25,CUST1342,Douglas Hartman, North,Rice Cooker,Home & Kitchen,136.52,1.0,0.0,Cash on Delivery,Mobile App
ORD104727,07/09/2025,CUST1732,Krystal Keller,east,Coffee Maker,Home & Kitchen,160.81,2.0,0.0,Debit Card,In-Store
ORD101202,2025-07-31,CUST1780,April Castro,north,Air Fryer,Home & Kitchen,182.74,3.0,5.0,Credit Card,Mobile App
ORD104982,2024-10-11,CUST1104,Brad Allen,South,Wool Sweater,Apparel,15.95,4.0,20.0,Credit Card,In-Store
ORD104708,2024-05-10,CUST1422,Richard Walker,south,USB-C Hub,Electronics,422.58,1.0,10.0,PayPal,In-Store
ORD100277,2024/01/20,CUST1821,Nathan Watkins,East ,Toaster,Home & Kitchen,59.89,4.0,0.0,PayPal,In-Store
ORD101344,12/11/2024,CUST1813,,south,Vacuum Cleaner,Home & Kitchen,78.73,2.0,,,Online
ORD105986,2025-09-13,CUST1632,James Thomas,south,Power Bank,Electronics,129.05,4.0,10.0,Cash on Delivery,Mobile App
ORD102810,2025/08/31,CUST1312,Alexis Tran,Central,Water Bottle,Sports & Outdoors,217.21,2.0,10.0,PayPal,In-Store
ORD105991,2025-06-28,CUST1847,Cindy Wells,South,Portable SSD 1TB,Electronics,26.32,1.0,0.0,Debit Card,Mobile App
ORD104901,2025-10-03,CUST1219,Stacey Stewart,east,Cotton T-Shirt,Apparel,78.05,4.0,5.0,Credit Card,In-Store
ORD105179,2025-10-31,CUST1754,David Hayes DVM,East,27in Monitor,Electronics,447.44,4.0,0.0,UPI,Online
ORD103815,2024-12-12,CUST1781,Kevin Garrett, South ,Dumbbell Set,Sports & Outdoors,273.55,1.0,5.0,UPI,Mobile App
ORD102028,2025-05-10,CUST1604,Justin Webb,South,Standing Desk,Office Supplies,338.44,1.0,0.0,UPI,Online
ORD100348,06/05/2025,CUST1779,Lisa Dixon,South,USB-C Hub,Electronics,239.15,2.0,0.0,UPI,Mobile App
ORD102475,02-24-2025,CUST1104,Brad Allen,east,Standing Desk,Office Supplies,344.56,1.0,0.0,Debit Card,Online
ORD100587,06-13-2024,CUST1593,Kayla Jackson, North,27in Monitor,Electronics,103.53,1.0,0.0,Cash on Delivery,Online
ORD100087,2024-03-16,CUST1693,Nicole Johnston,east,Webcam HD,Electronics,308.41,4.0,0.0,PayPal,Mobile App
ORD100655,22/05/2025,CUST1442,Patricia Bradley, West,Wool Sweater,Apparel,20.35,1.0,20.0,Cash on Delivery,Mobile App
ORD102306,2025/03/20,CUST1852,Mrs. Maureen Martin DDS,west,Water Bottle,Sports & Outdoors,200.62,4.0,0.0,PayPal,Mobile App
ORD105988,08/11/2025,CUST1072,Alicia Gilmore,CENTRAL,Power Bank,Electronics,318.72,1.0,,,In-Store
ORD102644,21/12/2025,CUST1644,Luke Miller, West,Smartwatch,Electronics,143.33,5.0,0.0,UPI,Mobile App
ORD101282,2024-09-12,CUST1203,Douglas Reyes,Central,Bluetooth Speaker,Electronics,206.36,2.0,,,In-Store
ORD104109,2024-02-28,CUST1879,Dustin Bell,Central,Blender,Home & Kitchen,153.87,2.0,10.0,UPI,Online
ORD102483,2025-12-11,CUST1685,William Lewis,west,Desk Lamp,Office Supplies,225.42,1.0,5.0,PayPal,Online
ORD101852,27/12/2025,CUST1323,Adam Jackson, North,Dumbbell Set,Sports & Outdoors,154.74,1.0,15.0,UPI,Online
ORD105504,2025-10-06,CUST1347,Robin Wheeler,CENTRAL,Running Shoes,Apparel,28.07,1.0,0.0,Cash on Delivery,Online
ORD101438,2025/01/12,CUST1841,Erika Garcia, West,Mechanical Keyboard,Electronics,308.49,1.0,0.0,Cash on Delivery,Mobile App
ORD101828,26/11/2025,CUST1297,Austin Wheeler,NORTH,Blender,Home & Kitchen,91.41,3.0,0.0,Debit Card,Mobile App
ORD102109,26/02/2024,CUST1642,David Manning, West,Wool Sweater,Apparel,48.22,1.0,5.0,Cash on Delivery,In-Store
ORD104825,21/02/2025,CUST1451,Colton Terry,east,Mechanical Keyboard,Electronics,141.34,2.0,,Cash on Delivery,In-Store
ORD100690,2025-05-31,CUST1504,Lisa Haynes,East,Coffee Maker,Home & Kitchen,30.38,1.0,0.0,Credit Card,In-Store
ORD105901,18/02/2024,CUST1340,Erin Cook,west,Yoga Mat,Sports & Outdoors,29.33,1.0,0.0,Credit Card,Online
ORD105649,2024-06-27,CUST1335,Linda Mueller,south,Smartwatch,Electronics,265.69,4.0,15.0,Cash on Delivery,Online
ORD102006,2025-11-04,CUST1829,Erica Oconnell, North,Desk Lamp,Office Supplies,316.0,1.0,5.0,Debit Card,Mobile App
ORD103586,2025-04-08,CUST1412,Valerie Thomas,NORTH,USB-C Hub,Electronics,393.08,1.0,5.0,Debit Card,Mobile App
ORD101157,2025-08-02,CUST1574,Mr. Matthew Miller,NORTH,Denim Jacket,Apparel,77.06,2.0,5.0,Cash on Delivery,Mobile App
ORD105085,23/04/2025,CUST1402,Carol Moore, West,Noise Cancelling Headphones,Electronics,270.99,4.0,0.0,Cash on Delivery,Mobile App
ORD105373,2025-12-23,CUST1058,Erika Terry,NORTH,Air Fryer,Home & Kitchen,33.45,1.0,10.0,Debit Card,Mobile App
ORD104268,2025-08-14,CUST1662,Kelly King, West,Water Bottle,Sports & Outdoors,88.63,1.0,5.0,UPI,Mobile App
ORD105668,04/10/2024,CUST1134,David Scott,south,Wool Sweater,Apparel,57.66,2.0,10.0,UPI,Online
ORD102860,07-16-2025,CUST1552,Michael Griffin,north,Water Bottle,Sports & Outdoors,85.42,1.0,0.0,PayPal,Online
ORD103369,2025-10-31,CUST1435,Sara Cochran,central,Power Bank,Electronics,27.4,4.0,15.0,Debit Card,Mobile App
ORD104054,2024-12-15,CUST1215,James Burgess,NORTH,Toaster,Home & Kitchen,180.99,3.0,0.0,UPI,Online
ORD104028,2024/02/18,CUST1110,David Davis,Central,Running Shoes,Apparel,76.37,1.0,5.0,Cash on Delivery,In-Store
ORD103356,2025/09/05,CUST1163,Larry Garcia, North,Power Bank,Electronics,149.15,2.0,10.0,Debit Card,Mobile App
ORD105427,01-25-2025,CUST1894,Richard Jenkins,West,Mechanical Keyboard,Electronics,125.98,1.0,5.0,Cash on Delivery,Mobile App
ORD105328,10/10/2025,CUST1720,Jacqueline Christian,CENTRAL,Webcam HD,Electronics,68.11,5.0,0.0,Debit Card,Mobile App
ORD100847,2024-04-18,CUST1811,Robert Thompson,North,Camping Tent,Sports & Outdoors,83.52,1.0,20.0,PayPal,Mobile App
ORD104209,2025-09-05,CUST1319,Megan Drake,central,Dumbbell Set,Sports & Outdoors,36.3,1.0,0.0,Debit Card,Mobile App
ORD100669,2025/10/08,CUST1588,Karen Mendoza,north,USB-C Hub,Electronics,209.48,1.0,0.0,Cash on Delivery,In-Store
ORD103731,2024-01-21,CUST1144,Brenda Levy,South,Webcam HD,Electronics,67.64,1.0,0.0,Credit Card,In-Store
ORD105266,2024-01-19,CUST1009,Joel Nelson,north,Non-stick Pan Set,Home & Kitchen,193.52,1.0,5.0,Cash on Delivery,Mobile App
ORD104063,2025-01-30,CUST1090,Robert Peterson, South ,Desk Lamp,Office Supplies,253.93,3.0,0.0,Debit Card,Mobile App
ORD103343,2024/07/27,CUST1113,Shannon Rivera,South,Wireless Mouse,Electronics,425.05,1.0,0.0,Cash on Delivery,Online
ORD100844,2024-06-29,CUST1189,Julie Spencer,east,Notebook Pack,Office Supplies,60.43,1.0,10.0,UPI,Mobile App
ORD105342,2025-05-13,CUST1479,Judy Robinson,west,Ergonomic Chair,Office Supplies,31.63,1.0,0.0,PayPal,Online
ORD101724,27/12/2025,CUST1197,Susan Davis DDS, South ,Portable SSD 1TB,Electronics,348.72,1.0,0.0,PayPal,In-Store
ORD105909,10/05/2025,CUST1871,Joshua Martin, West,Webcam HD,Electronics,227.5,1.0,0.0,PayPal,Mobile App
ORD102700,2025-07-30,CUST1434,Suzanne Johnson,West,Denim Jacket,Apparel,57.03,1.0,15.0,Debit Card,Online
ORD105816,2024-02-21,CUST1122,Mary Grimes,West,Webcam HD,Electronics,182.27,1.0,5.0,Cash on Delivery,Mobile App
ORD104543,01-25-2025,CUST1820,Heather Miller, West,Notebook Pack,Office Supplies,55.57,1.0,0.0,PayPal,Online
ORD101702,08-07-2025,CUST1679,Laura Meza,east,Noise Cancelling Headphones,Electronics,99.17,2.0,0.0,UPI,Mobile App
ORD102102,2024-07-25,CUST1535,Denise Stuart,CENTRAL,Smartwatch,Electronics,407.23,2.0,10.0,Cash on Delivery,Mobile App
ORD103243,2024-03-29,CUST1331,Henry Pugh MD,East ,Whiteboard,Office Supplies,132.48,2.0,0.0,PayPal,In-Store
ORD102047,2025-02-01,CUST1006,Shannon Ray,west,Notebook Pack,Office Supplies,15.59,1.0,0.0,Credit Card,In-Store
ORD105307,02/06/2024,CUST1140,Patricia Becker,NORTH,Whiteboard,Office Supplies,276.81,1.0,0.0,PayPal,Online
ORD102576,2024-04-22,CUST1730,Susan Hogan,CENTRAL,Yoga Pants,Apparel,115.9,4.0,15.0,UPI,In-Store
ORD102108,11-26-2025,CUST1175,Lawrence Perry,East,Running Shoes,Apparel,62.28,2.0,0.0,Credit Card,Online
ORD100912,2024-12-20,CUST1308,Autumn Key, West,Wireless Mouse,Electronics,54.52,1.0,0.0,Cash on Delivery,In-Store
ORD103567,2024/10/22,CUST1789,Blake Wu,East ,Cycling Helmet,Sports & Outdoors,281.82,1.0,0.0,Cash on Delivery,Online
ORD103804,2024-09-23,CUST1101,David Grant,East,Noise Cancelling Headphones,Electronics,225.68,1.0,0.0,Cash on Delivery,Online
ORD103490,10-10-2025,CUST1224,Mitchell Jackson,CENTRAL,Electric Kettle,Home & Kitchen,135.32,1.0,0.0,PayPal,Online
ORD100593,14/04/2024,CUST1410,Makayla Steele,NORTH,Portable SSD 1TB,Electronics,247.13,2.0,5.0,Debit Card,Online
ORD105153,2024-05-22,CUST1897,Tracy Jackson,SOUTH,Yoga Pants,Apparel,85.03,2.0,0.0,UPI,In-Store
ORD100845,2024-03-12,CUST1703,Alicia Aguilar,NORTH,Webcam HD,Electronics,33.95,1.0,5.0,UPI,Online
ORD105854,2025-12-22,CUST1836,Julie Sims,west,Denim Jacket,Apparel,24.77,1.0,15.0,Cash on Delivery,Online
ORD103917,2025-07-19,CUST1719,Michael Howard,Central,27in Monitor,Electronics,282.13,2.0,0.0,UPI,Online
ORD102392,2025-02-05,CUST1458,Joseph Camacho,CENTRAL,27in Monitor,Electronics,364.33,1.0,0.0,PayPal,In-Store
ORD104616,2025-02-16,CUST1170,Renee Bruce,north,Yoga Pants,Apparel,89.58,2.0,0.0,Credit Card,Mobile App
ORD100696,2025/11/09,CUST1463,Donald Ellis, West,Cotton T-Shirt,Apparel,107.81,4.0,0.0,PayPal,Online
ORD100757,28/02/2025,CUST1533,Mr. Thomas Thompson,West,Notebook Pack,Office Supplies,55.65,1.0,10.0,PayPal,Online
ORD100832,2024-05-13,CUST1565,Andrew Armstrong, West,Water Bottle,Sports & Outdoors,108.27,1.0,10.0,PayPal,Mobile App
ORD100644,2025-05-02,CUST1456,Jeremiah Baker,east,Cotton T-Shirt,Apparel,84.88,3.0,15.0,Cash on Delivery,In-Store
ORD101936,2024-05-10,CUST1755,Paula Gentry,north,Yoga Pants,Apparel,100.85,-2.0,5.0,Debit Card,In-Store
ORD101145,15/08/2024,CUST1145,Richard Smith,north,Coffee Maker,Home & Kitchen,213.26,5.0,10.0,Debit Card,Mobile App
ORD100074,02/01/2024,CUST1885,Justin Ford,central,Mechanical Keyboard,Electronics,158.67,1.0,0.0,Cash on Delivery,In-Store
ORD102323,2024/06/26,CUST1692,Karl Murphy,south,Camping Tent,Sports & Outdoors,275.34,2.0,10.0,Debit Card,In-Store
ORD104039,2025-08-10,CUST1241,Denise Weber,NORTH,Webcam HD,Electronics,375.49,3.0,5.0,Cash on Delivery,Mobile App
ORD100308,2025-01-30,CUST1092,Alan Phillips, West,Cotton T-Shirt,Apparel,32.17,4.0,0.0,Cash on Delivery,Online
ORD104027,2025-07-14,CUST1853,Jennifer Clarke,west,Webcam HD,Electronics,121.86,3.0,10.0,PayPal,In-Store
ORD101678,15/01/2025,CUST1610,Tara Holmes,NORTH,Vacuum Cleaner,Home & Kitchen,121.61,3.0,0.0,UPI,In-Store
ORD100687,2025-02-28,CUST1348,Matthew Williams,North,Smartwatch,Electronics,282.91,1.0,0.0,Cash on Delivery,In-Store
ORD104500,20/06/2024,CUST1218,Chad Baldwin, North,Standing Desk,Office Supplies,224.9,2.0,0.0,PayPal,In-Store
ORD100026,2025-01-13,CUST1070,Chris Reyes, North,Yoga Mat,Sports & Outdoors,166.84,2.0,15.0,UPI,Mobile App
ORD103229,2024-05-23,CUST1528,Jacqueline Rodriguez, South ,Bluetooth Speaker,Electronics,90.21,2.0,0.0,Cash on Delivery,Online
ORD102917,2025-07-22,CUST1223,Samantha Gardner,CENTRAL,Cotton T-Shirt,Apparel,91.84,4.0,10.0,UPI,In-Store
ORD104859,2025-08-18,CUST1423,Angela Willis,west,Cotton T-Shirt,Apparel,38.17,2.0,0.0,Credit Card,Online
ORD105079,2025-10-02,CUST1828,Robert Simmons,West,Ergonomic Chair,Office Supplies,275.0,2.0,0.0,Debit Card,Mobile App
ORD102113,2024-03-22,CUST1701,Robert Torres,Central,Rice Cooker,Home & Kitchen,102.2,2.0,0.0,Cash on Delivery,In-Store
ORD103170,2024-02-23,CUST1221,Jessica Ross,west,Electric Kettle,Home & Kitchen,150.62,1.0,0.0,Debit Card,In-Store
ORD102341,2025/04/30,CUST1799,James Turner,North,Air Fryer,Home & Kitchen,28.55,1.0,0.0,UPI,Online
ORD100353,2024/06/30,CUST1198,Ralph Lee,East ,Water Bottle,Sports & Outdoors,229.47,2.0,0.0,Credit Card,Online
ORD104749,28/07/2025,CUST1135,Brooke Alexander,south,Running Shoes,Apparel,108.69,1.0,0.0,Cash on Delivery,Online
ORD100151,18/12/2025,CUST1728,Ashley Osborne,south,Coffee Maker,Home & Kitchen,130.0,1.0,10.0,PayPal,Mobile App
ORD101318,11/01/2025,CUST1247,Kayla Rodriguez,East,Air Fryer,Home & Kitchen,98.76,1.0,15.0,PayPal,In-Store
ORD105271,04-20-2025,CUST1870,Jacob Harris,south,Denim Jacket,Apparel,33.39,1.0,5.0,PayPal,Online
ORD100904,2024/07/29,CUST1319,Megan Drake, West,Webcam HD,Electronics,433.8,1.0,0.0,UPI,In-Store
ORD103883,18/06/2024,CUST1333,Emily Rodriguez,east,Bluetooth Speaker,Electronics,364.01,1.0,15.0,UPI,Online
ORD101354,2025-08-16,CUST1836,Julie Sims,South,Bluetooth Speaker,Electronics,379.79,1.0,0.0,PayPal,Online
ORD100048,13/07/2025,CUST1551,Daniel Goodwin,SOUTH,Air Fryer,Home & Kitchen,208.55,1.0,10.0,Debit Card,In-Store
ORD101691,2024-08-28,CUST1699,Jessica Glass,CENTRAL,Non-stick Pan Set,Home & Kitchen,213.27,1.0,0.0,Debit Card,Mobile App
ORD102098,01-20-2024,CUST1586,Brenda Martin,West,Air Fryer,Home & Kitchen,134.61,1.0,0.0,Cash on Delivery,Mobile App
ORD101476,29/11/2025,CUST1408,Eddie Mueller,West,Air Fryer,Home & Kitchen,178.11,2.0,5.0,Debit Card,In-Store
ORD103707,04-06-2025,CUST1034,Lauren Daniels,central,Desk Lamp,Office Supplies,338.43,4.0,0.0,UPI,Online
ORD100950,2024-01-29,CUST1833,Devin Cole,NORTH,Vacuum Cleaner,Home & Kitchen,98.24,2.0,0.0,Credit Card,Mobile App
ORD101135,12-23-2024,CUST1161,Katherine Browning,south,Standing Desk,Office Supplies,320.62,1.0,0.0,Credit Card,In-Store
ORD101974,2024-06-21,CUST1079,Mrs. Marie Harrington DDS, South ,Water Bottle,Sports & Outdoors,173.38,1.0,10.0,PayPal,In-Store
ORD101168,28/02/2025,CUST1494,Jeffrey Jordan,CENTRAL,Electric Kettle,Home & Kitchen,49.08,1.0,10.0,Cash on Delivery,Online
ORD100799,2024-01-21,CUST1415,Samuel Howe,West,Bluetooth Speaker,Electronics,51.99,4.0,10.0,Cash on Delivery,Mobile App
ORD102184,07-27-2024,CUST1809,Tammy Hill,West,Bluetooth Speaker,Electronics,359.56,1.0,0.0,Credit Card,Mobile App
ORD103790,2024-06-16,CUST1319,Megan Drake,East,Yoga Pants,Apparel,21.65,4.0,10.0,Cash on Delivery,Mobile App
ORD100375,2025-01-02,CUST1753,Richard Parker,Central,Blender,Home & Kitchen,133.27,2.0,10.0,UPI,Online
ORD105326,2025-11-15,CUST1411,Oscar Parker,east,Yoga Mat,Sports & Outdoors,278.3,4.0,0.0,Debit Card,Online
ORD103370,2024/08/05,CUST1870,Jacob Harris,East,Cotton T-Shirt,Apparel,69.34,2.0,0.0,Debit Card,Mobile App
ORD102895,2024-11-26,CUST1734,Toni Smith,North,Bluetooth Speaker,Electronics,374.29,1.0,15.0,Debit Card,Online
ORD103598,17/04/2024,CUST1500,Mrs. Alison Wagner,West,Webcam HD,Electronics,38.86,2.0,0.0,Debit Card,Online
ORD104026,2024-01-02,CUST1336,Misty Hansen,West,Bluetooth Speaker,Electronics,352.8,1.0,0.0,PayPal,Mobile App
ORD103437,05-15-2025,CUST1634,Brett Martin, North,Standing Desk,Office Supplies,108.7,3.0,10.0,PayPal,In-Store
ORD104290,12-20-2025,CUST1528,Jacqueline Rodriguez,west,Noise Cancelling Headphones,Electronics,372.57,1.0,0.0,Credit Card,Online
ORD101072,29/04/2024,CUST1856,Susan Cox,West,Blender,Home & Kitchen,210.07,1.0,15.0,Cash on Delivery,In-Store
ORD102623,2024-04-21,CUST1234,Michelle Ho,south,Wool Sweater,Apparel,118.42,4.0,5.0,Credit Card,Online
ORD104363,2025-01-22,CUST1806,Manuel Brown,central,Standing Desk,Office Supplies,157.09,2.0,0.0,UPI,Mobile App
ORD101673,2025-06-28,CUST1682,Erika Watson PhD, North,Water Bottle,Sports & Outdoors,284.8,5.0,0.0,Debit Card,In-Store
ORD103178,26/11/2025,CUST1273,Matthew Velez, West,Denim Jacket,Apparel,76.77,1.0,5.0,UPI,Mobile App
ORD101569,2024-09-11,CUST1212,Jose Allen,NORTH,Portable SSD 1TB,Electronics,58.41,2.0,0.0,Debit Card,Online
ORD104838,2025-10-25,CUST1145,Richard Smith,west,Portable SSD 1TB,Electronics,404.34,2.0,0.0,Credit Card,Mobile App
ORD105540,2024/11/07,CUST1491,Brittany Gay,North,Blender,Home & Kitchen,35.31,1.0,15.0,Debit Card,Online
ORD105228,03-24-2025,CUST1114,Brandon King,SOUTH,Denim Jacket,Apparel,28.22,2.0,5.0,PayPal,Online
ORD104581,2025-12-26,CUST1716,Ryan Thomas,west,Rice Cooker,Home & Kitchen,85.15,1.0,0.0,Debit Card,Online
ORD102076,07/09/2024,CUST1014,Rebecca Henderson,East,Power Bank,Electronics,418.55,3.0,10.0,Debit Card,Mobile App
ORD105601,2024-10-25,CUST1078,Trevor Fisher,West,Webcam HD,Electronics,430.6,1.0,10.0,Credit Card,Mobile App
ORD101540,2024-06-25,CUST1067,Jessica Meadows, West,Notebook Pack,Office Supplies,205.22,1.0,0.0,Cash on Delivery,Mobile App
ORD102485,2025-11-25,CUST1471,Samantha Robertson,North,Wireless Mouse,Electronics,106.16,3.0,0.0,Credit Card,Online
ORD101599,2024-04-05,CUST1193,Rachel Holland,east,Dumbbell Set,Sports & Outdoors,217.88,1.0,0.0,Debit Card,Mobile App
ORD105024,19/01/2024,CUST1296,Shaun Cannon,west,Smartwatch,Electronics,92.53,1.0,0.0,Cash on Delivery,Mobile App
ORD105960,2025-12-08,CUST1523,Jillian Wilson,south,Noise Cancelling Headphones,Electronics,280.83,2.0,0.0,UPI,Online
ORD100843,2025-02-08,CUST1595,Chase Davis,south,Yoga Pants,Apparel,36.65,1.0,5.0,Debit Card,Mobile App
ORD103003,2024/02/22,CUST1507,Daniel Fitzpatrick MD, South ,Denim Jacket,Apparel,69.04,1.0,0.0,PayPal,In-Store
ORD101446,2025-01-02,CUST1415,,East,Cycling Helmet,Sports & Outdoors,187.68,1.0,,,In-Store
ORD102408,2025-05-06,CUST1023,Jessica Holmes,north,Rice Cooker,Home & Kitchen,103.98,1.0,20.0,PayPal,Online
ORD101396,19/08/2024,CUST1062,Frances Cardenas,NORTH,USB-C Hub,Electronics,108.24,1.0,5.0,Credit Card,Online
ORD104921,2024-10-09,CUST1153,Samantha Davis, North,Coffee Maker,Home & Kitchen,184.45,1.0,0.0,UPI,In-Store
ORD102673,2025/04/04,CUST1109,Kathryn Snyder,Central,Non-stick Pan Set,Home & Kitchen,108.98,2.0,5.0,Cash on Delivery,Online
ORD104907,19/08/2025,CUST1449,Kimberly Villanueva,North,Denim Jacket,Apparel,20.79,2.0,5.0,Cash on Delivery,Mobile App
ORD102307,2025/06/04,CUST1537,Miguel Parks,east,USB-C Hub,Electronics,37.45,2.0,0.0,PayPal,Online
ORD100974,2024-05-05,CUST1759,Stephen Garcia,east,27in Monitor,Electronics,412.62,3.0,5.0,Debit Card,Online
ORD100574,2025-01-25,CUST1204,David Davidson,West,Vacuum Cleaner,Home & Kitchen,102.9,2.0,0.0,UPI,Online
ORD103242,13/09/2024,CUST1173,Cindy Barnes,CENTRAL,Whiteboard,Office Supplies,246.43,5.0,0.0,PayPal,Online
ORD103113,2024/10/16,CUST1689,Susan Larson,south,Water Bottle,Sports & Outdoors,208.54,1.0,0.0,Credit Card,In-Store
ORD101190,17/10/2025,CUST1507,Daniel Fitzpatrick MD,north,USB-C Hub,Electronics,404.25,2.0,0.0,Credit Card,In-Store
ORD101061,2025/02/11,CUST1625,Phillip Dixon,South,Power Bank,Electronics,100.72,1.0,5.0,Debit Card,Online
ORD100946,2025-12-05,CUST1824,Judy Gregory,Central,USB-C Hub,Electronics,152.88,1.0,0.0,Credit Card,Online
ORD100251,2024-05-23,CUST1439,Eric Taylor,west,Mechanical Keyboard,Electronics,84.51,1.0,0.0,Credit Card,Online
ORD105605,2025-01-19,CUST1763,Amber Johnson,East ,Bluetooth Speaker,Electronics,135.89,2.0,20.0,Debit Card,Mobile App
ORD105546,22/11/2025,CUST1443,Keith Zuniga,east,Running Shoes,Apparel,59.34,1.0,0.0,UPI,In-Store
ORD104215,24/04/2025,CUST1347,Robin Wheeler,east,Air Fryer,Home & Kitchen,144.1,3.0,0.0,UPI,In-Store
ORD101820,2024-11-19,CUST1590,Christopher Nielsen,NORTH,Cycling Helmet,Sports & Outdoors,193.52,1.0,0.0,UPI,In-Store
ORD102818,2024-05-21,CUST1213,Jason Beck,East ,Toaster,Home & Kitchen,151.69,2.0,0.0,PayPal,In-Store
ORD104325,2025-06-09,CUST1109,Kathryn Snyder,CENTRAL,Toaster,Home & Kitchen,88.09,2.0,10.0,Credit Card,Mobile App
ORD100220,2025-01-08,CUST1836,Julie Sims, South ,Wool Sweater,Apparel,116.62,3.0,10.0,Cash on Delivery,Online
ORD105091,2025-03-26,CUST1748,Keith Choi,SOUTH,Wireless Mouse,Electronics,174.83,2.0,0.0,Credit Card,Mobile App
ORD100792,2024-11-07,CUST1870,Jacob Harris,West,Desk Lamp,Office Supplies,43.09,1.0,15.0,Debit Card,Mobile App
ORD104479,2025/07/06,CUST1374,Sandra Juarez,north,Ergonomic Chair,Office Supplies,323.75,1.0,0.0,UPI,Mobile App
ORD102965,04/09/2025,CUST1133,Bob Pitts,North,Running Shoes,Apparel,28.04,1.0,5.0,UPI,In-Store
ORD102638,2025-06-27,CUST1129,Stacy Freeman,north,Water Bottle,Sports & Outdoors,291.2,2.0,,Debit Card,Online
ORD105720,2025-11-29,CUST1006,Shannon Ray, North,Toaster,Home & Kitchen,107.52,5.0,5.0,PayPal,In-Store
ORD105572,2024-06-15,CUST1625,Phillip Dixon,central,Blender,Home & Kitchen,168.03,1.0,5.0,Debit Card,Online
ORD103919,02-01-2025,CUST1735,Lisa Snyder, West,Cotton T-Shirt,Apparel,106.06,1.0,20.0,PayPal,Mobile App
ORD105846,2025-04-20,CUST1145,Richard Smith,NORTH,Bluetooth Speaker,Electronics,286.57,1.0,5.0,UPI,Online
ORD104959,2025-04-22,CUST1682,Erika Watson PhD, North,Dumbbell Set,Sports & Outdoors,133.09,3.0,,,Online
ORD105202,2025-10-20,CUST1892,Carol Morris,South,Running Shoes,Apparel,112.05,4.0,0.0,UPI,In-Store
ORD101613,2024/09/29,CUST1738,Thomas Williams,central,Wool Sweater,Apparel,20.61,2.0,10.0,Credit Card,Mobile App
ORD103693,13/03/2024,CUST1794,Richard King,East,27in Monitor,Electronics,71.26,4.0,0.0,PayPal,In-Store
ORD104989,2024-12-13,CUST1568,Tara Gamble,CENTRAL,Electric Kettle,Home & Kitchen,84.75,1.0,15.0,Credit Card,Mobile App
ORD103281,06/01/2025,CUST1282,Melissa Brown,east,Denim Jacket,Apparel,108.12,1.0,0.0,Credit Card,Mobile App
ORD105302,2025/09/05,CUST1400,Patricia Johnson, West,Yoga Pants,Apparel,36.37,4.0,0.0,PayPal,Online
ORD104313,31/12/2024,CUST1531,Leah Barton,South,Vacuum Cleaner,Home & Kitchen,112.34,2.0,5.0,UPI,Mobile App
ORD101176,2025/10/26,CUST1855,Rebecca French,south,Noise Cancelling Headphones,Electronics,335.41,2.0,0.0,Credit Card,In-Store
ORD102529,2025-01-01,CUST1777,Jean Lane,NORTH,Desk Lamp,Office Supplies,33.72,3.0,0.0,Cash on Delivery,Mobile App
ORD100972,2025-12-31,CUST1879,Dustin Bell,west,Webcam HD,Electronics,423.81,1.0,0.0,PayPal,Mobile App
ORD103645,2024-04-15,CUST1661,Vickie Kennedy,east,Water Bottle,Sports & Outdoors,179.18,1.0,10.0,Debit Card,In-Store
ORD102481,08/06/2024,CUST1418,John Phelps,East ,Notebook Pack,Office Supplies,293.17,1.0,0.0,Cash on Delivery,In-Store
ORD100775,11/12/2024,CUST1497,James Chapman, North,Running Shoes,Apparel,25.17,2.0,0.0,PayPal,In-Store
ORD105397,2024-04-05,CUST1186,Justin Riley, West,Yoga Mat,Sports & Outdoors,58.28,2.0,0.0,Cash on Delivery,Mobile App
ORD105261,11-10-2024,CUST1515,Meghan White, West,Webcam HD,Electronics,273.58,1.0,5.0,PayPal,In-Store
ORD103412,06/11/2025,CUST1765,Michelle Lambert,SOUTH,Webcam HD,Electronics,249.0,1.0,0.0,Debit Card,In-Store
ORD104705,2025-01-01,CUST1481,Brian Brown, North,Whiteboard,Office Supplies,285.12,2.0,0.0,PayPal,In-Store
ORD103701,09-17-2024,CUST1824,Judy Gregory, West,Wool Sweater,Apparel,93.95,1.0,0.0,UPI,Online
ORD104547,2025/10/28,CUST1708,Thomas Torres, South ,Cycling Helmet,Sports & Outdoors,63.41,4.0,0.0,Debit Card,Online
ORD105673,2024-08-22,CUST1687,Kevin Hall,North,Cycling Helmet,Sports & Outdoors,237.6,1.0,10.0,Credit Card,In-Store
ORD100439,15/10/2025,CUST1764,Michael Vance,west,Yoga Pants,Apparel,80.66,1.0,0.0,UPI,Mobile App
ORD104850,2024-12-03,CUST1113,Shannon Rivera,east,Blender,Home & Kitchen,157.86,1.0,0.0,UPI,In-Store
ORD104256,2025-04-06,CUST1307,Claire Clark, North,Denim Jacket,Apparel,100.61,1.0,5.0,Cash on Delivery,Online
ORD102237,2024-09-11,CUST1225,Heather Bolton, South ,USB-C Hub,Electronics,232.34,5.0,20.0,PayPal,Mobile App
ORD100457,13/04/2025,CUST1190,Larry Mason,South,Cycling Helmet,Sports & Outdoors,293.26,1.0,0.0,Credit Card,Online
ORD103037,13/11/2025,CUST1864,Dorothy Brown,east,Dumbbell Set,Sports & Outdoors,210.8,2.0,10.0,UPI,In-Store
ORD104308,2024-05-21,CUST1241,Denise Weber,East,USB-C Hub,Electronics,431.39,1.0,5.0,Cash on Delivery,Online
ORD102150,19/02/2025,CUST1046,Sandra Aguilar,East,Wireless Mouse,Electronics,231.5,2.0,5.0,PayPal,In-Store
ORD104502,2025-03-25,CUST1556,Austin Santiago,South,Standing Desk,Office Supplies,29.29,2.0,15.0,Cash on Delivery,In-Store
ORD104762,12/11/2024,CUST1391,Jonathan Wheeler,North,Vacuum Cleaner,Home & Kitchen,59.59,4.0,0.0,Cash on Delivery,Mobile App
ORD102110,2024-11-17,CUST1430,Devin Johnson,NORTH,Desk Lamp,Office Supplies,207.51,2.0,0.0,Cash on Delivery,Online
ORD104446,2025-11-04,CUST1362,Melissa Brewer,north,Standing Desk,Office Supplies,179.09,1.0,10.0,Cash on Delivery,In-Store
ORD104458,2025-12-06,CUST1877,Tina Daugherty, North,Smartwatch,Electronics,94.4,1.0,0.0,UPI,Mobile App
ORD102805,2024/08/13,CUST1508,Maureen Hernandez,Central,Ergonomic Chair,Office Supplies,214.33,1.0,10.0,UPI,Mobile App
ORD103791,2024-05-17,CUST1693,Nicole Johnston,East,Bluetooth Speaker,Electronics,239.02,1.0,0.0,PayPal,Online
ORD102445,2024-03-16,CUST1638,Dustin Welch,CENTRAL,Desk Lamp,Office Supplies,128.18,2.0,10.0,Credit Card,In-Store
ORD105613,27/08/2025,CUST1775,Brian Cervantes,East,Bluetooth Speaker,Electronics,354.2,1.0,5.0,Cash on Delivery,In-Store
ORD104273,2025-01-15,CUST1034,Lauren Daniels,NORTH,Power Bank,Electronics,234.48,1.0,15.0,Debit Card,Mobile App
ORD100440,2025-09-06,CUST1673,Brent Hopkins, South ,Running Shoes,Apparel,32.51,1.0,0.0,PayPal,In-Store
ORD104061,2024-08-28,CUST1297,Austin Wheeler,Central,Toaster,Home & Kitchen,74.82,5.0,0.0,Cash on Delivery,In-Store
ORD100532,2024/02/10,CUST1207,Zachary Brooks, West,Non-stick Pan Set,Home & Kitchen,36.09,1.0,0.0,Debit Card,In-Store
ORD105165,2025-06-13,CUST1296,Shaun Cannon,North,Portable SSD 1TB,Electronics,216.0,1.0,5.0,Debit Card,In-Store
ORD104200,2025-08-18,CUST1450,Jessica Valdez,West,Yoga Pants,Apparel,81.75,5.0,0.0,Cash on Delivery,Online
ORD100258,2025-06-19,CUST1508,Maureen Hernandez,West,USB-C Hub,Electronics,75.76,2.0,,,Online
ORD100618,09/11/2025,CUST1035,Kim Brown,CENTRAL,Non-stick Pan Set,Home & Kitchen,184.27,1.0,,,Mobile App
ORD103583,2024/01/15,CUST1215,James Burgess,east,Running Shoes,Apparel,92.57,1.0,0.0,Cash on Delivery,Online
ORD104341,2024/07/10,CUST1243,Travis Wise,south,Yoga Mat,Sports & Outdoors,107.08,1.0,15.0,PayPal,In-Store
ORD105311,2024-11-02,CUST1639,Logan Sullivan, West,Coffee Maker,Home & Kitchen,205.74,1.0,0.0,UPI,Mobile App
ORD104037,2025/08/22,CUST1046,Sandra Aguilar,south,Running Shoes,Apparel,84.78,1.0,0.0,UPI,In-Store
ORD102072,02-28-2025,CUST1208,Raven Taylor,East,Standing Desk,Office Supplies,320.63,1.0,15.0,Cash on Delivery,Mobile App
ORD102505,2024-02-15,CUST1833,Devin Cole,SOUTH,Yoga Pants,Apparel,56.45,1.0,5.0,Debit Card,In-Store
ORD102806,2024-07-31,CUST1784,Katelyn Kim, West,Vacuum Cleaner,Home & Kitchen,157.4,2.0,0.0,Cash on Delivery,Online
ORD103479,2024-01-26,CUST1289,Jose Bryant,north,Whiteboard,Office Supplies,24.21,1.0,10.0,Credit Card,Mobile App
ORD101959,05/11/2025,CUST1407,John Campbell, North,Rice Cooker,Home & Kitchen,47.0,3.0,0.0,Debit Card,In-Store
ORD104499,2025-12-29,CUST1588,Karen Mendoza,west,Webcam HD,Electronics,294.3,1.0,5.0,Debit Card,In-Store
ORD101503,2024-08-08,CUST1064,Michael Snyder,West,USB-C Hub,Electronics,330.27,5.0,0.0,Debit Card,Mobile App
ORD101041,2025-01-13,CUST1826,Matthew Smith, West,Wool Sweater,Apparel,33.25,2.0,0.0,Debit Card,Mobile App
ORD100046,27/01/2025,CUST1141,Richard Johnson,Central,Webcam HD,Electronics,124.66,1.0,0.0,Debit Card,Online
ORD105529,2025-06-10,CUST1047,Rebecca Valencia,central,Camping Tent,Sports & Outdoors,68.36,1.0,0.0,PayPal,Online
ORD100504,30/05/2024,CUST1829,Erica Oconnell,CENTRAL,Air Fryer,Home & Kitchen,38.11,3.0,0.0,UPI,Mobile App
ORD105066,05-19-2025,CUST1652,Miguel Brewer,CENTRAL,Air Fryer,Home & Kitchen,194.66,5.0,5.0,PayPal,Online
ORD101074,2024-01-06,CUST1694,George Alvarez,East,Standing Desk,Office Supplies,104.13,2.0,0.0,Credit Card,In-Store
ORD103408,17/10/2024,CUST1527,Brent Hopkins,South,Standing Desk,Office Supplies,331.19,2.0,10.0,UPI,In-Store
ORD102374,12/04/2024,CUST1096,Paige Carlson,South,Denim Jacket,Apparel,34.41,1.0,15.0,PayPal,In-Store
ORD104860,2024-01-05,CUST1005,Monica Herrera,central,Mechanical Keyboard,Electronics,391.37,4.0,5.0,Debit Card,Online
ORD101556,2024-04-14,CUST1156,Brianna Anderson,North,Vacuum Cleaner,Home & Kitchen,110.61,1.0,5.0,Debit Card,In-Store
ORD103177,09-08-2024,CUST1074,Stephanie Freeman, North,Running Shoes,Apparel,88.27,1.0,10.0,UPI,In-Store
ORD104119,2024/10/28,CUST1713,Erin Daniels,west,Smartwatch,Electronics,27.47,1.0,10.0,Debit Card,In-Store
ORD102075,2025-06-02,CUST1800,Joseph Graham,central,Portable SSD 1TB,Electronics,139.86,2.0,10.0,UPI,In-Store
ORD104437,25/11/2024,CUST1688,Misty Mcguire,west,Running Shoes,Apparel,112.58,1.0,20.0,UPI,Mobile App
ORD101694,06-11-2024,CUST1782,Christopher Taylor,East,Wool Sweater,Apparel,19.78,1.0,0.0,Debit Card,In-Store
ORD104691,2025/11/03,CUST1168,Michelle Schmitt,north,Air Fryer,Home & Kitchen,72.07,1.0,0.0,PayPal,Mobile App
ORD101044,31/05/2024,CUST1844,Andrew Carroll,north,Noise Cancelling Headphones,Electronics,201.96,2.0,10.0,Credit Card,Online
ORD104234,2024-12-02,CUST1489,Julie Wilson,SOUTH,Toaster,Home & Kitchen,185.8,1.0,,,Online
ORD100192,11-19-2025,CUST1591,Nathan Stanley, South ,Ergonomic Chair,Office Supplies,57.65,5.0,5.0,Debit Card,In-Store
ORD101378,2025-11-18,CUST1594,James Rodriguez,East ,Electric Kettle,Home & Kitchen,169.36,2.0,0.0,Credit Card,Online
ORD103102,2024-08-28,CUST1113,Shannon Rivera, North,Notebook Pack,Office Supplies,296.77,1.0,0.0,PayPal,Mobile App
ORD102531,12-26-2025,CUST1023,Jessica Holmes,SOUTH,Standing Desk,Office Supplies,219.71,4.0,10.0,UPI,Mobile App
ORD102635,2025-07-23,CUST1048,Stacey Russell,Central,Yoga Pants,Apparel,23.6,4.0,5.0,Debit Card,Mobile App
ORD103833,2025-10-18,CUST1492,Mike Maxwell,West,Portable SSD 1TB,Electronics,282.71,1.0,0.0,Cash on Delivery,Mobile App
ORD102279,2024-01-18,CUST1682,Erika Watson PhD, North,Denim Jacket,Apparel,17.18,1.0,10.0,Cash on Delivery,Online
ORD100384,2025/05/02,CUST1620,Gloria Spencer,West,27in Monitor,Electronics,247.15,4.0,0.0,Cash on Delivery,Online
ORD105747,22/05/2025,CUST1188,Jesse Brown,south,Whiteboard,Office Supplies,225.37,1.0,0.0,Debit Card,Online
ORD103008,01-23-2024,CUST1686,Tammy Moore,central,Mechanical Keyboard,Electronics,293.42,1.0,15.0,UPI,In-Store
ORD104228,14/10/2025,CUST1495,Curtis Watson, South ,Non-stick Pan Set,Home & Kitchen,86.81,1.0,10.0,UPI,Mobile App
ORD103303,2025-08-19,CUST1875,Audrey Johnson,Central,Webcam HD,Electronics,413.82,2.0,0.0,Cash on Delivery,In-Store
ORD103728,23/06/2025,CUST1522,Robert Miller,CENTRAL,Dumbbell Set,Sports & Outdoors,231.54,1.0,15.0,PayPal,Mobile App
ORD103047,2025-05-03,CUST1135,Brooke Alexander, West,Desk Lamp,Office Supplies,199.32,1.0,0.0,Debit Card,In-Store
ORD105353,2024-03-21,CUST1777,Jean Lane, West,Standing Desk,Office Supplies,310.17,1.0,0.0,Credit Card,In-Store
ORD102271,2025-10-01,CUST1200,James Martin, South ,Webcam HD,Electronics,426.61,5.0,10.0,Debit Card,Online
ORD105438,03-28-2024,CUST1442,Patricia Bradley,NORTH,Webcam HD,Electronics,133.29,-3.0,15.0,Cash on Delivery,Mobile App
ORD100810,2025/11/25,CUST1185,Craig Morrison,central,Mechanical Keyboard,Electronics,406.04,1.0,0.0,Cash on Delivery,Mobile App
ORD103527,2025-10-25,CUST1829,Erica Oconnell,East ,Wool Sweater,Apparel,42.19,1.0,10.0,PayPal,Mobile App
ORD102781,24/06/2025,CUST1569,Danielle Gonzalez,Central,Whiteboard,Office Supplies,21.69,2.0,0.0,Cash on Delivery,In-Store
ORD101369,2024/01/27,CUST1307,Claire Clark,East ,Ergonomic Chair,Office Supplies,341.54,1.0,0.0,PayPal,Online
ORD100698,02-01-2024,CUST1666,Ashley Freeman, West,Dumbbell Set,Sports & Outdoors,231.59,2.0,0.0,UPI,Mobile App
ORD100271,2024/09/11,CUST1151,Teresa Ramirez, North,Notebook Pack,Office Supplies,290.97,2.0,0.0,UPI,Mobile App
ORD102667,2025-10-13,CUST1466,Kara Jackson,Central,Smartwatch,Electronics,422.57,1.0,5.0,PayPal,In-Store
ORD103162,18/12/2025,CUST1665,Mr. George Booker DDS,east,Yoga Mat,Sports & Outdoors,25.56,2.0,0.0,PayPal,In-Store
ORD103756,2025/04/08,CUST1113,Shannon Rivera,West,Running Shoes,Apparel,42.19,1.0,0.0,PayPal,Mobile App
ORD105997,2024-02-03,CUST1843,James Ellis,CENTRAL,Rice Cooker,Home & Kitchen,186.69,1.0,0.0,PayPal,In-Store
ORD104179,2025-04-13,CUST1736,Kyle Smith, South ,Mechanical Keyboard,Electronics,166.16,1.0,0.0,Debit Card,Online
ORD103233,20/11/2025,CUST1089,Mary Rogers,West,Camping Tent,Sports & Outdoors,186.56,1.0,10.0,PayPal,Mobile App
ORD100467,12/02/2024,CUST1252,Stephen Luna,SOUTH,Portable SSD 1TB,Electronics,393.53,1.0,0.0,UPI,Mobile App
ORD100699,2024-07-16,CUST1127,Jennifer Pena,North,Noise Cancelling Headphones,Electronics,376.67,1.0,0.0,Debit Card,Mobile App
ORD104338,2025-08-07,CUST1201,Cynthia Wallace,East,Bluetooth Speaker,Electronics,163.08,1.0,5.0,Debit Card,Online
ORD101393,20/06/2024,CUST1705,Mary Lin,SOUTH,Whiteboard,Office Supplies,263.78,4.0,0.0,Credit Card,In-Store
ORD103838,2024-08-21,CUST1587,Jack Love,central,Electric Kettle,Home & Kitchen,58.61,1.0,15.0,Debit Card,Mobile App
ORD104960,12-27-2025,CUST1626,Robert Mendoza, North,Blender,Home & Kitchen,191.65,5.0,0.0,Cash on Delivery,Online
ORD102658,04/07/2025,CUST1633,Dr. Samuel Holmes DDS,North,Running Shoes,Apparel,115.48,4.0,0.0,Debit Card,Online
ORD100794,2025-04-30,CUST1057,,West,Denim Jacket,Apparel,54.54,5.0,,,Online
ORD102672,2024-02-16,CUST1610,Tara Holmes,west,Water Bottle,Sports & Outdoors,288.37,3.0,15.0,PayPal,Mobile App
ORD102428,15/04/2024,CUST1319,Megan Drake,north,Webcam HD,Electronics,393.11,1.0,15.0,PayPal,Mobile App
ORD103001,2025-10-23,CUST1645,Mark Anderson, West,Whiteboard,Office Supplies,275.71,1.0,20.0,UPI,Mobile App
ORD103975,2024-11-15,CUST1196,James Conner, West,Mechanical Keyboard,Electronics,252.68,2.0,0.0,Cash on Delivery,Online
ORD101584,2024-07-17,CUST1114,Brandon King,Central,Cotton T-Shirt,Apparel,92.68,3.0,0.0,UPI,In-Store
ORD104778,2024/01/02,CUST1485,Micheal Parks, North,Portable SSD 1TB,Electronics,342.55,1.0,0.0,Cash on Delivery,Online
ORD100175,2024-10-21,CUST1666,Ashley Freeman,central,Camping Tent,Sports & Outdoors,129.19,4.0,0.0,Credit Card,Online
ORD100275,2024-12-28,CUST1699,Jessica Glass,east,Power Bank,Electronics,209.09,2.0,0.0,Debit Card,In-Store
ORD105045,2024-09-10,CUST1322,Shannon Malone,south,Portable SSD 1TB,Electronics,75.01,2.0,0.0,Debit Card,Online
ORD105790,2025-11-30,CUST1489,Julie Wilson,central,Wireless Mouse,Electronics,74.2,5.0,0.0,Debit Card,In-Store
ORD100344,19/02/2024,CUST1004,Gabrielle Davis,east,Desk Lamp,Office Supplies,165.51,2.0,0.0,UPI,Mobile App
ORD101572,2025-01-07,CUST1322,Shannon Malone, North,Non-stick Pan Set,Home & Kitchen,177.84,1.0,0.0,UPI,In-Store
ORD103735,2025-04-06,CUST1094,Jesse Parker,south,Running Shoes,Apparel,118.65,2.0,15.0,Credit Card,In-Store
ORD103656,2025-02-03,CUST1083,Michael Burton,north,Yoga Pants,Apparel,30.59,3.0,0.0,Debit Card,In-Store
ORD104927,2025-09-14,CUST1113,Shannon Rivera,South,27in Monitor,Electronics,81.99,2.0,20.0,PayPal,Mobile App
ORD103203,05-21-2025,CUST1134,David Scott,West,Whiteboard,Office Supplies,311.39,1.0,5.0,Cash on Delivery,Online
ORD104693,29/07/2025,CUST1732,Krystal Keller,South,Cotton T-Shirt,Apparel,30.23,1.0,0.0,UPI,Online
ORD102213,2024-07-07,CUST1544,Juan Smith,West,Desk Lamp,Office Supplies,302.29,1.0,0.0,Debit Card,In-Store
ORD101012,2024-11-26,CUST1062,Frances Cardenas,NORTH,Denim Jacket,Apparel,18.04,1.0,5.0,PayPal,In-Store
ORD102009,2025-03-11,CUST1363,Ryan Harvey, South ,Blender,Home & Kitchen,188.89,4.0,0.0,Credit Card,Mobile App
ORD105833,2025-07-21,CUST1667,Michael Howard,west,Noise Cancelling Headphones,Electronics,235.55,1.0,5.0,PayPal,In-Store
ORD100578,2024-05-18,CUST1472,, North,Air Fryer,Home & Kitchen,189.06,1.0,,,In-Store
ORD101621,2025-10-31,CUST1717,Elizabeth Reese,central,Whiteboard,Office Supplies,116.73,1.0,10.0,Cash on Delivery,Mobile App
ORD100109,12-24-2024,CUST1229,Laura Moreno,NORTH,Cotton T-Shirt,Apparel,25.88,2.0,10.0,PayPal,Online
ORD102164,28/07/2025,CUST1238,Michael Cooper, West,Water Bottle,Sports & Outdoors,278.06,1.0,0.0,UPI,Online
ORD101836,2024-05-06,CUST1139,Crystal Pham,east,Standing Desk,Office Supplies,292.59,3.0,10.0,Debit Card,Online
ORD102474,26/09/2024,CUST1310,Elizabeth Ward, North,Non-stick Pan Set,Home & Kitchen,136.47,1.0,10.0,Debit Card,Mobile App
ORD101689,2024-02-05,CUST1506,Valerie Howard,West,Standing Desk,Office Supplies,269.44,2.0,20.0,Debit Card,In-Store
ORD101774,17/04/2025,CUST1357,Rebecca Herrera,East,Denim Jacket,Apparel,25.41,2.0,15.0,Credit Card,Mobile App
ORD100625,2024-08-17,CUST1854,Faith Johnson,SOUTH,Standing Desk,Office Supplies,38.7,1.0,15.0,Credit Card,Mobile App
ORD102354,2024-01-21,CUST1127,Jennifer Pena,NORTH,Smartwatch,Electronics,216.96,1.0,0.0,Credit Card,In-Store
ORD104327,2025/02/01,CUST1406,Michael Williams,West,Ergonomic Chair,Office Supplies,137.32,1.0,15.0,Credit Card,Mobile App
ORD102287,06/04/2024,CUST1297,Austin Wheeler,East ,Dumbbell Set,Sports & Outdoors,155.19,1.0,20.0,Credit Card,Mobile App
ORD100183,2024-03-24,CUST1696,Christina Gilbert,Central,Rice Cooker,Home & Kitchen,171.47,3.0,10.0,Cash on Delivery,Mobile App
ORD101560,2024-09-11,CUST1000,Allison Hill,NORTH,Standing Desk,Office Supplies,253.01,1.0,0.0,PayPal,In-Store
ORD104171,2025-02-15,CUST1755,Paula Gentry,Central,Ergonomic Chair,Office Supplies,264.13,1.0,15.0,UPI,In-Store
ORD102565,2025-05-30,CUST1308,Autumn Key, South ,Running Shoes,Apparel,60.39,3.0,0.0,PayPal,In-Store
ORD103809,2024-03-18,CUST1599,Natalie Juarez,West,Desk Lamp,Office Supplies,303.0,3.0,10.0,Credit Card,Mobile App
ORD105804,2025-11-22,CUST1415,Samuel Howe,SOUTH,Webcam HD,Electronics,352.16,1.0,5.0,Credit Card,In-Store
ORD102498,2025-12-13,CUST1870,Jacob Harris, West,Yoga Mat,Sports & Outdoors,161.98,3.0,10.0,Debit Card,In-Store
ORD100281,2025-05-19,CUST1856,Susan Cox,East,Cotton T-Shirt,Apparel,114.49,2.0,20.0,Debit Card,In-Store
ORD105856,08/03/2024,CUST1155,Robin Hall,central,Wool Sweater,Apparel,31.57,1.0,15.0,Debit Card,Online
ORD102312,2025-11-23,CUST1112,Robert Costa,east,Running Shoes,Apparel,21.66,1.0,0.0,Credit Card,In-Store
ORD103737,2024-06-09,CUST1579,Victor Holden, North,Running Shoes,Apparel,103.35,4.0,0.0,Cash on Delivery,Mobile App
ORD104873,04/06/2025,CUST1211,Riley Bryant, West,Cotton T-Shirt,Apparel,67.46,3.0,20.0,Credit Card,In-Store
ORD102974,2025-04-09,CUST1268,Jennifer Reed,west,Noise Cancelling Headphones,Electronics,334.37,3.0,10.0,PayPal,Online
ORD105694,2025-04-17,CUST1472,Samuel Suarez,central,Smartwatch,Electronics,275.49,2.0,0.0,PayPal,Mobile App
ORD104874,2025-12-17,CUST1088,Samuel Rivas,south,Noise Cancelling Headphones,Electronics,437.47,2.0,20.0,PayPal,Mobile App
ORD104231,2025-12-13,CUST1454,Bradley Anthony,East,Webcam HD,Electronics,302.35,1.0,0.0,PayPal,Mobile App
ORD104126,04-06-2025,CUST1507,Daniel Fitzpatrick MD,North,Running Shoes,Apparel,82.24,1.0,0.0,Credit Card,Mobile App
ORD100670,30/05/2024,CUST1540,James Brown, South ,Vacuum Cleaner,Home & Kitchen,164.31,1.0,5.0,UPI,Mobile App
ORD103388,2025-06-14,CUST1694,George Alvarez,central,Blender,Home & Kitchen,91.09,2.0,10.0,PayPal,Online
ORD100021,2024/01/03,CUST1060,Richard Lawson,NORTH,Camping Tent,Sports & Outdoors,59.9,1.0,0.0,PayPal,In-Store
ORD105612,2024-06-07,CUST1632,James Thomas,Central,Denim Jacket,Apparel,40.17,1.0,10.0,PayPal,Online
ORD105810,2024-08-07,CUST1434,Suzanne Johnson,SOUTH,Wool Sweater,Apparel,82.21,1.0,0.0,Credit Card,Online
ORD100103,2025/10/20,CUST1533,Mr. Thomas Thompson, West,Smartwatch,Electronics,119.16,2.0,0.0,Credit Card,In-Store
ORD100341,2025-04-08,CUST1672,Michael Cannon,East ,Desk Lamp,Office Supplies,122.87,3.0,0.0,Debit Card,Online
ORD104987,2024-08-16,CUST1882,John Dillon, North,USB-C Hub,Electronics,298.55,4.0,15.0,UPI,In-Store
ORD102290,25/06/2024,CUST1470,Jeremy Mcintyre,south,Cotton T-Shirt,Apparel,17.58,2.0,15.0,Debit Card,In-Store
ORD101115,2024-03-16,CUST1483,Rebekah Greene,Central,Bluetooth Speaker,Electronics,142.32,1.0,0.0,UPI,Online
ORD101214,12-07-2025,CUST1716,Ryan Thomas,NORTH,Mechanical Keyboard,Electronics,251.23,2.0,20.0,Debit Card,Online
ORD102417,2025-12-19,CUST1282,Melissa Brown,South,Noise Cancelling Headphones,Electronics,170.81,2.0,,,Online
ORD105407,2025-04-10,CUST1362,Melissa Brewer,East ,Vacuum Cleaner,Home & Kitchen,41.27,1.0,20.0,Credit Card,In-Store
ORD104847,2024-09-20,CUST1827,Christopher Garza,East ,Standing Desk,Office Supplies,57.71,5.0,0.0,UPI,In-Store
ORD105235,2024-01-25,CUST1633,Dr. Samuel Holmes DDS,north,Whiteboard,Office Supplies,12.33,1.0,0.0,Debit Card,In-Store
ORD100226,2024-05-25,CUST1118,Anna Gay,South,Non-stick Pan Set,Home & Kitchen,219.54,1.0,10.0,PayPal,In-Store
ORD103852,16/07/2024,CUST1371,Renee Hudson,west,Vacuum Cleaner,Home & Kitchen,112.29,1.0,10.0,Cash on Delivery,Mobile App
ORD103185,2024-06-12,CUST1860,Mr. Bryan Mckinney,CENTRAL,Denim Jacket,Apparel,36.52,1.0,10.0,Cash on Delivery,Online
ORD105196,2025-01-21,CUST1556,Austin Santiago,West,Ergonomic Chair,Office Supplies,52.59,1.0,0.0,PayPal,Mobile App
ORD105870,2025-05-29,CUST1403,Jordan Williams, West,Wool Sweater,Apparel,60.9,1.0,20.0,Cash on Delivery,Online
ORD102620,2024-02-07,CUST1202,Vincent Mueller,CENTRAL,Electric Kettle,Home & Kitchen,150.77,1.0,,Credit Card,Online
ORD101651,31/12/2025,CUST1862,Brian Hernandez, North,Denim Jacket,Apparel,15.12,1.0,0.0,Credit Card,Online
ORD104970,2025-05-25,CUST1336,Misty Hansen,NORTH,Bluetooth Speaker,Electronics,282.26,3.0,0.0,PayPal,In-Store
ORD104101,07/07/2024,CUST1889,,CENTRAL,Rice Cooker,Home & Kitchen,74.09,1.0,,,In-Store
ORD100049,2025/04/23,CUST1741,John Martinez,west,Noise Cancelling Headphones,Electronics,231.4,1.0,0.0,Cash on Delivery,Mobile App
ORD101810,09-20-2024,CUST1601,Adrienne Mills,West,Running Shoes,Apparel,118.63,1.0,5.0,UPI,In-Store
ORD104650,2025-05-29,CUST1369,Scott Miller,East,Electric Kettle,Home & Kitchen,21.49,2.0,0.0,PayPal,In-Store
ORD100718,2024-06-27,CUST1203,Douglas Reyes,South,27in Monitor,Electronics,293.32,4.0,0.0,PayPal,Mobile App
ORD104948,2024-11-02,CUST1182,Anita Richard,West,Notebook Pack,Office Supplies,325.64,1.0,10.0,Credit Card,Mobile App
ORD103974,05/12/2025,CUST1370,Heather Page, West,27in Monitor,Electronics,170.63,1.0,5.0,PayPal,Mobile App
ORD103330,05-07-2024,CUST1354,Christopher Moore,East ,Yoga Mat,Sports & Outdoors,156.61,1.0,10.0,PayPal,In-Store
ORD101418,2025-10-08,CUST1841,Erika Garcia,East,Webcam HD,Electronics,433.33,1.0,0.0,PayPal,In-Store
ORD100677,16/02/2025,CUST1378,Frank Campbell MD,North,Wireless Mouse,Electronics,205.58,1.0,5.0,Cash on Delivery,In-Store
ORD103891,02-03-2025,CUST1674,John Garcia,West,Coffee Maker,Home & Kitchen,179.62,2.0,15.0,PayPal,In-Store
ORD105308,2024-06-26,CUST1603,Donald Becker,NORTH,Running Shoes,Apparel,94.09,1.0,0.0,Debit Card,Mobile App
ORD102433,2025/02/20,CUST1605,David Logan,CENTRAL,Water Bottle,Sports & Outdoors,46.47,2.0,0.0,Cash on Delivery,In-Store
ORD105414,2024-09-01,CUST1713,Erin Daniels, West,Dumbbell Set,Sports & Outdoors,58.82,3.0,10.0,Debit Card,In-Store
ORD100113,2025-02-28,CUST1497,James Chapman,east,Power Bank,Electronics,46.15,1.0,5.0,Cash on Delivery,Online
ORD102124,11-05-2024,CUST1237,Patricia Morrow,Central,Wool Sweater,Apparel,79.88,2.0,5.0,PayPal,In-Store
ORD100153,02-23-2025,CUST1538,Melissa Morris,west,Running Shoes,Apparel,21.9,1.0,0.0,Credit Card,Online
ORD103222,2024-06-09,CUST1512,Anna Briggs,East ,USB-C Hub,Electronics,95.19,4.0,0.0,Credit Card,Mobile App
ORD102081,2025/07/29,CUST1337,Derrick Adams,Central,Yoga Pants,Apparel,99.59,1.0,5.0,Debit Card,In-Store
ORD102697,14/12/2024,CUST1379,Pamela Williams, North,Smartwatch,Electronics,320.36,1.0,0.0,Credit Card,Online
ORD100755,2024-05-07,CUST1238,Michael Cooper,South,Rice Cooker,Home & Kitchen,96.47,2.0,0.0,UPI,Online
ORD100651,2025/11/04,CUST1708,Thomas Torres,west,Air Fryer,Home & Kitchen,98.99,1.0,0.0,Cash on Delivery,Mobile App
ORD103155,2024-08-21,CUST1478,Alejandra King,West,Power Bank,Electronics,444.96,1.0,0.0,Debit Card,Mobile App
ORD103382,2025-07-26,CUST1356,Jeffrey Smith,North,Toaster,Home & Kitchen,68.47,1.0,15.0,PayPal,Online
ORD103926,2024-10-30,CUST1345,David Moore,central,Desk Lamp,Office Supplies,49.1,4.0,0.0,PayPal,In-Store
ORD100017,2025-11-16,CUST1526,Sarah Rivera,Central,Wireless Mouse,Electronics,122.3,4.0,0.0,Cash on Delivery,Online
ORD100653,2025-07-05,CUST1862,Brian Hernandez,west,Yoga Mat,Sports & Outdoors,72.26,2.0,5.0,PayPal,In-Store
ORD101241,2024-09-29,CUST1473,Danielle Bryant,SOUTH,Coffee Maker,Home & Kitchen,96.83,1.0,5.0,UPI,Online
ORD100570,2025-05-17,CUST1524,Andrew Dunn,West,Mechanical Keyboard,Electronics,253.83,1.0,0.0,Cash on Delivery,Mobile App
ORD102761,09-30-2025,CUST1191,Mrs. Maria Williams,West,Cotton T-Shirt,Apparel,93.34,1.0,10.0,Debit Card,In-Store
ORD101957,2024/10/23,CUST1733,Eric Cross,NORTH,Non-stick Pan Set,Home & Kitchen,194.52,4.0,0.0,PayPal,Online
ORD104666,27/07/2025,CUST1464,Ashley Hernandez, South ,Yoga Mat,Sports & Outdoors,274.91,3.0,0.0,UPI,In-Store
ORD101664,2025-06-27,CUST1596,Kim Goodwin,East,Coffee Maker,Home & Kitchen,113.94,1.0,10.0,Credit Card,In-Store
ORD102207,11-22-2024,CUST1610,Tara Holmes,SOUTH,Dumbbell Set,Sports & Outdoors,84.17,4.0,5.0,Cash on Delivery,In-Store
ORD100822,2025-03-25,CUST1449,Kimberly Villanueva,West,Non-stick Pan Set,Home & Kitchen,105.67,1.0,5.0,PayPal,Mobile App
ORD102596,2024-10-25,CUST1030,Angela Morton,West,Notebook Pack,Office Supplies,94.57,1.0,,,Mobile App
ORD105061,02-05-2025,CUST1274,Taylor Gentry,south,Camping Tent,Sports & Outdoors,59.93,1.0,0.0,Cash on Delivery,Online
ORD101710,28/04/2024,CUST1709,Harold Garrett,CENTRAL,Electric Kettle,Home & Kitchen,208.14,2.0,0.0,UPI,In-Store
ORD103871,03-12-2025,CUST1439,Eric Taylor,South,Coffee Maker,Home & Kitchen,198.51,3.0,15.0,UPI,Online
ORD100672,2024-04-05,CUST1553,Robert Wilson,CENTRAL,Bluetooth Speaker,Electronics,190.75,2.0,0.0,PayPal,Mobile App
ORD100066,2025-01-24,CUST1231,Michele Lewis,East ,27in Monitor,Electronics,75.34,3.0,10.0,UPI,In-Store
ORD103972,2025-04-30,CUST1436,Anthony Guzman,South,Cotton T-Shirt,Apparel,82.27,2.0,0.0,UPI,Mobile App
ORD103054,2024-04-12,CUST1201,Cynthia Wallace, South ,Cotton T-Shirt,Apparel,62.32,1.0,0.0,UPI,In-Store
ORD104001,2024-07-09,CUST1266,Courtney Dudley, South ,Whiteboard,Office Supplies,107.0,1.0,0.0,UPI,Online
ORD102027,2024-12-24,CUST1508,Maureen Hernandez,West,Wireless Mouse,Electronics,235.89,1.0,20.0,UPI,Online
ORD100129,2025-09-24,CUST1038,Michael Evans, West,Mechanical Keyboard,Electronics,240.77,2.0,5.0,UPI,Online
ORD104565,2024-08-03,CUST1888,Sheena Burton,west,Webcam HD,Electronics,406.95,3.0,0.0,Debit Card,Online
ORD100347,01/10/2025,CUST1222,Kathleen Jimenez,CENTRAL,Whiteboard,Office Supplies,302.64,2.0,0.0,PayPal,Mobile App
ORD103176,05-17-2025,CUST1896,Tammy Mendoza,West,Desk Lamp,Office Supplies,16.71,2.0,15.0,Debit Card,In-Store
ORD105561,10/12/2025,CUST1149,David Medina,SOUTH,Yoga Pants,Apparel,96.96,1.0,0.0,Cash on Delivery,Mobile App
ORD104251,27/01/2024,CUST1611,Lisa Craig,south,Non-stick Pan Set,Home & Kitchen,158.37,1.0,0.0,Debit Card,In-Store
ORD105322,08-02-2024,CUST1303,Paul Wells,SOUTH,Noise Cancelling Headphones,Electronics,350.64,2.0,0.0,Cash on Delivery,Mobile App
ORD102908,2025-07-22,CUST1733,Eric Cross,north,USB-C Hub,Electronics,48.64,1.0,15.0,Debit Card,Online
ORD102884,2025-06-15,CUST1811,Robert Thompson,West,Non-stick Pan Set,Home & Kitchen,52.66,1.0,,PayPal,Online
ORD100221,10-25-2024,CUST1725,Danielle Medina,NORTH,Yoga Pants,Apparel,33.89,3.0,0.0,Credit Card,In-Store
ORD101790,2025-01-01,CUST1660,Ray Ramos,west,Toaster,Home & Kitchen,40.36,4.0,0.0,Credit Card,Mobile App
ORD103022,2024-12-04,CUST1891,Mark Jones,West,Water Bottle,Sports & Outdoors,164.56,2.0,15.0,Credit Card,In-Store
ORD101550,2025-07-30,CUST1862,Brian Hernandez,West,Wireless Mouse,Electronics,202.98,1.0,0.0,Cash on Delivery,In-Store
ORD102157,2025/01/22,CUST1372,Kenneth Farley,north,Webcam HD,Electronics,113.86,2.0,0.0,Credit Card,Online
ORD102422,2025-02-27,CUST1772,Daniel Benson, West,Bluetooth Speaker,Electronics,446.65,2.0,15.0,UPI,In-Store
ORD105002,2025-12-28,CUST1547,Justin Anderson,SOUTH,Wireless Mouse,Electronics,157.32,1.0,10.0,Credit Card,Online
ORD101126,05-20-2024,CUST1790,Angela Schultz,south,Denim Jacket,Apparel,46.81,1.0,0.0,UPI,Online
ORD105013,2025/09/27,CUST1222,Kathleen Jimenez,East ,Wireless Mouse,Electronics,375.24,3.0,0.0,UPI,Mobile App
ORD105488,03/04/2024,CUST1001,Angie Henderson,East ,Desk Lamp,Office Supplies,141.58,1.0,5.0,UPI,Online
ORD105472,2024/12/28,CUST1711,Steven Sandoval,Central,Smartwatch,Electronics,333.94,2.0,0.0,PayPal,In-Store
ORD103813,01/03/2024,CUST1046,Sandra Aguilar,South,Noise Cancelling Headphones,Electronics,183.74,3.0,10.0,UPI,Online
ORD104531,2024-11-03,CUST1658,Amanda Miller,West,Wireless Mouse,Electronics,105.37,2.0,0.0,UPI,In-Store
ORD101264,2025-11-03,CUST1590,Christopher Nielsen,South,Air Fryer,Home & Kitchen,119.48,3.0,15.0,PayPal,Mobile App
ORD102557,10/01/2024,CUST1051,Courtney Velasquez, West,Power Bank,Electronics,392.26,5.0,5.0,UPI,Mobile App
ORD105585,2024-04-15,CUST1309,Jennifer Allen,West,Rice Cooker,Home & Kitchen,180.88,5.0,10.0,Cash on Delivery,Mobile App
ORD105243,2025-05-07,CUST1076,James Elliott, West,Wireless Mouse,Electronics,448.17,2.0,15.0,Debit Card,Mobile App
ORD103768,22/02/2024,CUST1478,Alejandra King, North,Electric Kettle,Home & Kitchen,114.06,2.0,15.0,PayPal,Mobile App
ORD104407,2025/02/12,CUST1554,Jaime Lang,north,Running Shoes,Apparel,72.12,4.0,5.0,UPI,Online
ORD105741,2024/05/28,CUST1741,John Martinez,CENTRAL,Webcam HD,Electronics,418.63,1.0,10.0,PayPal,Online
ORD100750,2025-11-11,CUST1098,Beth Oneill,West,Wireless Mouse,Electronics,168.27,1.0,10.0,Debit Card,Online
ORD105461,10-22-2024,CUST1613,Krista Barber,South,Wool Sweater,Apparel,19.95,1.0,5.0,Debit Card,Online
ORD102325,2024-08-31,CUST1566,Patrick Swanson,south,Power Bank,Electronics,371.76,1.0,0.0,PayPal,Online
ORD102629,2024-05-04,CUST1121,Richard Adams,south,Running Shoes,Apparel,65.16,1.0,15.0,PayPal,Online
ORD103554,2025-02-20,CUST1056,Renee Mcdaniel,West,Portable SSD 1TB,Electronics,68.84,1.0,10.0,Debit Card,In-Store
ORD105730,2025/12/09,CUST1471,Samantha Robertson,east,Webcam HD,Electronics,225.82,1.0,0.0,UPI,Online
ORD103349,2024-12-03,CUST1720,Jacqueline Christian,CENTRAL,Cycling Helmet,Sports & Outdoors,12.95,3.0,10.0,UPI,Online
ORD105253,11-28-2024,CUST1164,Cindy Hayes,East ,Wireless Mouse,Electronics,189.43,1.0,,PayPal,Online
ORD102382,2024-11-08,CUST1812,Matthew Rodriguez, West,Yoga Pants,Apparel,97.16,1.0,0.0,Debit Card,In-Store
ORD101082,2025-05-29,CUST1780,April Castro, West,Bluetooth Speaker,Electronics,292.87,2.0,5.0,UPI,Online
ORD102946,10/07/2024,CUST1412,Valerie Thomas,west,Non-stick Pan Set,Home & Kitchen,65.91,1.0,5.0,Credit Card,Online
ORD101353,2025/04/19,CUST1849,Stephanie Butler,west,Wireless Mouse,Electronics,198.12,2.0,15.0,Cash on Delivery,Mobile App
ORD104591,2025/05/28,CUST1368,Jeffery Fitzgerald,CENTRAL,Wireless Mouse,Electronics,210.79,1.0,0.0,UPI,Mobile App
ORD102640,2024-07-12,CUST1244,Kathleen Burton, West,Noise Cancelling Headphones,Electronics,136.26,1.0,0.0,Cash on Delivery,Mobile App
ORD102275,01/04/2024,CUST1366,Joshua Jackson,south,Yoga Pants,Apparel,111.44,1.0,0.0,Credit Card,In-Store
ORD105242,2025-08-17,CUST1730,Susan Hogan,central,Desk Lamp,Office Supplies,262.71,2.0,5.0,Debit Card,Online
ORD104144,2025-08-28,CUST1777,Jean Lane,central,Desk Lamp,Office Supplies,294.96,1.0,0.0,Credit Card,In-Store
ORD100351,2025-02-02,CUST1760,Dustin Patel,East,Ergonomic Chair,Office Supplies,219.48,2.0,5.0,PayPal,Mobile App
ORD100897,2024/03/25,CUST1675,Dawn Diaz, South ,27in Monitor,Electronics,333.68,3.0,0.0,Credit Card,Mobile App
ORD101595,2025-06-17,CUST1606,Lisa Cohen,East,Webcam HD,Electronics,81.19,1.0,0.0,Cash on Delivery,Online
ORD102785,2024-01-31,CUST1297,Austin Wheeler,east,Yoga Pants,Apparel,24.69,1.0,0.0,Debit Card,Online
ORD103763,05-27-2024,CUST1525,Jordan Clark,central,Wireless Mouse,Electronics,81.42,1.0,0.0,Cash on Delivery,Online
ORD105289,28/12/2024,CUST1519,Danielle Reed,South,Running Shoes,Apparel,32.38,2.0,0.0,Cash on Delivery,Mobile App
ORD103009,2024/09/26,CUST1556,Austin Santiago,East,Denim Jacket,Apparel,38.5,4.0,0.0,Debit Card,Online
ORD101893,2024/04/13,CUST1355,Charlotte Sandoval,South,Whiteboard,Office Supplies,17.89,1.0,10.0,Debit Card,Online
ORD101908,2024-08-10,CUST1491,Brittany Gay,South,Noise Cancelling Headphones,Electronics,405.23,3.0,15.0,Credit Card,Mobile App
ORD104695,09/06/2024,CUST1656,Diane Martinez,South,Running Shoes,Apparel,88.63,1.0,20.0,PayPal,Online
ORD102646,2025-12-11,CUST1691,Sarah Mcfarland, West,Wool Sweater,Apparel,23.94,1.0,5.0,UPI,Mobile App
ORD104857,2025/03/21,CUST1031,Tammy Allison,East ,Portable SSD 1TB,Electronics,370.99,4.0,0.0,PayPal,Mobile App
ORD103784,2025-03-15,CUST1445,Hayley Buchanan, West,Wireless Mouse,Electronics,35.31,1.0,15.0,UPI,Online
ORD102851,2025-03-28,CUST1247,Kayla Rodriguez,SOUTH,Portable SSD 1TB,Electronics,186.98,1.0,15.0,Cash on Delivery,Mobile App
ORD103897,2025-09-04,CUST1012,Kimberly Burgess, West,Coffee Maker,Home & Kitchen,170.04,1.0,0.0,UPI,Online
ORD102378,05/04/2024,CUST1307,Claire Clark,south,Running Shoes,Apparel,109.21,1.0,10.0,Cash on Delivery,Online
ORD102139,10-09-2024,CUST1153,Samantha Davis,west,Air Fryer,Home & Kitchen,38.76,3.0,5.0,Credit Card,In-Store
ORD101603,2024/01/14,CUST1275,Jennifer Simpson DVM,west,Wireless Mouse,Electronics,210.26,5.0,0.0,UPI,In-Store
ORD102476,2025-12-11,CUST1414,Angela Bradley,central,Whiteboard,Office Supplies,100.31,2.0,15.0,Credit Card,In-Store
ORD105865,2025-08-28,CUST1443,Keith Zuniga, North,Running Shoes,Apparel,97.83,3.0,0.0,Credit Card,Online
ORD101743,2024-03-06,CUST1517,Arthur Pena,west,Dumbbell Set,Sports & Outdoors,56.38,2.0,15.0,PayPal,Mobile App
ORD105555,2024/05/27,CUST1755,Paula Gentry,Central,Yoga Mat,Sports & Outdoors,91.19,2.0,15.0,Debit Card,Online
ORD104726,2024-01-03,CUST1763,Amber Johnson,west,Whiteboard,Office Supplies,208.81,1.0,0.0,Credit Card,Mobile App
ORD100568,2024-02-11,CUST1749,John Johnson,South,Yoga Pants,Apparel,91.5,4.0,0.0,Cash on Delivery,Online
ORD104978,06/11/2025,CUST1865,Grant Lucas,South,Cotton T-Shirt,Apparel,24.21,1.0,0.0,Credit Card,Mobile App
ORD103313,2025-04-04,CUST1538,Melissa Morris,NORTH,Electric Kettle,Home & Kitchen,60.9,4.0,0.0,Debit Card,Mobile App
ORD105012,07/08/2025,CUST1150,Kimberly Matthews,CENTRAL,Notebook Pack,Office Supplies,119.67,1.0,15.0,Debit Card,In-Store
ORD102979,2024-09-11,CUST1754,David Hayes DVM, North,Coffee Maker,Home & Kitchen,45.24,2.0,5.0,UPI,Mobile App
ORD101068,2025-04-02,CUST1365,, South ,Vacuum Cleaner,Home & Kitchen,173.37,1.0,,,Mobile App
ORD105524,2025-05-30,CUST1113,Shannon Rivera,east,Non-stick Pan Set,Home & Kitchen,215.29,1.0,0.0,PayPal,Online
ORD101224,2025-11-11,CUST1646,Julie Pitts,central,Whiteboard,Office Supplies,33.93,2.0,15.0,Credit Card,Online
ORD103963,2024-01-15,CUST1317,Mark Peck,NORTH,Portable SSD 1TB,Electronics,347.67,1.0,5.0,UPI,Mobile App
ORD101472,2025/04/13,CUST1641,Kelly Cole,SOUTH,Yoga Pants,Apparel,81.1,2.0,0.0,Credit Card,Mobile App
ORD104475,2024-11-22,CUST1763,Amber Johnson, West,Wireless Mouse,Electronics,199.99,1.0,5.0,PayPal,Online
ORD101554,05/11/2025,CUST1594,,NORTH,Electric Kettle,Home & Kitchen,86.66,1.0,,,Online
ORD105233,2025-07-04,CUST1031,Tammy Allison,East,Portable SSD 1TB,Electronics,277.65,5.0,0.0,Debit Card,In-Store
ORD103396,2025/04/18,CUST1386,Alejandra Santos, West,Toaster,Home & Kitchen,174.58,2.0,5.0,PayPal,In-Store
ORD100211,08-25-2024,CUST1054,Victoria Johnson, North,Standing Desk,Office Supplies,278.77,2.0,0.0,PayPal,Mobile App
ORD101727,2025/04/27,CUST1643,Shawn Kelley, North,Notebook Pack,Office Supplies,189.78,2.0,5.0,Cash on Delivery,In-Store
ORD101113,2024-06-13,CUST1109,Kathryn Snyder,east,Denim Jacket,Apparel,98.73,2.0,0.0,UPI,Mobile App
ORD103989,13/07/2025,CUST1386,Alejandra Santos,east,Webcam HD,Electronics,283.4,2.0,10.0,Credit Card,Mobile App
ORD101548,2024-05-21,CUST1266,Courtney Dudley,NORTH,Cycling Helmet,Sports & Outdoors,20.79,3.0,0.0,Credit Card,In-Store
ORD103609,2025/03/12,CUST1889,Laura Bruce,south,Denim Jacket,Apparel,30.18,4.0,20.0,Credit Card,Online
ORD101187,2024-02-26,CUST1789,Blake Wu,central,Rice Cooker,Home & Kitchen,141.93,1.0,5.0,Credit Card,Online
ORD101035,2024-04-30,CUST1334,Brandon Jordan,east,Wireless Mouse,Electronics,83.21,3.0,0.0,UPI,In-Store
ORD102888,2025-10-31,CUST1853,Jennifer Clarke, West,Toaster,Home & Kitchen,138.82,1.0,0.0,PayPal,Online
ORD104135,01-03-2025,CUST1036,Cynthia Wilson,central,Water Bottle,Sports & Outdoors,94.74,1.0,15.0,Debit Card,Online
ORD101242,2024-01-04,CUST1252,Stephen Luna,west,Notebook Pack,Office Supplies,252.05,1.0,0.0,Cash on Delivery,In-Store
ORD102943,2025-10-25,CUST1258,Ronald Patel,SOUTH,Bluetooth Speaker,Electronics,382.83,3.0,15.0,Debit Card,In-Store
ORD102775,23/01/2024,CUST1659,Catherine Huang,east,Standing Desk,Office Supplies,208.13,5.0,10.0,Credit Card,Online
ORD101332,21/09/2024,CUST1871,Joshua Martin,west,Portable SSD 1TB,Electronics,369.97,1.0,0.0,Cash on Delivery,Mobile App
ORD104143,2025-08-10,CUST1244,Kathleen Burton,NORTH,Webcam HD,Electronics,102.21,1.0,5.0,Credit Card,In-Store
ORD104450,2024-09-29,CUST1213,Jason Beck,Central,Standing Desk,Office Supplies,280.77,2.0,0.0,PayPal,Online
ORD101099,07/01/2025,CUST1233,Victoria Contreras, West,Air Fryer,Home & Kitchen,188.0,3.0,10.0,UPI,Mobile App
ORD105447,2024-01-14,CUST1016,Patricia Peterson,South,Webcam HD,Electronics,58.69,3.0,0.0,Debit Card,Online
ORD101335,10/04/2024,CUST1475,Seth Matthews,north,USB-C Hub,Electronics,260.88,3.0,15.0,Cash on Delivery,In-Store
ORD103274,2024-10-01,CUST1706,James Bray, West,Camping Tent,Sports & Outdoors,29.08,4.0,0.0,Cash on Delivery,In-Store
ORD103800,10-26-2025,CUST1826,Matthew Smith,East ,Mechanical Keyboard,Electronics,236.13,2.0,0.0,UPI,In-Store
ORD101013,10-13-2025,CUST1745,April Johnson,NORTH,Rice Cooker,Home & Kitchen,105.04,1.0,0.0,PayPal,In-Store
ORD100498,2024-08-17,CUST1481,Brian Brown,west,Portable SSD 1TB,Electronics,66.34,1.0,0.0,Cash on Delivery,In-Store
ORD100479,03-13-2025,CUST1839,Tammy Thompson,SOUTH,Running Shoes,Apparel,24.78,1.0,0.0,Credit Card,In-Store
ORD101775,06/10/2025,CUST1666,Ashley Freeman,East,Air Fryer,Home & Kitchen,101.21,4.0,0.0,Cash on Delivery,Online
ORD102381,05/04/2024,CUST1237,Patricia Morrow,East,Dumbbell Set,Sports & Outdoors,184.79,3.0,0.0,Credit Card,Online
ORD100408,2024/05/17,CUST1180,Thomas Atkins,North,Standing Desk,Office Supplies,59.59,5.0,0.0,Cash on Delivery,Mobile App
ORD101262,2024-04-25,CUST1487,Robert Hines,Central,Camping Tent,Sports & Outdoors,46.65,2.0,0.0,Debit Card,In-Store
ORD100804,2025-01-02,CUST1565,Andrew Armstrong,CENTRAL,USB-C Hub,Electronics,152.38,3.0,0.0,Cash on Delivery,In-Store
ORD100137,26/05/2025,CUST1064,Michael Snyder,west,Mechanical Keyboard,Electronics,45.29,1.0,0.0,Credit Card,Mobile App
ORD104717,2024-01-09,CUST1612,Penny Gomez MD,South,Wool Sweater,Apparel,43.65,1.0,5.0,PayPal,Online
ORD105381,2024-02-26,CUST1072,Alicia Gilmore,SOUTH,USB-C Hub,Electronics,319.49,1.0,15.0,PayPal,Online
ORD104635,2025-12-12,CUST1520,Mason Moore,West,Portable SSD 1TB,Electronics,84.45,4.0,5.0,Credit Card,Online
ORD100706,2024-11-14,CUST1201,Cynthia Wallace,north,Camping Tent,Sports & Outdoors,293.69,1.0,0.0,Credit Card,Online
ORD105549,2025/05/16,CUST1082,Alexander Collins,East,Whiteboard,Office Supplies,125.58,1.0,0.0,Cash on Delivery,In-Store
ORD100571,2024-12-19,CUST1381,Isaac Miller,east,Water Bottle,Sports & Outdoors,126.5,2.0,0.0,UPI,Mobile App
ORD104804,2025-12-07,CUST1651,Adam Brooks, West,Yoga Pants,Apparel,63.52,2.0,0.0,PayPal,Online
ORD101985,2025-03-06,CUST1187,Jeremy Turner,north,Desk Lamp,Office Supplies,248.29,4.0,10.0,UPI,Mobile App
ORD104115,10-20-2024,CUST1294,Jenna Anderson DVM,central,Blender,Home & Kitchen,136.99,2.0,0.0,PayPal,In-Store
ORD101384,2025-05-06,CUST1399,Gregory Holmes PhD,SOUTH,27in Monitor,Electronics,215.97,2.0,0.0,Debit Card,Online
ORD101585,2024-03-27,CUST1751,Kristen Smith,East ,Whiteboard,Office Supplies,270.22,2.0,10.0,UPI,Online
ORD102447,2025-06-05,CUST1630,Paul Diaz,CENTRAL,Vacuum Cleaner,Home & Kitchen,153.08,1.0,0.0,PayPal,Online
ORD104831,2025-02-28,CUST1580,Travis Hopkins, North,Ergonomic Chair,Office Supplies,276.33,1.0,0.0,Credit Card,Mobile App
ORD103335,2024/12/12,CUST1703,Alicia Aguilar,west,Camping Tent,Sports & Outdoors,262.33,3.0,15.0,PayPal,Mobile App
ORD105007,11/07/2025,CUST1695,Patricia Anderson,west,Running Shoes,Apparel,114.66,1.0,10.0,Credit Card,Mobile App
ORD102452,2024-06-11,CUST1547,Justin Anderson, West,Denim Jacket,Apparel,77.27,1.0,5.0,Debit Card,Mobile App
ORD102793,09/12/2024,CUST1175,Lawrence Perry, West,Smartwatch,Electronics,319.73,2.0,0.0,Credit Card,Mobile App
ORD101429,2024-08-19,CUST1111,Pamela Thompson, North,Yoga Mat,Sports & Outdoors,101.63,1.0,,Cash on Delivery,In-Store
ORD103990,2024/08/16,CUST1197,Susan Davis DDS,North,Non-stick Pan Set,Home & Kitchen,123.51,1.0,0.0,Cash on Delivery,In-Store
ORD104528,2024-06-20,CUST1352,,West,Coffee Maker,Home & Kitchen,69.02,3.0,,,Online
ORD105005,2025/09/02,CUST1218,Chad Baldwin, South ,Desk Lamp,Office Supplies,131.35,1.0,5.0,Cash on Delivery,Mobile App
ORD102687,2025-12-11,CUST1500,Mrs. Alison Wagner,South,Vacuum Cleaner,Home & Kitchen,219.2,-1.0,10.0,UPI,Mobile App
ORD101092,2024-03-16,CUST1337,Derrick Adams,North,Denim Jacket,Apparel,110.86,3.0,5.0,UPI,Online
ORD102828,31/12/2025,CUST1769,John Bell,East ,Electric Kettle,Home & Kitchen,117.48,3.0,10.0,UPI,Mobile App
ORD100591,2025/12/04,CUST1614,Jordan Powell,SOUTH,Wireless Mouse,Electronics,59.96,1.0,10.0,UPI,Online
ORD101747,16/04/2024,CUST1612,Penny Gomez MD,West,Desk Lamp,Office Supplies,109.06,1.0,0.0,Cash on Delivery,Mobile App
ORD100958,24/03/2025,CUST1200,James Martin,East,Rice Cooker,Home & Kitchen,95.53,5.0,0.0,Debit Card,Online
ORD102633,23/03/2024,CUST1007,Dr. Sharon James,North,Wireless Mouse,Electronics,164.94,2.0,0.0,Credit Card,Mobile App
ORD104257,07/04/2024,CUST1482,Stephanie Evans,east,Power Bank,Electronics,309.12,1.0,0.0,UPI,Online
ORD104107,01-03-2025,CUST1051,Courtney Velasquez,SOUTH,Dumbbell Set,Sports & Outdoors,272.39,1.0,5.0,UPI,Mobile App
ORD104080,10-20-2024,CUST1262,Jeremy Barnes,Central,Vacuum Cleaner,Home & Kitchen,128.13,2.0,0.0,Cash on Delivery,Mobile App
ORD103112,2025-11-03,CUST1201,Cynthia Wallace, North,Wireless Mouse,Electronics,339.02,5.0,0.0,Credit Card,Mobile App
ORD100402,2025-09-25,CUST1854,Faith Johnson,north,Standing Desk,Office Supplies,260.05,4.0,0.0,Credit Card,Online
ORD105852,2025-06-16,CUST1310,Elizabeth Ward,CENTRAL,Dumbbell Set,Sports & Outdoors,70.67,3.0,10.0,PayPal,In-Store
ORD101534,2024-06-28,CUST1204,David Davidson, South ,Notebook Pack,Office Supplies,132.78,2.0,10.0,Debit Card,Online
ORD101116,2025-11-07,CUST1335,Linda Mueller,north,Cycling Helmet,Sports & Outdoors,98.07,1.0,5.0,Cash on Delivery,In-Store
ORD104448,29/08/2025,CUST1711,Steven Sandoval,East ,Dumbbell Set,Sports & Outdoors,69.73,1.0,10.0,Debit Card,Mobile App
ORD104350,2024-02-06,CUST1633,Dr. Samuel Holmes DDS,East,Wool Sweater,Apparel,84.2,1.0,0.0,Debit Card,In-Store
ORD102591,2024-08-07,CUST1438,Patricia Mathis,east,Yoga Mat,Sports & Outdoors,219.29,1.0,0.0,UPI,Mobile App
ORD103660,2025-11-09,CUST1350,Kathryn Cooper,West,Smartwatch,Electronics,218.52,2.0,0.0,Cash on Delivery,Online
ORD100255,2025-12-30,CUST1518,Krystal Levine,NORTH,Running Shoes,Apparel,42.53,1.0,0.0,UPI,In-Store
ORD102340,2025-12-24,CUST1767,Pamela Ruiz,east,Dumbbell Set,Sports & Outdoors,297.22,2.0,0.0,UPI,In-Store
ORD102190,23/05/2025,CUST1179,Mary Gomez, North,Smartwatch,Electronics,132.64,1.0,10.0,Credit Card,Online
ORD105954,2024-01-12,CUST1278,David Lopez,Central,Smartwatch,Electronics,104.97,1.0,0.0,Cash on Delivery,Mobile App
ORD103438,09/10/2024,CUST1876,Christie Fox,central,Water Bottle,Sports & Outdoors,221.52,1.0,0.0,Cash on Delivery,Online
ORD101922,2024-05-21,CUST1487,Robert Hines,east,Camping Tent,Sports & Outdoors,283.61,1.0,0.0,Debit Card,Online
ORD105450,2024-02-11,CUST1074,Stephanie Freeman,east,Yoga Pants,Apparel,64.55,1.0,0.0,Debit Card,Mobile App
ORD104297,2025-01-11,CUST1365,Jill Jackson,East ,Coffee Maker,Home & Kitchen,94.63,1.0,10.0,UPI,In-Store
ORD105324,2025-02-26,CUST1825,Charles Valdez, South ,Standing Desk,Office Supplies,157.34,3.0,0.0,Cash on Delivery,In-Store
ORD104141,2025-02-05,CUST1422,Richard Walker, South ,Bluetooth Speaker,Electronics,36.15,1.0,5.0,PayPal,Mobile App
ORD103078,21/07/2024,CUST1633,Dr. Samuel Holmes DDS,north,Air Fryer,Home & Kitchen,182.71,1.0,15.0,Cash on Delivery,Mobile App
ORD104537,2024-03-06,CUST1345,David Moore,central,Mechanical Keyboard,Electronics,73.09,2.0,0.0,Cash on Delivery,In-Store
ORD100267,27/03/2024,CUST1381,Isaac Miller,East ,Wireless Mouse,Electronics,416.54,4.0,0.0,Cash on Delivery,Online
ORD102421,19/08/2024,CUST1894,Richard Jenkins,CENTRAL,Power Bank,Electronics,136.54,1.0,5.0,UPI,Mobile App
ORD103976,2024-07-05,CUST1273,Matthew Velez, South ,Power Bank,Electronics,401.84,1.0,0.0,UPI,In-Store
ORD104973,17/05/2025,CUST1835,Justin Lee,East ,Camping Tent,Sports & Outdoors,62.64,1.0,0.0,Cash on Delivery,Online
ORD104554,2025/04/13,CUST1560,James Wilson,SOUTH,Non-stick Pan Set,Home & Kitchen,105.75,1.0,0.0,Debit Card,In-Store
ORD102875,2025/07/25,CUST1166,Bradley Reynolds,CENTRAL,Vacuum Cleaner,Home & Kitchen,142.06,1.0,10.0,PayPal,Online
ORD101425,18/09/2025,CUST1085,Matthew Smith,North,Electric Kettle,Home & Kitchen,27.84,1.0,15.0,UPI,In-Store
ORD105458,2025-04-27,CUST1194,Nathaniel Douglas,east,Coffee Maker,Home & Kitchen,168.93,3.0,0.0,Credit Card,Online
ORD105872,2024-05-24,CUST1882,John Dillon,East ,Rice Cooker,Home & Kitchen,201.7,2.0,10.0,Cash on Delivery,Online
ORD103454,2025-08-27,CUST1363,Ryan Harvey,south,Coffee Maker,Home & Kitchen,202.05,3.0,5.0,UPI,Mobile App
ORD103129,28/09/2024,CUST1835,Justin Lee,west,Dumbbell Set,Sports & Outdoors,200.35,4.0,0.0,PayPal,In-Store
ORD102424,2025-10-15,CUST1794,Richard King,CENTRAL,Whiteboard,Office Supplies,287.0,1.0,0.0,Credit Card,In-Store
ORD104709,2025-05-15,CUST1854,Faith Johnson,South,Portable SSD 1TB,Electronics,70.22,2.0,5.0,UPI,In-Store
ORD100684,2025-10-23,CUST1453,Matthew Greene,East ,Wool Sweater,Apparel,39.45,1.0,10.0,Debit Card,Mobile App
ORD100118,13/11/2024,CUST1536,Stacey Hunt,SOUTH,Notebook Pack,Office Supplies,39.96,3.0,0.0,Debit Card,In-Store
ORD100319,03/07/2024,CUST1146,James Little,central,Water Bottle,Sports & Outdoors,129.85,2.0,0.0,UPI,In-Store
ORD102168,13/07/2025,CUST1623,Blake Sosa, West,Blender,Home & Kitchen,79.21,1.0,10.0,Credit Card,In-Store
ORD100908,2025-01-29,CUST1238,Michael Cooper, North,Bluetooth Speaker,Electronics,317.52,2.0,5.0,Debit Card,Mobile App
ORD104536,2024-03-11,CUST1857,Jacob Wong,NORTH,Mechanical Keyboard,Electronics,176.36,3.0,0.0,Cash on Delivery,In-Store
ORD101896,29/09/2025,CUST1563,Daniel Francis,NORTH,Camping Tent,Sports & Outdoors,58.99,5.0,10.0,Credit Card,Online
ORD103769,2025-03-11,CUST1163,Larry Garcia,North,Denim Jacket,Apparel,21.06,1.0,10.0,Credit Card,Online
ORD101226,2024-07-09,CUST1507,Daniel Fitzpatrick MD, West,Bluetooth Speaker,Electronics,290.82,1.0,5.0,Cash on Delivery,Online
ORD101614,01-03-2024,CUST1798,Mark Clark,NORTH,Vacuum Cleaner,Home & Kitchen,94.57,3.0,0.0,Debit Card,Online
ORD105969,2024-05-19,CUST1688,Misty Mcguire,CENTRAL,Standing Desk,Office Supplies,225.14,1.0,0.0,UPI,In-Store
ORD104630,2024/09/28,CUST1667,Michael Howard,east,Running Shoes,Apparel,70.94,1.0,5.0,Cash on Delivery,Mobile App
ORD102998,12-04-2024,CUST1094,Jesse Parker,West,Electric Kettle,Home & Kitchen,216.55,2.0,10.0,UPI,In-Store
ORD104937,2024-10-06,CUST1434,Suzanne Johnson,west,Air Fryer,Home & Kitchen,75.51,1.0,0.0,Credit Card,In-Store
ORD100279,2024-09-03,CUST1102,Joseph Hayes,Central,Desk Lamp,Office Supplies,190.01,3.0,0.0,Credit Card,Online
ORD105775,2025-12-03,CUST1813,Michelle Garcia, West,Notebook Pack,Office Supplies,304.73,2.0,0.0,PayPal,In-Store
ORD105996,21/11/2025,CUST1026,Timothy Duncan,East ,Whiteboard,Office Supplies,176.65,2.0,0.0,Credit Card,Mobile App
ORD101050,10-23-2025,CUST1719,Michael Howard,south,Standing Desk,Office Supplies,22.49,3.0,0.0,PayPal,Online
ORD104369,2024-01-16,CUST1746,Mrs. Felicia Castro DDS,south,Air Fryer,Home & Kitchen,152.33,2.0,5.0,Debit Card,Online
ORD105442,03-28-2025,CUST1530,Richard Love,north,Yoga Mat,Sports & Outdoors,163.57,4.0,10.0,Debit Card,In-Store
ORD100659,30/10/2025,CUST1853,Jennifer Clarke,west,Desk Lamp,Office Supplies,54.59,1.0,15.0,UPI,Online
ORD101138,2024-04-17,CUST1289,Jose Bryant,NORTH,USB-C Hub,Electronics,120.86,1.0,15.0,PayPal,Online
ORD105701,2024-04-30,CUST1155,Robin Hall, West,Camping Tent,Sports & Outdoors,225.49,1.0,0.0,Cash on Delivery,Mobile App
ORD105156,27/11/2025,CUST1241,Denise Weber,east,Toaster,Home & Kitchen,194.41,1.0,15.0,Debit Card,Online
ORD104094,12-21-2025,CUST1313,Kelly Sanchez,south,Standing Desk,Office Supplies,235.15,1.0,5.0,Debit Card,Mobile App
ORD100802,2025/06/15,CUST1307,Claire Clark,West,Smartwatch,Electronics,97.93,5.0,0.0,PayPal,Mobile App
ORD104671,2024-07-07,CUST1854,Faith Johnson,North,Cotton T-Shirt,Apparel,44.57,3.0,0.0,PayPal,Mobile App
ORD105378,2024-06-20,CUST1367,Ashley Wilson, West,Bluetooth Speaker,Electronics,36.47,1.0,5.0,UPI,Mobile App
ORD102195,2024/01/06,CUST1113,Shannon Rivera,west,Wireless Mouse,Electronics,60.28,3.0,10.0,UPI,Mobile App
ORD101864,18/05/2025,CUST1170,Renee Bruce,North,Noise Cancelling Headphones,Electronics,104.68,2.0,0.0,Debit Card,Online
ORD103757,20/06/2025,CUST1803,Julia Leonard,east,Electric Kettle,Home & Kitchen,59.26,5.0,5.0,Credit Card,Online
ORD103357,2025-03-28,CUST1283,Stephanie Padilla,North,Blender,Home & Kitchen,201.86,4.0,5.0,PayPal,Mobile App
ORD101954,2024-04-05,CUST1880,Jill Riddle,west,Portable SSD 1TB,Electronics,282.32,1.0,0.0,Debit Card,Mobile App
ORD100015,2025-12-07,CUST1552,Michael Griffin,East,Blender,Home & Kitchen,73.01,4.0,10.0,PayPal,In-Store
ORD103680,12-02-2024,CUST1062,Frances Cardenas, North,Smartwatch,Electronics,139.76,1.0,10.0,Cash on Delivery,Mobile App
ORD100322,2024-12-18,CUST1231,Michele Lewis,West,Whiteboard,Office Supplies,74.8,2.0,5.0,Credit Card,In-Store
ORD104317,2024-05-08,CUST1298,Andrew Gonzales,CENTRAL,Desk Lamp,Office Supplies,108.0,1.0,0.0,Debit Card,Mobile App
ORD100793,05/01/2025,CUST1752,Andre Terrell,north,Portable SSD 1TB,Electronics,148.71,1.0,5.0,Cash on Delivery,Online
ORD100403,2025-09-27,CUST1868,Caitlyn Nichols,East,Dumbbell Set,Sports & Outdoors,188.78,3.0,0.0,Cash on Delivery,In-Store
ORD101291,2025-02-08,CUST1043,Michelle Harris,SOUTH,Notebook Pack,Office Supplies,328.79,3.0,15.0,PayPal,In-Store
ORD103114,2025/07/04,CUST1515,Meghan White,East ,Whiteboard,Office Supplies,250.79,2.0,15.0,Cash on Delivery,Online
ORD102465,2025-03-23,CUST1041,Victoria Valdez,east,Noise Cancelling Headphones,Electronics,399.32,1.0,5.0,PayPal,Mobile App
ORD105767,2024-05-24,CUST1046,Sandra Aguilar,west,Denim Jacket,Apparel,101.02,1.0,0.0,Credit Card,In-Store
ORD102133,2025-05-06,CUST1857,Jacob Wong,west,Cotton T-Shirt,Apparel,108.58,1.0,0.0,Credit Card,Mobile App
ORD105185,13/09/2024,CUST1782,Christopher Taylor,west,Wool Sweater,Apparel,102.22,3.0,0.0,PayPal,Mobile App
ORD105737,04/07/2025,CUST1758,Kelly Smith,CENTRAL,Wool Sweater,Apparel,87.15,2.0,0.0,Debit Card,In-Store
ORD104696,2025-06-17,CUST1187,Jeremy Turner, West,Air Fryer,Home & Kitchen,102.55,2.0,0.0,PayPal,In-Store
ORD101186,2024-03-25,CUST1413,Jacqueline Villegas,NORTH,Cotton T-Shirt,Apparel,48.63,1.0,0.0,UPI,Online
ORD100289,28/10/2025,CUST1807,Angelica Jacobs,SOUTH,Dumbbell Set,Sports & Outdoors,265.95,1.0,15.0,Debit Card,Online
ORD105877,2025-04-15,CUST1483,Rebekah Greene,West,Running Shoes,Apparel,44.13,1.0,10.0,UPI,In-Store
ORD102836,01-01-2025,CUST1063,Angel Riggs,East,Denim Jacket,Apparel,65.63,2.0,10.0,Debit Card,In-Store
ORD101475,2024-05-12,CUST1735,Lisa Snyder,,Blender,Home & Kitchen,,,10.0,Cash on Delivery,Online
ORD105778,2024-08-12,CUST1845,Greg Tanner,CENTRAL,Water Bottle,Sports & Outdoors,56.72,5.0,15.0,PayPal,Mobile App
ORD100332,2024-04-05,CUST1636,Gregory Frazier,SOUTH,USB-C Hub,Electronics,306.93,1.0,0.0,PayPal,Online
ORD105636,10/06/2025,CUST1186,Justin Riley, South ,Mechanical Keyboard,Electronics,250.86,2.0,0.0,UPI,Mobile App
ORD100915,05/12/2025,CUST1076,James Elliott, North,Yoga Mat,Sports & Outdoors,86.79,3.0,0.0,UPI,In-Store
ORD105975,2025/09/06,CUST1750,Julia Olsen, South ,Water Bottle,Sports & Outdoors,89.65,2.0,0.0,UPI,Online
ORD101130,2025-10-29,CUST1856,Susan Cox, South ,Toaster,Home & Kitchen,100.06,3.0,0.0,Credit Card,Mobile App
ORD101230,2025/11/25,CUST1714,Shari Parker, North,Wool Sweater,Apparel,16.26,2.0,5.0,Cash on Delivery,In-Store
ORD105755,2024-05-20,CUST1324,Shannon Davis,north,Cycling Helmet,Sports & Outdoors,269.48,1.0,0.0,PayPal,Mobile App
ORD104799,19/11/2025,CUST1561,Mercedes Jones,central,Dumbbell Set,Sports & Outdoors,107.85,1.0,0.0,Cash on Delivery,Online
ORD105922,13/06/2025,CUST1886,Sandra Kennedy, South ,Cotton T-Shirt,Apparel,57.87,1.0,0.0,Debit Card,In-Store
ORD105799,2025-07-29,CUST1525,Jordan Clark,SOUTH,Running Shoes,Apparel,75.72,4.0,10.0,Cash on Delivery,Mobile App
ORD101733,2024-11-22,CUST1038,Michael Evans,East,Wool Sweater,Apparel,61.01,1.0,0.0,Debit Card,Mobile App
ORD103467,31/10/2025,CUST1775,Brian Cervantes,East ,Mechanical Keyboard,Electronics,120.02,3.0,15.0,PayPal,In-Store
ORD100905,23/07/2024,CUST1621,Travis Vega,South,Dumbbell Set,Sports & Outdoors,183.74,1.0,0.0,PayPal,Mobile App
ORD101177,05-21-2024,CUST1390,Katrina Adkins,SOUTH,Noise Cancelling Headphones,Electronics,268.95,4.0,5.0,Debit Card,Online
ORD100476,11/10/2024,CUST1250,Kathleen Davis,East,Portable SSD 1TB,Electronics,217.84,1.0,15.0,Cash on Delivery,Online
ORD100621,06/12/2024,CUST1482,Stephanie Evans,west,Air Fryer,Home & Kitchen,74.81,1.0,10.0,Credit Card,Online
ORD105160,2025-05-30,CUST1898,Brenda Perez,east,Wool Sweater,Apparel,88.17,1.0,20.0,Cash on Delivery,In-Store
ORD103954,2024-02-16,CUST1228,Amanda Hernandez, North,Noise Cancelling Headphones,Electronics,123.34,2.0,0.0,Cash on Delivery,Mobile App
ORD105272,2025-11-07,CUST1102,Joseph Hayes,central,Bluetooth Speaker,Electronics,80.79,5.0,10.0,Credit Card,Mobile App
ORD103044,2025-08-27,CUST1395,Kimberly Hernandez,east,Cotton T-Shirt,Apparel,83.73,1.0,5.0,Credit Card,Online
ORD101887,02/03/2024,CUST1678,Toni Davis,East,Notebook Pack,Office Supplies,278.64,1.0,0.0,PayPal,Online
ORD100983,2024-02-09,CUST1238,Michael Cooper,North,Portable SSD 1TB,Electronics,79.07,2.0,,,In-Store
ORD101585,2024-03-27,CUST1751,Kristen Smith,East ,Whiteboard,Office Supplies,270.22,2.0,10.0,UPI,Online
ORD105086,2024-12-17,CUST1083,Michael Burton, North,Notebook Pack,Office Supplies,102.67,1.0,0.0,Debit Card,In-Store
ORD100326,2024-05-06,CUST1426,Daniel Lopez,North,Running Shoes,Apparel,84.51,2.0,0.0,UPI,Mobile App
ORD100148,2025-02-11,CUST1140,Patricia Becker, West,Wool Sweater,Apparel,114.63,1.0,0.0,PayPal,Online
ORD100080,2025-12-15,CUST1890,Brandy Martin,east,Non-stick Pan Set,Home & Kitchen,130.38,2.0,0.0,UPI,Online
ORD100879,05/01/2025,CUST1792,Thomas Curry,East ,Portable SSD 1TB,Electronics,86.84,1.0,0.0,UPI,Online
ORD101717,2024-07-02,CUST1477,Matthew Palmer, West,Wool Sweater,Apparel,38.39,1.0,,,Online
ORD103163,30/10/2024,CUST1310,Elizabeth Ward,South,Cotton T-Shirt,Apparel,114.7,1.0,0.0,UPI,Online
ORD103010,16/05/2025,CUST1209,Luis Bullock,East ,Yoga Pants,Apparel,106.14,1.0,0.0,Credit Card,In-Store
ORD105979,2024-08-19,CUST1235,Dr. Cynthia Snyder,north,Rice Cooker,Home & Kitchen,38.72,2.0,10.0,UPI,Online
ORD104826,2024-07-02,CUST1873,Michael Wells,NORTH,Running Shoes,Apparel,115.17,5.0,10.0,Cash on Delivery,In-Store
ORD102853,2024-04-03,CUST1032,Carmen Smith,East,Non-stick Pan Set,Home & Kitchen,59.68,1.0,0.0,Debit Card,Mobile App
ORD104300,2025/01/06,CUST1250,Kathleen Davis,East,Wireless Mouse,Electronics,157.76,1.0,0.0,UPI,Online
ORD100022,2025-07-09,CUST1059,Stephanie Gilbert,north,Smartwatch,Electronics,306.3,1.0,5.0,PayPal,Online
ORD104496,16/10/2025,CUST1098,Beth Oneill,South,Standing Desk,Office Supplies,311.91,2.0,10.0,PayPal,In-Store
ORD101940,15/04/2024,CUST1558,Allison Love,North,Notebook Pack,Office Supplies,266.2,3.0,0.0,Debit Card,Mobile App
ORD103340,12-17-2025,CUST1319,Megan Drake,East ,USB-C Hub,Electronics,297.53,1.0,5.0,Cash on Delivery,In-Store
ORD105889,07/08/2024,CUST1065,Colleen Brock,CENTRAL,Cotton T-Shirt,Apparel,92.44,1.0,0.0,Cash on Delivery,Mobile App
ORD102559,27/03/2024,CUST1054,Victoria Johnson,West,USB-C Hub,Electronics,417.21,1.0,5.0,PayPal,Mobile App
ORD100385,01-02-2024,CUST1617,Tonya Ellis,East,Cycling Helmet,Sports & Outdoors,156.96,1.0,0.0,UPI,Mobile App
ORD102308,2025/03/16,CUST1307,Claire Clark, North,Noise Cancelling Headphones,Electronics,352.87,2.0,0.0,PayPal,Mobile App
ORD102738,2024-12-04,CUST1472,Samuel Suarez,CENTRAL,Cycling Helmet,Sports & Outdoors,198.93,1.0,15.0,PayPal,Mobile App
ORD104953,20/09/2025,CUST1128,Michael Santos,east,Webcam HD,Electronics,378.95,2.0,5.0,Credit Card,Online
ORD104020,09/06/2025,CUST1077,David Murphy,South,Noise Cancelling Headphones,Electronics,218.36,1.0,,Cash on Delivery,Mobile App
ORD101100,2024-02-27,CUST1550,Joshua Davis,CENTRAL,Bluetooth Speaker,Electronics,240.65,1.0,15.0,Cash on Delivery,Online
ORD103006,2025-03-20,CUST1109,Kathryn Snyder,NORTH,Noise Cancelling Headphones,Electronics,414.08,1.0,0.0,PayPal,In-Store
ORD101477,05/12/2024,CUST1390,Katrina Adkins,central,Webcam HD,Electronics,400.28,2.0,10.0,Cash on Delivery,Online
ORD104861,2025/01/27,CUST1589,Andrew Berry,north,Wireless Mouse,Electronics,177.55,1.0,10.0,Credit Card,Mobile App
ORD100984,2024-12-27,CUST1263,Tami Salas,central,Running Shoes,Apparel,73.11,1.0,0.0,Credit Card,Mobile App
ORD104108,2024/02/25,CUST1395,Kimberly Hernandez,east,Blender,Home & Kitchen,187.53,2.0,0.0,Cash on Delivery,Online
ORD100038,29/10/2024,CUST1334,Brandon Jordan,SOUTH,Running Shoes,Apparel,90.57,1.0,0.0,Debit Card,In-Store
ORD100631,2025/09/12,CUST1482,Stephanie Evans,south,Running Shoes,Apparel,25.0,1.0,15.0,Cash on Delivery,Mobile App
ORD103289,2025-10-09,CUST1072,Alicia Gilmore, West,Toaster,Home & Kitchen,207.95,1.0,15.0,UPI,In-Store
ORD102746,06/07/2025,CUST1570,Cynthia Mitchell,East,Mechanical Keyboard,Electronics,114.13,2.0,15.0,Credit Card,In-Store
ORD101256,01-31-2025,CUST1189,Julie Spencer,West,Power Bank,Electronics,436.29,2.0,0.0,Debit Card,Online
ORD101338,30/11/2024,CUST1344,Sandra Jones,south,Wool Sweater,Apparel,60.16,1.0,0.0,Credit Card,Online
ORD104408,2025-03-09,CUST1245,, South ,Standing Desk,Office Supplies,281.23,2.0,,,Online
ORD100679,03/02/2024,CUST1217,Carrie Maxwell,East ,Denim Jacket,Apparel,116.64,2.0,0.0,Cash on Delivery,In-Store
ORD105337,2024-12-15,CUST1711,Steven Sandoval, West,Cycling Helmet,Sports & Outdoors,226.01,1.0,10.0,PayPal,Online
ORD102815,2025-04-04,CUST1651,Adam Brooks, North,Wireless Mouse,Electronics,222.68,5.0,5.0,Credit Card,Mobile App
ORD104202,2025/12/10,CUST1380,William Patterson,east,Coffee Maker,Home & Kitchen,214.82,3.0,0.0,Credit Card,In-Store
ORD103519,2025-09-02,CUST1676,Steve Miller PhD,West,Denim Jacket,Apparel,106.08,1.0,20.0,PayPal,In-Store
ORD100382,08-12-2024,CUST1888,Sheena Burton,east,Webcam HD,Electronics,427.58,1.0,0.0,Cash on Delivery,Online
ORD103394,2025-10-15,CUST1873,Michael Wells,SOUTH,Mechanical Keyboard,Electronics,159.64,4.0,0.0,Debit Card,Mobile App
ORD101248,2025-08-05,CUST1331,Henry Pugh MD, North,Blender,Home & Kitchen,85.32,3.0,5.0,Cash on Delivery,Online
ORD102824,27/10/2025,CUST1160,Judith Maynard,North,Running Shoes,Apparel,81.41,1.0,0.0,Cash on Delivery,Online
ORD101098,02/05/2024,CUST1623,Blake Sosa, South ,Running Shoes,Apparel,50.95,1.0,10.0,PayPal,In-Store
ORD103127,2025-01-23,CUST1655,,North,Bluetooth Speaker,Electronics,134.58,2.0,,,Online
ORD100433,2025-09-27,CUST1634,Brett Martin,West,Air Fryer,Home & Kitchen,175.18,2.0,15.0,Credit Card,Mobile App
ORD103147,2025-11-13,CUST1727,Louis Brown,central,Dumbbell Set,Sports & Outdoors,123.59,1.0,0.0,Credit Card,In-Store
ORD103499,2025-07-25,CUST1759,Stephen Garcia,East,Running Shoes,Apparel,46.0,2.0,0.0,Credit Card,Online
ORD104379,05-24-2024,CUST1608,Lee Ramsey,West,Wireless Mouse,Electronics,306.79,1.0,0.0,PayPal,Online
ORD102316,2025-11-24,CUST1541,Miss Brianna Brown,south,Notebook Pack,Office Supplies,47.74,1.0,0.0,PayPal,In-Store
ORD104682,2024/11/01,CUST1111,Pamela Thompson,East ,Bluetooth Speaker,Electronics,187.0,1.0,0.0,PayPal,In-Store
ORD103892,2024-12-06,CUST1276,Tanya Rogers,east,Cotton T-Shirt,Apparel,103.73,3.0,10.0,PayPal,In-Store
ORD102335,2024-07-29,CUST1619,Harry Nichols,North,Toaster,Home & Kitchen,29.45,2.0,10.0,UPI,Mobile App
ORD103698,13/04/2025,CUST1160,Judith Maynard,East ,Water Bottle,Sports & Outdoors,233.02,4.0,10.0,PayPal,Mobile App
ORD105579,2024-06-26,CUST1869,Rebecca Martin,East,Power Bank,Electronics,29.25,1.0,5.0,Debit Card,Mobile App
ORD104347,2024-07-18,CUST1048,Stacey Russell,central,Rice Cooker,Home & Kitchen,137.06,1.0,0.0,Debit Card,In-Store
ORD105287,2024-03-03,CUST1770,Bethany Garcia,East,27in Monitor,Electronics,431.86,1.0,0.0,PayPal,Online
ORD100545,2024-11-29,CUST1455,Martin Hughes,CENTRAL,Wireless Mouse,Electronics,231.15,1.0,5.0,PayPal,Online
ORD104698,2024-12-29,CUST1637,Richard Kelly, North,Portable SSD 1TB,Electronics,143.46,1.0,0.0,PayPal,Online
ORD105435,2025-07-17,CUST1232,Benjamin Thompson,SOUTH,Smartwatch,Electronics,180.4,1.0,0.0,UPI,In-Store
ORD104095,2025-09-16,CUST1623,Blake Sosa,west,Yoga Pants,Apparel,66.17,2.0,0.0,Debit Card,Online
ORD105398,2025-07-19,CUST1846,Laura Tran,East,Non-stick Pan Set,Home & Kitchen,197.72,3.0,10.0,PayPal,In-Store
ORD103509,2025-09-25,CUST1645,Mark Anderson,central,Cotton T-Shirt,Apparel,93.57,1.0,0.0,Debit Card,In-Store
ORD104137,2025-11-11,CUST1428,James Barnes,east,Blender,Home & Kitchen,59.26,1.0,5.0,PayPal,In-Store
ORD102996,2024-09-02,CUST1840,Leslie Nguyen, West,Electric Kettle,Home & Kitchen,173.3,3.0,0.0,PayPal,Mobile App
ORD104154,2024/06/13,CUST1169,John Boone,north,Smartwatch,Electronics,91.38,1.0,0.0,Debit Card,Online
ORD104319,31/01/2024,CUST1611,Lisa Craig,SOUTH,Notebook Pack,Office Supplies,223.48,4.0,0.0,Cash on Delivery,Mobile App
ORD104356,2025-05-10,CUST1848,Danielle Murphy,west,USB-C Hub,Electronics,210.98,5.0,0.0,PayPal,Online
ORD100673,07/11/2024,CUST1247,Kayla Rodriguez,east,Blender,Home & Kitchen,24.68,4.0,10.0,Cash on Delivery,Online
ORD101645,12-04-2024,CUST1808,Cathy Rodriguez,West,USB-C Hub,Electronics,306.13,2.0,0.0,Credit Card,Online
ORD101462,14/04/2024,CUST1549,Michael Fox,CENTRAL,USB-C Hub,Electronics,296.6,4.0,10.0,PayPal,Mobile App
ORD100722,2025/06/04,CUST1893,Heidi Ferguson, South ,Yoga Pants,Apparel,45.89,1.0,0.0,UPI,Online
ORD103105,01-14-2025,CUST1753,Richard Parker,east,Yoga Pants,Apparel,110.15,3.0,0.0,Debit Card,Mobile App
ORD105394,23/01/2024,CUST1807,Angelica Jacobs, South ,Wireless Mouse,Electronics,169.31,1.0,0.0,UPI,In-Store
ORD104862,2024-04-04,CUST1855,Rebecca French,Central,Running Shoes,Apparel,45.6,1.0,10.0,Cash on Delivery,Online
ORD104312,2025-12-29,CUST1738,Thomas Williams, West,Blender,Home & Kitchen,164.78,1.0,20.0,Cash on Delivery,Online
ORD104371,19/07/2024,CUST1389,Bradley Tran,North,Denim Jacket,Apparel,21.87,1.0,0.0,PayPal,In-Store
ORD101655,2024-03-09,CUST1618,Austin Schultz, West,Cotton T-Shirt,Apparel,111.3,1.0,15.0,UPI,Mobile App
ORD100469,12/06/2025,CUST1040,Sherry Wood,East ,Ergonomic Chair,Office Supplies,308.45,1.0,5.0,Credit Card,Online
ORD102337,2025-01-19,CUST1249,Michelle Lee,West,Wool Sweater,Apparel,33.11,1.0,0.0,Cash on Delivery,In-Store
ORD102610,2024-11-15,CUST1684,Andrew Mitchell,East ,Denim Jacket,Apparel,31.44,2.0,0.0,Cash on Delivery,In-Store
ORD100143,03-23-2025,CUST1127,Jennifer Pena,west,Bluetooth Speaker,Electronics,391.41,1.0,10.0,UPI,In-Store
ORD102814,03/04/2024,CUST1620,Gloria Spencer,CENTRAL,27in Monitor,Electronics,374.91,1.0,0.0,Credit Card,Online
ORD103110,10-12-2024,CUST1033,Michael Cross,south,Whiteboard,Office Supplies,226.77,1.0,0.0,Cash on Delivery,Online
ORD100134,2025-01-17,CUST1054,Victoria Johnson,central,27in Monitor,Electronics,372.1,4.0,0.0,Credit Card,In-Store
ORD103521,22/12/2024,CUST1051,Courtney Velasquez, West,Notebook Pack,Office Supplies,142.62,2.0,0.0,UPI,Mobile App
ORD104658,2024-08-19,CUST1315,Kelly Combs,East ,Desk Lamp,Office Supplies,204.8,5.0,0.0,Cash on Delivery,Mobile App
ORD105623,2024-12-16,CUST1761,Brian Mullen,CENTRAL,Notebook Pack,Office Supplies,285.67,4.0,0.0,Cash on Delivery,Online
ORD102317,2024-04-06,CUST1598,Jessica Mays,North,Water Bottle,Sports & Outdoors,193.99,1.0,0.0,PayPal,In-Store
ORD103202,2025-04-13,CUST1496,Michael Sims,South,Vacuum Cleaner,Home & Kitchen,47.48,2.0,20.0,UPI,Mobile App
ORD100493,2024-11-24,CUST1654,Barry Taylor, South ,Yoga Mat,Sports & Outdoors,161.93,2.0,15.0,PayPal,In-Store
ORD102416,26/12/2025,CUST1560,James Wilson,west,Portable SSD 1TB,Electronics,336.56,1.0,15.0,PayPal,Mobile App
ORD103619,09-05-2025,CUST1409,Dr. Morgan Payne PhD,West,Power Bank,Electronics,98.82,5.0,0.0,Debit Card,In-Store
ORD104322,2024-04-17,CUST1334,Brandon Jordan,south,Blender,Home & Kitchen,71.67,1.0,15.0,PayPal,Mobile App
ORD101464,2025-02-22,CUST1697,Thomas Davis,East ,Cycling Helmet,Sports & Outdoors,81.99,1.0,20.0,Debit Card,Mobile App
ORD102516,2025/04/07,CUST1353,Ashley Sweeney,North,Portable SSD 1TB,Electronics,59.61,1.0,0.0,Cash on Delivery,In-Store
ORD103600,13/04/2025,CUST1457,Rhonda Gutierrez, West,Coffee Maker,Home & Kitchen,136.13,3.0,5.0,Cash on Delivery,Mobile App
ORD100958,24/03/2025,CUST1200,James Martin,East,Rice Cooker,Home & Kitchen,95.53,5.0,0.0,Debit Card,Online
ORD102484,16/01/2025,CUST1511,Charles Holland,East,Cotton T-Shirt,Apparel,75.05,5.0,15.0,UPI,Online
ORD103600,13/04/2025,CUST1457,Rhonda Gutierrez, West,Coffee Maker,Home & Kitchen,136.13,3.0,5.0,Cash on Delivery,Mobile App
ORD103806,2025-07-30,CUST1757,Briana Wiggins,East ,Blender,Home & Kitchen,91.63,4.0,0.0,UPI,Online
ORD104199,2024-03-08,CUST1267,Justin Michael,north,Whiteboard,Office Supplies,205.13,1.0,0.0,PayPal,Online
ORD100273,2025-02-14,CUST1133,Bob Pitts,West,Standing Desk,Office Supplies,51.29,1.0,0.0,Credit Card,Mobile App
ORD105945,2025-08-16,CUST1290,Jennifer Velasquez,East,Desk Lamp,Office Supplies,131.5,1.0,0.0,Credit Card,Online
ORD101700,10/02/2025,CUST1544,Juan Smith,Central,Desk Lamp,Office Supplies,303.93,1.0,0.0,UPI,In-Store
ORD105375,2024/11/08,CUST1442,Patricia Bradley, West,USB-C Hub,Electronics,353.88,2.0,15.0,UPI,Mobile App
ORD103746,2024-06-23,CUST1501,Martin Wise,central,Mechanical Keyboard,Electronics,266.2,2.0,0.0,Cash on Delivery,In-Store
ORD101866,2025/08/04,CUST1528,Jacqueline Rodriguez,West,Wool Sweater,Apparel,62.61,2.0,0.0,Credit Card,In-Store
ORD101955,2024-01-08,CUST1753,Richard Parker,north,Notebook Pack,Office Supplies,248.14,2.0,15.0,Cash on Delivery,In-Store
ORD102679,12/05/2025,CUST1216,Ashley Perkins,Central,Non-stick Pan Set,Home & Kitchen,159.19,4.0,0.0,Cash on Delivery,Mobile App
ORD102961,2025-09-21,CUST1189,Julie Spencer,west,Running Shoes,Apparel,106.14,4.0,,,In-Store
ORD105106,2024-09-29,CUST1173,Cindy Barnes,central,Rice Cooker,Home & Kitchen,122.61,1.0,5.0,Cash on Delivery,Online
ORD102772,03-02-2024,CUST1302,Megan Floyd,East ,Running Shoes,Apparel,46.43,4.0,0.0,Credit Card,Mobile App
ORD100937,12-24-2024,CUST1051,Courtney Velasquez,West,Portable SSD 1TB,Electronics,154.97,1.0,0.0,Cash on Delivery,Mobile App
ORD101823,2025-03-12,CUST1357,Rebecca Herrera,west,Power Bank,Electronics,443.52,1.0,0.0,Credit Card,Mobile App
ORD104520,2024-12-02,CUST1632,James Thomas,west,Notebook Pack,Office Supplies,226.41,1.0,10.0,Debit Card,In-Store
ORD102845,06/01/2025,CUST1438,Patricia Mathis, West,USB-C Hub,Electronics,292.43,1.0,0.0,PayPal,Mobile App
ORD103072,2025-02-04,CUST1525,Jordan Clark,East ,Smartwatch,Electronics,299.81,2.0,20.0,Cash on Delivery,In-Store
ORD105666,2024-02-18,CUST1147,Terri Murphy,East ,Whiteboard,Office Supplies,192.38,1.0,0.0,Credit Card,In-Store
ORD102064,2025-05-15,CUST1617,Tonya Ellis,North,Wireless Mouse,Electronics,367.43,1.0,0.0,Debit Card,Online
ORD105769,2025-09-16,CUST1848,Danielle Murphy, North,Mechanical Keyboard,Electronics,289.74,1.0,5.0,UPI,Mobile App
ORD100580,2025-12-05,CUST1277,Todd Rosales MD,central,Whiteboard,Office Supplies,119.69,1.0,5.0,Cash on Delivery,Mobile App
ORD101873,2025-12-21,CUST1290,Jennifer Velasquez,east,Rice Cooker,Home & Kitchen,84.33,4.0,5.0,UPI,In-Store
ORD105664,2025-07-10,CUST1213,Jason Beck,Central,Desk Lamp,Office Supplies,344.48,1.0,0.0,PayPal,Mobile App
ORD103650,2025-12-20,CUST1681,Kathy Sandoval,Central,Non-stick Pan Set,Home & Kitchen,51.25,5.0,10.0,PayPal,Online
ORD105703,2024-06-14,CUST1841,Erika Garcia,NORTH,Standing Desk,Office Supplies,185.53,2.0,,Cash on Delivery,Online
ORD105825,2025/06/01,CUST1014,Rebecca Henderson,east,27in Monitor,Electronics,48.14,1.0,0.0,UPI,In-Store
ORD104549,17/03/2025,CUST1393,Austin Baker,west,Air Fryer,Home & Kitchen,164.26,1.0,15.0,Debit Card,Online
ORD103244,2024-01-29,CUST1557,Ronald Johns,West,Smartwatch,Electronics,439.38,1.0,0.0,Cash on Delivery,Mobile App
ORD105884,08/08/2025,CUST1070,Chris Reyes,NORTH,Electric Kettle,Home & Kitchen,201.03,1.0,0.0,Debit Card,Online
ORD100182,2025-05-04,CUST1224,Mitchell Jackson,south,Ergonomic Chair,Office Supplies,227.16,4.0,20.0,Cash on Delivery,In-Store
ORD104418,23/08/2024,CUST1108,Tammy Gonzales, North,Running Shoes,Apparel,115.92,1.0,10.0,Debit Card,Mobile App
ORD105691,11-06-2025,CUST1170,Renee Bruce, South ,27in Monitor,Electronics,188.53,1.0,10.0,UPI,Online
ORD102582,2024-04-10,CUST1537,Miguel Parks,East ,Wireless Mouse,Electronics,336.39,2.0,0.0,Debit Card,Online
ORD100604,2024-11-20,CUST1602,Brian Simmons,SOUTH,Noise Cancelling Headphones,Electronics,266.42,4.0,0.0,UPI,In-Store
ORD102326,26/10/2024,CUST1112,Robert Costa,East,Non-stick Pan Set,Home & Kitchen,108.31,1.0,10.0,PayPal,Mobile App
ORD104702,2025-09-25,CUST1729,Kevin Marquez,East ,Cotton T-Shirt,Apparel,94.22,1.0,5.0,Cash on Delivery,Online
ORD103062,2024/03/04,CUST1394,Lori Mason, South ,Ergonomic Chair,Office Supplies,265.25,1.0,0.0,Cash on Delivery,In-Store
ORD102959,04/07/2025,CUST1540,James Brown,east,Air Fryer,Home & Kitchen,183.73,1.0,0.0,PayPal,In-Store
ORD105533,03/11/2025,CUST1393,Austin Baker,east,27in Monitor,Electronics,205.9,5.0,0.0,Debit Card,Online
ORD103686,2025-11-26,CUST1615,Kathy Morgan,west,USB-C Hub,Electronics,45.61,2.0,10.0,Credit Card,Online
ORD103546,20/11/2024,CUST1016,Patricia Peterson,central,Power Bank,Electronics,231.9,1.0,5.0,Cash on Delivery,Mobile App
ORD104187,2024-12-30,CUST1637,Richard Kelly,east,Vacuum Cleaner,Home & Kitchen,166.6,1.0,0.0,Debit Card,In-Store
ORD101508,02/04/2025,CUST1742,Lisa Rodriguez,East ,Vacuum Cleaner,Home & Kitchen,135.52,5.0,0.0,Cash on Delivery,In-Store
ORD105849,17/09/2025,CUST1867,Dwayne Bruce,East,Whiteboard,Office Supplies,280.02,3.0,0.0,PayPal,Mobile App
ORD103502,2024-07-10,CUST1538,Melissa Morris, West,Non-stick Pan Set,Home & Kitchen,29.58,5.0,15.0,PayPal,Mobile App
ORD102257,2025-01-29,CUST1582,Heather Harrison,East,Dumbbell Set,Sports & Outdoors,294.51,2.0,5.0,Cash on Delivery,Mobile App
ORD101791,2024-02-23,CUST1442,Patricia Bradley,east,Power Bank,Electronics,106.42,1.0,0.0,UPI,Mobile App
ORD104401,2024-12-16,CUST1747,Elizabeth Hunter,east,27in Monitor,Electronics,355.16,3.0,15.0,Credit Card,Online
ORD104983,02-19-2024,CUST1431,William Moreno, West,Electric Kettle,Home & Kitchen,107.11,1.0,10.0,Cash on Delivery,Online
ORD102140,2025/02/08,CUST1468,Alicia Roth,Central,Power Bank,Electronics,94.79,1.0,0.0,UPI,In-Store
ORD103894,2025-01-20,CUST1694,George Alvarez,East ,Wool Sweater,Apparel,27.81,2.0,15.0,UPI,Mobile App
ORD102073,2025-01-05,CUST1003,Abigail Shaffer,east,Dumbbell Set,Sports & Outdoors,127.72,1.0,0.0,UPI,Online
ORD101487,2024/09/29,CUST1016,Patricia Peterson,Central,Coffee Maker,Home & Kitchen,67.63,1.0,20.0,Debit Card,Mobile App
ORD101756,2025-08-28,CUST1223,Samantha Gardner,SOUTH,Camping Tent,Sports & Outdoors,182.65,1.0,0.0,Cash on Delivery,In-Store
ORD103601,20/12/2024,CUST1206,Stacey Arias,North,Power Bank,Electronics,148.05,2.0,0.0,UPI,Online
ORD101905,2024-05-04,CUST1190,Larry Mason,NORTH,Webcam HD,Electronics,107.52,3.0,0.0,Credit Card,In-Store
ORD100186,2024-02-16,CUST1223,Samantha Gardner, West,Vacuum Cleaner,Home & Kitchen,164.66,1.0,5.0,Credit Card,Mobile App
ORD103224,2024-12-16,CUST1649,Adam Mills,West,Wireless Mouse,Electronics,274.9,4.0,20.0,UPI,Mobile App
ORD100093,2025/11/21,CUST1880,Jill Riddle,West,Yoga Mat,Sports & Outdoors,146.88,1.0,5.0,Cash on Delivery,In-Store
ORD104385,2025/09/26,CUST1215,James Burgess,North,Non-stick Pan Set,Home & Kitchen,52.09,3.0,0.0,UPI,Mobile App
ORD105866,29/07/2024,CUST1309,Jennifer Allen,Central,Yoga Mat,Sports & Outdoors,267.96,4.0,0.0,Credit Card,Online
ORD104003,2024-09-15,CUST1625,Phillip Dixon,Central,Air Fryer,Home & Kitchen,111.27,5.0,0.0,Credit Card,Online
ORD101915,01-20-2025,CUST1370,Heather Page,east,Power Bank,Electronics,183.15,2.0,0.0,Credit Card,Mobile App
ORD105087,2025-06-22,CUST1516,Sheryl Acosta,South,Standing Desk,Office Supplies,119.8,4.0,10.0,PayPal,Mobile App
ORD100238,03-25-2025,CUST1882,John Dillon,east,Standing Desk,Office Supplies,111.22,5.0,10.0,Credit Card,Online
ORD105169,16/11/2025,CUST1105,Doris Hall,CENTRAL,27in Monitor,Electronics,327.79,3.0,15.0,PayPal,Mobile App
ORD105102,2025-12-27,CUST1398,Mary Thompson,north,Whiteboard,Office Supplies,47.96,1.0,0.0,Credit Card,Mobile App
ORD105586,18/09/2024,CUST1433,Rebecca Kelly,North,Yoga Mat,Sports & Outdoors,73.2,1.0,20.0,Debit Card,Mobile App
ORD100377,09/01/2025,CUST1385,Edwin Reyes,East,Vacuum Cleaner,Home & Kitchen,186.97,1.0,5.0,Credit Card,Mobile App
ORD103169,2025-03-15,CUST1656,Diane Martinez,central,Mechanical Keyboard,Electronics,48.21,2.0,0.0,Credit Card,Mobile App
ORD102021,2025/11/14,CUST1304,Kristina Faulkner,central,Power Bank,Electronics,254.56,2.0,0.0,Debit Card,In-Store
ORD101533,2025-12-30,CUST1252,Stephen Luna,South,Wool Sweater,Apparel,23.87,2.0,0.0,Credit Card,Online
ORD105158,2025/12/09,CUST1833,Devin Cole,North,Denim Jacket,Apparel,21.48,2.0,15.0,PayPal,In-Store
ORD104389,2024-02-18,CUST1275,Jennifer Simpson DVM,CENTRAL,Water Bottle,Sports & Outdoors,183.93,1.0,15.0,Cash on Delivery,Mobile App
ORD101910,11/03/2025,CUST1308,Autumn Key,South,Smartwatch,Electronics,388.49,2.0,15.0,Credit Card,Online
ORD103840,2025-07-30,CUST1315,Kelly Combs,NORTH,Wireless Mouse,Electronics,365.75,3.0,5.0,Cash on Delivery,Mobile App
ORD103084,2024-02-10,CUST1021,Kim Martinez, West,USB-C Hub,Electronics,355.25,1.0,0.0,Debit Card,In-Store
ORD104962,2025-07-13,CUST1716,Ryan Thomas,South,Mechanical Keyboard,Electronics,117.65,1.0,0.0,Credit Card,Online
ORD103204,2025/07/06,CUST1856,Susan Cox,West,Yoga Pants,Apparel,47.84,2.0,0.0,UPI,Online
ORD100490,2025-05-27,CUST1818,Tina Davis,East,Wireless Mouse,Electronics,355.56,4.0,0.0,PayPal,In-Store
ORD100443,12-07-2025,CUST1022,Lisa Brandt, North,Water Bottle,Sports & Outdoors,13.89,5.0,10.0,Cash on Delivery,Mobile App
ORD102724,2024-02-27,CUST1685,William Lewis,west,Toaster,Home & Kitchen,152.62,2.0,5.0,UPI,In-Store
ORD102767,17/03/2025,CUST1390,Katrina Adkins,east,Portable SSD 1TB,Electronics,233.68,2.0,0.0,PayPal,In-Store
ORD103845,27/04/2024,CUST1828,Robert Simmons, South ,Running Shoes,Apparel,47.6,2.0,10.0,Cash on Delivery,In-Store
ORD102186,2025-12-14,CUST1139,Crystal Pham,west,USB-C Hub,Electronics,382.16,1.0,15.0,Cash on Delivery,Online
ORD100307,2025-04-01,CUST1381,Isaac Miller,West,Whiteboard,Office Supplies,144.96,4.0,0.0,UPI,Mobile App
ORD102685,2024-02-25,CUST1727,Louis Brown,CENTRAL,Camping Tent,Sports & Outdoors,277.22,2.0,15.0,Cash on Delivery,Mobile App
ORD104824,2025-07-17,CUST1334,Brandon Jordan,Central,Blender,Home & Kitchen,56.72,2.0,0.0,Cash on Delivery,In-Store
ORD105675,2024-04-08,CUST1298,Andrew Gonzales, West,Vacuum Cleaner,Home & Kitchen,24.96,3.0,20.0,Debit Card,Online
ORD103025,08/01/2025,CUST1194,Nathaniel Douglas,north,Yoga Pants,Apparel,67.96,3.0,0.0,Debit Card,In-Store
ORD104677,18/07/2024,CUST1028,Victoria Garcia, South ,Wool Sweater,Apparel,46.96,2.0,15.0,Debit Card,Mobile App
ORD105876,10/06/2024,CUST1035,Kim Brown,NORTH,Camping Tent,Sports & Outdoors,133.25,3.0,10.0,PayPal,Mobile App
ORD102625,2024-08-29,CUST1663,Jeffrey Smith,NORTH,Non-stick Pan Set,Home & Kitchen,62.89,1.0,10.0,UPI,Online
ORD104943,07-27-2025,CUST1052,Matthew Ross,East ,Electric Kettle,Home & Kitchen,21.16,3.0,15.0,Cash on Delivery,Online
ORD104311,2024-07-05,CUST1528,Jacqueline Rodriguez, North,Power Bank,Electronics,50.51,1.0,0.0,Debit Card,Online
ORD105301,03/06/2025,CUST1305,Tammy Boone,south,Electric Kettle,Home & Kitchen,85.15,1.0,0.0,PayPal,Online
ORD103465,2024/06/19,CUST1342,Douglas Hartman,East,Yoga Mat,Sports & Outdoors,211.18,1.0,0.0,Cash on Delivery,Mobile App
ORD100246,2024-10-07,CUST1162,Donald Schultz, North,Toaster,Home & Kitchen,60.46,2.0,15.0,PayPal,In-Store
ORD103164,2024-12-13,CUST1182,Anita Richard,SOUTH,Dumbbell Set,Sports & Outdoors,130.74,1.0,0.0,Credit Card,In-Store
ORD102712,05-30-2024,CUST1139,Crystal Pham,East ,Camping Tent,Sports & Outdoors,169.18,1.0,0.0,Credit Card,Mobile App
ORD104368,2024-09-20,CUST1028,Victoria Garcia, West,Smartwatch,Electronics,64.37,2.0,15.0,Credit Card,In-Store
ORD101754,2024-06-23,CUST1509,David Hall,SOUTH,Cycling Helmet,Sports & Outdoors,225.43,1.0,0.0,PayPal,Mobile App
ORD105598,29/11/2024,CUST1885,Justin Ford,South,27in Monitor,Electronics,256.65,3.0,0.0,Cash on Delivery,In-Store
ORD100552,2024-08-11,CUST1749,John Johnson, West,Desk Lamp,Office Supplies,178.4,1.0,0.0,PayPal,Online
ORD102025,2025/10/29,CUST1156,Brianna Anderson,SOUTH,Coffee Maker,Home & Kitchen,207.29,1.0,10.0,PayPal,Online
ORD103953,2025-02-09,CUST1065,Colleen Brock,Central,Dumbbell Set,Sports & Outdoors,262.8,1.0,5.0,PayPal,Mobile App
ORD102060,23/04/2025,CUST1711,Steven Sandoval, North,Cotton T-Shirt,Apparel,91.85,1.0,15.0,PayPal,Mobile App
ORD104607,2024/03/29,CUST1082,Alexander Collins,south,Mechanical Keyboard,Electronics,235.38,1.0,10.0,PayPal,Online
ORD104902,17/08/2024,CUST1240,Travis Stone,west,Noise Cancelling Headphones,Electronics,247.9,1.0,10.0,PayPal,In-Store
ORD101494,28/04/2024,CUST1658,Amanda Miller,Central,Yoga Pants,Apparel,82.97,1.0,15.0,PayPal,Online
ORD102503,30/08/2024,CUST1111,Pamela Thompson,west,Power Bank,Electronics,29.49,1.0,20.0,UPI,Online
ORD103641,2025/02/09,CUST1898,Brenda Perez,central,Yoga Mat,Sports & Outdoors,252.83,1.0,0.0,Debit Card,In-Store
ORD105293,2025-12-07,CUST1329,Haley Davis, North,27in Monitor,Electronics,363.45,1.0,0.0,PayPal,Mobile App
ORD105125,2024-10-27,CUST1521,Erica Rivera,east,Portable SSD 1TB,Electronics,107.51,1.0,10.0,PayPal,In-Store
ORD103404,2025/02/21,CUST1176,Michael Watkins,SOUTH,27in Monitor,Electronics,87.8,2.0,15.0,PayPal,In-Store
ORD103391,2024/08/02,CUST1557,Ronald Johns,East ,Toaster,Home & Kitchen,170.18,3.0,0.0,Cash on Delivery,Online
ORD101690,12/08/2025,CUST1615,Kathy Morgan,South,Cotton T-Shirt,Apparel,89.46,2.0,5.0,UPI,Online
ORD104618,2024-04-24,CUST1018,Mark Lynch,south,Power Bank,Electronics,85.91,2.0,15.0,Debit Card,Online
ORD104501,2025/03/17,CUST1535,Denise Stuart,NORTH,Rice Cooker,Home & Kitchen,197.24,2.0,15.0,UPI,Online
ORD104744,2024-06-08,CUST1331,Henry Pugh MD,West,27in Monitor,Electronics,420.09,4.0,0.0,UPI,Mobile App
ORD104716,05-06-2024,CUST1583,Michael Boyd,North,Dumbbell Set,Sports & Outdoors,176.02,2.0,20.0,Cash on Delivery,In-Store
ORD104294,2025-09-20,CUST1013,Zachary Hicks,East ,Cycling Helmet,Sports & Outdoors,206.09,3.0,0.0,Cash on Delivery,Mobile App
ORD102440,2024-02-15,CUST1302,Megan Floyd,West,Whiteboard,Office Supplies,167.45,1.0,0.0,Cash on Delivery,Mobile App
ORD103844,2025-11-03,CUST1551,Daniel Goodwin,West,Mechanical Keyboard,Electronics,342.42,1.0,0.0,PayPal,In-Store
ORD101405,2024-11-25,CUST1559,Laura Perez,East ,Yoga Pants,Apparel,30.52,1.0,0.0,PayPal,In-Store
ORD102830,2025-02-23,CUST1700,Ashley Brown,east,Wool Sweater,Apparel,66.63,1.0,0.0,UPI,In-Store
ORD104602,2024/09/07,CUST1730,Susan Hogan,East ,Webcam HD,Electronics,262.35,3.0,15.0,Credit Card,Online
ORD105093,2024-11-29,CUST1398,Mary Thompson,East,Whiteboard,Office Supplies,52.78,1.0,10.0,Cash on Delivery,Online
ORD101296,2024-11-09,CUST1579,Victor Holden,Central,Cycling Helmet,Sports & Outdoors,159.89,1.0,0.0,PayPal,Mobile App
ORD102580,2024-11-09,CUST1471,Samantha Robertson,east,Yoga Pants,Apparel,99.91,2.0,15.0,Debit Card,Mobile App
ORD102865,2024-08-28,CUST1398,Mary Thompson, North,Denim Jacket,Apparel,119.66,1.0,0.0,Credit Card,Online
ORD100496,2025-02-05,CUST1055,William Wilson,NORTH,Blender,Home & Kitchen,25.8,4.0,0.0,Cash on Delivery,Mobile App
ORD100785,2025-08-09,CUST1762,Tony Brock,East,Mechanical Keyboard,Electronics,72.34,1.0,15.0,PayPal,In-Store
ORD101993,13/12/2025,CUST1030,Angela Morton,East,Vacuum Cleaner,Home & Kitchen,142.15,1.0,0.0,Debit Card,Online
ORD104609,2025-02-09,CUST1326,Amanda Mcfarland, West,Coffee Maker,Home & Kitchen,144.46,1.0,0.0,UPI,Online
ORD100730,2025-11-02,CUST1841,Erika Garcia,central,Webcam HD,Electronics,144.78,1.0,5.0,Cash on Delivery,Online
ORD100708,2024-05-07,CUST1640,Eddie Adams,West,Electric Kettle,Home & Kitchen,208.71,3.0,0.0,Credit Card,Online
ORD103960,07-27-2024,CUST1568,Tara Gamble,NORTH,Vacuum Cleaner,Home & Kitchen,136.13,2.0,10.0,UPI,Mobile App
ORD101112,2024-01-25,CUST1301,Sheryl Buck,west,Ergonomic Chair,Office Supplies,288.3,1.0,10.0,UPI,In-Store
ORD100111,2024-03-12,CUST1579,Victor Holden,north,Webcam HD,Electronics,416.65,1.0,5.0,Credit Card,Online
ORD102134,08-28-2025,CUST1753,,East,Yoga Pants,Apparel,36.36,1.0,,,Mobile App
ORD101663,24/01/2024,CUST1786,Robert Cruz,East,Toaster,Home & Kitchen,200.62,1.0,0.0,Cash on Delivery,Online
ORD103403,30/05/2025,CUST1102,Joseph Hayes,SOUTH,Cycling Helmet,Sports & Outdoors,246.24,2.0,0.0,UPI,Mobile App
ORD101134,2024-01-27,CUST1636,Gregory Frazier,central,27in Monitor,Electronics,155.08,2.0,0.0,UPI,Online
ORD103184,21/09/2024,CUST1428,James Barnes,East,Mechanical Keyboard,Electronics,333.46,2.0,0.0,Debit Card,Online
ORD100167,02/03/2025,CUST1339,Brian Torres,west,Rice Cooker,Home & Kitchen,161.75,1.0,5.0,Credit Card,Mobile App
ORD105071,2025/08/29,CUST1546,William Jones,north,Rice Cooker,Home & Kitchen,173.17,2.0,10.0,PayPal,Mobile App
ORD101261,2024-05-02,CUST1304,,South,Wool Sweater,Apparel,92.89,1.0,,,In-Store
ORD103863,2024-08-09,CUST1872,Theresa Reilly,West,Whiteboard,Office Supplies,345.92,1.0,10.0,Debit Card,Mobile App
ORD103238,2024-05-29,CUST1579,Victor Holden,NORTH,Desk Lamp,Office Supplies,66.16,1.0,10.0,Debit Card,In-Store
ORD101223,2024-03-18,CUST1797,Samantha Monroe,north,Ergonomic Chair,Office Supplies,92.61,1.0,0.0,Credit Card,Mobile App
ORD101040,08-08-2025,CUST1280,Cathy Taylor, South ,Running Shoes,Apparel,82.96,2.0,5.0,UPI,Mobile App
ORD103000,04/05/2024,CUST1065,Colleen Brock,CENTRAL,Power Bank,Electronics,190.16,1.0,20.0,Cash on Delivery,Online
ORD100358,2024-10-16,CUST1395,Kimberly Hernandez,Central,Wireless Mouse,Electronics,315.08,1.0,0.0,Cash on Delivery,In-Store
ORD104007,2024-07-04,CUST1068,Paul Larsen,central,Desk Lamp,Office Supplies,286.92,1.0,0.0,UPI,Mobile App
ORD103755,30/06/2024,CUST1743,Lee Stewart, West,Air Fryer,Home & Kitchen,106.69,1.0,0.0,Debit Card,In-Store
ORD102545,2025-01-16,CUST1206,Stacey Arias,Central,Non-stick Pan Set,Home & Kitchen,78.47,2.0,0.0,UPI,Online
ORD104936,17/06/2025,CUST1350,Kathryn Cooper, South ,Smartwatch,Electronics,342.1,1.0,20.0,Cash on Delivery,In-Store
ORD105916,2024-08-21,CUST1534,Lisa Morris,East ,Electric Kettle,Home & Kitchen,139.37,1.0,0.0,Debit Card,Online
ORD103075,02-16-2025,CUST1222,Kathleen Jimenez,south,Mechanical Keyboard,Electronics,66.81,1.0,0.0,Cash on Delivery,Online
ORD101403,2024-03-26,CUST1247,Kayla Rodriguez,North,Electric Kettle,Home & Kitchen,179.79,1.0,0.0,Cash on Delivery,Online
ORD104331,04/10/2024,CUST1362,Melissa Brewer,SOUTH,Blender,Home & Kitchen,198.11,1.0,0.0,Debit Card,In-Store
ORD100803,02/08/2024,CUST1620,Gloria Spencer,east,Blender,Home & Kitchen,135.41,2.0,0.0,Credit Card,Online
ORD100871,2025-05-24,CUST1580,Travis Hopkins,East,Noise Cancelling Headphones,Electronics,126.62,5.0,5.0,Credit Card,Online
ORD100527,2025/05/18,CUST1182,Anita Richard, South ,Desk Lamp,Office Supplies,142.12,5.0,0.0,Debit Card,Mobile App
ORD103104,09-06-2025,CUST1727,Louis Brown,South,Desk Lamp,Office Supplies,54.36,1.0,0.0,Cash on Delivery,Mobile App
ORD103017,2024-01-23,CUST1364,Tracey Wagner,NORTH,Air Fryer,Home & Kitchen,55.11,1.0,0.0,Debit Card,In-Store
ORD102194,2024-09-22,CUST1414,Angela Bradley, North,Coffee Maker,Home & Kitchen,111.14,1.0,0.0,Credit Card,In-Store
ORD103574,06/11/2024,CUST1060,Richard Lawson, South ,Webcam HD,Electronics,425.01,1.0,10.0,Credit Card,In-Store
ORD101574,2025-03-04,CUST1874,Tammy Morgan,south,Bluetooth Speaker,Electronics,134.69,1.0,5.0,PayPal,Online
ORD105163,2025/09/19,CUST1434,Suzanne Johnson,Central,Webcam HD,Electronics,83.49,1.0,0.0,PayPal,Online
ORD103595,2025-01-03,CUST1125,Matthew Hoover, North,Desk Lamp,Office Supplies,254.76,3.0,15.0,Credit Card,Mobile App
ORD101521,12-11-2024,CUST1640,Eddie Adams,NORTH,Webcam HD,Electronics,99.86,1.0,0.0,Cash on Delivery,Mobile App
ORD102940,2025-08-28,CUST1882,John Dillon,SOUTH,Wool Sweater,Apparel,36.05,1.0,10.0,Debit Card,Mobile App
ORD103724,2024-11-03,CUST1162,Donald Schultz,west,Portable SSD 1TB,Electronics,176.83,3.0,0.0,UPI,Mobile App
ORD105625,2025-06-10,CUST1877,Tina Daugherty,north,Smartwatch,Electronics,103.71,2.0,20.0,Debit Card,Mobile App
ORD103444,2025-12-11,CUST1335,Linda Mueller,central,Toaster,Home & Kitchen,109.85,4.0,10.0,Credit Card,Mobile App
ORD103284,17/05/2025,CUST1417,Christopher Owens,West,Mechanical Keyboard,Electronics,407.17,1.0,0.0,Debit Card,In-Store
ORD104471,10/09/2025,CUST1165,Brandon Simmons,Central,Rice Cooker,Home & Kitchen,29.86,2.0,0.0,Cash on Delivery,In-Store
ORD102574,2024-11-24,CUST1876,Christie Fox, South ,Coffee Maker,Home & Kitchen,35.74,2.0,0.0,Credit Card,In-Store
ORD102586,2025-04-22,CUST1430,Devin Johnson,east,Cotton T-Shirt,Apparel,61.98,2.0,0.0,Credit Card,Mobile App
ORD100944,2025-10-27,CUST1086,Madison Poole,East,Wireless Mouse,Electronics,221.69,3.0,0.0,Cash on Delivery,Online
ORD100674,2024-01-06,CUST1459,James Nash,North,Notebook Pack,Office Supplies,98.32,2.0,0.0,Debit Card,Mobile App
ORD103337,2024-09-01,CUST1579,,South,Desk Lamp,Office Supplies,200.29,2.0,,,Mobile App
ORD100139,2025-04-26,CUST1567,Clinton Jensen, West,Yoga Mat,Sports & Outdoors,286.58,2.0,0.0,UPI,In-Store
ORD103889,05/06/2025,CUST1871,Joshua Martin,central,Notebook Pack,Office Supplies,328.65,1.0,5.0,UPI,Online
ORD103778,2024-05-06,CUST1849,Stephanie Butler, North,Electric Kettle,Home & Kitchen,102.29,1.0,10.0,Debit Card,Mobile App
ORD100987,2024-11-16,CUST1108,Tammy Gonzales,Central,Bluetooth Speaker,Electronics,43.96,4.0,5.0,Cash on Delivery,Mobile App
ORD100920,2025-02-13,CUST1525,Jordan Clark,CENTRAL,USB-C Hub,Electronics,117.98,1.0,0.0,PayPal,In-Store
ORD102621,2024-01-25,CUST1037,Kevin Mills,West,Yoga Mat,Sports & Outdoors,139.4,2.0,0.0,Credit Card,In-Store
ORD102474,26/09/2024,CUST1310,Elizabeth Ward, North,Non-stick Pan Set,Home & Kitchen,136.47,1.0,10.0,Debit Card,Mobile App
ORD104284,2024/02/08,CUST1899,Rachel Jones,SOUTH,Mechanical Keyboard,Electronics,128.17,3.0,0.0,Cash on Delivery,In-Store
ORD102980,07-14-2025,CUST1614,Jordan Powell, South ,Portable SSD 1TB,Electronics,51.4,1.0,20.0,Cash on Delivery,Mobile App
ORD103011,2024-02-14,CUST1754,David Hayes DVM,North,27in Monitor,Electronics,257.89,1.0,10.0,Debit Card,Online
ORD105136,2025-08-10,CUST1157,Richard Young,North,Cotton T-Shirt,Apparel,113.05,1.0,0.0,Debit Card,In-Store
ORD102754,08-21-2024,CUST1186,Justin Riley,west,Cotton T-Shirt,Apparel,60.95,1.0,5.0,PayPal,Mobile App
ORD102858,2024-07-21,CUST1686,Tammy Moore, West,Cotton T-Shirt,Apparel,24.59,5.0,0.0,UPI,In-Store
ORD103066,2024-07-20,CUST1196,James Conner,South,Mechanical Keyboard,Electronics,249.73,5.0,0.0,PayPal,Mobile App
ORD104868,2024-01-09,CUST1731,Joseph Cruz,north,Vacuum Cleaner,Home & Kitchen,102.35,3.0,0.0,Credit Card,Mobile App
ORD100096,2025-07-04,CUST1099,John Peterson,Central,Blender,Home & Kitchen,29.07,1.0,0.0,UPI,In-Store
ORD105661,03-21-2024,CUST1742,Lisa Rodriguez,CENTRAL,USB-C Hub,Electronics,240.51,1.0,5.0,PayPal,Mobile App
ORD101665,2024/07/26,CUST1154,Gavin Zhang,south,Smartwatch,Electronics,374.0,1.0,5.0,UPI,In-Store
ORD101246,2025-04-09,CUST1202,Vincent Mueller, South ,Portable SSD 1TB,Electronics,347.35,1.0,10.0,Cash on Delivery,Online
ORD105610,12-25-2024,CUST1523,Jillian Wilson,CENTRAL,Cycling Helmet,Sports & Outdoors,250.07,3.0,0.0,PayPal,Mobile App
ORD105791,14/03/2025,CUST1798,Mark Clark,East ,Notebook Pack,Office Supplies,22.43,1.0,20.0,PayPal,In-Store
ORD104345,2025-02-03,CUST1809,Tammy Hill,east,Bluetooth Speaker,Electronics,129.87,1.0,15.0,UPI,In-Store
ORD104829,14/03/2024,CUST1135,Brooke Alexander,South,Toaster,Home & Kitchen,191.51,3.0,,,Mobile App
ORD105727,2025-04-19,CUST1705,Mary Lin,CENTRAL,Desk Lamp,Office Supplies,255.8,1.0,15.0,PayPal,Mobile App
ORD101466,08/01/2025,CUST1880,Jill Riddle,West,Dumbbell Set,Sports & Outdoors,79.95,1.0,10.0,UPI,Mobile App
ORD101094,11/06/2024,CUST1314,Robert Jackson, South ,Air Fryer,Home & Kitchen,64.2,1.0,15.0,PayPal,In-Store
ORD105939,16/05/2025,CUST1698,Kirk Johnson,East ,Rice Cooker,Home & Kitchen,41.65,1.0,0.0,Debit Card,Mobile App
ORD102803,09-30-2024,CUST1511,,Central,Dumbbell Set,Sports & Outdoors,157.89,1.0,,,In-Store
ORD103729,24/05/2025,CUST1499,Katherine Christensen MD,East ,USB-C Hub,Electronics,388.39,5.0,0.0,UPI,Mobile App
ORD104384,2024-07-20,CUST1631,Kenneth Perez,Central,Webcam HD,Electronics,62.83,1.0,0.0,Credit Card,Online
ORD100488,2025-09-01,CUST1620,Gloria Spencer,CENTRAL,Notebook Pack,Office Supplies,344.43,2.0,0.0,PayPal,Mobile App
ORD103191,17/05/2024,CUST1531,Leah Barton,East ,Yoga Mat,Sports & Outdoors,153.41,1.0,0.0,Cash on Delivery,In-Store
ORD102729,17/01/2025,CUST1214,Rachel Romero,NORTH,Notebook Pack,Office Supplies,161.03,1.0,0.0,PayPal,Online
ORD102832,2024-02-11,CUST1358,Katherine Church,East ,Mechanical Keyboard,Electronics,214.87,2.0,0.0,PayPal,Online
ORD103390,2025-03-06,CUST1470,Jeremy Mcintyre, South ,Electric Kettle,Home & Kitchen,177.47,2.0,0.0,Credit Card,Mobile App
ORD104940,03/05/2024,CUST1139,Crystal Pham,west,Yoga Pants,Apparel,62.2,1.0,10.0,UPI,Online
ORD100042,2025-05-21,CUST1735,Lisa Snyder,south,Cycling Helmet,Sports & Outdoors,256.72,1.0,5.0,Debit Card,Mobile App
ORD101170,2025-12-20,CUST1329,Haley Davis,Central,Electric Kettle,Home & Kitchen,84.03,1.0,15.0,Cash on Delivery,Mobile App
ORD103271,12/02/2025,CUST1132,James Thomas, North,Toaster,Home & Kitchen,112.94,1.0,0.0,Credit Card,In-Store
ORD102315,01/06/2024,CUST1471,Samantha Robertson,south,Air Fryer,Home & Kitchen,74.95,3.0,10.0,UPI,Online
ORD105065,2024-11-05,CUST1353,Ashley Sweeney, North,Water Bottle,Sports & Outdoors,218.12,2.0,5.0,Debit Card,Online
ORD102299,2024-01-24,CUST1281,Paul Finley,west,Running Shoes,Apparel,82.59,1.0,0.0,Cash on Delivery,In-Store
ORD105620,2024-05-26,CUST1112,Robert Costa,east,USB-C Hub,Electronics,436.37,1.0,0.0,Cash on Delivery,Online
ORD101931,2024/04/07,CUST1813,Michelle Garcia, West,USB-C Hub,Electronics,104.55,4.0,0.0,PayPal,Online
ORD101133,2025-11-15,CUST1759,Stephen Garcia,East,Denim Jacket,Apparel,59.02,1.0,10.0,Credit Card,Online
ORD100616,2024/08/07,CUST1147,Terri Murphy,Central,Toaster,Home & Kitchen,181.17,2.0,0.0,UPI,In-Store
ORD105468,2024-12-29,CUST1323,Adam Jackson,west,Portable SSD 1TB,Electronics,384.45,2.0,0.0,Debit Card,Mobile App
ORD103441,2024-11-17,CUST1690,Tammy Cook, West,Cycling Helmet,Sports & Outdoors,261.19,1.0,0.0,PayPal,Online
ORD103708,19/09/2024,CUST1377,Heather Brown,west,Bluetooth Speaker,Electronics,448.31,2.0,20.0,Credit Card,Mobile App
ORD102273,2024-12-02,CUST1117,Michael Martinez, West,Wireless Mouse,Electronics,348.96,1.0,0.0,Credit Card,Online
ORD102526,2024/07/05,CUST1604,Justin Webb,East ,Non-stick Pan Set,Home & Kitchen,168.33,1.0,10.0,UPI,Online
ORD100119,10-22-2025,CUST1359,Harold Ellis,east,Ergonomic Chair,Office Supplies,183.56,1.0,10.0,Debit Card,Online
ORD102580,2024-11-09,CUST1471,Samantha Robertson,east,Yoga Pants,Apparel,99.91,2.0,15.0,Debit Card,Mobile App
ORD103134,2025-11-12,CUST1046,Sandra Aguilar,west,Smartwatch,Electronics,37.86,1.0,15.0,Cash on Delivery,Mobile App
ORD103639,12/05/2024,CUST1324,Shannon Davis,CENTRAL,Mechanical Keyboard,Electronics,267.14,2.0,0.0,Credit Card,Mobile App
ORD100165,2024-02-09,CUST1512,Anna Briggs,NORTH,Notebook Pack,Office Supplies,199.66,1.0,0.0,PayPal,In-Store
ORD105098,2025/02/21,CUST1466,Kara Jackson,East,Portable SSD 1TB,Electronics,371.99,2.0,0.0,Cash on Delivery,In-Store
ORD104586,18/05/2024,CUST1795,Christopher Vargas, North,Camping Tent,Sports & Outdoors,87.92,3.0,0.0,Cash on Delivery,In-Store
ORD100854,2024-12-27,CUST1186,Justin Riley,north,Noise Cancelling Headphones,Electronics,432.82,1.0,10.0,UPI,In-Store
ORD104920,02/10/2025,CUST1628,Jamie Garcia,SOUTH,Toaster,Home & Kitchen,71.93,1.0,0.0,UPI,In-Store
ORD101720,09/09/2025,CUST1405,Courtney Wright,South,Webcam HD,Electronics,358.86,3.0,5.0,Cash on Delivery,Online
ORD105532,2025-08-21,CUST1359,Harold Ellis,West,USB-C Hub,Electronics,330.69,5.0,15.0,Cash on Delivery,Mobile App
ORD101164,2024-04-24,CUST1172,Kylie Morales,Central,Portable SSD 1TB,Electronics,174.0,3.0,0.0,PayPal,Mobile App
ORD102470,01/04/2025,CUST1766,Anna Lang,east,Power Bank,Electronics,182.58,1.0,0.0,Credit Card,In-Store
ORD101760,25/04/2024,CUST1523,Jillian Wilson, North,Ergonomic Chair,Office Supplies,332.92,1.0,5.0,Cash on Delivery,Online
ORD105559,2025/03/28,CUST1528,Jacqueline Rodriguez, North,Air Fryer,Home & Kitchen,163.6,2.0,0.0,Credit Card,In-Store
ORD104410,2024-03-13,CUST1147,Terri Murphy, West,Wireless Mouse,Electronics,307.01,1.0,0.0,PayPal,Mobile App
ORD103812,2024-07-21,CUST1702,Christina Mills,SOUTH,Water Bottle,Sports & Outdoors,64.1,2.0,15.0,Debit Card,Online
ORD100057,2025-08-29,CUST1476,Anthony Nash,SOUTH,USB-C Hub,Electronics,336.86,5.0,0.0,Debit Card,Online
ORD103294,18/04/2025,CUST1144,Brenda Levy, South ,Yoga Mat,Sports & Outdoors,171.61,4.0,0.0,UPI,Mobile App
ORD104571,2025-05-14,CUST1007,Dr. Sharon James,north,Wool Sweater,Apparel,20.26,1.0,15.0,Debit Card,Mobile App
ORD103922,2024-01-22,CUST1649,Adam Mills,central,Cycling Helmet,Sports & Outdoors,278.4,1.0,0.0,Credit Card,In-Store
ORD104689,05-22-2024,CUST1244,Kathleen Burton,NORTH,Rice Cooker,Home & Kitchen,66.15,1.0,10.0,UPI,Online
ORD102804,2025-03-10,CUST1362,Melissa Brewer,CENTRAL,Water Bottle,Sports & Outdoors,193.98,1.0,5.0,Debit Card,Online
ORD103068,2024-12-03,CUST1579,Victor Holden,East,Power Bank,Electronics,67.03,1.0,0.0,PayPal,Mobile App
ORD105548,2025/01/11,CUST1716,Ryan Thomas,central,Vacuum Cleaner,Home & Kitchen,181.66,1.0,0.0,UPI,Mobile App
ORD103880,03/08/2024,CUST1890,Brandy Martin, North,Desk Lamp,Office Supplies,147.84,1.0,20.0,PayPal,In-Store
ORD104786,19/07/2024,CUST1799,James Turner,north,Notebook Pack,Office Supplies,179.48,1.0,5.0,UPI,Online
ORD100219,2025/02/11,CUST1321,Judy Sanchez,west,Blender,Home & Kitchen,80.09,2.0,0.0,PayPal,Mobile App
ORD102347,2025-11-14,CUST1779,Lisa Dixon, West,Ergonomic Chair,Office Supplies,66.4,1.0,20.0,Credit Card,In-Store
ORD102218,2025-03-29,CUST1632,James Thomas,CENTRAL,USB-C Hub,Electronics,282.17,1.0,5.0,UPI,In-Store
ORD102370,2025-12-20,CUST1619,Harry Nichols,CENTRAL,Vacuum Cleaner,Home & Kitchen,202.93,1.0,15.0,UPI,Mobile App
ORD103354,04-07-2025,CUST1705,Mary Lin,SOUTH,Standing Desk,Office Supplies,62.8,1.0,0.0,Cash on Delivery,Mobile App
ORD102675,22/12/2024,CUST1817,Karen Bradley,Central,Cotton T-Shirt,Apparel,116.64,2.0,10.0,Debit Card,Online
ORD104763,2025-08-27,CUST1144,Brenda Levy,east,Power Bank,Electronics,286.12,1.0,0.0,Credit Card,Online
ORD104225,2024-03-30,CUST1355,Charlotte Sandoval,west,Power Bank,Electronics,249.32,2.0,0.0,Debit Card,In-Store
ORD100174,28/11/2025,CUST1734,Toni Smith, North,Smartwatch,Electronics,120.91,1.0,0.0,Credit Card,Mobile App
ORD105535,2024/03/29,CUST1838,Dominique Hamilton,West,Electric Kettle,Home & Kitchen,35.99,1.0,10.0,Debit Card,Online
ORD105860,2024-07-29,CUST1568,Tara Gamble,SOUTH,Cycling Helmet,Sports & Outdoors,286.21,1.0,0.0,Credit Card,In-Store
ORD100980,13/09/2024,CUST1370,Heather Page, North,Cycling Helmet,Sports & Outdoors,97.2,2.0,0.0,Cash on Delivery,Online
ORD100128,2025-05-12,CUST1349,Brett Walker,south,Wool Sweater,Apparel,68.39,1.0,15.0,Debit Card,Online
ORD100938,2024-03-23,CUST1442,Patricia Bradley,south,Cycling Helmet,Sports & Outdoors,56.65,1.0,5.0,Credit Card,In-Store
ORD100297,29/05/2025,CUST1874,Tammy Morgan,SOUTH,Wool Sweater,Apparel,75.14,1.0,10.0,Cash on Delivery,Mobile App
ORD105123,2025/07/05,CUST1615,Kathy Morgan,CENTRAL,Non-stick Pan Set,Home & Kitchen,121.13,1.0,5.0,Credit Card,In-Store
ORD105017,2025/04/16,CUST1271,David Garcia,North,Wireless Mouse,Electronics,191.26,1.0,0.0,PayPal,In-Store
ORD104915,2025-10-11,CUST1319,Megan Drake,south,Smartwatch,Electronics,272.61,-1.0,0.0,Debit Card,In-Store
ORD102032,25/07/2025,CUST1619,Harry Nichols,Central,Running Shoes,Apparel,43.14,1.0,10.0,Cash on Delivery,Online
ORD100546,2024-03-16,CUST1384,Karen Perez,south,Notebook Pack,Office Supplies,87.45,1.0,15.0,UPI,Online
ORD100584,2025-12-11,CUST1227,Jessica Martinez,West,Notebook Pack,Office Supplies,68.55,1.0,0.0,Debit Card,In-Store
ORD105912,2024/07/30,CUST1255,Gina Mcmillan,North,Noise Cancelling Headphones,Electronics,68.95,1.0,0.0,PayPal,Online
ORD101174,2024-12-04,CUST1713,Erin Daniels,East ,Denim Jacket,Apparel,118.55,1.0,5.0,Cash on Delivery,In-Store
ORD103483,30/09/2024,CUST1052,Matthew Ross,south,Cotton T-Shirt,Apparel,74.43,3.0,0.0,Cash on Delivery,In-Store
ORD102217,2024-05-22,CUST1329,Haley Davis,South,Whiteboard,Office Supplies,108.98,1.0,5.0,Debit Card,Online
ORD102927,2025-08-13,CUST1705,Mary Lin,Central,Electric Kettle,Home & Kitchen,204.28,1.0,0.0,UPI,In-Store
ORD102936,16/04/2024,CUST1635,Patrick Green,central,Whiteboard,Office Supplies,202.41,5.0,20.0,PayPal,In-Store
ORD103380,2025-04-17,CUST1563,Daniel Francis,west,Water Bottle,Sports & Outdoors,16.81,1.0,0.0,Debit Card,Online
ORD100510,2025-01-28,CUST1565,Andrew Armstrong,east,Cycling Helmet,Sports & Outdoors,279.93,2.0,10.0,Debit Card,In-Store
ORD105251,2025-05-19,CUST1174,Sophia Moore,central,Yoga Pants,Apparel,115.5,1.0,10.0,Cash on Delivery,Mobile App
ORD104260,02-26-2025,CUST1198,Ralph Lee,NORTH,Webcam HD,Electronics,406.55,2.0,10.0,Debit Card,Mobile App
ORD105907,2024/12/13,CUST1552,Michael Griffin,east,Noise Cancelling Headphones,Electronics,52.29,2.0,10.0,Credit Card,Online
ORD102448,2024/06/21,CUST1747,Elizabeth Hunter,west,Notebook Pack,Office Supplies,301.32,2.0,0.0,Cash on Delivery,In-Store
ORD101819,24/01/2024,CUST1590,Christopher Nielsen,central,Portable SSD 1TB,Electronics,379.57,1.0,0.0,Cash on Delivery,Mobile App
ORD102205,2025/05/24,CUST1227,Jessica Martinez,SOUTH,Smartwatch,Electronics,311.51,4.0,10.0,Cash on Delivery,Mobile App
ORD104630,2024/09/28,CUST1667,Michael Howard,east,Running Shoes,Apparel,70.94,1.0,5.0,Cash on Delivery,Mobile App
ORD102127,2025-11-16,CUST1615,Kathy Morgan,south,Mechanical Keyboard,Electronics,175.9,4.0,15.0,UPI,Online
ORD103589,2025-03-03,CUST1458,Joseph Camacho, North,Camping Tent,Sports & Outdoors,122.2,4.0,0.0,PayPal,In-Store
ORD104971,2024-12-06,CUST1445,Hayley Buchanan,East ,Yoga Pants,Apparel,35.55,1.0,0.0,Cash on Delivery,Online
ORD100877,2024/04/20,CUST1087,Robert Medina,West,Portable SSD 1TB,Electronics,224.11,2.0,0.0,UPI,In-Store
ORD103359,11-13-2025,CUST1725,Danielle Medina, South ,Wool Sweater,Apparel,26.39,2.0,15.0,Debit Card,Mobile App
ORD101972,03-14-2025,CUST1838,Dominique Hamilton,North,Standing Desk,Office Supplies,278.61,2.0,0.0,UPI,In-Store
ORD104892,04/12/2025,CUST1233,Victoria Contreras,North,Air Fryer,Home & Kitchen,178.48,1.0,0.0,Credit Card,In-Store
ORD102935,2025-11-21,CUST1442,Patricia Bradley,north,Running Shoes,Apparel,19.73,1.0,0.0,PayPal,Mobile App
ORD103971,2025-02-21,CUST1816,Jared Luna,Central,Yoga Pants,Apparel,59.7,1.0,0.0,UPI,Online
ORD104649,15/06/2025,CUST1558,Allison Love,south,Standing Desk,Office Supplies,293.16,1.0,0.0,Cash on Delivery,Mobile App
ORD101106,2024-07-05,CUST1450,Jessica Valdez,East ,Camping Tent,Sports & Outdoors,110.25,2.0,0.0,PayPal,Mobile App
ORD103918,2025-02-04,CUST1663,Jeffrey Smith,south,Wool Sweater,Apparel,52.86,1.0,0.0,Credit Card,Online
ORD103331,2025/10/19,CUST1501,Martin Wise,west,Air Fryer,Home & Kitchen,169.72,2.0,0.0,Credit Card,Mobile App
ORD101038,2024-07-14,CUST1573,Brandy Quinn,East ,Dumbbell Set,Sports & Outdoors,233.97,1.0,15.0,Debit Card,Mobile App
ORD101676,2024-10-04,CUST1577,Kimberly Valdez, South ,Notebook Pack,Office Supplies,331.98,1.0,0.0,Cash on Delivery,Mobile App
ORD103803,01/07/2024,CUST1465,Sharon Beard,west,Water Bottle,Sports & Outdoors,55.11,1.0,0.0,Credit Card,In-Store
ORD104560,14/10/2025,CUST1089,Mary Rogers,North,Noise Cancelling Headphones,Electronics,146.39,2.0,0.0,PayPal,In-Store
ORD101695,2025/10/09,CUST1571,,north,Wireless Mouse,Electronics,233.84,1.0,,,In-Store
ORD100001,2025-07-12,CUST1692,Karl Murphy,North,Running Shoes,Apparel,92.86,1.0,10.0,UPI,Online
ORD103904,2025-04-28,CUST1067,Jessica Meadows,East,Cotton T-Shirt,Apparel,33.54,2.0,10.0,Debit Card,Mobile App
ORD104409,2025/08/29,CUST1535,Denise Stuart,East,Denim Jacket,Apparel,51.61,4.0,0.0,UPI,Online
ORD105363,05/06/2025,CUST1532,Jonathan Moreno, South ,Denim Jacket,Apparel,30.06,1.0,10.0,Credit Card,In-Store
ORD101580,2024/04/23,CUST1077,David Murphy,west,Noise Cancelling Headphones,Electronics,361.82,3.0,0.0,Credit Card,Online
ORD105437,2024-07-10,CUST1618,Austin Schultz, West,Mechanical Keyboard,Electronics,424.19,2.0,5.0,PayPal,Mobile App
ORD103868,21/12/2024,CUST1612,Penny Gomez MD,west,Portable SSD 1TB,Electronics,277.51,1.0,0.0,Cash on Delivery,Online
ORD100748,11-06-2025,CUST1656,Diane Martinez,CENTRAL,Smartwatch,Electronics,116.87,2.0,5.0,UPI,Mobile App
ORD100964,2024-03-01,CUST1342,Douglas Hartman,East,Vacuum Cleaner,Home & Kitchen,150.65,1.0,15.0,Cash on Delivery,Mobile App
ORD102835,2025-05-05,CUST1278,David Lopez,north,Non-stick Pan Set,Home & Kitchen,37.31,2.0,0.0,Debit Card,In-Store
ORD104588,01/12/2025,CUST1867,Dwayne Bruce,east,Noise Cancelling Headphones,Electronics,212.26,2.0,0.0,Debit Card,Mobile App
ORD103152,2025-05-16,CUST1141,Richard Johnson,North,Blender,Home & Kitchen,35.96,5.0,0.0,Debit Card,Online
ORD102473,2025-05-02,CUST1344,Sandra Jones,East ,Yoga Pants,Apparel,94.73,3.0,5.0,UPI,In-Store
ORD101486,2024-06-26,CUST1207,Zachary Brooks, North,Webcam HD,Electronics,62.49,1.0,0.0,Debit Card,In-Store
ORD105022,2025-12-19,CUST1024,Crystal Robinson,south,Wireless Mouse,Electronics,432.85,4.0,20.0,Debit Card,Online
ORD100682,11/12/2024,CUST1579,Victor Holden,east,Bluetooth Speaker,Electronics,53.71,1.0,0.0,UPI,Mobile App
ORD100209,2024-11-18,CUST1033,Michael Cross,East ,Mechanical Keyboard,Electronics,315.88,1.0,0.0,Debit Card,Mobile App
ORD104517,03/06/2025,CUST1604,Justin Webb,south,USB-C Hub,Electronics,179.19,2.0,15.0,Credit Card,In-Store
ORD102215,2025/08/21,CUST1288,Daniel Aguilar,SOUTH,Dumbbell Set,Sports & Outdoors,184.9,1.0,10.0,UPI,Online
ORD103993,2024-12-16,CUST1041,Victoria Valdez,West,Bluetooth Speaker,Electronics,165.4,1.0,0.0,Cash on Delivery,In-Store
ORD103115,23/05/2024,CUST1758,Kelly Smith,West,Denim Jacket,Apparel,117.37,3.0,0.0,Credit Card,In-Store
ORD103857,2025-04-15,CUST1443,Keith Zuniga,East,Air Fryer,Home & Kitchen,106.37,1.0,10.0,Cash on Delivery,Online
ORD100639,2025/08/27,CUST1124,Reginald Williams, West,Ergonomic Chair,Office Supplies,311.71,1.0,0.0,Credit Card,In-Store
ORD103493,21/12/2025,CUST1627,Joyce Martinez,south,USB-C Hub,Electronics,224.75,1.0,10.0,PayPal,In-Store
ORD104577,05/07/2024,CUST1692,Karl Murphy,NORTH,Cycling Helmet,Sports & Outdoors,82.84,1.0,20.0,PayPal,In-Store
ORD100369,02/08/2025,CUST1710,Lori Johns,west,27in Monitor,Electronics,160.06,1.0,5.0,PayPal,In-Store
ORD103882,14/09/2024,CUST1150,Kimberly Matthews,Central,USB-C Hub,Electronics,371.72,1.0,0.0,Credit Card,Mobile App
ORD101818,2025-07-03,CUST1770,Bethany Garcia, North,USB-C Hub,Electronics,333.6,2.0,0.0,Credit Card,Mobile App
ORD102725,2024-07-11,CUST1871,Joshua Martin, West,27in Monitor,Electronics,212.34,1.0,0.0,Cash on Delivery,Online
ORD100414,18/12/2025,CUST1677,Rebecca Brown,north,Wool Sweater,Apparel,58.47,1.0,0.0,Debit Card,Online
ORD104299,18/04/2024,CUST1176,Michael Watkins,NORTH,Blender,Home & Kitchen,24.5,1.0,0.0,Debit Card,Mobile App
ORD105213,2025-10-10,CUST1715,Krystal Moore,East ,Yoga Pants,Apparel,99.63,3.0,5.0,Credit Card,Online
ORD102178,2024/03/04,CUST1271,David Garcia,East ,Mechanical Keyboard,Electronics,144.61,3.0,0.0,UPI,In-Store
ORD102837,2024-09-21,CUST1236,Stephen Jones,NORTH,Desk Lamp,Office Supplies,214.16,1.0,0.0,Cash on Delivery,In-Store
ORD100420,2025-07-28,CUST1382,Cynthia Rios, West,Noise Cancelling Headphones,Electronics,364.14,2.0,0.0,Debit Card,Online
ORD100747,2025-03-27,CUST1693,Nicole Johnston,North,Webcam HD,Electronics,77.76,2.0,0.0,Debit Card,Mobile App
ORD102461,2024-10-14,CUST1654,Barry Taylor,East ,Ergonomic Chair,Office Supplies,39.19,2.0,0.0,Cash on Delivery,In-Store
ORD101361,2024-12-27,CUST1364,Tracey Wagner,West,Rice Cooker,Home & Kitchen,122.16,1.0,10.0,Debit Card,Mobile App
ORD103364,2025-03-24,CUST1547,Justin Anderson,west,Cotton T-Shirt,Apparel,85.49,1.0,0.0,Debit Card,Online
ORD103805,07-26-2024,CUST1630,Paul Diaz,East,Electric Kettle,Home & Kitchen,131.42,2.0,0.0,Cash on Delivery,Mobile App
ORD102094,2024-03-03,CUST1524,Andrew Dunn,north,Power Bank,Electronics,151.78,4.0,5.0,PayPal,Mobile App
ORD103424,30/12/2024,CUST1863,Jason Fleming,East,Cotton T-Shirt,Apparel,41.97,2.0,10.0,Credit Card,Online
ORD100821,2025-11-03,CUST1499,Katherine Christensen MD,North,Electric Kettle,Home & Kitchen,36.95,2.0,0.0,UPI,In-Store
ORD101916,13/01/2025,CUST1805,Joseph Jennings, North,Desk Lamp,Office Supplies,64.66,2.0,0.0,UPI,In-Store
ORD101670,29/09/2024,CUST1568,Tara Gamble, West,Noise Cancelling Headphones,Electronics,307.82,4.0,5.0,Credit Card,Mobile App
ORD104923,2025-12-29,CUST1612,Penny Gomez MD,south,Whiteboard,Office Supplies,104.28,4.0,0.0,UPI,In-Store
ORD103423,2024-10-15,CUST1574,Mr. Matthew Miller,West,Standing Desk,Office Supplies,175.36,2.0,0.0,Debit Card,In-Store
ORD102752,2025-07-12,CUST1893,Heidi Ferguson,NORTH,Dumbbell Set,Sports & Outdoors,162.61,5.0,10.0,UPI,Mobile App
ORD103762,2024-12-21,CUST1896,Tammy Mendoza,SOUTH,Toaster,Home & Kitchen,170.66,1.0,10.0,UPI,Mobile App
ORD101029,2025-04-30,CUST1168,Michelle Schmitt,Central,Non-stick Pan Set,Home & Kitchen,205.42,2.0,0.0,UPI,Online
ORD101630,2025-09-06,CUST1028,Victoria Garcia, West,Water Bottle,Sports & Outdoors,42.86,1.0,5.0,Debit Card,Online
ORD101147,2024-06-04,CUST1863,Jason Fleming,Central,Coffee Maker,Home & Kitchen,156.08,2.0,15.0,Cash on Delivery,In-Store
ORD102137,2024-02-02,CUST1284,Tyler Mendoza,West,Coffee Maker,Home & Kitchen,20.3,5.0,0.0,Debit Card,Online
ORD103923,2025-11-21,CUST1200,James Martin,west,Denim Jacket,Apparel,85.73,4.0,10.0,UPI,Mobile App
ORD104881,11/01/2024,CUST1631,Kenneth Perez,NORTH,Running Shoes,Apparel,60.6,1.0,10.0,PayPal,In-Store
ORD101546,19/12/2025,CUST1240,Travis Stone,South,Running Shoes,Apparel,81.24,2.0,0.0,Cash on Delivery,Mobile App
ORD104432,2024-12-02,CUST1134,David Scott,North,Vacuum Cleaner,Home & Kitchen,138.02,1.0,5.0,Cash on Delivery,Mobile App
ORD105159,09-04-2024,CUST1601,Adrienne Mills,East ,Wireless Mouse,Electronics,179.52,1.0,15.0,Credit Card,Mobile App
ORD105641,2024-07-07,CUST1827,Christopher Garza,CENTRAL,Vacuum Cleaner,Home & Kitchen,145.89,3.0,5.0,PayPal,Mobile App
ORD100596,2024-07-02,CUST1694,George Alvarez,central,Blender,Home & Kitchen,25.94,2.0,0.0,PayPal,Online
ORD104932,2024-09-16,CUST1708,Thomas Torres, West,Bluetooth Speaker,Electronics,321.67,2.0,0.0,UPI,Mobile App
ORD103563,2024-11-07,CUST1518,Krystal Levine,East,Power Bank,Electronics,359.27,3.0,5.0,PayPal,Mobile App
ORD102864,2024-08-25,CUST1305,Tammy Boone,north,Toaster,Home & Kitchen,180.44,5.0,10.0,Cash on Delivery,In-Store
ORD103235,2024-01-25,CUST1468,Alicia Roth,west,Electric Kettle,Home & Kitchen,151.85,2.0,5.0,UPI,Mobile App
ORD100295,2025-04-21,CUST1045,Michael Hoffman,SOUTH,Wool Sweater,Apparel,34.41,4.0,0.0,PayPal,Mobile App
ORD103616,2024-07-31,CUST1156,Brianna Anderson,Central,USB-C Hub,Electronics,221.28,2.0,5.0,Cash on Delivery,In-Store
ORD101030,2025-04-14,CUST1710,Lori Johns,West,Mechanical Keyboard,Electronics,447.16,1.0,0.0,Credit Card,Mobile App
ORD102125,08-25-2024,CUST1025,Shannon Jones,east,Vacuum Cleaner,Home & Kitchen,72.68,5.0,15.0,UPI,Mobile App
ORD101449,2024-06-17,CUST1041,Victoria Valdez,East ,Power Bank,Electronics,363.42,1.0,15.0,Debit Card,Online
ORD101142,2025/06/10,CUST1286,Angela Griffin,East ,Electric Kettle,Home & Kitchen,110.64,1.0,5.0,PayPal,Online
ORD102248,2025-12-08,CUST1808,Cathy Rodriguez,East,27in Monitor,Electronics,204.72,1.0,0.0,UPI,In-Store
ORD104314,23/09/2024,CUST1159,Jodi Walker,South,Portable SSD 1TB,Electronics,249.66,2.0,10.0,Cash on Delivery,In-Store
ORD102522,2025-05-10,CUST1865,Grant Lucas, South ,Ergonomic Chair,Office Supplies,194.08,5.0,0.0,Cash on Delivery,Mobile App
ORD102450,2025-07-31,CUST1220,Matthew Mitchell,west,Yoga Pants,Apparel,52.63,1.0,5.0,Debit Card,Online
ORD101297,2025-12-05,CUST1805,Joseph Jennings, West,Cotton T-Shirt,Apparel,42.71,1.0,0.0,PayPal,Mobile App
ORD101657,2025/10/02,CUST1301,Sheryl Buck,East ,Portable SSD 1TB,Electronics,94.07,1.0,0.0,Debit Card,Online
ORD100244,2024-10-01,CUST1844,Andrew Carroll,SOUTH,Cotton T-Shirt,Apparel,104.26,3.0,0.0,PayPal,In-Store
ORD105331,09-22-2025,CUST1151,Teresa Ramirez,central,Notebook Pack,Office Supplies,18.88,2.0,0.0,PayPal,Mobile App
ORD102873,2024-12-30,CUST1382,Cynthia Rios, West,Yoga Pants,Apparel,27.17,4.0,0.0,Cash on Delivery,Online
ORD105137,04-20-2025,CUST1074,Stephanie Freeman,NORTH,Bluetooth Speaker,Electronics,444.37,5.0,20.0,UPI,Online
ORD102939,2024-03-05,CUST1563,Daniel Francis,CENTRAL,Toaster,Home & Kitchen,121.68,2.0,0.0,Cash on Delivery,In-Store
ORD101027,2025/03/21,CUST1009,Joel Nelson,east,Smartwatch,Electronics,232.06,2.0,0.0,PayPal,Mobile App
ORD104396,06/01/2025,CUST1824,Judy Gregory,central,Ergonomic Chair,Office Supplies,175.81,3.0,0.0,PayPal,Online
ORD105168,21/07/2025,CUST1353,Ashley Sweeney,South,Water Bottle,Sports & Outdoors,278.05,2.0,5.0,Debit Card,Mobile App
ORD102048,2024-02-15,CUST1849,Stephanie Butler,SOUTH,Yoga Mat,Sports & Outdoors,125.29,1.0,0.0,Cash on Delivery,Mobile App
ORD103666,2025-08-12,CUST1060,Richard Lawson,west,Denim Jacket,Apparel,69.99,1.0,15.0,Cash on Delivery,Online
ORD102849,2025-05-21,CUST1228,Amanda Hernandez,SOUTH,Wool Sweater,Apparel,81.98,3.0,20.0,Credit Card,In-Store
ORD103642,2024-10-27,CUST1435,Sara Cochran,CENTRAL,Cycling Helmet,Sports & Outdoors,54.01,1.0,15.0,Credit Card,Online
ORD102197,2024-05-24,CUST1497,James Chapman,West,Dumbbell Set,Sports & Outdoors,129.84,2.0,0.0,UPI,Online
ORD105651,04/08/2025,CUST1634,Brett Martin,Central,Cotton T-Shirt,Apparel,61.1,5.0,0.0,UPI,In-Store
ORD103744,2025-05-18,CUST1799,James Turner,South,Cotton T-Shirt,Apparel,84.61,2.0,10.0,PayPal,Online
ORD104877,2024-04-21,CUST1692,Karl Murphy,East ,27in Monitor,Electronics,293.18,1.0,0.0,PayPal,Online
ORD101247,19/01/2025,CUST1145,Richard Smith,east,Air Fryer,Home & Kitchen,44.78,3.0,0.0,UPI,Mobile App
ORD105132,2025-02-07,CUST1763,Amber Johnson,north,Whiteboard,Office Supplies,120.4,2.0,0.0,PayPal,Online
ORD101898,08/06/2024,CUST1645,Mark Anderson,North,Portable SSD 1TB,Electronics,348.82,2.0,10.0,PayPal,Mobile App
ORD104662,2025-07-04,CUST1626,Robert Mendoza,West,Yoga Mat,Sports & Outdoors,237.44,4.0,15.0,PayPal,In-Store
ORD103087,14/08/2025,CUST1579,Victor Holden,east,Portable SSD 1TB,Electronics,184.36,2.0,0.0,UPI,Online
ORD101526,2024-03-28,CUST1453,Matthew Greene,North,27in Monitor,Electronics,261.95,1.0,10.0,Cash on Delivery,Online
ORD101149,2024-03-09,CUST1751,Kristen Smith,West,Yoga Mat,Sports & Outdoors,33.56,2.0,5.0,UPI,Online
ORD102751,02/08/2024,CUST1772,Daniel Benson,East ,Power Bank,Electronics,254.67,3.0,15.0,Credit Card,Online
ORD100395,27/12/2024,CUST1282,Melissa Brown,Central,Wireless Mouse,Electronics,177.89,2.0,10.0,UPI,Mobile App
ORD105155,08/02/2025,CUST1159,Jodi Walker,north,USB-C Hub,Electronics,220.52,2.0,5.0,Debit Card,Online
ORD104069,2025-02-21,CUST1835,Justin Lee,central,Mechanical Keyboard,Electronics,296.53,1.0,5.0,UPI,Mobile App
ORD103585,2025/01/29,CUST1267,Justin Michael, South ,Yoga Pants,Apparel,25.07,1.0,15.0,PayPal,In-Store
ORD103200,06/09/2025,CUST1047,Rebecca Valencia,NORTH,Running Shoes,Apparel,63.72,2.0,5.0,Cash on Delivery,Online
ORD100495,14/11/2024,CUST1250,Kathleen Davis, West,Non-stick Pan Set,Home & Kitchen,74.21,4.0,0.0,PayPal,Mobile App
ORD101701,2025-07-29,CUST1790,Angela Schultz, South ,27in Monitor,Electronics,27.68,2.0,0.0,Credit Card,Mobile App
ORD105334,06/11/2024,CUST1073,Sarah Ashley,west,Coffee Maker,Home & Kitchen,130.4,1.0,0.0,UPI,Online
ORD105925,18/07/2024,CUST1336,Misty Hansen,North,Cycling Helmet,Sports & Outdoors,194.33,3.0,15.0,Credit Card,Mobile App
ORD105020,2024-11-28,CUST1557,Ronald Johns,West,Wireless Mouse,Electronics,54.62,1.0,0.0,Credit Card,Online
ORD100107,2024-04-05,CUST1093,Kara Schmidt,Central,Vacuum Cleaner,Home & Kitchen,94.86,1.0,10.0,PayPal,Online
ORD105888,07/01/2025,CUST1484,Jason Price, South ,Mechanical Keyboard,Electronics,221.02,5.0,5.0,Credit Card,Mobile App
ORD103839,2025-04-20,CUST1767,Pamela Ruiz,NORTH,Portable SSD 1TB,Electronics,165.02,1.0,0.0,Credit Card,Online
ORD100432,2025-04-05,CUST1070,Chris Reyes,south,Yoga Pants,Apparel,51.5,2.0,0.0,PayPal,Mobile App
ORD102528,2025-05-23,CUST1147,Terri Murphy,east,Air Fryer,Home & Kitchen,171.37,1.0,0.0,Debit Card,Mobile App
ORD100734,04/12/2024,CUST1157,Richard Young,north,Non-stick Pan Set,Home & Kitchen,137.39,2.0,20.0,Cash on Delivery,Mobile App
ORD103767,30/06/2025,CUST1424,Carl Stein,CENTRAL,Wireless Mouse,Electronics,120.69,3.0,0.0,UPI,Online
ORD101591,06/04/2025,CUST1617,Tonya Ellis,west,Standing Desk,Office Supplies,288.61,4.0,,Cash on Delivery,Online
ORD103977,24/08/2025,CUST1340,Erin Cook,East ,Denim Jacket,Apparel,27.66,1.0,10.0,Credit Card,In-Store
ORD105743,14/08/2024,CUST1229,Laura Moreno,north,Cotton T-Shirt,Apparel,65.31,1.0,0.0,Credit Card,In-Store
ORD101240,15/05/2025,CUST1832,Adam Howe,East,Whiteboard,Office Supplies,340.19,1.0,10.0,Credit Card,In-Store
ORD101582,2024-05-10,CUST1526,Sarah Rivera, South ,Non-stick Pan Set,Home & Kitchen,214.74,2.0,0.0,Cash on Delivery,Mobile App
ORD105768,2025-10-30,CUST1815,Gary Myers, North,Cycling Helmet,Sports & Outdoors,201.1,1.0,0.0,PayPal,Mobile App
ORD105733,2025-12-18,CUST1694,George Alvarez,central,Yoga Pants,Apparel,62.44,2.0,0.0,Cash on Delivery,Mobile App
ORD103992,12/03/2024,CUST1301,Sheryl Buck,west,Whiteboard,Office Supplies,80.82,1.0,0.0,Credit Card,Online
ORD100453,05-31-2024,CUST1248,Anthony Dougherty,North,Denim Jacket,Apparel,94.56,3.0,15.0,PayPal,Online
ORD102228,2025-10-25,CUST1088,Samuel Rivas,East ,Dumbbell Set,Sports & Outdoors,31.27,1.0,10.0,Cash on Delivery,Online
ORD105640,11-28-2024,CUST1428,James Barnes, South ,Coffee Maker,Home & Kitchen,148.03,2.0,0.0,PayPal,Mobile App
ORD102393,2025-12-03,CUST1432,Joseph Moody,East ,Non-stick Pan Set,Home & Kitchen,20.01,1.0,15.0,UPI,Mobile App
ORD103983,04/01/2024,CUST1507,Daniel Fitzpatrick MD, West,Blender,Home & Kitchen,131.05,5.0,5.0,UPI,Online
ORD104190,2025-01-29,CUST1529,Ashley Carr,East ,Standing Desk,Office Supplies,16.54,1.0,0.0,Cash on Delivery,Online
ORD102546,2024-09-22,CUST1050,Sharon Cochran,west,Cycling Helmet,Sports & Outdoors,74.26,2.0,10.0,Cash on Delivery,Online
ORD104853,01-31-2025,CUST1133,Bob Pitts,North,Desk Lamp,Office Supplies,282.14,3.0,0.0,PayPal,Mobile App
ORD101609,2025-01-24,CUST1850,Joseph Mendoza,East ,Non-stick Pan Set,Home & Kitchen,110.91,5.0,15.0,Credit Card,Mobile App
ORD104618,2024-04-24,CUST1018,Mark Lynch,south,Power Bank,Electronics,85.91,2.0,15.0,Debit Card,Online
ORD103555,2025-07-08,CUST1840,Leslie Nguyen,central,Camping Tent,Sports & Outdoors,264.51,1.0,5.0,UPI,Online
ORD103584,2025-07-12,CUST1235,Dr. Cynthia Snyder,North,Dumbbell Set,Sports & Outdoors,288.26,4.0,15.0,Cash on Delivery,Online
ORD100962,2025-12-21,CUST1848,Danielle Murphy,central,Power Bank,Electronics,254.73,1.0,0.0,Debit Card,In-Store
ORD102303,2025-05-22,CUST1417,Christopher Owens, South ,Yoga Mat,Sports & Outdoors,244.35,3.0,5.0,UPI,Mobile App
ORD100993,07-21-2024,CUST1589,Andrew Berry,south,Webcam HD,Electronics,170.17,1.0,0.0,UPI,Online
ORD100365,12/01/2024,CUST1663,Jeffrey Smith,CENTRAL,Camping Tent,Sports & Outdoors,97.84,4.0,0.0,Cash on Delivery,Online
ORD102686,02/03/2025,CUST1688,Misty Mcguire,East,Desk Lamp,Office Supplies,133.72,3.0,0.0,Cash on Delivery,Online
ORD104157,29/03/2025,CUST1830,Donald Todd,central,Bluetooth Speaker,Electronics,417.89,1.0,0.0,Cash on Delivery,Mobile App
ORD100835,04/04/2025,CUST1355,Charlotte Sandoval,CENTRAL,Noise Cancelling Headphones,Electronics,258.96,1.0,15.0,Credit Card,In-Store
ORD104911,01/06/2025,CUST1182,Anita Richard,west,Blender,Home & Kitchen,146.23,3.0,0.0,Debit Card,Mobile App
ORD103514,2025-11-05,CUST1187,Jeremy Turner,SOUTH,Air Fryer,Home & Kitchen,162.63,2.0,0.0,PayPal,Mobile App
ORD104088,31/08/2024,CUST1014,Rebecca Henderson,CENTRAL,Toaster,Home & Kitchen,147.99,2.0,15.0,UPI,In-Store
ORD104710,2024-04-12,CUST1361,Charles Price, West,Running Shoes,Apparel,95.41,5.0,10.0,UPI,Mobile App
ORD105352,22/02/2025,CUST1542,Ashley Parrish,West,Notebook Pack,Office Supplies,254.42,5.0,10.0,PayPal,In-Store
ORD103671,2024-01-16,CUST1876,Christie Fox,SOUTH,USB-C Hub,Electronics,155.13,1.0,0.0,Debit Card,In-Store
ORD105333,10/02/2024,CUST1636,Gregory Frazier,CENTRAL,USB-C Hub,Electronics,241.83,4.0,0.0,Cash on Delivery,Online
ORD101426,08-01-2024,CUST1010,Andrew Stewart,South,Yoga Mat,Sports & Outdoors,144.97,2.0,15.0,Credit Card,Mobile App
ORD102911,11-30-2025,CUST1099,John Peterson,NORTH,Cotton T-Shirt,Apparel,43.48,1.0,10.0,Debit Card,Online
ORD104704,2024/01/22,CUST1430,Devin Johnson,central,Water Bottle,Sports & Outdoors,30.19,1.0,15.0,UPI,Mobile App
ORD102894,05-17-2025,CUST1161,Katherine Browning,SOUTH,Dumbbell Set,Sports & Outdoors,151.14,1.0,10.0,PayPal,Online
ORD104406,2025/04/17,CUST1540,James Brown,Central,Noise Cancelling Headphones,Electronics,307.69,2.0,15.0,Cash on Delivery,Online
ORD101268,21/05/2025,CUST1833,Devin Cole,West,Noise Cancelling Headphones,Electronics,183.15,5.0,5.0,UPI,In-Store
ORD102321,2024-09-03,CUST1617,Tonya Ellis,East,Power Bank,Electronics,289.11,1.0,10.0,Debit Card,Mobile App
ORD102119,13/04/2024,CUST1452,Kenneth Larsen,NORTH,Camping Tent,Sports & Outdoors,109.44,2.0,0.0,Debit Card,Online
ORD104116,2024-03-08,CUST1664,Lauren Vazquez, North,Noise Cancelling Headphones,Electronics,115.1,1.0,0.0,Cash on Delivery,In-Store
ORD105937,2025/07/14,CUST1272,Vanessa Moore,central,Desk Lamp,Office Supplies,335.27,1.0,20.0,PayPal,Mobile App
ORD103543,2024-03-17,CUST1514,Michael Brown,West,Denim Jacket,Apparel,31.4,3.0,0.0,Debit Card,Online
ORD101834,2025-05-22,CUST1816,Jared Luna,East ,Bluetooth Speaker,Electronics,362.55,4.0,0.0,Cash on Delivery,Mobile App
ORD104321,06/07/2024,CUST1179,Mary Gomez,CENTRAL,Webcam HD,Electronics,69.34,1.0,0.0,Cash on Delivery,In-Store
ORD100608,18/11/2025,CUST1639,Logan Sullivan, South ,Desk Lamp,Office Supplies,235.58,1.0,0.0,Debit Card,Online
ORD100634,26/09/2024,CUST1289,Jose Bryant,west,Dumbbell Set,Sports & Outdoors,263.04,3.0,15.0,PayPal,Mobile App
ORD103659,2025-08-31,CUST1189,Julie Spencer, North,Mechanical Keyboard,Electronics,312.4,1.0,0.0,UPI,In-Store
ORD102482,2024-01-19,CUST1454,Bradley Anthony, South ,Running Shoes,Apparel,96.55,1.0,0.0,PayPal,In-Store
ORD100023,2025-09-01,CUST1871,Joshua Martin,North,Portable SSD 1TB,Electronics,238.71,3.0,0.0,Debit Card,In-Store
ORD100404,2024-02-03,CUST1489,Julie Wilson,NORTH,Vacuum Cleaner,Home & Kitchen,99.58,3.0,15.0,UPI,Mobile App
ORD100906,2025/10/22,CUST1419,Amanda Huff,East ,Desk Lamp,Office Supplies,66.86,1.0,0.0,Cash on Delivery,In-Store
ORD103580,2024-07-07,CUST1892,Carol Morris, South ,Wireless Mouse,Electronics,247.69,1.0,5.0,Cash on Delivery,Mobile App
ORD105716,2024-11-04,CUST1023,Jessica Holmes,east,Non-stick Pan Set,Home & Kitchen,54.72,4.0,5.0,UPI,Online
ORD100436,2024-03-13,CUST1226,Heidi Owen, South ,Desk Lamp,Office Supplies,188.78,2.0,5.0,Debit Card,Mobile App
ORD100817,2024-02-22,CUST1526,Sarah Rivera,south,Cycling Helmet,Sports & Outdoors,272.29,1.0,0.0,UPI,Online
ORD102449,2025-01-05,CUST1748,Keith Choi,East ,Power Bank,Electronics,327.3,1.0,,,Online
ORD104513,2024-04-12,CUST1063,Angel Riggs,NORTH,Bluetooth Speaker,Electronics,359.24,3.0,10.0,Debit Card,Online
ORD100500,2024-04-19,CUST1105,Doris Hall,East ,Blender,Home & Kitchen,76.45,1.0,0.0,Credit Card,In-Store
ORD105632,03/05/2025,CUST1364,Tracey Wagner,central,Mechanical Keyboard,Electronics,212.18,2.0,15.0,Debit Card,Online
ORD100917,30/10/2024,CUST1231,Michele Lewis,SOUTH,Rice Cooker,Home & Kitchen,152.25,5.0,0.0,PayPal,Mobile App
ORD102181,2024-02-10,CUST1897,Tracy Jackson,West,Dumbbell Set,Sports & Outdoors,275.8,5.0,5.0,Debit Card,Online
ORD101953,2025/05/11,CUST1529,Ashley Carr,South,USB-C Hub,Electronics,67.66,2.0,15.0,UPI,Mobile App
ORD100759,2024/05/24,CUST1053,Meghan Anthony,East,Rice Cooker,Home & Kitchen,145.96,1.0,5.0,Debit Card,Online
ORD103774,02/01/2025,CUST1089,Mary Rogers,east,Power Bank,Electronics,342.12,1.0,0.0,PayPal,Online
ORD103714,2024-10-19,CUST1843,James Ellis,CENTRAL,Vacuum Cleaner,Home & Kitchen,72.84,1.0,10.0,PayPal,Online
ORD102379,2024-11-21,CUST1027,Brent Jordan,Central,Blender,Home & Kitchen,97.11,1.0,5.0,Cash on Delivery,In-Store
ORD100523,2025-06-21,CUST1012,Kimberly Burgess,North,Blender,Home & Kitchen,82.65,1.0,0.0,UPI,In-Store
ORD104301,2024-04-28,CUST1224,Mitchell Jackson,North,Standing Desk,Office Supplies,30.59,1.0,0.0,Credit Card,In-Store
ORD100724,2025/10/15,CUST1274,Taylor Gentry,central,Bluetooth Speaker,Electronics,248.33,1.0,5.0,Cash on Delivery,Mobile App
ORD100994,02-04-2024,CUST1103,Marc Lynch,CENTRAL,Noise Cancelling Headphones,Electronics,136.93,2.0,0.0,Credit Card,Mobile App
ORD101319,2024-05-19,CUST1068,Paul Larsen,North,USB-C Hub,Electronics,326.84,2.0,20.0,UPI,Mobile App
ORD102122,2024/08/20,CUST1104,Brad Allen, West,Webcam HD,Electronics,402.3,5.0,10.0,PayPal,Online
ORD101822,2025-08-21,CUST1124,Reginald Williams,North,Bluetooth Speaker,Electronics,107.94,2.0,5.0,Debit Card,Mobile App
ORD101128,2024-08-02,CUST1528,Jacqueline Rodriguez,CENTRAL,Running Shoes,Apparel,24.75,1.0,0.0,UPI,Mobile App
ORD100702,2024/09/22,CUST1763,Amber Johnson,north,Power Bank,Electronics,310.67,2.0,0.0,Debit Card,Mobile App
ORD101918,2024-11-21,CUST1221,Jessica Ross,South,Desk Lamp,Office Supplies,190.73,2.0,0.0,Debit Card,Mobile App
ORD105511,2024/07/19,CUST1305,Tammy Boone,East ,Wool Sweater,Apparel,105.53,4.0,15.0,UPI,In-Store
ORD105254,2024-10-07,CUST1025,Shannon Jones,SOUTH,Cycling Helmet,Sports & Outdoors,159.98,5.0,10.0,Credit Card,In-Store
ORD101244,09/03/2025,CUST1254,William Becker,west,Wireless Mouse,Electronics,337.59,1.0,10.0,Credit Card,In-Store
ORD101946,2025-08-16,CUST1092,Alan Phillips,west,Electric Kettle,Home & Kitchen,44.49,3.0,0.0,PayPal,Mobile App
ORD101969,13/01/2024,CUST1805,Joseph Jennings,north,Standing Desk,Office Supplies,301.51,2.0,0.0,Cash on Delivery,In-Store
ORD101001,2024-05-24,CUST1237,Patricia Morrow,Central,Blender,Home & Kitchen,77.7,4.0,5.0,Cash on Delivery,Mobile App
ORD102910,2025-09-03,CUST1364,Tracey Wagner, South ,Mechanical Keyboard,Electronics,31.47,1.0,0.0,PayPal,In-Store
ORD105838,2025/10/15,CUST1771,Jennifer Gutierrez, North,Water Bottle,Sports & Outdoors,133.78,4.0,10.0,Cash on Delivery,Mobile App
ORD100236,2025-05-22,CUST1799,James Turner,East,27in Monitor,Electronics,149.14,1.0,0.0,Credit Card,Mobile App
ORD104822,2024-11-02,CUST1562,Preston Kim,SOUTH,Vacuum Cleaner,Home & Kitchen,107.44,1.0,0.0,Cash on Delivery,Online
ORD102063,04-30-2025,CUST1763,Amber Johnson,West,Air Fryer,Home & Kitchen,94.85,1.0,5.0,Credit Card,Mobile App
ORD104944,06/02/2024,CUST1186,Justin Riley,East ,Portable SSD 1TB,Electronics,297.58,3.0,0.0,Debit Card,In-Store
ORD100886,2025-04-11,CUST1716,Ryan Thomas,East,Non-stick Pan Set,Home & Kitchen,23.24,4.0,0.0,PayPal,In-Store
ORD102689,2024-07-12,CUST1289,Jose Bryant, North,Electric Kettle,Home & Kitchen,97.58,1.0,,,Mobile App
ORD101772,2025-02-16,CUST1646,Julie Pitts,South,Desk Lamp,Office Supplies,316.04,1.0,20.0,UPI,Online
ORD100646,2024/03/22,CUST1297,Austin Wheeler,West,Denim Jacket,Apparel,112.72,2.0,0.0,UPI,In-Store
ORD103938,11-19-2025,CUST1011,Jennifer Rocha,West,Smartwatch,Electronics,312.38,1.0,0.0,Cash on Delivery,In-Store
ORD102770,11-09-2025,CUST1706,James Bray,West,Vacuum Cleaner,Home & Kitchen,199.51,2.0,0.0,Debit Card,Online
ORD100883,2024-11-20,CUST1331,Henry Pugh MD,East,Whiteboard,Office Supplies,77.51,2.0,5.0,UPI,Online
ORD101493,2024-02-10,CUST1871,Joshua Martin,south,Yoga Mat,Sports & Outdoors,245.98,1.0,0.0,PayPal,In-Store
ORD102180,07-29-2025,CUST1039,Kristine Garcia,Central,Running Shoes,Apparel,19.99,1.0,0.0,UPI,In-Store
ORD101208,2025-04-08,CUST1111,Pamela Thompson,SOUTH,Wool Sweater,Apparel,54.36,1.0,0.0,Cash on Delivery,In-Store
ORD101260,2024-06-12,CUST1746,Mrs. Felicia Castro DDS,SOUTH,Running Shoes,Apparel,114.41,4.0,5.0,PayPal,Online
ORD100073,22/10/2024,CUST1421,,central,Toaster,Home & Kitchen,86.66,2.0,,,Mobile App
ORD102500,10-13-2024,CUST1549,Michael Fox,East,Wool Sweater,Apparel,102.94,2.0,10.0,Credit Card,In-Store
ORD102604,2024-08-28,CUST1250,Kathleen Davis,North,Cotton T-Shirt,Apparel,71.35,3.0,15.0,PayPal,In-Store
ORD102260,13/02/2025,CUST1289,Jose Bryant,West,Camping Tent,Sports & Outdoors,178.61,2.0,0.0,Credit Card,In-Store
ORD101821,05/07/2025,CUST1320,Manuel King, West,Denim Jacket,Apparel,101.43,1.0,10.0,UPI,Mobile App
ORD101463,2025-09-13,CUST1803,Julia Leonard,west,Dumbbell Set,Sports & Outdoors,61.43,2.0,10.0,UPI,Online
ORD104058,2025-03-31,CUST1094,Jesse Parker,Central,Non-stick Pan Set,Home & Kitchen,156.28,3.0,0.0,UPI,Mobile App
ORD101581,01-30-2025,CUST1354,Christopher Moore,SOUTH,Electric Kettle,Home & Kitchen,167.08,4.0,5.0,Cash on Delivery,Online
ORD103183,2025-06-02,CUST1280,Cathy Taylor,East,USB-C Hub,Electronics,148.45,2.0,0.0,Debit Card,Mobile App
ORD103568,02-06-2024,CUST1705,Mary Lin,NORTH,27in Monitor,Electronics,226.08,1.0,0.0,Cash on Delivery,In-Store
ORD102216,2024-08-06,CUST1463,Donald Ellis, South ,Whiteboard,Office Supplies,285.06,1.0,0.0,Debit Card,Mobile App
ORD104756,10-02-2025,CUST1239,Amy Martinez,Central,USB-C Hub,Electronics,224.22,1.0,15.0,PayPal,Mobile App
ORD101417,12/01/2025,CUST1774,Kyle Nguyen,SOUTH,Cotton T-Shirt,Apparel,57.8,1.0,10.0,Cash on Delivery,In-Store
ORD101437,27/08/2024,CUST1417,Christopher Owens,south,Desk Lamp,Office Supplies,275.28,1.0,0.0,Cash on Delivery,Mobile App
ORD103212,2024-12-17,CUST1501,Martin Wise,West,Denim Jacket,Apparel,94.43,1.0,0.0,UPI,Online
ORD101559,2024-09-11,CUST1600,Angela George,Central,Coffee Maker,Home & Kitchen,37.84,1.0,15.0,Cash on Delivery,Mobile App
ORD104815,26/02/2024,CUST1382,Cynthia Rios, South ,Power Bank,Electronics,39.31,2.0,0.0,PayPal,In-Store
ORD104733,2024-03-17,CUST1325,Karen Williams,CENTRAL,Electric Kettle,Home & Kitchen,91.59,4.0,5.0,Debit Card,Online
ORD105068,2024-02-23,CUST1769,John Bell,North,Desk Lamp,Office Supplies,295.55,3.0,15.0,Credit Card,Mobile App
ORD105773,2024-02-23,CUST1193,Rachel Holland,South,Blender,Home & Kitchen,28.66,1.0,0.0,PayPal,In-Store
ORD104639,2025-11-22,CUST1891,Mark Jones,west,Wool Sweater,Apparel,29.95,1.0,15.0,PayPal,Online
ORD101252,2024-11-23,CUST1891,Mark Jones,West,Standing Desk,Office Supplies,172.76,1.0,0.0,UPI,Online
ORD102601,2025-02-16,CUST1344,Sandra Jones,Central,Smartwatch,Electronics,386.61,1.0,0.0,Cash on Delivery,Online
ORD102235,2024-05-22,CUST1215,James Burgess,central,Wool Sweater,Apparel,58.34,2.0,15.0,Credit Card,In-Store
ORD102263,2025-06-14,CUST1168,Michelle Schmitt,South,Denim Jacket,Apparel,41.78,1.0,0.0,PayPal,In-Store
ORD102148,12/04/2024,CUST1514,Michael Brown,east,Coffee Maker,Home & Kitchen,122.77,1.0,0.0,Cash on Delivery,In-Store
ORD103032,2024/06/01,CUST1890,Brandy Martin, South ,Vacuum Cleaner,Home & Kitchen,164.54,1.0,0.0,PayPal,Mobile App
ORD101292,2025-10-12,CUST1416,Dillon Jones, West,Electric Kettle,Home & Kitchen,169.72,1.0,5.0,Cash on Delivery,Mobile App
ORD102786,2024-03-19,CUST1028,Victoria Garcia,east,27in Monitor,Electronics,140.78,3.0,20.0,Cash on Delivery,In-Store
ORD102504,2024-04-06,CUST1651,Adam Brooks,East,Notebook Pack,Office Supplies,10.88,1.0,0.0,Credit Card,In-Store
ORD100158,15/03/2024,CUST1415,Samuel Howe,East ,Cycling Helmet,Sports & Outdoors,95.43,5.0,0.0,Debit Card,In-Store
ORD102380,2025-12-29,CUST1247,Kayla Rodriguez,West,Power Bank,Electronics,277.29,1.0,0.0,Cash on Delivery,Mobile App
ORD101290,15/03/2024,CUST1489,Julie Wilson,East,Running Shoes,Apparel,30.34,1.0,0.0,Debit Card,Mobile App
ORD101661,2024-05-13,CUST1042,Shawn Baker,south,Standing Desk,Office Supplies,246.45,1.0,,UPI,In-Store
ORD105133,2025/07/03,CUST1021,Kim Martinez,North,Power Bank,Electronics,215.6,2.0,0.0,Credit Card,Online
ORD103884,2025-06-19,CUST1789,Blake Wu, South ,Water Bottle,Sports & Outdoors,17.47,1.0,0.0,PayPal,Mobile App
ORD102170,2025-09-20,CUST1097,Adrian Ferguson,West,Toaster,Home & Kitchen,31.79,2.0,0.0,UPI,Mobile App
ORD105430,2025-02-11,CUST1851,Melissa Russell,Central,Wool Sweater,Apparel,101.38,1.0,20.0,Debit Card,Online
ORD102169,2024-01-30,CUST1711,Steven Sandoval,north,27in Monitor,Electronics,311.37,2.0,0.0,UPI,Online
ORD101991,08-03-2025,CUST1082,Alexander Collins,East ,Power Bank,Electronics,272.08,3.0,5.0,Debit Card,In-Store
ORD104711,28/02/2025,CUST1363,Ryan Harvey, South ,27in Monitor,Electronics,410.21,2.0,10.0,Credit Card,Online
ORD103347,2025-12-27,CUST1785,Stephanie Dominguez,west,Standing Desk,Office Supplies,169.38,1.0,0.0,UPI,Online
ORD105595,2024-10-20,CUST1406,Michael Williams,south,Wireless Mouse,Electronics,310.0,1.0,0.0,Cash on Delivery,Online
ORD105690,01-06-2025,CUST1574,Mr. Matthew Miller,North,Yoga Mat,Sports & Outdoors,98.09,1.0,0.0,Debit Card,In-Store
ORD101451,27/02/2024,CUST1067,Jessica Meadows,Central,Yoga Pants,Apparel,50.16,5.0,0.0,PayPal,Online
ORD102023,2025/08/05,CUST1128,Michael Santos,central,Coffee Maker,Home & Kitchen,144.48,1.0,15.0,Cash on Delivery,Online
ORD102177,03-05-2025,CUST1487,Robert Hines,Central,Running Shoes,Apparel,35.44,1.0,15.0,Debit Card,Mobile App
ORD101457,17/06/2024,CUST1209,Luis Bullock,North,Toaster,Home & Kitchen,41.74,-2.0,10.0,Credit Card,Mobile App
ORD105493,13/02/2024,CUST1139,Crystal Pham,west,Cotton T-Shirt,Apparel,32.92,1.0,10.0,Debit Card,In-Store
ORD100865,2024-06-15,CUST1028,Victoria Garcia, North,Desk Lamp,Office Supplies,76.21,1.0,0.0,Credit Card,Online
ORD105908,2024-02-27,CUST1628,Jamie Garcia,SOUTH,Electric Kettle,Home & Kitchen,212.11,2.0,20.0,Debit Card,Mobile App
ORD101797,2024-01-07,CUST1547,Justin Anderson,Central,Yoga Pants,Apparel,60.89,1.0,0.0,Credit Card,Online
ORD102970,12/05/2025,CUST1367,Ashley Wilson,East ,Water Bottle,Sports & Outdoors,97.63,1.0,0.0,Debit Card,Mobile App
ORD104667,2024-04-27,CUST1543,Rebecca Horton, North,Cotton T-Shirt,Apparel,80.02,2.0,20.0,Credit Card,In-Store
ORD102466,12-14-2025,CUST1767,Pamela Ruiz, North,Desk Lamp,Office Supplies,225.22,1.0,0.0,PayPal,Mobile App
ORD104779,2025-06-07,CUST1713,Erin Daniels,North,Smartwatch,Electronics,94.96,1.0,0.0,Credit Card,Mobile App
ORD102211,2024-02-29,CUST1601,,east,Coffee Maker,Home & Kitchen,205.29,1.0,,,Mobile App
ORD101742,03/01/2025,CUST1270,Melissa Taylor,north,Wool Sweater,Apparel,48.72,1.0,0.0,Debit Card,Mobile App
ORD101635,2025-05-19,CUST1448,Fernando Lynn,West,Yoga Pants,Apparel,42.26,2.0,0.0,UPI,Mobile App
ORD101414,05-07-2024,CUST1258,Ronald Patel,NORTH,Wireless Mouse,Electronics,138.82,1.0,10.0,Cash on Delivery,Mobile App
ORD101324,2024-10-29,CUST1655,Katherine Flores,north,Electric Kettle,Home & Kitchen,112.66,1.0,15.0,PayPal,In-Store
ORD102794,2025/07/17,CUST1144,Brenda Levy,CENTRAL,Blender,Home & Kitchen,124.92,4.0,5.0,PayPal,In-Store
ORD105863,2024-02-28,CUST1477,Matthew Palmer,north,Running Shoes,Apparel,70.49,4.0,0.0,UPI,Online
ORD104398,11-21-2025,CUST1311,Ryan Rocha,North,USB-C Hub,Electronics,273.69,1.0,0.0,UPI,Online
ORD102659,2024-09-03,CUST1462,Deanna Bartlett,North,Blender,Home & Kitchen,61.6,1.0,0.0,Debit Card,Mobile App
ORD103539,25/12/2024,CUST1412,Valerie Thomas,east,Yoga Mat,Sports & Outdoors,163.58,1.0,10.0,PayPal,Mobile App
ORD102144,2025-07-16,CUST1699,Jessica Glass, South ,27in Monitor,Electronics,378.49,3.0,0.0,Debit Card,Online
ORD101535,15/03/2025,CUST1457,Rhonda Gutierrez,east,Noise Cancelling Headphones,Electronics,102.23,2.0,0.0,UPI,Online
ORD105830,01-30-2024,CUST1802,Marissa Nelson,SOUTH,Power Bank,Electronics,259.8,1.0,0.0,PayPal,Online
ORD104481,2024-03-19,CUST1596,Kim Goodwin,East ,Power Bank,Electronics,177.98,5.0,5.0,Cash on Delivery,Online
ORD100830,25/12/2024,CUST1275,Jennifer Simpson DVM,North,Rice Cooker,Home & Kitchen,32.27,1.0,0.0,Debit Card,In-Store
ORD104728,12/08/2024,CUST1708,Thomas Torres,east,USB-C Hub,Electronics,98.0,1.0,0.0,Debit Card,In-Store
ORD103026,12-18-2025,CUST1309,Jennifer Allen, West,27in Monitor,Electronics,27.77,1.0,0.0,Credit Card,Mobile App
ORD104097,15/12/2025,CUST1374,Sandra Juarez,SOUTH,Noise Cancelling Headphones,Electronics,59.7,2.0,0.0,Cash on Delivery,In-Store
ORD100303,05-18-2025,CUST1318,Jennifer Smith,west,Vacuum Cleaner,Home & Kitchen,199.41,1.0,0.0,Credit Card,Online
ORD100441,2025-07-30,CUST1331,Henry Pugh MD, West,Cotton T-Shirt,Apparel,103.71,1.0,5.0,UPI,Mobile App
ORD105522,16/03/2024,CUST1559,Laura Perez, North,Electric Kettle,Home & Kitchen,119.33,5.0,5.0,Credit Card,Online
ORD105766,28/04/2024,CUST1564,Traci Camacho,east,Running Shoes,Apparel,56.58,1.0,10.0,Credit Card,Mobile App
ORD103383,02-19-2025,CUST1448,Fernando Lynn, South ,Mechanical Keyboard,Electronics,58.01,1.0,10.0,UPI,Online
ORD104082,26/10/2024,CUST1033,Michael Cross,East,Webcam HD,Electronics,66.95,2.0,5.0,UPI,Online
ORD100108,03-09-2025,CUST1362,Melissa Brewer,west,Yoga Pants,Apparel,115.45,2.0,15.0,Credit Card,In-Store
ORD100052,2024-09-10,CUST1772,Daniel Benson,Central,Water Bottle,Sports & Outdoors,76.58,1.0,0.0,Credit Card,Mobile App
ORD104665,2025-07-11,CUST1716,Ryan Thomas,east,Wireless Mouse,Electronics,329.1,4.0,10.0,UPI,In-Store
ORD103461,2025/04/23,CUST1845,Greg Tanner,South,Noise Cancelling Headphones,Electronics,140.9,1.0,0.0,Cash on Delivery,Online
ORD104000,2024-09-02,CUST1125,Matthew Hoover, North,Whiteboard,Office Supplies,154.12,2.0,0.0,Credit Card,Mobile App
ORD100446,2025-03-20,CUST1789,Blake Wu,South,Cotton T-Shirt,Apparel,18.92,3.0,0.0,Credit Card,Online
ORD102905,26/11/2025,CUST1477,Matthew Palmer,South,USB-C Hub,Electronics,79.51,1.0,20.0,Debit Card,Mobile App
ORD104252,2024/04/08,CUST1292,Randy Cannon,south,Standing Desk,Office Supplies,274.29,1.0,0.0,PayPal,In-Store
ORD101792,2024-07-27,CUST1031,Tammy Allison,Central,Yoga Mat,Sports & Outdoors,164.88,1.0,0.0,Credit Card,Online
ORD100827,2025-03-15,CUST1717,Elizabeth Reese, North,Smartwatch,Electronics,104.42,1.0,0.0,Credit Card,Mobile App
ORD103633,2024-04-05,CUST1886,Sandra Kennedy,central,Whiteboard,Office Supplies,303.03,1.0,20.0,Debit Card,Mobile App
ORD103138,24/10/2024,CUST1360,Leslie Powers, West,Standing Desk,Office Supplies,178.93,2.0,15.0,UPI,Online
ORD103287,2024-02-19,CUST1703,Alicia Aguilar,south,Coffee Maker,Home & Kitchen,179.39,1.0,15.0,UPI,Mobile App
ORD105370,2025-03-21,CUST1163,Larry Garcia,South,Air Fryer,Home & Kitchen,36.96,2.0,0.0,UPI,In-Store
ORD101883,2025-01-09,CUST1340,Erin Cook,North,Notebook Pack,Office Supplies,140.16,5.0,0.0,Debit Card,Mobile App
ORD104201,05-17-2024,CUST1624,Sarah Watson, South ,Notebook Pack,Office Supplies,217.84,2.0,0.0,Credit Card,In-Store
ORD105732,06-12-2024,CUST1363,Ryan Harvey,west,Portable SSD 1TB,Electronics,242.93,2.0,0.0,UPI,Online
ORD102451,02-27-2025,CUST1834,Michelle Salazar,SOUTH,Wool Sweater,Apparel,66.81,3.0,5.0,PayPal,In-Store
ORD100800,2025-12-12,CUST1185,Craig Morrison,West,Coffee Maker,Home & Kitchen,170.7,1.0,15.0,Cash on Delivery,In-Store
ORD105234,10/08/2024,CUST1582,Heather Harrison, West,Ergonomic Chair,Office Supplies,69.31,1.0,10.0,UPI,Mobile App
ORD105292,2025-02-22,CUST1739,Matthew Graves,North,USB-C Hub,Electronics,150.88,1.0,0.0,Debit Card,In-Store
ORD100772,2024-04-22,CUST1498,Joseph Warren,West,Noise Cancelling Headphones,Electronics,97.52,1.0,0.0,Debit Card,Online
ORD104865,11-08-2024,CUST1054,Victoria Johnson,central,Camping Tent,Sports & Outdoors,46.88,1.0,0.0,PayPal,Online
ORD105413,2024-07-05,CUST1392,Ryan Fisher,North,Ergonomic Chair,Office Supplies,150.23,1.0,10.0,UPI,Mobile App
ORD104237,08/11/2024,CUST1014,Rebecca Henderson, South ,Blender,Home & Kitchen,110.86,3.0,0.0,Cash on Delivery,Mobile App
ORD100320,13/08/2025,CUST1779,Lisa Dixon,East,Denim Jacket,Apparel,47.91,1.0,10.0,UPI,Online
ORD102423,2025-06-10,CUST1008,Daniel Adams,south,27in Monitor,Electronics,63.32,1.0,0.0,PayPal,In-Store
ORD100808,2025/01/21,CUST1280,Cathy Taylor,north,Cotton T-Shirt,Apparel,110.47,3.0,0.0,Debit Card,In-Store
ORD102550,2025/08/30,CUST1348,Matthew Williams, West,Notebook Pack,Office Supplies,205.62,3.0,0.0,PayPal,Mobile App
ORD101294,2024/11/30,CUST1856,Susan Cox,central,Webcam HD,Electronics,222.42,3.0,0.0,UPI,Mobile App
ORD103491,2024-01-16,CUST1127,Jennifer Pena,East ,Wool Sweater,Apparel,69.07,1.0,5.0,UPI,In-Store
ORD103561,2024-01-17,CUST1296,Shaun Cannon,east,Denim Jacket,Apparel,57.5,1.0,0.0,PayPal,Mobile App
ORD102715,2024-09-25,CUST1779,Lisa Dixon,Central,Denim Jacket,Apparel,63.95,2.0,10.0,PayPal,Online
ORD104913,16/09/2025,CUST1274,Taylor Gentry,East,Yoga Pants,Apparel,23.05,1.0,10.0,Cash on Delivery,Online
ORD103649,2025-09-09,CUST1480,Jorge Bates, West,27in Monitor,Electronics,182.73,2.0,0.0,Credit Card,Mobile App
ORD104056,2025/10/14,CUST1264,Matthew Fox, West,Wireless Mouse,Electronics,256.24,4.0,5.0,Credit Card,Mobile App
ORD105330,20/09/2025,CUST1327,Michelle Sanders,NORTH,Non-stick Pan Set,Home & Kitchen,51.86,2.0,,UPI,In-Store
ORD101450,2025-01-31,CUST1056,Renee Mcdaniel,Central,Smartwatch,Electronics,209.56,1.0,0.0,Credit Card,Online
ORD100329,14/01/2024,CUST1338,Richard Ward,NORTH,Blender,Home & Kitchen,27.88,1.0,0.0,Credit Card,Mobile App
ORD103789,2024-01-15,CUST1587,Jack Love,CENTRAL,Blender,Home & Kitchen,121.1,2.0,0.0,UPI,Mobile App
ORD100662,14/12/2024,CUST1498,Joseph Warren,north,Notebook Pack,Office Supplies,156.41,2.0,0.0,Credit Card,Mobile App
ORD105573,2024-11-15,CUST1199,Kimberly Rodgers,NORTH,Vacuum Cleaner,Home & Kitchen,113.79,2.0,0.0,Credit Card,Mobile App
ORD104081,12-17-2025,CUST1110,David Davis,west,Wireless Mouse,Electronics,306.93,4.0,0.0,PayPal,In-Store
ORD100890,2024-05-07,CUST1200,James Martin,East,Noise Cancelling Headphones,Electronics,115.05,3.0,15.0,UPI,In-Store
ORD102622,2024-08-25,CUST1458,Joseph Camacho,SOUTH,Mechanical Keyboard,Electronics,426.55,3.0,0.0,Cash on Delivery,In-Store
ORD104447,09-24-2024,CUST1720,Jacqueline Christian,West,Toaster,Home & Kitchen,136.71,1.0,0.0,Cash on Delivery,In-Store
ORD100379,01/05/2024,CUST1370,Heather Page,north,Mechanical Keyboard,Electronics,243.68,1.0,5.0,UPI,In-Store
ORD103874,07/03/2024,CUST1202,Vincent Mueller,North,Rice Cooker,Home & Kitchen,55.33,5.0,0.0,Cash on Delivery,In-Store
ORD104597,2024-08-16,CUST1382,Cynthia Rios,east,Webcam HD,Electronics,345.84,1.0,10.0,Debit Card,Mobile App
ORD100091,2024-10-29,CUST1134,David Scott,East ,Wireless Mouse,Electronics,156.3,1.0,0.0,UPI,Online
ORD102838,2024-08-12,CUST1805,Joseph Jennings,south,Denim Jacket,Apparel,96.2,3.0,10.0,Debit Card,Online
ORD103500,2024-10-16,CUST1659,Catherine Huang,west,Wool Sweater,Apparel,64.22,1.0,0.0,PayPal,Online
ORD105296,2024-10-11,CUST1785,Stephanie Dominguez,north,Coffee Maker,Home & Kitchen,147.77,1.0,20.0,UPI,In-Store
ORD103196,2025-12-14,CUST1327,Michelle Sanders,SOUTH,Wool Sweater,Apparel,52.13,2.0,0.0,Debit Card,Mobile App
ORD104908,27/10/2024,CUST1230,Allison Lopez, North,USB-C Hub,Electronics,105.08,2.0,10.0,Cash on Delivery,In-Store
ORD104459,2025-03-03,CUST1008,Daniel Adams,SOUTH,Vacuum Cleaner,Home & Kitchen,100.81,1.0,5.0,Cash on Delivery,Online
ORD101980,12-25-2024,CUST1863,Jason Fleming,NORTH,Portable SSD 1TB,Electronics,46.77,2.0,5.0,PayPal,In-Store
ORD105259,2025-01-13,CUST1830,Donald Todd, West,Air Fryer,Home & Kitchen,107.33,1.0,10.0,Credit Card,Mobile App
ORD101166,27/10/2024,CUST1865,Grant Lucas,Central,Bluetooth Speaker,Electronics,251.45,1.0,20.0,Credit Card,In-Store
ORD100973,24/02/2025,CUST1106,Dennis Moody, West,27in Monitor,Electronics,248.91,1.0,0.0,Cash on Delivery,In-Store
ORD102893,02-13-2025,CUST1276,Tanya Rogers,north,Smartwatch,Electronics,194.58,1.0,10.0,Cash on Delivery,Mobile App
ORD100364,04/02/2025,CUST1546,,north,Portable SSD 1TB,Electronics,187.1,3.0,,,In-Store
ORD104605,05-08-2025,CUST1821,Nathan Watkins,West,Standing Desk,Office Supplies,115.85,1.0,0.0,UPI,Online
ORD101334,2024/02/22,CUST1741,John Martinez,east,Desk Lamp,Office Supplies,174.35,1.0,20.0,PayPal,In-Store
ORD103443,2024-05-01,CUST1315,Kelly Combs,south,Wool Sweater,Apparel,48.63,1.0,10.0,Cash on Delivery,In-Store
ORD105089,2025-01-30,CUST1294,Jenna Anderson DVM,West,Blender,Home & Kitchen,68.28,3.0,0.0,Debit Card,Mobile App
ORD105978,12-26-2024,CUST1387,Tamara Jensen, West,Dumbbell Set,Sports & Outdoors,84.65,4.0,0.0,Credit Card,In-Store
ORD105941,15/04/2025,CUST1183,Eric Morgan, West,Coffee Maker,Home & Kitchen,44.51,5.0,0.0,Debit Card,In-Store
ORD100333,2024-06-19,CUST1819,Julian Ponce,SOUTH,Noise Cancelling Headphones,Electronics,433.98,1.0,0.0,Credit Card,Online
ORD105267,2025-01-13,CUST1156,Brianna Anderson,East ,Portable SSD 1TB,Electronics,430.29,2.0,0.0,Debit Card,Mobile App
ORD105219,2025-09-05,CUST1845,Greg Tanner, North,Air Fryer,Home & Kitchen,73.71,2.0,5.0,Debit Card,In-Store
ORD102189,03/09/2025,CUST1339,Brian Torres,Central,Air Fryer,Home & Kitchen,35.23,1.0,0.0,Debit Card,In-Store
ORD105711,2024/12/14,CUST1870,Jacob Harris,CENTRAL,Coffee Maker,Home & Kitchen,74.63,3.0,0.0,PayPal,Online
ORD102841,2025-01-10,CUST1215,James Burgess,East ,Camping Tent,Sports & Outdoors,208.65,2.0,0.0,Credit Card,Online
ORD105175,02-19-2025,CUST1782,Christopher Taylor, South ,Desk Lamp,Office Supplies,151.94,1.0,0.0,Debit Card,Mobile App
ORD101356,09/11/2024,CUST1813,Michelle Garcia,CENTRAL,Whiteboard,Office Supplies,329.57,1.0,10.0,Credit Card,In-Store
ORD103898,2025-07-14,CUST1219,Stacey Stewart,south,Wireless Mouse,Electronics,316.8,1.0,0.0,Cash on Delivery,Mobile App
ORD101037,21/03/2025,CUST1123,Kimberly Gibson, West,Noise Cancelling Headphones,Electronics,263.21,1.0,5.0,Debit Card,Online
ORD101506,2024-07-27,CUST1876,Christie Fox,CENTRAL,USB-C Hub,Electronics,163.17,1.0,15.0,PayPal,In-Store
ORD103929,2024-10-31,CUST1726,Cheryl Gonzales,east,Denim Jacket,Apparel,42.41,1.0,0.0,Debit Card,Online
ORD105295,2025-02-28,CUST1633,Dr. Samuel Holmes DDS,Central,Denim Jacket,Apparel,93.91,2.0,10.0,Cash on Delivery,Mobile App
ORD104782,2025-10-06,CUST1682,Erika Watson PhD,West,Bluetooth Speaker,Electronics,28.07,1.0,0.0,Credit Card,In-Store
ORD102043,2025/05/03,CUST1694,George Alvarez,east,Denim Jacket,Apparel,30.41,1.0,0.0,PayPal,Mobile App
ORD100068,2024-10-25,CUST1705,Mary Lin,NORTH,27in Monitor,Electronics,98.87,1.0,5.0,PayPal,Mobile App
ORD100629,2024-09-25,CUST1029,Connor West,north,Webcam HD,Electronics,333.85,1.0,0.0,UPI,Online
ORD105249,2025-07-27,CUST1780,April Castro,NORTH,Non-stick Pan Set,Home & Kitchen,141.38,1.0,0.0,Credit Card,Mobile App
ORD101212,2024-08-06,CUST1207,Zachary Brooks,central,Wireless Mouse,Electronics,165.89,1.0,10.0,Credit Card,In-Store
ORD102419,2024-02-03,CUST1544,Juan Smith,North,Blender,Home & Kitchen,33.42,1.0,0.0,PayPal,In-Store
ORD103879,2024-01-05,CUST1246,Mr. Lawrence Edwards,West,Electric Kettle,Home & Kitchen,158.82,1.0,0.0,PayPal,Mobile App
ORD102878,10/03/2024,CUST1397,Brandon Hamilton,South,Non-stick Pan Set,Home & Kitchen,97.07,2.0,0.0,Debit Card,In-Store
ORD102158,2024-11-07,CUST1341,Ernest Oconnell, South ,Power Bank,Electronics,133.02,3.0,0.0,UPI,In-Store
ORD103024,2024-02-05,CUST1025,Shannon Jones, West,Non-stick Pan Set,Home & Kitchen,145.62,2.0,0.0,Credit Card,In-Store
ORD102322,09-22-2025,CUST1033,Michael Cross, North,Running Shoes,Apparel,60.76,1.0,10.0,Cash on Delivery,Online
ORD104188,2025-12-27,CUST1248,Anthony Dougherty,west,Running Shoes,Apparel,30.61,1.0,0.0,Cash on Delivery,In-Store
ORD104367,2025-10-23,CUST1308,Autumn Key,CENTRAL,Cotton T-Shirt,Apparel,30.53,1.0,0.0,Cash on Delivery,In-Store
ORD103936,10/08/2025,CUST1813,Michelle Garcia,Central,Ergonomic Chair,Office Supplies,230.58,5.0,20.0,Debit Card,In-Store
ORD104324,2024/10/26,CUST1074,Stephanie Freeman, North,Blender,Home & Kitchen,176.42,1.0,0.0,UPI,Online
ORD103442,10/03/2024,CUST1467,Amanda Preston,East ,USB-C Hub,Electronics,367.17,4.0,5.0,UPI,Mobile App
ORD103515,2024/02/15,CUST1835,Justin Lee, North,Wool Sweater,Apparel,59.47,2.0,0.0,PayPal,Online
ORD101360,2024/10/03,CUST1067,Jessica Meadows,north,USB-C Hub,Electronics,396.12,3.0,10.0,Credit Card,In-Store
ORD101057,2025-04-16,CUST1469,William Ramos,west,Air Fryer,Home & Kitchen,214.07,1.0,0.0,Debit Card,Online
ORD103780,18/11/2024,CUST1673,Brent Hopkins,West,Electric Kettle,Home & Kitchen,213.58,1.0,0.0,Cash on Delivery,In-Store
ORD105558,12-06-2025,CUST1383,Kelly Wallace, South ,Wireless Mouse,Electronics,127.21,1.0,20.0,Cash on Delivery,Mobile App
ORD105823,2025-01-21,CUST1808,, North,Denim Jacket,Apparel,76.4,1.0,,,Mobile App
ORD101726,2024-04-27,CUST1109,Kathryn Snyder, North,Power Bank,Electronics,119.96,1.0,0.0,UPI,In-Store
ORD100374,20/09/2025,CUST1678,Toni Davis,South,Standing Desk,Office Supplies,168.0,2.0,0.0,Cash on Delivery,Online
ORD103283,2024-11-02,CUST1646,Julie Pitts,North,Power Bank,Electronics,166.29,2.0,5.0,PayPal,In-Store
ORD102443,2025-12-05,CUST1446,Stacey Snyder,east,Mechanical Keyboard,Electronics,294.69,5.0,0.0,Credit Card,Online
ORD104737,2024-12-31,CUST1071,John Brown,Central,Vacuum Cleaner,Home & Kitchen,203.24,1.0,15.0,UPI,Mobile App
ORD102740,2025-04-09,CUST1445,Hayley Buchanan, West,Dumbbell Set,Sports & Outdoors,298.48,4.0,,,Mobile App
ORD104175,15/07/2024,CUST1449,Kimberly Villanueva,North,Webcam HD,Electronics,133.88,1.0,0.0,PayPal,Mobile App
ORD101453,2025-03-27,CUST1017,Deborah Mason,west,Denim Jacket,Apparel,20.28,1.0,15.0,PayPal,In-Store
ORD102284,2025-10-20,CUST1174,Sophia Moore,west,Wool Sweater,Apparel,58.8,1.0,0.0,Credit Card,Online
ORD103482,2024-09-21,CUST1458,Joseph Camacho,SOUTH,Yoga Mat,Sports & Outdoors,58.3,5.0,10.0,Credit Card,Online
ORD101703,15/03/2024,CUST1326,Amanda Mcfarland,east,Coffee Maker,Home & Kitchen,82.77,1.0,0.0,Credit Card,In-Store
ORD105215,2025-10-27,CUST1795,Christopher Vargas,East ,Non-stick Pan Set,Home & Kitchen,190.44,3.0,15.0,Cash on Delivery,Online
ORD105030,01/08/2024,CUST1361,Charles Price,West,Noise Cancelling Headphones,Electronics,375.11,2.0,20.0,Credit Card,In-Store
ORD105315,2025-07-26,CUST1262,Jeremy Barnes,South,Wireless Mouse,Electronics,32.85,3.0,0.0,Debit Card,Mobile App
ORD102532,2024-12-15,CUST1670,Kimberly Gibson, North,Water Bottle,Sports & Outdoors,215.82,2.0,0.0,UPI,In-Store
ORD100507,2025-08-27,CUST1240,Travis Stone,Central,Smartwatch,Electronics,373.82,1.0,0.0,PayPal,Mobile App
ORD105262,2024-01-17,CUST1057,Lisa Alvarado,north,Desk Lamp,Office Supplies,222.91,2.0,0.0,Credit Card,Mobile App
ORD100361,2024-02-25,CUST1038,Michael Evans,east,Ergonomic Chair,Office Supplies,263.94,1.0,0.0,PayPal,Mobile App
ORD103109,05/12/2024,CUST1824,Judy Gregory,SOUTH,Denim Jacket,Apparel,80.77,3.0,0.0,Cash on Delivery,Online
ORD101682,2024-03-22,CUST1145,Richard Smith,south,Coffee Maker,Home & Kitchen,119.14,2.0,15.0,Cash on Delivery,In-Store
ORD104645,08/08/2025,CUST1636,Gregory Frazier,West,Whiteboard,Office Supplies,345.11,1.0,10.0,Credit Card,In-Store
ORD100881,2025-03-14,CUST1094,Jesse Parker,South,Toaster,Home & Kitchen,124.96,2.0,15.0,PayPal,Online
ORD101934,2025-03-27,CUST1873,Michael Wells,south,Portable SSD 1TB,Electronics,103.0,4.0,0.0,PayPal,In-Store
ORD103867,2025-12-27,CUST1524,,North,Ergonomic Chair,Office Supplies,309.88,3.0,,,Online
ORD102227,2024-02-29,CUST1728,Ashley Osborne,east,Yoga Mat,Sports & Outdoors,204.98,5.0,0.0,UPI,Mobile App
ORD105454,2025-11-18,CUST1287,Stephanie Harris,east,Non-stick Pan Set,Home & Kitchen,181.73,1.0,15.0,PayPal,In-Store
ORD102314,2024-04-12,CUST1192,Helen Hardin,west,27in Monitor,Electronics,375.35,3.0,0.0,Debit Card,Mobile App
ORD100619,2025-12-02,CUST1371,Renee Hudson, West,Camping Tent,Sports & Outdoors,84.86,1.0,15.0,Debit Card,In-Store
ORD101817,2024-06-12,CUST1435,Sara Cochran,West,Water Bottle,Sports & Outdoors,278.53,3.0,0.0,UPI,Mobile App
ORD100582,18/07/2025,CUST1866,Keith Villanueva, West,27in Monitor,Electronics,362.92,2.0,0.0,Credit Card,In-Store
ORD103070,14/08/2025,CUST1710,Lori Johns, North,Vacuum Cleaner,Home & Kitchen,42.03,1.0,10.0,Cash on Delivery,Online
ORD102406,18/01/2025,CUST1802,Marissa Nelson,west,Cycling Helmet,Sports & Outdoors,275.47,2.0,0.0,PayPal,Mobile App
ORD101600,07/03/2025,CUST1805,Joseph Jennings,North,Bluetooth Speaker,Electronics,301.2,2.0,0.0,Cash on Delivery,Mobile App
ORD103942,13/04/2024,CUST1013,Zachary Hicks,west,Running Shoes,Apparel,76.08,2.0,10.0,Credit Card,Mobile App
ORD104736,26/01/2025,CUST1889,Laura Bruce,north,Mechanical Keyboard,Electronics,162.42,1.0,0.0,UPI,In-Store
ORD100855,2025-05-24,CUST1392,Ryan Fisher,north,Wool Sweater,Apparel,78.18,2.0,0.0,UPI,Mobile App
ORD100210,11-24-2025,CUST1854,Faith Johnson,East ,Noise Cancelling Headphones,Electronics,419.77,1.0,10.0,PayPal,In-Store
ORD103086,2024-02-28,CUST1724,Laura Herrera, South ,Denim Jacket,Apparel,85.82,2.0,0.0,UPI,Mobile App
ORD102296,02-27-2024,CUST1538,Melissa Morris,west,Coffee Maker,Home & Kitchen,126.88,1.0,0.0,PayPal,Online
ORD100907,2025-11-03,CUST1251,Amber Campbell,west,Coffee Maker,Home & Kitchen,55.98,1.0,0.0,Debit Card,In-Store
ORD104541,12/12/2025,CUST1427,Danielle Phillips,central,Toaster,Home & Kitchen,192.7,4.0,10.0,Credit Card,In-Store
ORD100795,2024-09-03,CUST1250,Kathleen Davis,west,Water Bottle,Sports & Outdoors,182.9,5.0,0.0,PayPal,Mobile App
ORD102792,2025-02-19,CUST1864,Dorothy Brown,north,Yoga Pants,Apparel,59.19,1.0,0.0,Cash on Delivery,In-Store
ORD104589,11/08/2024,CUST1056,,East ,Coffee Maker,Home & Kitchen,169.87,3.0,,,Online
ORD105270,2024-09-04,CUST1874,Tammy Morgan,South,Wireless Mouse,Electronics,263.68,3.0,15.0,Cash on Delivery,Mobile App
ORD101688,2025-09-10,CUST1122,Mary Grimes,Central,Webcam HD,Electronics,104.18,1.0,0.0,Cash on Delivery,Mobile App
ORD103298,11-06-2025,CUST1489,Julie Wilson,SOUTH,Whiteboard,Office Supplies,67.95,1.0,5.0,Cash on Delivery,Online
ORD102508,2024-02-24,CUST1610,Tara Holmes,CENTRAL,Webcam HD,Electronics,80.54,3.0,0.0,Credit Card,Mobile App
ORD100181,2024-11-10,CUST1683,Joshua Brooks,West,Power Bank,Electronics,29.86,2.0,0.0,Cash on Delivery,Mobile App
ORD105200,05/02/2024,CUST1189,Julie Spencer, South ,Toaster,Home & Kitchen,210.06,1.0,10.0,Credit Card,In-Store
ORD100852,2024/10/04,CUST1356,Jeffrey Smith, South ,Noise Cancelling Headphones,Electronics,88.84,2.0,15.0,PayPal,In-Store
ORD104788,2025/03/09,CUST1715,Krystal Moore,North,Denim Jacket,Apparel,22.17,2.0,10.0,Cash on Delivery,In-Store
ORD104988,2024-08-26,CUST1815,Gary Myers,CENTRAL,Ergonomic Chair,Office Supplies,275.49,1.0,0.0,Credit Card,In-Store
ORD105152,08/12/2024,CUST1145,Richard Smith,SOUTH,Desk Lamp,Office Supplies,346.39,3.0,10.0,Debit Card,Mobile App
ORD105312,2025-08-29,CUST1467,Amanda Preston,west,Air Fryer,Home & Kitchen,27.37,1.0,10.0,Debit Card,Mobile App
ORD104891,2025-09-20,CUST1108,Tammy Gonzales,east,Dumbbell Set,Sports & Outdoors,31.02,1.0,0.0,PayPal,Mobile App
ORD105952,12/04/2025,CUST1487,Robert Hines,east,Water Bottle,Sports & Outdoors,90.13,3.0,0.0,Credit Card,In-Store
ORD104231,2025-12-13,CUST1454,Bradley Anthony,East,Webcam HD,Electronics,302.35,1.0,0.0,PayPal,Mobile App
ORD105578,23/03/2025,CUST1884,Ronnie Roberts,North,USB-C Hub,Electronics,429.7,1.0,0.0,PayPal,Mobile App
ORD103572,2024-03-07,CUST1755,Paula Gentry,East ,Bluetooth Speaker,Electronics,317.59,3.0,0.0,Cash on Delivery,In-Store
ORD100900,09-13-2025,CUST1675,Dawn Diaz,north,Dumbbell Set,Sports & Outdoors,244.86,1.0,5.0,Credit Card,In-Store
ORD104846,2024-11-13,CUST1262,Jeremy Barnes,NORTH,Desk Lamp,Office Supplies,183.22,1.0,15.0,Debit Card,Online
ORD103753,23/04/2024,CUST1356,Jeffrey Smith,central,Portable SSD 1TB,Electronics,208.78,1.0,10.0,Cash on Delivery,Online
ORD102489,2024-08-06,CUST1276,Tanya Rogers,north,Toaster,Home & Kitchen,29.1,1.0,10.0,PayPal,Online
ORD101857,2025-12-09,CUST1276,Tanya Rogers,Central,Vacuum Cleaner,Home & Kitchen,164.04,1.0,15.0,Cash on Delivery,In-Store
ORD100606,02-15-2025,CUST1304,Kristina Faulkner,South,Running Shoes,Apparel,103.24,2.0,20.0,Cash on Delivery,Mobile App
ORD101348,30/11/2024,CUST1460,Lisa Martinez,west,Portable SSD 1TB,Electronics,221.99,5.0,0.0,UPI,Mobile App
ORD102403,2024-07-19,CUST1690,Tammy Cook,South,Toaster,Home & Kitchen,169.44,2.0,20.0,UPI,Mobile App
ORD102716,24/09/2024,CUST1631,Kenneth Perez,North,Water Bottle,Sports & Outdoors,35.96,1.0,5.0,Cash on Delivery,In-Store
ORD105110,08/04/2025,CUST1885,Justin Ford,central,Running Shoes,Apparel,113.26,1.0,0.0,Cash on Delivery,Mobile App
ORD105317,2025-11-27,CUST1743,Lee Stewart,East ,Portable SSD 1TB,Electronics,230.43,2.0,10.0,Cash on Delivery,Online
ORD101610,2024/11/17,CUST1369,Scott Miller,NORTH,Whiteboard,Office Supplies,135.3,1.0,0.0,Credit Card,In-Store
ORD103015,2025-04-15,CUST1822,Kathryn Hanna,east,Standing Desk,Office Supplies,46.97,2.0,15.0,UPI,Online
ORD103207,03/09/2024,CUST1392,Ryan Fisher,north,Bluetooth Speaker,Electronics,40.5,1.0,0.0,Credit Card,In-Store
ORD100838,30/05/2025,CUST1809,Tammy Hill,North,Denim Jacket,Apparel,34.33,1.0,0.0,Cash on Delivery,In-Store
ORD104405,2024-06-12,CUST1640,Eddie Adams,North,Desk Lamp,Office Supplies,47.75,2.0,15.0,UPI,Mobile App
ORD100163,22/02/2024,CUST1374,Sandra Juarez,west,Coffee Maker,Home & Kitchen,106.19,4.0,0.0,Debit Card,In-Store
ORD104303,2024-05-09,CUST1024,,east,Yoga Pants,Apparel,29.5,1.0,,,Mobile App
ORD102084,2025/07/13,CUST1059,Stephanie Gilbert,east,Camping Tent,Sports & Outdoors,71.05,2.0,0.0,PayPal,Online
ORD103125,2024-06-07,CUST1277,Todd Rosales MD,SOUTH,Portable SSD 1TB,Electronics,49.17,1.0,0.0,UPI,Mobile App
ORD100753,2025-08-05,CUST1104,Brad Allen,SOUTH,Running Shoes,Apparel,22.07,1.0,10.0,Credit Card,Mobile App
ORD102833,02/02/2025,CUST1059,Stephanie Gilbert,south,Ergonomic Chair,Office Supplies,73.21,5.0,0.0,PayPal,In-Store
ORD101622,2025-04-24,CUST1816,Jared Luna,south,Whiteboard,Office Supplies,251.87,2.0,5.0,Cash on Delivery,Mobile App
ORD104253,04/04/2024,CUST1341,Ernest Oconnell,East ,Blender,Home & Kitchen,191.5,4.0,0.0,Credit Card,In-Store
ORD100857,01-04-2025,CUST1061,Steven Flynn,North,Wireless Mouse,Electronics,179.02,1.0,15.0,Debit Card,In-Store
ORD105892,12-21-2024,CUST1349,Brett Walker,NORTH,Blender,Home & Kitchen,146.78,2.0,5.0,Cash on Delivery,In-Store
ORD102593,2025/01/18,CUST1680,, North,Portable SSD 1TB,Electronics,311.15,1.0,,,In-Store
ORD101961,2024-11-03,CUST1172,Kylie Morales,NORTH,Bluetooth Speaker,Electronics,28.66,1.0,10.0,Cash on Delivery,In-Store
ORD105955,2024-06-18,CUST1480,Jorge Bates,west,Cotton T-Shirt,Apparel,116.71,4.0,15.0,UPI,Online
ORD104694,2025-01-31,CUST1117,Michael Martinez,West,Air Fryer,Home & Kitchen,160.13,1.0,15.0,Credit Card,Mobile App
ORD100004,2025-01-22,CUST1127,, West,Non-stick Pan Set,Home & Kitchen,140.75,3.0,,,Mobile App
ORD102666,2024-12-05,CUST1856,Susan Cox, North,Wool Sweater,Apparel,25.37,2.0,0.0,Debit Card,Mobile App
ORD105191,12-06-2024,CUST1169,John Boone,south,Standing Desk,Office Supplies,342.4,5.0,0.0,Debit Card,In-Store
ORD101376,2025-06-24,CUST1682,Erika Watson PhD,East ,Standing Desk,Office Supplies,177.5,1.0,0.0,Debit Card,In-Store
ORD105621,06-03-2025,CUST1120,Thomas Romero,west,Yoga Pants,Apparel,42.13,1.0,5.0,PayPal,In-Store
ORD103231,08/07/2024,CUST1314,Robert Jackson,NORTH,Toaster,Home & Kitchen,29.01,1.0,0.0,UPI,Online
ORD102405,16/11/2024,CUST1401,Laura Jones,north,Toaster,Home & Kitchen,54.61,1.0,0.0,Cash on Delivery,Mobile App
ORD101285,2024-03-30,CUST1432,Joseph Moody,East ,Coffee Maker,Home & Kitchen,103.72,1.0,0.0,PayPal,In-Store
ORD101622,2025-04-24,CUST1816,Jared Luna,south,Whiteboard,Office Supplies,251.87,2.0,5.0,Cash on Delivery,Mobile App
ORD105728,2024-05-23,CUST1551,Daniel Goodwin,East ,Camping Tent,Sports & Outdoors,228.02,2.0,5.0,Debit Card,In-Store
ORD105074,2024-03-21,CUST1457,Rhonda Gutierrez,East,Portable SSD 1TB,Electronics,164.28,1.0,0.0,Credit Card,Online
ORD104839,2025/02/12,CUST1616,Laura Benson,South,Webcam HD,Electronics,191.76,2.0,0.0,Credit Card,Mobile App
ORD101325,2025-05-05,CUST1488,Henry Garner,CENTRAL,Dumbbell Set,Sports & Outdoors,34.5,1.0,0.0,PayPal,Online
ORD101712,30/07/2025,CUST1278,David Lopez,east,Cotton T-Shirt,Apparel,103.43,3.0,20.0,PayPal,In-Store
ORD102797,2024-11-14,CUST1449,Kimberly Villanueva, South ,Cycling Helmet,Sports & Outdoors,16.89,1.0,0.0,PayPal,Mobile App
ORD103306,2024-03-18,CUST1767,Pamela Ruiz, West,Water Bottle,Sports & Outdoors,173.32,2.0,0.0,PayPal,Mobile App
ORD102361,2025-05-26,CUST1658,Amanda Miller,north,Smartwatch,Electronics,440.66,1.0,10.0,UPI,In-Store
ORD104065,2024-08-15,CUST1745,April Johnson,west,Notebook Pack,Office Supplies,229.01,3.0,5.0,Credit Card,Mobile App
ORD102885,08/07/2025,CUST1859,Derek Frazier,west,Cycling Helmet,Sports & Outdoors,233.38,1.0,0.0,Cash on Delivery,In-Store
ORD105603,2024/08/04,CUST1193,Rachel Holland,CENTRAL,Yoga Mat,Sports & Outdoors,150.11,2.0,0.0,Debit Card,In-Store
ORD105471,2025-07-07,CUST1100,Jennifer Jones,East,Electric Kettle,Home & Kitchen,21.09,2.0,5.0,Credit Card,Mobile App
ORD101454,2024-05-20,CUST1687,Kevin Hall,west,Portable SSD 1TB,Electronics,401.31,2.0,0.0,Cash on Delivery,Online
ORD105006,2024-09-22,CUST1350,Kathryn Cooper,central,Noise Cancelling Headphones,Electronics,125.31,1.0,5.0,Cash on Delivery,Mobile App
ORD102570,04-13-2024,CUST1235,Dr. Cynthia Snyder,north,27in Monitor,Electronics,292.36,3.0,0.0,Debit Card,In-Store
ORD100124,2025-03-25,CUST1253,Chloe Tran,West,Notebook Pack,Office Supplies,344.01,1.0,10.0,Cash on Delivery,Online
ORD102357,2024/04/14,CUST1634,Brett Martin, West,Notebook Pack,Office Supplies,345.87,1.0,0.0,Credit Card,In-Store
ORD104376,2025-03-17,CUST1869,Rebecca Martin,east,Dumbbell Set,Sports & Outdoors,43.96,1.0,0.0,Credit Card,In-Store
ORD104623,19/09/2025,CUST1229,Laura Moreno, West,Wool Sweater,Apparel,79.32,2.0,,Debit Card,Mobile App
ORD105477,2025-11-10,CUST1432,Joseph Moody,Central,Water Bottle,Sports & Outdoors,114.13,3.0,0.0,Debit Card,Online
ORD105792,2024-11-15,CUST1111,Pamela Thompson,west,Yoga Pants,Apparel,80.91,2.0,0.0,Cash on Delivery,In-Store
ORD102298,14/04/2024,CUST1200,James Martin, West,Running Shoes,Apparel,80.78,2.0,0.0,Debit Card,In-Store
ORD101516,2025-04-26,CUST1590,Christopher Nielsen,North,Smartwatch,Electronics,106.96,2.0,0.0,Cash on Delivery,In-Store
ORD101433,2024-02-26,CUST1197,Susan Davis DDS,Central,Running Shoes,Apparel,93.37,1.0,15.0,Debit Card,In-Store
ORD102819,03-07-2024,CUST1530,Richard Love,central,Portable SSD 1TB,Electronics,429.0,1.0,5.0,UPI,Online
ORD105211,2025/05/25,CUST1403,Jordan Williams,north,Dumbbell Set,Sports & Outdoors,189.74,1.0,10.0,Credit Card,Mobile App
ORD102266,2025-02-03,CUST1668,Edward Terry,west,Cycling Helmet,Sports & Outdoors,96.24,1.0,0.0,Cash on Delivery,Online
ORD100649,2024-10-31,CUST1426,Daniel Lopez,South,Desk Lamp,Office Supplies,71.05,1.0,15.0,UPI,Mobile App
ORD100293,08/11/2025,CUST1437,Carlos Love,North,Power Bank,Electronics,258.61,1.0,0.0,UPI,Online
ORD103004,2025-05-29,CUST1845,Greg Tanner, South ,Cotton T-Shirt,Apparel,85.96,1.0,10.0,Credit Card,Online
ORD100050,2024-07-05,CUST1138,Melissa Garner,NORTH,Noise Cancelling Headphones,Electronics,276.55,2.0,15.0,UPI,In-Store
ORD105943,2024/03/22,CUST1267,Justin Michael,Central,Mechanical Keyboard,Electronics,34.47,2.0,0.0,PayPal,In-Store
ORD105286,08/10/2025,CUST1219,Stacey Stewart,SOUTH,Non-stick Pan Set,Home & Kitchen,88.65,1.0,10.0,Cash on Delivery,In-Store
ORD103323,2025-03-23,CUST1834,Michelle Salazar,central,Cotton T-Shirt,Apparel,81.39,1.0,0.0,UPI,In-Store
ORD103858,17/03/2025,CUST1480,Jorge Bates, West,Mechanical Keyboard,Electronics,220.55,3.0,0.0,Credit Card,Mobile App
ORD104029,2025-10-09,CUST1777,Jean Lane,Central,Bluetooth Speaker,Electronics,315.93,2.0,0.0,Debit Card,Mobile App
ORD100034,2024-08-21,CUST1840,Leslie Nguyen,east,Dumbbell Set,Sports & Outdoors,76.06,3.0,10.0,Debit Card,In-Store
ORD103051,10/12/2025,CUST1333,Emily Rodriguez,west,Portable SSD 1TB,Electronics,183.75,3.0,20.0,UPI,Mobile App
ORD100884,08/05/2024,CUST1461,Beth Henderson,South,Non-stick Pan Set,Home & Kitchen,42.72,5.0,15.0,Cash on Delivery,Online
ORD105441,09/02/2024,CUST1056,Renee Mcdaniel,north,Noise Cancelling Headphones,Electronics,337.79,3.0,0.0,Credit Card,In-Store
ORD103679,2024-10-03,CUST1400,Patricia Johnson,North,Bluetooth Speaker,Electronics,244.88,1.0,0.0,PayPal,Online
ORD104735,2024-07-22,CUST1184,Jordan Bullock,SOUTH,Camping Tent,Sports & Outdoors,146.7,1.0,10.0,UPI,Online
ORD102821,2024-09-03,CUST1596,Kim Goodwin,West,Noise Cancelling Headphones,Electronics,134.56,1.0,15.0,Cash on Delivery,In-Store
ORD104184,2025-11-19,CUST1417,Christopher Owens,south,Yoga Pants,Apparel,28.47,3.0,0.0,Cash on Delivery,Mobile App
ORD104555,2024/02/27,CUST1598,Jessica Mays, West,Cycling Helmet,Sports & Outdoors,74.14,4.0,0.0,PayPal,Mobile App
ORD101452,2025-10-06,CUST1792,Thomas Curry,NORTH,Power Bank,Electronics,56.09,2.0,0.0,Cash on Delivery,In-Store
ORD104423,08-20-2025,CUST1865,Grant Lucas,central,Coffee Maker,Home & Kitchen,136.01,1.0,5.0,Cash on Delivery,In-Store
ORD103495,2024-01-19,CUST1303,Paul Wells,East ,Dumbbell Set,Sports & Outdoors,35.23,5.0,0.0,UPI,Mobile App
ORD105726,2025-07-12,CUST1081,Jacob Obrien,West,Camping Tent,Sports & Outdoors,147.33,1.0,10.0,Cash on Delivery,In-Store
ORD100866,06/08/2025,CUST1275,Jennifer Simpson DVM,Central,Cotton T-Shirt,Apparel,34.71,1.0,0.0,Cash on Delivery,In-Store
ORD103041,2025-09-16,CUST1543,Rebecca Horton, West,Power Bank,Electronics,421.84,2.0,10.0,Credit Card,Online
ORD103225,20/07/2025,CUST1123,Kimberly Gibson,SOUTH,Dumbbell Set,Sports & Outdoors,266.8,1.0,0.0,UPI,Mobile App
ORD104534,17/12/2025,CUST1806,Manuel Brown,North,Notebook Pack,Office Supplies,113.11,4.0,20.0,Credit Card,Online
ORD100868,25/01/2024,CUST1826,Matthew Smith,East ,Running Shoes,Apparel,49.79,4.0,10.0,UPI,In-Store
ORD105631,14/03/2025,CUST1029,Connor West,west,Electric Kettle,Home & Kitchen,150.39,2.0,10.0,Debit Card,Online
ORD105462,2025-10-30,CUST1014,Rebecca Henderson,CENTRAL,Desk Lamp,Office Supplies,246.2,1.0,0.0,Cash on Delivery,In-Store
ORD104897,01-16-2024,CUST1689,Susan Larson,East ,Portable SSD 1TB,Electronics,340.41,2.0,5.0,Debit Card,Online
ORD104585,01/09/2024,CUST1088,Samuel Rivas, North,Vacuum Cleaner,Home & Kitchen,78.63,4.0,0.0,Cash on Delivery,Mobile App
ORD104230,06/03/2024,CUST1447,Rachel Lane, North,Ergonomic Chair,Office Supplies,292.53,2.0,0.0,Cash on Delivery,Mobile App
ORD105336,24/09/2025,CUST1815,Gary Myers,west,Air Fryer,Home & Kitchen,57.88,1.0,10.0,PayPal,Online
ORD105868,01-14-2025,CUST1701,Robert Torres,central,Notebook Pack,Office Supplies,170.38,5.0,0.0,Debit Card,Mobile App
ORD103477,05-02-2024,CUST1838,Dominique Hamilton,CENTRAL,Vacuum Cleaner,Home & Kitchen,130.76,3.0,10.0,UPI,Mobile App
ORD101340,06-18-2024,CUST1585,Heather Parrish, West,Bluetooth Speaker,Electronics,313.46,4.0,0.0,PayPal,Online
ORD103906,2024-05-23,CUST1181,Brian Smith,west,Portable SSD 1TB,Electronics,249.33,1.0,10.0,PayPal,Mobile App
ORD104337,2024/04/22,CUST1035,Kim Brown,east,Webcam HD,Electronics,258.86,2.0,0.0,Debit Card,In-Store
ORD103214,13/08/2025,CUST1222,Kathleen Jimenez, West,Dumbbell Set,Sports & Outdoors,135.26,1.0,10.0,Debit Card,Mobile App
ORD105129,2024-11-29,CUST1027,Brent Jordan,north,Running Shoes,Apparel,71.68,3.0,0.0,Debit Card,Online
ORD100380,2024-09-06,CUST1853,Jennifer Clarke,East ,Desk Lamp,Office Supplies,239.58,1.0,0.0,Cash on Delivery,Mobile App
ORD100889,2025-03-30,CUST1557,Ronald Johns, West,Yoga Pants,Apparel,112.91,1.0,0.0,Credit Card,Mobile App
ORD102383,03/11/2024,CUST1195,Emily Douglas,NORTH,Noise Cancelling Headphones,Electronics,311.17,2.0,0.0,Cash on Delivery,Mobile App
ORD105113,2025-03-14,CUST1135,Brooke Alexander,East ,Yoga Mat,Sports & Outdoors,83.21,1.0,0.0,UPI,Online
ORD101110,12-28-2024,CUST1313,Kelly Sanchez,south,Webcam HD,Electronics,225.59,3.0,0.0,PayPal,In-Store
ORD100367,2025-07-16,CUST1871,Joshua Martin,North,27in Monitor,Electronics,287.18,1.0,10.0,Cash on Delivery,Online
ORD103295,2024-03-27,CUST1662,Kelly King,North,Wool Sweater,Apparel,68.05,1.0,0.0,PayPal,Online
ORD101473,2024-07-19,CUST1458,Joseph Camacho,central,Running Shoes,Apparel,52.48,1.0,0.0,Debit Card,Online
ORD105873,21/07/2024,CUST1807,Angelica Jacobs,North,Wool Sweater,Apparel,71.05,2.0,0.0,Cash on Delivery,Mobile App
ORD101826,02/03/2024,CUST1247,Kayla Rodriguez, South ,Yoga Pants,Apparel,90.67,1.0,10.0,PayPal,Mobile App
ORD103682,17/11/2024,CUST1023,Jessica Holmes, West,Yoga Mat,Sports & Outdoors,190.96,1.0,10.0,PayPal,Online
ORD103786,2025/06/22,CUST1863,Jason Fleming,North,Non-stick Pan Set,Home & Kitchen,61.03,5.0,5.0,Debit Card,Online
ORD103322,2025-03-08,CUST1141,Richard Johnson,SOUTH,Air Fryer,Home & Kitchen,112.9,1.0,10.0,UPI,In-Store
ORD100691,23/08/2025,CUST1019,Linda Burns,north,Portable SSD 1TB,Electronics,260.08,1.0,0.0,Debit Card,Mobile App
ORD101499,2025-03-01,CUST1092,Alan Phillips,North,Yoga Mat,Sports & Outdoors,192.55,2.0,0.0,Debit Card,Online
ORD101881,2025-03-15,CUST1383,Kelly Wallace,CENTRAL,Blender,Home & Kitchen,25.87,4.0,0.0,PayPal,Online
ORD104374,2025-10-21,CUST1774,Kyle Nguyen,Central,Coffee Maker,Home & Kitchen,154.86,1.0,5.0,Credit Card,In-Store
ORD104511,02/01/2024,CUST1481,Brian Brown,central,Wireless Mouse,Electronics,437.03,2.0,0.0,UPI,Online
ORD105563,09/05/2024,CUST1045,Michael Hoffman,South,Cotton T-Shirt,Apparel,87.04,5.0,15.0,Debit Card,Online
ORD103513,2025-03-31,CUST1578,Donna Marshall,Central,Non-stick Pan Set,Home & Kitchen,137.23,1.0,5.0,Credit Card,Mobile App
ORD100444,2025-08-19,CUST1271,David Garcia,south,Yoga Pants,Apparel,31.25,1.0,0.0,PayPal,In-Store
ORD100989,22/02/2024,CUST1867,Dwayne Bruce,East,Yoga Pants,Apparel,81.18,2.0,15.0,Cash on Delivery,Mobile App
ORD100008,02-09-2025,CUST1217,Carrie Maxwell,central,Coffee Maker,Home & Kitchen,62.2,4.0,5.0,UPI,Online
ORD101422,2024-08-09,CUST1244,Kathleen Burton,central,Running Shoes,Apparel,45.42,2.0,0.0,PayPal,Online
ORD101007,2024-05-14,CUST1751,Kristen Smith,north,Electric Kettle,Home & Kitchen,154.67,1.0,0.0,Credit Card,Mobile App
ORD100130,2024/08/31,CUST1373,Wendy Camacho,east,Power Bank,Electronics,368.84,1.0,5.0,Cash on Delivery,In-Store
ORD103622,2024-08-30,CUST1289,Jose Bryant,West,Camping Tent,Sports & Outdoors,232.57,5.0,0.0,PayPal,Mobile App
ORD103881,2025-09-16,CUST1516,Sheryl Acosta,East,Standing Desk,Office Supplies,63.41,4.0,10.0,Credit Card,In-Store
ORD100201,19/10/2025,CUST1781,Kevin Garrett,west,Electric Kettle,Home & Kitchen,119.86,2.0,10.0,UPI,Online
ORD105290,13/10/2025,CUST1485,Micheal Parks,south,Bluetooth Speaker,Electronics,342.17,3.0,0.0,PayPal,Mobile App
ORD105776,04-08-2025,CUST1074,Stephanie Freeman,West,Vacuum Cleaner,Home & Kitchen,208.12,1.0,10.0,Cash on Delivery,In-Store
ORD101073,08/08/2024,CUST1383,Kelly Wallace,South,Cycling Helmet,Sports & Outdoors,160.04,3.0,5.0,UPI,In-Store
ORD100742,2024-06-10,CUST1245,Melinda Evans,West,Camping Tent,Sports & Outdoors,213.17,1.0,15.0,Cash on Delivery,In-Store
ORD102158,2024-11-07,CUST1341,Ernest Oconnell, South ,Power Bank,Electronics,133.02,3.0,,,In-Store
ORD102639,15/10/2025,CUST1492,Mike Maxwell,Central,Coffee Maker,Home & Kitchen,125.25,5.0,0.0,Debit Card,Online
ORD101888,11-16-2024,CUST1149,David Medina,east,Mechanical Keyboard,Electronics,367.67,1.0,0.0,Debit Card,In-Store
ORD100992,21/02/2025,CUST1250,Kathleen Davis,CENTRAL,Noise Cancelling Headphones,Electronics,122.65,3.0,10.0,Debit Card,Mobile App
ORD102036,2024-02-10,CUST1785,Stephanie Dominguez,south,Ergonomic Chair,Office Supplies,241.53,2.0,15.0,PayPal,Mobile App
ORD104625,2025-01-22,CUST1551,Daniel Goodwin,central,Coffee Maker,Home & Kitchen,211.92,1.0,0.0,Debit Card,Online
ORD105574,03-22-2025,CUST1004,Gabrielle Davis,west,Webcam HD,Electronics,116.1,2.0,,UPI,In-Store
ORD100123,2024/06/03,CUST1619,Harry Nichols,west,Air Fryer,Home & Kitchen,109.95,3.0,0.0,UPI,Online
ORD105476,2024-03-06,CUST1471,Samantha Robertson,East ,Electric Kettle,Home & Kitchen,181.5,2.0,10.0,Debit Card,Online
ORD103853,2024-06-04,CUST1629,Derrick Mullen, North,Vacuum Cleaner,Home & Kitchen,36.72,1.0,0.0,Credit Card,Mobile App
ORD101374,08/07/2024,CUST1083,Michael Burton,north,Non-stick Pan Set,Home & Kitchen,101.2,1.0,0.0,Cash on Delivery,Mobile App
ORD104497,21/04/2025,CUST1218,Chad Baldwin,west,Notebook Pack,Office Supplies,11.64,1.0,10.0,Credit Card,Mobile App
ORD100828,2024-05-15,CUST1152,Michael Stephens,East ,Whiteboard,Office Supplies,71.6,5.0,0.0,PayPal,Online
ORD103398,2024/07/12,CUST1584,Jamie Gray,South,Wool Sweater,Apparel,93.97,2.0,20.0,Cash on Delivery,Online
ORD101796,22/10/2024,CUST1398,Mary Thompson,east,Water Bottle,Sports & Outdoors,138.6,1.0,0.0,PayPal,In-Store
ORD101175,01/01/2025,CUST1054,Victoria Johnson,CENTRAL,Smartwatch,Electronics,441.58,2.0,10.0,Credit Card,Mobile App
ORD103272,22/04/2025,CUST1494,Jeffrey Jordan,South,USB-C Hub,Electronics,360.81,1.0,15.0,Credit Card,Online
ORD102907,2025-05-22,CUST1553,Robert Wilson,north,Toaster,Home & Kitchen,95.94,1.0,0.0,Cash on Delivery,In-Store
ORD101977,2024-10-01,CUST1320,Manuel King,CENTRAL,Running Shoes,Apparel,77.54,1.0,0.0,UPI,Mobile App
ORD104836,2025-10-11,CUST1562,Preston Kim,North,Denim Jacket,Apparel,107.76,1.0,10.0,UPI,Mobile App
ORD102499,25/10/2025,CUST1211,Riley Bryant,South,Camping Tent,Sports & Outdoors,159.23,1.0,5.0,Credit Card,Mobile App
ORD101874,2025/07/06,CUST1829,Erica Oconnell,South,Air Fryer,Home & Kitchen,39.1,2.0,0.0,Cash on Delivery,Online
ORD104304,16/02/2025,CUST1712,Lori Perez,east,Rice Cooker,Home & Kitchen,142.52,2.0,0.0,UPI,Mobile App
ORD105935,2025/01/21,CUST1822,Kathryn Hanna,West,Coffee Maker,Home & Kitchen,125.16,2.0,0.0,UPI,Online
ORD101265,2024/01/02,CUST1240,Travis Stone,West,Portable SSD 1TB,Electronics,111.15,1.0,5.0,Credit Card,Mobile App
ORD100127,10/05/2024,CUST1658,Amanda Miller,NORTH,Noise Cancelling Headphones,Electronics,79.8,2.0,10.0,Cash on Delivery,Online
ORD101484,06-08-2025,CUST1898,Brenda Perez,North,Notebook Pack,Office Supplies,290.45,1.0,5.0,Credit Card,Online
ORD105828,07/06/2025,CUST1664,Lauren Vazquez, West,Ergonomic Chair,Office Supplies,128.44,1.0,10.0,Debit Card,Online
ORD105127,2025-01-08,CUST1874,Tammy Morgan,south,Desk Lamp,Office Supplies,106.42,4.0,0.0,Credit Card,Mobile App
ORD103532,2025-03-06,CUST1482,Stephanie Evans,East,Mechanical Keyboard,Electronics,115.16,1.0,10.0,Credit Card,Online
ORD102162,09-09-2024,CUST1161,Katherine Browning,east,Non-stick Pan Set,Home & Kitchen,132.54,1.0,0.0,Cash on Delivery,Online
ORD103248,2024-02-16,CUST1081,Jacob Obrien,north,Denim Jacket,Apparel,86.28,1.0,0.0,Credit Card,Mobile App
ORD103689,29/10/2024,CUST1541,Miss Brianna Brown,west,Noise Cancelling Headphones,Electronics,133.32,1.0,10.0,Cash on Delivery,In-Store
ORD103644,2024-11-28,CUST1293,Susan Bennett,central,Noise Cancelling Headphones,Electronics,191.14,1.0,0.0,Debit Card,Online
ORD103385,2024-01-14,CUST1243,Travis Wise,West,Notebook Pack,Office Supplies,21.39,2.0,5.0,Credit Card,In-Store
ORD102909,2024-03-25,CUST1861,Judith Miller,west,Blender,Home & Kitchen,99.23,1.0,0.0,PayPal,Online
ORD103994,2024-07-21,CUST1457,Rhonda Gutierrez,central,27in Monitor,Electronics,49.4,2.0,15.0,Credit Card,Mobile App
ORD102116,2024-02-18,CUST1037,Kevin Mills, West,Ergonomic Chair,Office Supplies,321.24,1.0,15.0,Debit Card,Online
ORD103082,27/12/2025,CUST1770,Bethany Garcia,NORTH,Whiteboard,Office Supplies,211.49,1.0,10.0,Cash on Delivery,Mobile App
ORD101543,2024-07-06,CUST1780,April Castro,south,Air Fryer,Home & Kitchen,117.0,2.0,0.0,Cash on Delivery,Mobile App
ORD103702,2025-07-04,CUST1576,Kevin Sullivan,North,Air Fryer,Home & Kitchen,84.33,1.0,0.0,UPI,Online
ORD105250,2025/04/25,CUST1424,Carl Stein,CENTRAL,Rice Cooker,Home & Kitchen,177.51,3.0,0.0,Cash on Delivery,In-Store
ORD101860,2024-08-24,CUST1265,Megan Dillon,SOUTH,Air Fryer,Home & Kitchen,201.57,2.0,0.0,Cash on Delivery,Online
ORD101048,2025-02-27,CUST1143,Terry Coffey, South ,Standing Desk,Office Supplies,115.57,1.0,5.0,Debit Card,In-Store
ORD101379,2025-08-11,CUST1283,Stephanie Padilla,north,Yoga Mat,Sports & Outdoors,222.6,2.0,,Debit Card,Mobile App
ORD101769,29/12/2024,CUST1563,Daniel Francis,Central,Cotton T-Shirt,Apparel,100.01,1.0,10.0,Debit Card,In-Store
ORD100885,2024/07/14,CUST1221,Jessica Ross,NORTH,27in Monitor,Electronics,203.57,-2.0,0.0,Cash on Delivery,Online
ORD103747,12/10/2024,CUST1306,Michael Morrison,West,Notebook Pack,Office Supplies,311.78,1.0,15.0,Cash on Delivery,In-Store
ORD105383,09/09/2025,CUST1489,Julie Wilson, North,Whiteboard,Office Supplies,249.07,3.0,0.0,UPI,In-Store
ORD101766,2025-09-19,CUST1602,Brian Simmons,east,Ergonomic Chair,Office Supplies,40.62,3.0,5.0,Cash on Delivery,Online
ORD104587,25/05/2025,CUST1897,Tracy Jackson,Central,Toaster,Home & Kitchen,93.34,3.0,0.0,Debit Card,Mobile App
ORD103766,2025-07-31,CUST1872,Theresa Reilly,south,Noise Cancelling Headphones,Electronics,162.11,1.0,10.0,Credit Card,Online
ORD100575,2024-01-03,CUST1229,Laura Moreno,east,Notebook Pack,Office Supplies,293.76,1.0,0.0,PayPal,Mobile App
ORD103378,09/09/2024,CUST1778,Susan Torres,north,Yoga Pants,Apparel,80.61,3.0,10.0,UPI,Mobile App
ORD104388,2024/04/28,CUST1078,Trevor Fisher,East,Toaster,Home & Kitchen,59.23,1.0,0.0,UPI,In-Store
ORD104492,07/11/2024,CUST1399,Gregory Holmes PhD,SOUTH,Toaster,Home & Kitchen,169.07,1.0,0.0,Cash on Delivery,Online
ORD105154,09-11-2024,CUST1400,Patricia Johnson,west,Webcam HD,Electronics,246.45,2.0,0.0,PayPal,In-Store
ORD102942,20/08/2025,CUST1394,Lori Mason,west,Cotton T-Shirt,Apparel,92.21,2.0,5.0,UPI,Mobile App
ORD104017,2025-01-07,CUST1589,Andrew Berry,south,Desk Lamp,Office Supplies,143.87,1.0,10.0,UPI,In-Store
ORD101368,2025/01/23,CUST1712,Lori Perez,Central,Mechanical Keyboard,Electronics,48.34,1.0,0.0,PayPal,In-Store
ORD101349,05-13-2025,CUST1256,Andrew Reeves,Central,Power Bank,Electronics,393.96,1.0,0.0,PayPal,Online
ORD103856,2025-10-26,CUST1063,Angel Riggs,south,Cycling Helmet,Sports & Outdoors,32.25,4.0,15.0,PayPal,Online
ORD102437,2025-10-08,CUST1031,Tammy Allison,south,Toaster,Home & Kitchen,187.13,2.0,0.0,Cash on Delivery,Mobile App
ORD105490,09-03-2025,CUST1277,Todd Rosales MD, South ,Dumbbell Set,Sports & Outdoors,108.52,1.0,5.0,UPI,Mobile App
ORD102430,2024-12-30,CUST1340,Erin Cook,North,Mechanical Keyboard,Electronics,150.68,1.0,15.0,Credit Card,Online
ORD100392,2025-09-06,CUST1843,James Ellis,North,Running Shoes,Apparel,31.88,5.0,0.0,Credit Card,In-Store
ORD105443,07/01/2025,CUST1764,Michael Vance,South,Wireless Mouse,Electronics,402.7,2.0,0.0,PayPal,Mobile App
ORD103688,2024-02-20,CUST1531,Leah Barton,east,Cotton T-Shirt,Apparel,97.26,1.0,0.0,PayPal,Online
ORD105749,2025-01-05,CUST1573,Brandy Quinn,East,Noise Cancelling Headphones,Electronics,143.05,5.0,20.0,Credit Card,In-Store
ORD105648,2024-09-23,CUST1068,Paul Larsen,North,Non-stick Pan Set,Home & Kitchen,200.45,1.0,0.0,Cash on Delivery,Online
ORD104599,2025/06/18,CUST1791,Jose Harrison,east,Power Bank,Electronics,94.95,2.0,0.0,Cash on Delivery,In-Store
ORD100990,2025-01-05,CUST1248,Anthony Dougherty,central,Vacuum Cleaner,Home & Kitchen,59.0,2.0,10.0,PayPal,Mobile App
ORD105875,2024-11-26,CUST1705,Mary Lin,west,Non-stick Pan Set,Home & Kitchen,77.12,1.0,0.0,Debit Card,In-Store
ORD104783,15/02/2025,CUST1397,Brandon Hamilton,West,Desk Lamp,Office Supplies,33.98,1.0,5.0,PayPal,In-Store
ORD102755,2025-04-08,CUST1665,Mr. George Booker DDS,East,Cotton T-Shirt,Apparel,65.44,1.0,0.0,Credit Card,Online
ORD102171,2024/05/05,CUST1212,Jose Allen, West,Yoga Mat,Sports & Outdoors,172.11,1.0,0.0,UPI,Online
ORD105429,2024-07-31,CUST1877,Tina Daugherty,East ,Portable SSD 1TB,Electronics,153.35,5.0,0.0,PayPal,Online
ORD103640,2024-10-13,CUST1125,Matthew Hoover,Central,Dumbbell Set,Sports & Outdoors,171.25,5.0,0.0,Debit Card,In-Store
ORD104263,2024-05-01,CUST1514,Michael Brown,East,Yoga Pants,Apparel,109.46,1.0,0.0,Credit Card,Online
ORD101203,31/08/2024,CUST1460,Lisa Martinez,SOUTH,Desk Lamp,Office Supplies,328.65,2.0,15.0,Cash on Delivery,In-Store
ORD102521,06/11/2024,CUST1879,Dustin Bell,East ,Water Bottle,Sports & Outdoors,45.5,1.0,0.0,UPI,Mobile App
ORD101023,2025-04-29,CUST1412,,south,Denim Jacket,Apparel,105.81,1.0,,,Online
ORD102863,06-07-2025,CUST1153,Samantha Davis,West,Electric Kettle,Home & Kitchen,120.67,1.0,0.0,Cash on Delivery,Mobile App
ORD100880,2024-10-07,CUST1085,Matthew Smith,south,Wireless Mouse,Electronics,429.87,2.0,0.0,PayPal,Mobile App
ORD104066,19/10/2025,CUST1370,Heather Page,South,Portable SSD 1TB,Electronics,89.15,2.0,5.0,PayPal,Mobile App
ORD100283,06-22-2025,CUST1792,Thomas Curry,West,Bluetooth Speaker,Electronics,50.31,1.0,0.0,Credit Card,In-Store
ORD105840,06-03-2025,CUST1494,Jeffrey Jordan, North,USB-C Hub,Electronics,142.84,2.0,5.0,PayPal,In-Store
ORD100423,2024-10-15,CUST1190,Larry Mason,North,Wool Sweater,Apparel,34.72,1.0,20.0,UPI,Mobile App
ORD101951,11/06/2024,CUST1004,Gabrielle Davis,West,Power Bank,Electronics,205.93,1.0,5.0,Cash on Delivery,In-Store
ORD102488,2024-09-02,CUST1809,Tammy Hill,south,Yoga Pants,Apparel,59.54,1.0,0.0,PayPal,Mobile App
ORD101549,2024-01-12,CUST1519,Danielle Reed,SOUTH,Water Bottle,Sports & Outdoors,162.32,2.0,0.0,Credit Card,Online
ORD103350,2025/11/02,CUST1727,Louis Brown,Central,Yoga Pants,Apparel,50.16,4.0,0.0,Cash on Delivery,Online
ORD105038,13/08/2025,CUST1474,Madison Martinez, West,Water Bottle,Sports & Outdoors,13.83,2.0,0.0,Credit Card,In-Store
ORD101680,2024/06/10,CUST1253,Chloe Tran,south,Vacuum Cleaner,Home & Kitchen,30.53,2.0,10.0,Credit Card,In-Store
ORD103742,02-20-2024,CUST1621,Travis Vega,east,Notebook Pack,Office Supplies,280.87,5.0,0.0,PayPal,Mobile App
ORD103607,2024-07-06,CUST1012,Kimberly Burgess,west,Notebook Pack,Office Supplies,207.13,1.0,0.0,UPI,In-Store
ORD104924,04-16-2024,CUST1633,Dr. Samuel Holmes DDS, North,27in Monitor,Electronics,86.53,1.0,5.0,UPI,In-Store
ORD105672,2025-06-02,CUST1676,Steve Miller PhD, West,Cotton T-Shirt,Apparel,56.38,1.0,0.0,PayPal,Mobile App
ORD105356,2024-11-27,CUST1044,Sandra Williams, South ,Toaster,Home & Kitchen,83.91,3.0,10.0,Cash on Delivery,Mobile App
ORD100002,2025-03-05,CUST1665,Mr. George Booker DDS,East ,27in Monitor,Electronics,123.88,2.0,10.0,Cash on Delivery,In-Store
ORD103657,2025-12-06,CUST1126,Evelyn Garcia,west,27in Monitor,Electronics,245.62,1.0,0.0,Credit Card,In-Store
ORD104653,2024/07/10,CUST1470,Jeremy Mcintyre, South ,Cycling Helmet,Sports & Outdoors,283.8,3.0,,,Mobile App
ORD104612,16/05/2025,CUST1001,Angie Henderson,west,Yoga Pants,Apparel,97.71,1.0,5.0,Credit Card,Online
ORD101692,2024-10-21,CUST1622,Derek Perez,CENTRAL,Wool Sweater,Apparel,38.82,2.0,0.0,UPI,Mobile App
ORD103901,2024-07-22,CUST1137,Ian Phillips,NORTH,Vacuum Cleaner,Home & Kitchen,72.21,3.0,10.0,UPI,In-Store
ORD100612,08/03/2025,CUST1573,Brandy Quinn,SOUTH,27in Monitor,Electronics,36.77,3.0,20.0,Credit Card,Online
ORD100013,2025-05-15,CUST1000,Allison Hill, West,Bluetooth Speaker,Electronics,349.07,2.0,5.0,PayPal,In-Store
ORD102783,2024-06-04,CUST1211,Riley Bryant, West,Denim Jacket,Apparel,48.7,5.0,0.0,UPI,Mobile App
ORD102186,2025-12-14,CUST1139,Crystal Pham,west,USB-C Hub,Electronics,382.16,1.0,15.0,Cash on Delivery,Online
ORD105335,29/01/2025,CUST1055,William Wilson,East ,Denim Jacket,Apparel,84.26,1.0,,,In-Store
ORD100184,12-01-2024,CUST1549,Michael Fox,East ,Coffee Maker,Home & Kitchen,32.35,2.0,0.0,UPI,Online
ORD102769,2024-03-25,CUST1576,Kevin Sullivan,West,Water Bottle,Sports & Outdoors,270.21,1.0,10.0,PayPal,Mobile App
ORD103042,2025-04-29,CUST1537,Miguel Parks,CENTRAL,Coffee Maker,Home & Kitchen,104.88,2.0,0.0,Cash on Delivery,Online
ORD101219,2025/04/04,CUST1717,Elizabeth Reese,north,Air Fryer,Home & Kitchen,117.92,4.0,0.0,PayPal,Online
ORD100425,09-13-2024,CUST1185,Craig Morrison,NORTH,USB-C Hub,Electronics,48.82,3.0,0.0,Credit Card,Online
ORD105457,2024-09-13,CUST1844,Andrew Carroll,East,Noise Cancelling Headphones,Electronics,321.66,2.0,10.0,UPI,In-Store
ORD101527,06-11-2024,CUST1350,Kathryn Cooper,West,Blender,Home & Kitchen,45.3,1.0,0.0,Credit Card,Online
ORD101752,03/06/2025,CUST1699,Jessica Glass,CENTRAL,Portable SSD 1TB,Electronics,33.84,1.0,0.0,Credit Card,Mobile App
ORD102988,05/04/2024,CUST1328,Jasmine Mosley, West,Portable SSD 1TB,Electronics,62.74,4.0,,,In-Store
ORD100199,2024/11/23,CUST1480,Jorge Bates,East ,Vacuum Cleaner,Home & Kitchen,91.93,4.0,10.0,PayPal,In-Store
ORD100465,07-07-2024,CUST1729,Kevin Marquez,NORTH,Cotton T-Shirt,Apparel,23.34,3.0,5.0,UPI,In-Store
ORD103593,2024-11-14,CUST1675,Dawn Diaz,west,Dumbbell Set,Sports & Outdoors,204.99,1.0,5.0,PayPal,Online
ORD104832,2025-01-18,CUST1395,Kimberly Hernandez,west,Blender,Home & Kitchen,56.8,1.0,20.0,Cash on Delivery,In-Store
ORD105332,07-20-2024,CUST1101,David Grant, West,Camping Tent,Sports & Outdoors,29.1,2.0,0.0,UPI,Online
ORD101371,2025/07/08,CUST1861,Judith Miller, North,27in Monitor,Electronics,272.45,1.0,10.0,Credit Card,Mobile App
ORD105141,2025-10-14,CUST1073,Sarah Ashley,central,Power Bank,Electronics,236.93,1.0,5.0,PayPal,Online
ORD103097,2025-06-29,CUST1027,Brent Jordan,South,Notebook Pack,Office Supplies,275.7,2.0,0.0,Credit Card,Online
ORD105815,16/05/2024,CUST1543,Rebecca Horton,south,Standing Desk,Office Supplies,227.58,1.0,5.0,Cash on Delivery,In-Store
ORD100813,2024/03/30,CUST1312,Alexis Tran,Central,Noise Cancelling Headphones,Electronics,246.25,2.0,5.0,UPI,In-Store
ORD100562,17/12/2024,CUST1343,Catherine Saunders MD,CENTRAL,Wireless Mouse,Electronics,395.51,1.0,0.0,PayPal,In-Store
ORD104819,07-16-2024,CUST1531,Leah Barton,central,Air Fryer,Home & Kitchen,154.35,1.0,20.0,Debit Card,Online
ORD104274,11/11/2024,CUST1762,Tony Brock,west,Yoga Mat,Sports & Outdoors,115.34,1.0,0.0,Cash on Delivery,Mobile App
ORD100362,02/02/2025,CUST1443,Keith Zuniga,east,27in Monitor,Electronics,412.17,1.0,0.0,Cash on Delivery,Online
ORD100521,2025-10-14,CUST1099,John Peterson,East,Portable SSD 1TB,Electronics,187.35,1.0,15.0,UPI,Mobile App
ORD104977,04/11/2024,CUST1895,Rebecca Hansen, South ,Toaster,Home & Kitchen,83.11,1.0,0.0,UPI,Mobile App
ORD103662,2025-04-09,CUST1471,Samantha Robertson,north,Electric Kettle,Home & Kitchen,99.08,2.0,5.0,Cash on Delivery,Mobile App
ORD105771,2025-01-02,CUST1228,Amanda Hernandez,south,Denim Jacket,Apparel,57.02,2.0,0.0,Cash on Delivery,In-Store
ORD101589,2025-02-09,CUST1527,Brent Hopkins,North,Water Bottle,Sports & Outdoors,256.16,4.0,0.0,Cash on Delivery,In-Store
ORD104870,2025-05-07,CUST1706,James Bray, West,Camping Tent,Sports & Outdoors,105.63,2.0,0.0,Debit Card,Mobile App
ORD105204,2025-08-01,CUST1423,Angela Willis, South ,Notebook Pack,Office Supplies,44.46,2.0,0.0,PayPal,Mobile App
ORD100911,2025-02-16,CUST1472,Samuel Suarez,Central,Air Fryer,Home & Kitchen,77.01,2.0,0.0,Cash on Delivery,Mobile App
ORD104946,2024-01-24,CUST1171,Christopher Park,North,USB-C Hub,Electronics,233.21,3.0,0.0,Debit Card,Online
ORD101868,15/04/2025,CUST1791,Jose Harrison,East ,Denim Jacket,Apparel,113.05,2.0,5.0,Cash on Delivery,Online
ORD100697,10/01/2024,CUST1623,Blake Sosa,West,Non-stick Pan Set,Home & Kitchen,23.17,2.0,,UPI,Mobile App
ORD101558,2025-06-23,CUST1404,Cassidy Horne, North,Electric Kettle,Home & Kitchen,142.82,4.0,0.0,Cash on Delivery,Online
ORD104578,10/03/2025,CUST1328,Jasmine Mosley,north,Wool Sweater,Apparel,59.42,1.0,0.0,PayPal,Online
ORD103652,2025/05/09,CUST1033,Michael Cross, South ,Yoga Pants,Apparel,52.64,2.0,5.0,Debit Card,Mobile App
ORD101681,2025-04-13,CUST1225,,east,Notebook Pack,Office Supplies,82.59,3.0,,,Online
ORD102225,01/07/2025,CUST1642,David Manning,CENTRAL,Standing Desk,Office Supplies,56.48,1.0,0.0,PayPal,In-Store
ORD100703,15/09/2024,CUST1694,George Alvarez,CENTRAL,Notebook Pack,Office Supplies,75.23,2.0,0.0,UPI,Online
ORD103440,2025-02-15,CUST1481,Brian Brown, South ,Air Fryer,Home & Kitchen,152.66,3.0,0.0,Cash on Delivery,Online
ORD103093,09/08/2024,CUST1845,Greg Tanner,Central,Desk Lamp,Office Supplies,305.25,5.0,5.0,Cash on Delivery,Online
ORD103417,02-01-2024,CUST1354,Christopher Moore,North,Blender,Home & Kitchen,143.31,1.0,5.0,UPI,In-Store
ORD103255,2024-03-18,CUST1182,Anita Richard,south,Noise Cancelling Headphones,Electronics,308.08,1.0,0.0,Debit Card,Mobile App
ORD102016,2025-12-28,CUST1569,Danielle Gonzalez,east,Denim Jacket,Apparel,48.66,2.0,0.0,Cash on Delivery,Online
ORD105410,2025-12-12,CUST1535,Denise Stuart,east,Desk Lamp,Office Supplies,80.09,3.0,0.0,Cash on Delivery,In-Store
ORD103553,2024/11/06,CUST1585,,South,Bluetooth Speaker,Electronics,258.97,1.0,,,In-Store
ORD104006,04-07-2025,CUST1403,Jordan Williams,west,Yoga Pants,Apparel,37.63,3.0,20.0,UPI,Mobile App
ORD101812,2025-12-22,CUST1348,Matthew Williams,CENTRAL,Air Fryer,Home & Kitchen,126.26,1.0,0.0,Cash on Delivery,In-Store
ORD101579,2024/01/14,CUST1454,Bradley Anthony, North,Yoga Pants,Apparel,28.42,4.0,15.0,PayPal,In-Store
ORD101746,2025-09-20,CUST1826,Matthew Smith,west,Air Fryer,Home & Kitchen,67.14,1.0,15.0,Credit Card,In-Store
ORD103795,2025-02-28,CUST1432,Joseph Moody,East,Mechanical Keyboard,Electronics,117.03,2.0,10.0,PayPal,Mobile App
ORD105221,14/06/2025,CUST1289,Jose Bryant,NORTH,Rice Cooker,Home & Kitchen,99.68,2.0,20.0,PayPal,Online
ORD100934,2025-08-16,CUST1316,Ryan Hall, South ,Bluetooth Speaker,Electronics,402.4,1.0,0.0,PayPal,Mobile App
ORD103771,2025-05-28,CUST1163,Larry Garcia,SOUTH,Air Fryer,Home & Kitchen,128.39,1.0,0.0,Credit Card,In-Store
ORD101986,2024-08-11,CUST1519,Danielle Reed,East ,Running Shoes,Apparel,79.5,3.0,0.0,PayPal,Mobile App
ORD101999,2025/09/05,CUST1117,Michael Martinez,Central,Yoga Pants,Apparel,24.78,1.0,0.0,UPI,Mobile App
ORD103028,08-17-2024,CUST1565,Andrew Armstrong,north,Notebook Pack,Office Supplies,159.88,1.0,15.0,Cash on Delivery,Mobile App
ORD105552,11/10/2025,CUST1832,Adam Howe,north,Noise Cancelling Headphones,Electronics,274.82,1.0,15.0,PayPal,In-Store
ORD103690,2024-10-15,CUST1619,Harry Nichols,CENTRAL,Non-stick Pan Set,Home & Kitchen,101.26,1.0,0.0,Debit Card,In-Store
ORD101117,2025/01/04,CUST1756,Brittany Peterson, West,Denim Jacket,Apparel,96.07,1.0,0.0,UPI,Mobile App
ORD104086,19/06/2024,CUST1609,Linda Bautista, West,Yoga Mat,Sports & Outdoors,201.22,1.0,10.0,Credit Card,In-Store
ORD100654,05/04/2025,CUST1496,Michael Sims,NORTH,Noise Cancelling Headphones,Electronics,34.27,1.0,0.0,Debit Card,In-Store
ORD103038,2025-06-02,CUST1137,Ian Phillips,west,Desk Lamp,Office Supplies,276.86,1.0,5.0,Credit Card,Online
ORD105188,31/10/2024,CUST1415,Samuel Howe,West,Water Bottle,Sports & Outdoors,267.98,1.0,0.0,Credit Card,Mobile App
ORD101326,11/08/2024,CUST1061,Steven Flynn, North,Smartwatch,Electronics,95.53,5.0,0.0,PayPal,Online
ORD102932,2025-02-07,CUST1884,Ronnie Roberts,North,Mechanical Keyboard,Electronics,136.16,2.0,10.0,UPI,In-Store
ORD103241,2025-02-09,CUST1387,Tamara Jensen,North,Vacuum Cleaner,Home & Kitchen,139.9,2.0,15.0,Cash on Delivery,In-Store
ORD100056,2025/03/19,CUST1842,Kevin Brown,NORTH,Non-stick Pan Set,Home & Kitchen,33.79,2.0,0.0,UPI,Mobile App
ORD105770,2025-11-24,CUST1627,Joyce Martinez,west,Portable SSD 1TB,Electronics,439.79,1.0,10.0,UPI,Online
ORD105959,2025-04-07,CUST1742,Lisa Rodriguez,north,Ergonomic Chair,Office Supplies,32.69,2.0,0.0,Credit Card,In-Store
ORD105528,2024-12-18,CUST1660,Ray Ramos, North,Denim Jacket,Apparel,62.4,2.0,15.0,UPI,Online
ORD105518,2025-12-24,CUST1506,Valerie Howard,SOUTH,Noise Cancelling Headphones,Electronics,361.32,1.0,0.0,PayPal,Mobile App
ORD105913,2025/04/23,CUST1549,Michael Fox,SOUTH,Yoga Pants,Apparel,30.11,2.0,0.0,Cash on Delivery,In-Store
ORD101036,2024/06/19,CUST1619,Harry Nichols,South,Desk Lamp,Office Supplies,130.7,3.0,10.0,PayPal,Mobile App
ORD101920,05-31-2024,CUST1540,James Brown, West,Power Bank,Electronics,98.42,1.0,0.0,Debit Card,Mobile App
ORD100528,28/03/2025,CUST1658,Amanda Miller,East ,Rice Cooker,Home & Kitchen,41.69,2.0,0.0,Credit Card,Online
ORD100752,2024-08-13,CUST1398,Mary Thompson,West,Bluetooth Speaker,Electronics,162.43,1.0,0.0,PayPal,Mobile App
ORD102256,2025-03-22,CUST1495,Curtis Watson,south,Portable SSD 1TB,Electronics,360.88,2.0,10.0,PayPal,Mobile App
ORD105042,2025-04-12,CUST1502,Alicia Norris,central,Whiteboard,Office Supplies,112.67,1.0,10.0,UPI,In-Store
ORD100287,03-31-2024,CUST1171,Christopher Park, South ,Camping Tent,Sports & Outdoors,107.38,1.0,5.0,PayPal,In-Store
ORD101312,08-12-2024,CUST1490,Steve Mason,central,Webcam HD,Electronics,173.0,1.0,0.0,Cash on Delivery,Mobile App
ORD103480,14/06/2025,CUST1349,Brett Walker,south,Ergonomic Chair,Office Supplies,246.26,4.0,20.0,UPI,Mobile App
ORD105180,09/03/2024,CUST1892,Carol Morris,SOUTH,Ergonomic Chair,Office Supplies,278.75,2.0,0.0,UPI,Mobile App
ORD100368,2025-11-02,CUST1365,Jill Jackson,east,Mechanical Keyboard,Electronics,131.54,1.0,0.0,PayPal,Mobile App
ORD104798,2024-01-17,CUST1580,Travis Hopkins, West,Noise Cancelling Headphones,Electronics,171.5,1.0,5.0,PayPal,Online
ORD100478,2025-07-29,CUST1609,Linda Bautista, West,USB-C Hub,Electronics,93.57,1.0,5.0,UPI,Mobile App
ORD104917,04/11/2024,CUST1812,Matthew Rodriguez,east,Camping Tent,Sports & Outdoors,280.88,1.0,20.0,Credit Card,In-Store
ORD103634,2025-03-26,CUST1312,Alexis Tran, South ,USB-C Hub,Electronics,149.42,3.0,20.0,Debit Card,In-Store
ORD105635,2025-05-29,CUST1697,Thomas Davis,East,Running Shoes,Apparel,28.38,2.0,0.0,Credit Card,In-Store
ORD101287,2024-08-25,CUST1118,,NORTH,Wool Sweater,Apparel,22.02,3.0,,,Online
ORD105566,2024-12-19,CUST1764,Michael Vance,central,Smartwatch,Electronics,357.53,2.0,20.0,Cash on Delivery,Online
ORD103739,09/07/2025,CUST1277,Todd Rosales MD,South,Wool Sweater,Apparel,20.57,4.0,0.0,PayPal,In-Store
ORD105495,2025-12-20,CUST1152,Michael Stephens,SOUTH,Electric Kettle,Home & Kitchen,77.76,2.0,0.0,PayPal,In-Store
ORD104192,2025-07-29,CUST1590,Christopher Nielsen,central,Denim Jacket,Apparel,35.05,3.0,0.0,Debit Card,In-Store
ORD100617,01/05/2025,CUST1324,Shannon Davis,West,Power Bank,Electronics,48.77,2.0,0.0,PayPal,Online
ORD103820,19/12/2024,CUST1607,Samantha Ruiz,south,Cotton T-Shirt,Apparel,82.55,1.0,10.0,Cash on Delivery,In-Store
ORD105718,15/12/2025,CUST1814,Jonathan Delgado,north,Non-stick Pan Set,Home & Kitchen,108.24,2.0,0.0,Credit Card,Mobile App
ORD103425,09-08-2024,CUST1569,Danielle Gonzalez,central,Wireless Mouse,Electronics,247.16,2.0,,,Mobile App
ORD102904,05-20-2025,CUST1147,Terri Murphy,East ,Dumbbell Set,Sports & Outdoors,73.4,2.0,0.0,Debit Card,In-Store
ORD101858,2024-04-03,CUST1549,Michael Fox,west,Wireless Mouse,Electronics,80.85,1.0,5.0,UPI,Mobile App
ORD104975,05-29-2025,CUST1558,Allison Love,South,Portable SSD 1TB,Electronics,221.93,1.0,,,Online
ORD104232,2025-11-16,CUST1030,Angela Morton,SOUTH,Electric Kettle,Home & Kitchen,32.03,1.0,0.0,Credit Card,Mobile App
ORD103610,09-20-2025,CUST1330,Jennifer Ayala,South,Toaster,Home & Kitchen,45.07,1.0,15.0,UPI,Mobile App
ORD102703,2025-12-03,CUST1564,Traci Camacho,South,Rice Cooker,Home & Kitchen,198.81,4.0,5.0,Debit Card,Mobile App
ORD103509,2025-09-25,CUST1645,Mark Anderson,central,Cotton T-Shirt,Apparel,93.57,1.0,0.0,Debit Card,In-Store
ORD105989,11-15-2025,CUST1300,Victoria Boyd,central,Yoga Mat,Sports & Outdoors,294.47,1.0,10.0,UPI,In-Store
ORD100072,2025-08-22,CUST1284,Tyler Mendoza,NORTH,Water Bottle,Sports & Outdoors,177.96,3.0,0.0,UPI,Online
ORD100771,2025-12-14,CUST1001,Angie Henderson,NORTH,Noise Cancelling Headphones,Electronics,322.08,1.0,0.0,UPI,Mobile App
ORD105390,2024-01-08,CUST1475,Seth Matthews,east,Blender,Home & Kitchen,120.47,2.0,10.0,Cash on Delivery,In-Store
ORD101654,2024-04-06,CUST1171,Christopher Park,east,Power Bank,Electronics,399.31,2.0,10.0,Cash on Delivery,Online
ORD102958,15/02/2024,CUST1501,Martin Wise,East,Rice Cooker,Home & Kitchen,21.8,4.0,5.0,UPI,Mobile App
ORD102202,2024/05/10,CUST1536,Stacey Hunt,NORTH,Bluetooth Speaker,Electronics,431.51,2.0,0.0,Credit Card,Online
ORD104177,2024-08-10,CUST1379,Pamela Williams, North,Vacuum Cleaner,Home & Kitchen,157.01,1.0,10.0,Cash on Delivery,Mobile App
ORD101937,2024/11/01,CUST1356,Jeffrey Smith,Central,Mechanical Keyboard,Electronics,93.03,2.0,5.0,Cash on Delivery,In-Store
ORD105059,2024-06-01,CUST1004,Gabrielle Davis,West,Standing Desk,Office Supplies,222.79,1.0,5.0,Debit Card,Online
ORD102584,2025-08-28,CUST1642,David Manning, North,Non-stick Pan Set,Home & Kitchen,206.52,4.0,0.0,UPI,Mobile App
ORD104943,07-27-2025,CUST1052,Matthew Ross,East ,Electric Kettle,Home & Kitchen,21.16,3.0,15.0,Cash on Delivery,Online
ORD104845,2025-03-17,CUST1162,Donald Schultz,north,Non-stick Pan Set,Home & Kitchen,35.46,1.0,20.0,Debit Card,In-Store
ORD101222,11-22-2024,CUST1824,Judy Gregory,Central,Webcam HD,Electronics,138.34,4.0,5.0,Credit Card,Online
ORD101749,2024-05-27,CUST1877,Tina Daugherty, North,Standing Desk,Office Supplies,84.91,1.0,0.0,Debit Card,In-Store
ORD100595,2025-04-10,CUST1523,Jillian Wilson,central,Noise Cancelling Headphones,Electronics,176.34,2.0,0.0,PayPal,In-Store
ORD104631,2024/06/10,CUST1043,Michelle Harris,west,Camping Tent,Sports & Outdoors,74.56,1.0,5.0,Debit Card,In-Store
ORD100290,2025-01-19,CUST1350,Kathryn Cooper,Central,Air Fryer,Home & Kitchen,78.98,1.0,0.0,Credit Card,Mobile App
ORD104741,28/11/2024,CUST1217,Carrie Maxwell,north,Mechanical Keyboard,Electronics,342.43,1.0,0.0,PayPal,Mobile App
ORD103818,26/06/2025,CUST1167,Kristina Santiago,west,Denim Jacket,Apparel,21.23,2.0,20.0,Debit Card,Online
ORD100172,2024-05-29,CUST1838,Dominique Hamilton,east,Vacuum Cleaner,Home & Kitchen,77.56,2.0,0.0,PayPal,Mobile App
ORD102774,10-18-2024,CUST1804,Megan Kaiser,West,Notebook Pack,Office Supplies,242.29,1.0,0.0,PayPal,Online
ORD100903,2025/02/13,CUST1446,Stacey Snyder,SOUTH,Coffee Maker,Home & Kitchen,89.71,2.0,0.0,PayPal,Online
ORD102429,2025-06-11,CUST1104,Brad Allen,CENTRAL,Electric Kettle,Home & Kitchen,215.61,3.0,0.0,UPI,Online
ORD103081,2024-12-20,CUST1283,Stephanie Padilla,central,Camping Tent,Sports & Outdoors,93.69,1.0,0.0,Credit Card,In-Store
ORD104887,2024-09-08,CUST1377,Heather Brown,west,Bluetooth Speaker,Electronics,252.25,2.0,0.0,PayPal,Mobile App
ORD105475,30/10/2024,CUST1838,Dominique Hamilton,CENTRAL,Yoga Mat,Sports & Outdoors,237.21,1.0,0.0,UPI,Online
ORD101445,2024/12/18,CUST1847,Cindy Wells,west,Yoga Pants,Apparel,29.54,4.0,0.0,Credit Card,Online
ORD100633,2024-05-25,CUST1727,Louis Brown, North,Portable SSD 1TB,Electronics,420.39,4.0,0.0,PayPal,Online
ORD100142,2025-07-10,CUST1527,Brent Hopkins, South ,Wireless Mouse,Electronics,361.22,4.0,0.0,Credit Card,Mobile App
ORD103830,2025/05/22,CUST1327,Michelle Sanders,North,Running Shoes,Apparel,34.16,1.0,0.0,Cash on Delivery,Mobile App
ORD101236,2024-05-24,CUST1488,Henry Garner,CENTRAL,Yoga Mat,Sports & Outdoors,113.77,1.0,5.0,UPI,Online
ORD100239,07-30-2024,CUST1169,John Boone,west,Power Bank,Electronics,317.88,3.0,5.0,Credit Card,Mobile App
ORD102966,2025-02-13,CUST1366,Joshua Jackson,north,Wireless Mouse,Electronics,432.74,3.0,10.0,Credit Card,Online
ORD100666,2024-06-24,CUST1349,Brett Walker,central,Toaster,Home & Kitchen,173.84,1.0,0.0,PayPal,Mobile App
ORD101800,04/07/2024,CUST1567,Clinton Jensen,west,Denim Jacket,Apparel,79.84,2.0,0.0,PayPal,Online
ORD102651,2025-12-28,CUST1466,Kara Jackson,NORTH,Coffee Maker,Home & Kitchen,34.7,1.0,0.0,Debit Card,In-Store
ORD100931,2025-12-03,CUST1495,Curtis Watson,CENTRAL,Yoga Pants,Apparel,96.33,3.0,0.0,Credit Card,Online
ORD102372,2024/10/27,CUST1672,Michael Cannon,NORTH,Toaster,Home & Kitchen,110.56,1.0,0.0,Debit Card,In-Store
ORD101644,2025-04-15,CUST1188,Jesse Brown,NORTH,27in Monitor,Electronics,443.78,1.0,0.0,Debit Card,Mobile App
ORD101902,25/08/2025,CUST1207,Zachary Brooks,Central,Coffee Maker,Home & Kitchen,175.84,1.0,5.0,UPI,In-Store
ORD101803,2024-10-29,CUST1761,Brian Mullen,CENTRAL,Cotton T-Shirt,Apparel,96.1,1.0,15.0,UPI,Online
ORD102567,24/08/2024,CUST1201,Cynthia Wallace,East ,Non-stick Pan Set,Home & Kitchen,182.28,1.0,0.0,UPI,Mobile App
ORD101925,2024-01-10,CUST1439,Eric Taylor,SOUTH,Toaster,Home & Kitchen,168.44,5.0,20.0,PayPal,In-Store
ORD104964,12-04-2024,CUST1512,Anna Briggs,NORTH,Smartwatch,Electronics,283.34,2.0,5.0,Credit Card,In-Store
ORD100036,2024-11-17,CUST1610,Tara Holmes,South,Water Bottle,Sports & Outdoors,63.43,5.0,0.0,Cash on Delivery,Online
ORD105521,2024/06/28,CUST1794,Richard King, North,Portable SSD 1TB,Electronics,232.54,2.0,0.0,UPI,In-Store
ORD100768,04/04/2024,CUST1012,Kimberly Burgess,Central,Denim Jacket,Apparel,41.7,2.0,0.0,UPI,In-Store
ORD103422,05/12/2025,CUST1252,Stephen Luna,South,Power Bank,Electronics,51.93,4.0,10.0,PayPal,Online
ORD102390,05/07/2025,CUST1440,Marie Thompson,east,Whiteboard,Office Supplies,229.32,2.0,0.0,PayPal,In-Store
ORD102333,2025-10-23,CUST1006,Shannon Ray,north,Yoga Mat,Sports & Outdoors,85.24,1.0,0.0,Cash on Delivery,Online
ORD100850,2024-04-25,CUST1703,Alicia Aguilar,SOUTH,Noise Cancelling Headphones,Electronics,87.64,2.0,15.0,Credit Card,Online
ORD102377,2025-05-21,CUST1291,Kimberly Brown, West,Cotton T-Shirt,Apparel,58.74,1.0,0.0,Cash on Delivery,Mobile App
ORD104178,2024-04-28,CUST1829,Erica Oconnell,west,Non-stick Pan Set,Home & Kitchen,27.78,1.0,0.0,PayPal,Mobile App
ORD103637,2024-08-06,CUST1688,Misty Mcguire,North,Toaster,Home & Kitchen,40.85,2.0,0.0,Credit Card,Mobile App
ORD103643,04/10/2025,CUST1828,Robert Simmons, West,Vacuum Cleaner,Home & Kitchen,100.07,1.0,0.0,Cash on Delivery,Online
ORD104160,2025-09-16,CUST1748,Keith Choi,South,Wool Sweater,Apparel,68.39,4.0,15.0,Debit Card,Online
ORD101185,2025-12-20,CUST1539,Mary Butler,west,Yoga Pants,Apparel,25.37,2.0,5.0,UPI,Mobile App
ORD100601,2024-02-16,CUST1062,Frances Cardenas,central,Toaster,Home & Kitchen,143.39,1.0,0.0,PayPal,In-Store
ORD100044,2025-05-31,CUST1627,Joyce Martinez,east,Portable SSD 1TB,Electronics,308.72,5.0,10.0,Cash on Delivery,In-Store
ORD101816,02/12/2024,CUST1473,Danielle Bryant,Central,Smartwatch,Electronics,104.7,2.0,0.0,Cash on Delivery,In-Store
ORD104640,05-02-2025,CUST1759,Stephen Garcia, North,Wireless Mouse,Electronics,29.45,1.0,0.0,Cash on Delivery,In-Store
ORD105751,21/11/2024,CUST1000,Allison Hill,South,Power Bank,Electronics,76.49,1.0,0.0,UPI,Online
ORD103145,28/11/2025,CUST1726,Cheryl Gonzales,west,Ergonomic Chair,Office Supplies,68.92,2.0,15.0,Debit Card,In-Store
ORD103326,27/03/2024,CUST1784,Katelyn Kim,East ,Coffee Maker,Home & Kitchen,52.16,2.0,5.0,Cash on Delivery,In-Store
ORD100247,2025-12-21,CUST1439,Eric Taylor,West,USB-C Hub,Electronics,47.01,2.0,5.0,Debit Card,In-Store
ORD105742,07-23-2025,CUST1294,Jenna Anderson DVM,East ,Toaster,Home & Kitchen,113.21,2.0,,,In-Store
ORD104713,26/07/2025,CUST1140,Patricia Becker, South ,27in Monitor,Electronics,323.86,1.0,0.0,UPI,Mobile App
ORD103069,07/08/2025,CUST1666,Ashley Freeman,West,Mechanical Keyboard,Electronics,371.14,3.0,0.0,Cash on Delivery,In-Store
ORD101281,2025-04-07,CUST1529,Ashley Carr,East ,Whiteboard,Office Supplies,232.26,1.0,0.0,Debit Card,Online
ORD104138,09-23-2024,CUST1788,Ashley Olson,East ,Dumbbell Set,Sports & Outdoors,81.08,1.0,0.0,Cash on Delivery,Mobile App
ORD100461,06/12/2025,CUST1883,Mark Nelson,East,Blender,Home & Kitchen,61.35,1.0,0.0,Cash on Delivery,Online
ORD102609,2024/01/10,CUST1648,Gregory Fernandez,CENTRAL,Mechanical Keyboard,Electronics,244.16,1.0,0.0,PayPal,Online
ORD102183,2025-08-28,CUST1497,James Chapman,Central,Noise Cancelling Headphones,Electronics,51.09,1.0,10.0,Cash on Delivery,In-Store
ORD101293,29/05/2024,CUST1721,Jason Novak,North,Mechanical Keyboard,Electronics,208.92,1.0,15.0,Credit Card,In-Store
ORD103599,2025-03-15,CUST1459,James Nash,Central,Blender,Home & Kitchen,110.26,1.0,0.0,UPI,Mobile App
ORD100743,2025-07-20,CUST1421,Krista Davis,NORTH,Running Shoes,Apparel,88.29,2.0,20.0,PayPal,Online
ORD104968,2024-12-21,CUST1724,Laura Herrera,north,Camping Tent,Sports & Outdoors,124.13,1.0,0.0,Cash on Delivery,Mobile App
ORD105953,22/08/2025,CUST1092,Alan Phillips,east,USB-C Hub,Electronics,407.37,1.0,0.0,PayPal,In-Store
ORD105799,2025-07-29,CUST1525,Jordan Clark,SOUTH,Running Shoes,Apparel,75.72,4.0,10.0,Cash on Delivery,Mobile App
ORD103887,2024/07/26,CUST1428,James Barnes,Central,Wireless Mouse,Electronics,181.06,2.0,0.0,Credit Card,In-Store
ORD102425,24/11/2025,CUST1535,Denise Stuart, West,Cotton T-Shirt,Apparel,51.09,2.0,0.0,Credit Card,Online
ORD105264,06/08/2025,CUST1282,Melissa Brown,East ,Cycling Helmet,Sports & Outdoors,203.11,2.0,5.0,PayPal,Online
ORD103626,2024-09-13,CUST1302,Megan Floyd,East ,Portable SSD 1TB,Electronics,61.43,1.0,,,Mobile App
ORD105709,2025-04-19,CUST1037,Kevin Mills,East ,Standing Desk,Office Supplies,325.02,2.0,0.0,Cash on Delivery,Mobile App
ORD103535,2025-03-23,CUST1502,,East ,Bluetooth Speaker,Electronics,178.65,1.0,,,Online
ORD102259,2024-06-02,CUST1335,Linda Mueller,east,Vacuum Cleaner,Home & Kitchen,91.31,2.0,0.0,Debit Card,In-Store
ORD103855,2024-10-30,CUST1794,Richard King,north,Portable SSD 1TB,Electronics,118.38,3.0,15.0,Cash on Delivery,Online
ORD105565,2024-10-12,CUST1062,Frances Cardenas,CENTRAL,Electric Kettle,Home & Kitchen,41.57,3.0,0.0,UPI,Online
ORD103228,2025-02-25,CUST1593,Kayla Jackson, South ,Rice Cooker,Home & Kitchen,99.18,2.0,0.0,Debit Card,Mobile App
ORD100895,29/01/2024,CUST1788,Ashley Olson,East ,Bluetooth Speaker,Electronics,111.6,1.0,5.0,Cash on Delivery,Online
ORD102914,2025/12/28,CUST1524,Andrew Dunn,NORTH,Coffee Maker,Home & Kitchen,166.73,2.0,0.0,Debit Card,Online
ORD105642,2024-04-23,CUST1608,Lee Ramsey,Central,27in Monitor,Electronics,417.96,4.0,0.0,UPI,Mobile App
ORD101132,08-02-2024,CUST1062,Frances Cardenas,East,Denim Jacket,Apparel,69.46,1.0,5.0,PayPal,In-Store
ORD103732,2025-04-12,CUST1805,Joseph Jennings,West,Whiteboard,Office Supplies,33.48,2.0,5.0,Debit Card,In-Store
ORD105382,31/12/2024,CUST1706,James Bray,central,Wireless Mouse,Electronics,211.44,1.0,0.0,Debit Card,Online
ORD102717,2024-04-15,CUST1409,Dr. Morgan Payne PhD, West,Mechanical Keyboard,Electronics,225.29,2.0,0.0,Credit Card,In-Store
ORD103254,04/08/2025,CUST1289,Jose Bryant,Central,Cycling Helmet,Sports & Outdoors,14.79,3.0,5.0,Debit Card,Online
ORD102431,18/11/2025,CUST1451,Colton Terry,SOUTH,Air Fryer,Home & Kitchen,57.96,3.0,0.0,Credit Card,Mobile App
ORD100400,2024-10-21,CUST1852,Mrs. Maureen Martin DDS,East ,Cotton T-Shirt,Apparel,58.3,1.0,0.0,PayPal,Online
ORD105054,2025-09-01,CUST1398,Mary Thompson,west,Wireless Mouse,Electronics,317.49,5.0,10.0,Debit Card,Mobile App
ORD104293,09/11/2025,CUST1767,Pamela Ruiz,North,Webcam HD,Electronics,144.66,4.0,0.0,Credit Card,In-Store
ORD105571,2025-07-21,CUST1870,Jacob Harris, West,Wireless Mouse,Electronics,369.45,1.0,20.0,UPI,Online
ORD101576,2024-11-14,CUST1710,Lori Johns,east,Webcam HD,Electronics,101.94,3.0,5.0,PayPal,Mobile App
ORD100778,2024/02/16,CUST1017,Deborah Mason, North,Rice Cooker,Home & Kitchen,122.98,2.0,5.0,PayPal,Mobile App
ORD101903,07-27-2025,CUST1458,Joseph Camacho,Central,Coffee Maker,Home & Kitchen,127.09,1.0,15.0,Credit Card,Online
ORD104956,2025-08-18,CUST1822,Kathryn Hanna,east,Notebook Pack,Office Supplies,238.87,4.0,,,Online
ORD100671,18/02/2025,CUST1831,Kevin Anderson,east,Smartwatch,Electronics,290.35,2.0,10.0,PayPal,Online
ORD101779,11/11/2024,CUST1331,Henry Pugh MD,Central,Blender,Home & Kitchen,142.33,1.0,0.0,Cash on Delivery,Mobile App
ORD100628,2024-05-13,CUST1764,Michael Vance,west,27in Monitor,Electronics,105.98,3.0,0.0,Debit Card,Mobile App
ORD101165,29/12/2025,CUST1203,Douglas Reyes,North,Yoga Pants,Apparel,46.1,2.0,0.0,UPI,In-Store
ORD100823,07/03/2025,CUST1041,Victoria Valdez, North,Non-stick Pan Set,Home & Kitchen,196.72,2.0,0.0,Credit Card,Online
ORD100304,2025-03-28,CUST1661,Vickie Kennedy, West,Portable SSD 1TB,Electronics,353.96,1.0,0.0,UPI,Mobile App
ORD104010,2024/09/19,CUST1822,Kathryn Hanna, South ,Wool Sweater,Apparel,18.18,1.0,0.0,PayPal,In-Store
ORD100978,21/04/2024,CUST1753,Richard Parker,CENTRAL,Notebook Pack,Office Supplies,256.77,2.0,10.0,PayPal,Mobile App
ORD100818,2024-10-27,CUST1297,Austin Wheeler,Central,Coffee Maker,Home & Kitchen,87.59,2.0,0.0,Credit Card,Mobile App
ORD104906,07/12/2024,CUST1672,Michael Cannon,CENTRAL,Camping Tent,Sports & Outdoors,295.16,3.0,10.0,UPI,In-Store
ORD105547,2025-01-11,CUST1570,Cynthia Mitchell,north,Non-stick Pan Set,Home & Kitchen,43.65,1.0,20.0,Cash on Delivery,In-Store
ORD105719,22/09/2025,CUST1226,Heidi Owen,West,Wool Sweater,Apparel,114.02,5.0,0.0,Credit Card,In-Store
ORD104931,07-10-2025,CUST1171,Christopher Park,SOUTH,Notebook Pack,Office Supplies,80.13,4.0,10.0,Debit Card,Mobile App
ORD102881,2024-11-28,CUST1200,James Martin,East,Denim Jacket,Apparel,106.85,2.0,0.0,Cash on Delivery,In-Store
ORD101300,07-12-2024,CUST1402,Carol Moore,CENTRAL,Vacuum Cleaner,Home & Kitchen,141.2,1.0,0.0,PayPal,In-Store
ORD105946,2024-03-16,CUST1424,Carl Stein,east,Notebook Pack,Office Supplies,208.25,1.0,0.0,Credit Card,Mobile App
ORD104848,15/12/2024,CUST1761,Brian Mullen,NORTH,Bluetooth Speaker,Electronics,257.89,2.0,0.0,Cash on Delivery,In-Store
ORD100754,2025-12-05,CUST1179,Mary Gomez,west,Toaster,Home & Kitchen,155.58,5.0,5.0,UPI,Online
ORD102478,2025-05-10,CUST1268,Jennifer Reed, West,Notebook Pack,Office Supplies,218.95,1.0,5.0,PayPal,In-Store
ORD101892,2024-03-07,CUST1825,Charles Valdez,East ,Bluetooth Speaker,Electronics,312.8,3.0,0.0,PayPal,Mobile App
ORD103910,07-27-2025,CUST1870,Jacob Harris,North,Running Shoes,Apparel,37.61,1.0,5.0,Credit Card,Mobile App
ORD100680,2024-04-30,CUST1041,Victoria Valdez, North,Yoga Mat,Sports & Outdoors,185.26,1.0,0.0,PayPal,In-Store
ORD105697,09-18-2024,CUST1886,Sandra Kennedy, South ,USB-C Hub,Electronics,328.49,1.0,5.0,Debit Card,Mobile App
ORD104866,2024-12-23,CUST1707,Charlotte Mason,Central,Electric Kettle,Home & Kitchen,45.33,1.0,5.0,PayPal,Online
ORD101066,25/12/2025,CUST1153,Samantha Davis,South,USB-C Hub,Electronics,441.81,2.0,0.0,Debit Card,Mobile App
ORD100929,30/05/2024,CUST1537,Miguel Parks,Central,Air Fryer,Home & Kitchen,183.79,2.0,0.0,Credit Card,In-Store
ORD105580,05-11-2024,CUST1684,Andrew Mitchell,CENTRAL,Webcam HD,Electronics,233.02,1.0,5.0,PayPal,Mobile App
ORD102365,2024-12-16,CUST1329,Haley Davis,West,Vacuum Cleaner,Home & Kitchen,219.84,1.0,10.0,PayPal,Online
ORD102811,05-02-2025,CUST1759,Stephen Garcia,North,Wool Sweater,Apparel,59.91,1.0,10.0,PayPal,In-Store
ORD100863,2025-09-25,CUST1760,Dustin Patel,Central,Water Bottle,Sports & Outdoors,292.26,2.0,0.0,UPI,Online
ORD104416,2025-11-25,CUST1014,Rebecca Henderson,SOUTH,Blender,Home & Kitchen,20.78,1.0,20.0,Credit Card,Mobile App
ORD100369,02/08/2025,CUST1710,Lori Johns,west,27in Monitor,Electronics,160.06,1.0,5.0,PayPal,In-Store
ORD105214,2025-01-01,CUST1317,Mark Peck,NORTH,Water Bottle,Sports & Outdoors,60.58,1.0,0.0,Debit Card,Online
ORD102698,2025-11-19,CUST1786,Robert Cruz,east,Camping Tent,Sports & Outdoors,215.24,1.0,0.0,Debit Card,Online
ORD105206,2024-03-26,CUST1686,Tammy Moore, South ,Air Fryer,Home & Kitchen,88.43,1.0,10.0,Cash on Delivery,Mobile App
ORD100445,05-14-2025,CUST1811,Robert Thompson, North,Noise Cancelling Headphones,Electronics,266.85,1.0,0.0,Cash on Delivery,Online
ORD103675,09/11/2025,CUST1062,Frances Cardenas,SOUTH,Desk Lamp,Office Supplies,272.41,1.0,5.0,Debit Card,Online
ORD102334,2024-02-26,CUST1653,Kellie Marsh,west,Yoga Pants,Apparel,79.36,4.0,0.0,PayPal,Mobile App
ORD103478,29/08/2025,CUST1331,Henry Pugh MD,East,Power Bank,Electronics,131.14,2.0,0.0,Credit Card,In-Store
ORD103829,2024-05-06,CUST1707,Charlotte Mason,West,Notebook Pack,Office Supplies,301.34,2.0,10.0,Debit Card,Online
ORD102933,2024-04-01,CUST1617,Tonya Ellis,CENTRAL,Whiteboard,Office Supplies,16.31,3.0,5.0,UPI,Online
ORD105699,2024-08-20,CUST1826,Matthew Smith,South,27in Monitor,Electronics,419.28,1.0,15.0,Credit Card,Mobile App
ORD100438,2025-06-28,CUST1103,Marc Lynch,North,Coffee Maker,Home & Kitchen,186.89,1.0,10.0,Debit Card,Mobile App
ORD101653,2025-07-02,CUST1515,Meghan White,East,Yoga Mat,Sports & Outdoors,209.68,2.0,0.0,Cash on Delivery,Mobile App
ORD104495,2025-03-14,CUST1227,Jessica Martinez,SOUTH,Desk Lamp,Office Supplies,23.6,2.0,0.0,PayPal,In-Store
ORD103944,2025/12/09,CUST1251,Amber Campbell,east,Portable SSD 1TB,Electronics,364.35,1.0,0.0,PayPal,Mobile App
ORD100037,2025/11/11,CUST1372,Kenneth Farley,north,Electric Kettle,Home & Kitchen,70.94,2.0,0.0,Cash on Delivery,In-Store
ORD101811,2024-02-19,CUST1706,James Bray,East,Water Bottle,Sports & Outdoors,27.17,2.0,0.0,Cash on Delivery,In-Store
ORD101342,09-12-2025,CUST1141,Richard Johnson,central,Webcam HD,Electronics,286.56,2.0,0.0,Debit Card,Mobile App
ORD103463,2024-05-18,CUST1231,Michele Lewis,central,Camping Tent,Sports & Outdoors,86.12,2.0,0.0,Credit Card,Mobile App
ORD105530,2024-10-11,CUST1642,,NORTH,Cycling Helmet,Sports & Outdoors,115.76,1.0,,,In-Store
ORD104214,17/08/2024,CUST1310,Elizabeth Ward, North,Smartwatch,Electronics,149.97,1.0,0.0,UPI,Online
ORD105881,2024/05/27,CUST1593,Kayla Jackson,Central,27in Monitor,Electronics,201.94,1.0,,Cash on Delivery,In-Store
ORD100598,2024-05-01,CUST1440,Marie Thompson,North,Bluetooth Speaker,Electronics,369.03,2.0,15.0,PayPal,In-Store
ORD103764,19/01/2024,CUST1396,Brittney Murphy,Central,Webcam HD,Electronics,177.82,3.0,5.0,Cash on Delivery,In-Store
ORD102229,2025-02-04,CUST1070,Chris Reyes,north,Coffee Maker,Home & Kitchen,179.43,2.0,5.0,Cash on Delivery,Mobile App
ORD100032,06-30-2024,CUST1885,Justin Ford,Central,Dumbbell Set,Sports & Outdoors,292.47,2.0,0.0,Credit Card,Online
ORD105834,2025-07-13,CUST1594,James Rodriguez, North,Blender,Home & Kitchen,137.15,1.0,0.0,UPI,In-Store
ORD104739,14/11/2024,CUST1657,Johnny Peterson,north,Yoga Mat,Sports & Outdoors,182.79,3.0,20.0,Credit Card,Online
ORD100760,2024-11-14,CUST1436,Anthony Guzman,South,Smartwatch,Electronics,378.27,4.0,10.0,Debit Card,Online
ORD100422,2025-10-14,CUST1139,Crystal Pham,Central,Yoga Pants,Apparel,99.92,1.0,0.0,UPI,In-Store
ORD104373,2025-12-05,CUST1349,Brett Walker, North,Camping Tent,Sports & Outdoors,21.39,4.0,10.0,Cash on Delivery,In-Store
ORD102631,24/08/2024,CUST1005,,SOUTH,Webcam HD,Electronics,306.61,2.0,,,In-Store
ORD100114,2025/02/08,CUST1315,Kelly Combs,East ,Coffee Maker,Home & Kitchen,76.65,2.0,0.0,Credit Card,Online
ORD104951,2024-02-16,CUST1426,Daniel Lopez, West,Non-stick Pan Set,Home & Kitchen,36.85,1.0,15.0,Cash on Delivery,Mobile App
ORD100323,2025-09-02,CUST1466,Kara Jackson, South ,Vacuum Cleaner,Home & Kitchen,53.4,3.0,10.0,UPI,Mobile App
ORD105714,2024-02-20,CUST1358,Katherine Church, West,Yoga Pants,Apparel,21.16,2.0,0.0,UPI,Online
ORD103617,2025-11-23,CUST1606,Lisa Cohen, North,Denim Jacket,Apparel,116.23,1.0,5.0,PayPal,In-Store
ORD104087,2025-08-01,CUST1033,Michael Cross, South ,Mechanical Keyboard,Electronics,282.13,3.0,0.0,UPI,In-Store
ORD100561,30/03/2025,CUST1485,Micheal Parks,south,Cycling Helmet,Sports & Outdoors,286.21,1.0,0.0,Credit Card,In-Store
ORD102617,2024-10-22,CUST1405,Courtney Wright,north,Non-stick Pan Set,Home & Kitchen,79.06,3.0,0.0,PayPal,In-Store
ORD103197,2025-06-19,CUST1354,Christopher Moore,east,Non-stick Pan Set,Home & Kitchen,34.96,1.0,0.0,Credit Card,In-Store
ORD103759,2025-02-28,CUST1062,Frances Cardenas,West,USB-C Hub,Electronics,310.25,1.0,0.0,Credit Card,Mobile App
ORD104852,2024-03-12,CUST1616,Laura Benson,East ,Water Bottle,Sports & Outdoors,98.53,3.0,20.0,Credit Card,In-Store
ORD101131,2024-02-16,CUST1662,Kelly King,CENTRAL,Wool Sweater,Apparel,106.97,1.0,15.0,Debit Card,Online
ORD103846,26/09/2024,CUST1393,Austin Baker,CENTRAL,Cotton T-Shirt,Apparel,116.75,2.0,0.0,Cash on Delivery,In-Store
ORD105062,2024/06/19,CUST1554,Jaime Lang,west,Running Shoes,Apparel,41.7,2.0,15.0,Debit Card,Online
ORD103505,07/09/2024,CUST1590,Christopher Nielsen,NORTH,Yoga Pants,Apparel,47.66,3.0,10.0,Debit Card,Mobile App
ORD102535,2025-03-30,CUST1331,Henry Pugh MD,North,Bluetooth Speaker,Electronics,173.78,1.0,0.0,PayPal,Online
ORD101850,09/08/2024,CUST1026,Timothy Duncan,East,27in Monitor,Electronics,83.04,5.0,10.0,Credit Card,Online
ORD100567,2024-10-29,CUST1339,Brian Torres,East ,Water Bottle,Sports & Outdoors,56.94,5.0,5.0,PayPal,Mobile App
ORD100230,2025-07-03,CUST1591,Nathan Stanley,West,27in Monitor,Electronics,112.46,3.0,0.0,PayPal,Online
ORD100126,24/03/2024,CUST1894,Richard Jenkins,CENTRAL,Cotton T-Shirt,Apparel,41.46,3.0,0.0,Debit Card,In-Store
ORD104561,03/11/2025,CUST1402,Carol Moore,North,Camping Tent,Sports & Outdoors,123.41,3.0,10.0,Debit Card,In-Store
ORD104266,2025-06-17,CUST1276,Tanya Rogers, West,Wireless Mouse,Electronics,27.61,5.0,15.0,Debit Card,Online
ORD102305,30/10/2024,CUST1518,Krystal Levine, North,Dumbbell Set,Sports & Outdoors,113.93,4.0,0.0,Debit Card,Mobile App
ORD102086,2024-11-28,CUST1025,Shannon Jones,central,Whiteboard,Office Supplies,213.82,5.0,10.0,UPI,Mobile App
ORD104330,2025-04-22,CUST1122,Mary Grimes, North,Noise Cancelling Headphones,Electronics,86.11,4.0,5.0,Cash on Delivery,In-Store
ORD105736,2024-01-05,CUST1470,Jeremy Mcintyre,east,Cycling Helmet,Sports & Outdoors,178.12,2.0,0.0,Cash on Delivery,In-Store
ORD101947,2025-05-07,CUST1411,Oscar Parker,SOUTH,Blender,Home & Kitchen,210.28,1.0,0.0,Cash on Delivery,In-Store
ORD105516,2025-05-17,CUST1061,Steven Flynn,NORTH,Wireless Mouse,Electronics,72.45,2.0,10.0,PayPal,In-Store
ORD100196,20/11/2025,CUST1052,Matthew Ross,West,Wool Sweater,Apparel,103.95,1.0,0.0,Credit Card,Online
ORD105948,08-28-2025,CUST1538,Melissa Morris,SOUTH,Running Shoes,Apparel,88.03,2.0,15.0,Credit Card,Online
ORD105506,2025/03/23,CUST1635,Patrick Green,East,Bluetooth Speaker,Electronics,104.72,1.0,0.0,Debit Card,In-Store
ORD103615,07-01-2025,CUST1638,Dustin Welch,SOUTH,Cotton T-Shirt,Apparel,66.71,2.0,0.0,Cash on Delivery,Online
ORD102820,2024-05-03,CUST1499,Katherine Christensen MD,Central,Yoga Pants,Apparel,97.99,1.0,10.0,UPI,Online
ORD101431,2024-10-28,CUST1037,Kevin Mills, North,Portable SSD 1TB,Electronics,141.88,1.0,5.0,Cash on Delivery,In-Store
ORD102941,02-09-2025,CUST1205,Phillip Nelson,NORTH,Dumbbell Set,Sports & Outdoors,90.86,4.0,0.0,UPI,In-Store
ORD103541,28/01/2025,CUST1385,Edwin Reyes,east,Wool Sweater,Apparel,70.8,3.0,0.0,PayPal,In-Store
ORD102694,2024-06-12,CUST1818,Tina Davis,east,Water Bottle,Sports & Outdoors,281.86,3.0,0.0,Cash on Delivery,Online
ORD104664,04/02/2024,CUST1423,Angela Willis,SOUTH,Blender,Home & Kitchen,180.62,1.0,10.0,PayPal,Mobile App
ORD101051,2024-04-28,CUST1267,Justin Michael,SOUTH,Vacuum Cleaner,Home & Kitchen,38.15,3.0,0.0,Debit Card,In-Store
ORD103264,10/04/2025,CUST1167,Kristina Santiago,NORTH,Camping Tent,Sports & Outdoors,104.72,2.0,0.0,UPI,Online
ORD100650,2025-09-10,CUST1189,Julie Spencer,West,Vacuum Cleaner,Home & Kitchen,88.27,4.0,0.0,Credit Card,In-Store
ORD104224,2024/09/01,CUST1820,Heather Miller, West,Air Fryer,Home & Kitchen,35.14,1.0,0.0,PayPal,In-Store
ORD101998,09-15-2024,CUST1105,Doris Hall,Central,Smartwatch,Electronics,271.46,3.0,0.0,Cash on Delivery,Mobile App
ORD103132,2024/11/14,CUST1836,Julie Sims,CENTRAL,Non-stick Pan Set,Home & Kitchen,32.01,1.0,15.0,Debit Card,Online
ORD104805,2024-02-11,CUST1345,David Moore,east,Desk Lamp,Office Supplies,22.05,1.0,15.0,Debit Card,In-Store
ORD100076,2025-07-18,CUST1726,Cheryl Gonzales,East,Dumbbell Set,Sports & Outdoors,46.97,5.0,0.0,UPI,Online
ORD101813,2025-06-13,CUST1753,Richard Parker, South ,Cotton T-Shirt,Apparel,109.98,1.0,15.0,Cash on Delivery,Mobile App
ORD101033,29/08/2025,CUST1338,Richard Ward,west,Mechanical Keyboard,Electronics,78.85,2.0,5.0,Cash on Delivery,Mobile App
ORD102789,2024-07-29,CUST1626,Robert Mendoza,CENTRAL,Desk Lamp,Office Supplies,342.03,5.0,0.0,UPI,In-Store
ORD102070,07/12/2025,CUST1331,Henry Pugh MD,SOUTH,Vacuum Cleaner,Home & Kitchen,158.01,1.0,0.0,Credit Card,Online
ORD102674,2025-11-30,CUST1895,Rebecca Hansen,central,Webcam HD,Electronics,347.4,1.0,0.0,UPI,Online
ORD101270,2024/05/22,CUST1871,Joshua Martin,Central,Blender,Home & Kitchen,139.76,2.0,10.0,Debit Card,Mobile App
ORD103085,03-13-2024,CUST1376,,East ,Dumbbell Set,Sports & Outdoors,234.7,1.0,,,Mobile App
ORD102748,2024/06/24,CUST1346,Karen Morales DDS,north,Cotton T-Shirt,Apparel,23.39,4.0,0.0,Cash on Delivery,Mobile App
ORD103959,24/04/2024,CUST1235,Dr. Cynthia Snyder,East ,Electric Kettle,Home & Kitchen,20.66,4.0,0.0,UPI,In-Store
ORD104808,2024-11-13,CUST1808,Cathy Rodriguez,CENTRAL,USB-C Hub,Electronics,34.33,1.0,0.0,Debit Card,Mobile App
ORD102496,09-25-2025,CUST1863,Jason Fleming,East,Mechanical Keyboard,Electronics,273.87,3.0,0.0,UPI,In-Store
ORD103670,2025-04-01,CUST1228,Amanda Hernandez,East,Wool Sweater,Apparel,108.23,3.0,10.0,PayPal,Mobile App
ORD105942,2025-05-21,CUST1317,Mark Peck,West,Wool Sweater,Apparel,57.79,5.0,10.0,UPI,Online
ORD103703,13/02/2025,CUST1435,Sara Cochran,west,Whiteboard,Office Supplies,161.76,1.0,5.0,Cash on Delivery,Online
ORD105210,2024-01-04,CUST1461,Beth Henderson,CENTRAL,Webcam HD,Electronics,355.92,1.0,0.0,Cash on Delivery,Online
ORD100563,2024-09-23,CUST1808,Cathy Rodriguez,south,Yoga Pants,Apparel,103.4,1.0,0.0,PayPal,In-Store
ORD105111,2024-02-18,CUST1674,John Garcia,East ,Blender,Home & Kitchen,192.75,4.0,10.0,Debit Card,In-Store
ORD102067,2024-05-19,CUST1667,Michael Howard, South ,Electric Kettle,Home & Kitchen,144.39,2.0,0.0,Debit Card,Online
ORD100458,29/12/2024,CUST1355,Charlotte Sandoval,West,Smartwatch,Electronics,154.59,1.0,5.0,Debit Card,Mobile App
ORD105752,01-18-2025,CUST1280,Cathy Taylor,west,Power Bank,Electronics,105.07,1.0,20.0,Credit Card,Mobile App
ORD100705,2024-12-08,CUST1005,Monica Herrera,east,Standing Desk,Office Supplies,25.97,4.0,0.0,Cash on Delivery,Online
ORD102813,16/11/2024,CUST1599,Natalie Juarez,west,Portable SSD 1TB,Electronics,271.48,3.0,0.0,UPI,Mobile App
ORD103528,02/05/2025,CUST1894,Richard Jenkins,Central,27in Monitor,Electronics,339.88,1.0,15.0,Debit Card,Mobile App
ORD101153,2024-02-11,CUST1896,Tammy Mendoza, North,Coffee Maker,Home & Kitchen,128.25,2.0,0.0,PayPal,Online
ORD103684,2024-09-26,CUST1844,Andrew Carroll,West,Dumbbell Set,Sports & Outdoors,299.68,2.0,10.0,Debit Card,Online
ORD105881,2024/05/27,CUST1593,Kayla Jackson,Central,27in Monitor,Electronics,0.0,1.0,0.0,Cash on Delivery,In-Store
ORD102221,2024-02-16,CUST1007,Dr. Sharon James, South ,27in Monitor,Electronics,274.21,2.0,0.0,Cash on Delivery,Online
ORD100115,2025-03-16,CUST1007,Dr. Sharon James,South,27in Monitor,Electronics,351.12,3.0,0.0,UPI,Mobile App
ORD101439,2024-06-18,CUST1261,Patricia James,NORTH,Webcam HD,Electronics,146.45,1.0,5.0,Cash on Delivery,Mobile App
ORD101704,18/01/2024,CUST1337,Derrick Adams,central,Webcam HD,Electronics,55.61,2.0,0.0,Credit Card,Mobile App
ORD104309,09-28-2025,CUST1441,Michael Anderson,Central,Standing Desk,Office Supplies,82.15,1.0,20.0,UPI,In-Store
ORD101511,2024-02-15,CUST1177,Eric Clark,north,Desk Lamp,Office Supplies,257.93,2.0,0.0,Cash on Delivery,In-Store
ORD103013,2024-10-23,CUST1097,Adrian Ferguson,SOUTH,Blender,Home & Kitchen,114.62,2.0,20.0,Cash on Delivery,Online
ORD104117,2025-07-31,CUST1631,Kenneth Perez,CENTRAL,Denim Jacket,Apparel,71.16,1.0,0.0,Debit Card,Mobile App
ORD104451,11/05/2025,CUST1148,Elizabeth Ortiz,West,Wool Sweater,Apparel,16.31,1.0,0.0,UPI,Online
ORD105466,23/05/2025,CUST1126,Evelyn Garcia, North,27in Monitor,Electronics,102.94,1.0,0.0,Debit Card,Mobile App
ORD104229,2024-09-16,CUST1069,Jeremiah Reeves,NORTH,27in Monitor,Electronics,191.8,1.0,0.0,Credit Card,In-Store
ORD101596,2025-08-03,CUST1836,Julie Sims,east,Mechanical Keyboard,Electronics,443.77,2.0,0.0,Debit Card,Mobile App
ORD104288,2024-04-23,CUST1825,Charles Valdez,SOUTH,USB-C Hub,Electronics,76.49,1.0,0.0,PayPal,Mobile App
ORD105269,31/03/2025,CUST1005,Monica Herrera,South,Portable SSD 1TB,Electronics,275.58,2.0,0.0,UPI,Mobile App
ORD101026,2024-04-26,CUST1170,Renee Bruce,North,Coffee Maker,Home & Kitchen,95.14,3.0,0.0,UPI,In-Store
ORD101471,11-01-2024,CUST1298,Andrew Gonzales, West,Desk Lamp,Office Supplies,341.5,2.0,5.0,PayPal,Mobile App
ORD102615,2025-04-06,CUST1436,Anthony Guzman,north,Vacuum Cleaner,Home & Kitchen,34.16,3.0,10.0,Credit Card,Mobile App
ORD105355,06/10/2025,CUST1871,Joshua Martin,north,Smartwatch,Electronics,315.99,2.0,0.0,Debit Card,In-Store
ORD102960,2024-12-25,CUST1529,Ashley Carr, North,Vacuum Cleaner,Home & Kitchen,122.46,1.0,10.0,UPI,In-Store
ORD100343,2024/02/17,CUST1110,David Davis, North,Noise Cancelling Headphones,Electronics,116.63,3.0,10.0,Cash on Delivery,Online
ORD102986,2025-02-28,CUST1716,Ryan Thomas,central,Electric Kettle,Home & Kitchen,60.71,3.0,20.0,Credit Card,Mobile App
ORD105976,11/05/2025,CUST1545,Maria Fischer, South ,Toaster,Home & Kitchen,132.43,1.0,0.0,PayPal,Mobile App
ORD102008,2024-01-01,CUST1664,Lauren Vazquez,NORTH,Wool Sweater,Apparel,101.41,4.0,10.0,PayPal,Online
ORD102160,2024-09-05,CUST1686,Tammy Moore, West,Power Bank,Electronics,429.07,1.0,0.0,Cash on Delivery,Mobile App
ORD104676,2024-07-20,CUST1833,Devin Cole, West,USB-C Hub,Electronics,172.15,2.0,0.0,PayPal,Mobile App
ORD101215,23/06/2024,CUST1484,Jason Price,NORTH,Denim Jacket,Apparel,110.46,1.0,0.0,Cash on Delivery,Mobile App
ORD100887,30/06/2024,CUST1469,William Ramos,north,Desk Lamp,Office Supplies,187.88,3.0,0.0,Debit Card,Mobile App
ORD100656,2025-05-14,CUST1626,Robert Mendoza,East ,Cotton T-Shirt,Apparel,18.89,1.0,15.0,Credit Card,Mobile App
ORD101618,2024/12/25,CUST1067,Jessica Meadows,SOUTH,Smartwatch,Electronics,417.78,3.0,0.0,Credit Card,Online
ORD102656,2024-03-12,CUST1259,Veronica Silva,NORTH,Portable SSD 1TB,Electronics,384.11,2.0,10.0,Debit Card,In-Store
ORD102850,2024-01-01,CUST1741,John Martinez, North,Whiteboard,Office Supplies,240.7,1.0,5.0,PayPal,Online
ORD100161,2025-06-11,CUST1781,Kevin Garrett,West,USB-C Hub,Electronics,370.73,4.0,0.0,PayPal,In-Store
ORD102854,03/11/2025,CUST1359,Harold Ellis,south,Desk Lamp,Office Supplies,329.6,1.0,10.0,Debit Card,Mobile App
ORD100516,2024-10-14,CUST1258,Ronald Patel, North,Cotton T-Shirt,Apparel,65.9,1.0,0.0,PayPal,Online
ORD103216,10-21-2025,CUST1552,Michael Griffin, West,Yoga Pants,Apparel,20.31,1.0,20.0,Cash on Delivery,Online
ORD102663,2024-01-05,CUST1270,Melissa Taylor,NORTH,Webcam HD,Electronics,52.32,1.0,5.0,Cash on Delivery,In-Store
ORD100205,15/07/2024,CUST1536,Stacey Hunt,North,Toaster,Home & Kitchen,181.23,4.0,,,In-Store
ORD105579,2024-06-26,CUST1869,Rebecca Martin,East,Power Bank,Electronics,29.25,1.0,5.0,Debit Card,Mobile App
ORD102427,12/02/2024,CUST1093,Kara Schmidt, West,Yoga Mat,Sports & Outdoors,181.23,1.0,0.0,Debit Card,Mobile App
ORD101761,2024-04-22,CUST1106,Dennis Moody,South,Cycling Helmet,Sports & Outdoors,132.14,1.0,10.0,PayPal,Mobile App
ORD102684,2024-09-22,CUST1705,Mary Lin,Central,Cotton T-Shirt,Apparel,95.7,3.0,0.0,Cash on Delivery,Mobile App
ORD101435,12/05/2025,CUST1446,Stacey Snyder,East,Bluetooth Speaker,Electronics,176.21,3.0,5.0,UPI,In-Store
ORD102493,2024-12-16,CUST1525,Jordan Clark,North,Desk Lamp,Office Supplies,296.78,2.0,0.0,UPI,Online
ORD104315,2024-02-23,CUST1399,Gregory Holmes PhD,central,Webcam HD,Electronics,423.3,1.0,0.0,Cash on Delivery,In-Store
ORD102455,2024-12-08,CUST1850,Joseph Mendoza, South ,Electric Kettle,Home & Kitchen,115.93,1.0,5.0,Debit Card,In-Store
ORD101059,19/04/2025,CUST1483,Rebekah Greene,south,Non-stick Pan Set,Home & Kitchen,39.98,2.0,5.0,Credit Card,In-Store
ORD103648,11-09-2024,CUST1654,Barry Taylor, South ,Wireless Mouse,Electronics,141.57,2.0,0.0,Debit Card,Online
ORD100825,14/01/2024,CUST1159,Jodi Walker,West,Toaster,Home & Kitchen,46.28,5.0,0.0,Debit Card,Online
ORD104548,2025-04-29,CUST1779,Lisa Dixon,South,Mechanical Keyboard,Electronics,152.59,2.0,10.0,PayPal,In-Store
ORD103876,2025-01-06,CUST1216,Ashley Perkins,CENTRAL,Mechanical Keyboard,Electronics,284.26,2.0,0.0,Cash on Delivery,Online
ORD102176,09/09/2024,CUST1116,Peter Garrett,North,Running Shoes,Apparel,26.01,1.0,0.0,PayPal,Mobile App
ORD105748,2024-01-18,CUST1547,Justin Anderson,central,Running Shoes,Apparel,39.86,3.0,15.0,Cash on Delivery,In-Store
ORD102984,10-14-2025,CUST1508,Maureen Hernandez,North,Water Bottle,Sports & Outdoors,285.15,2.0,15.0,Credit Card,In-Store
ORD104659,01-31-2025,CUST1749,John Johnson, West,27in Monitor,Electronics,163.38,1.0,15.0,Credit Card,Mobile App
ORD102220,05-09-2024,CUST1405,Courtney Wright,North,USB-C Hub,Electronics,407.44,1.0,0.0,Credit Card,Online
ORD101313,2024-06-11,CUST1092,Alan Phillips,south,Electric Kettle,Home & Kitchen,189.18,5.0,10.0,Cash on Delivery,Online
ORD103681,2024-05-12,CUST1639,Logan Sullivan,west,Cotton T-Shirt,Apparel,0.0,1.0,5.0,UPI,Online
ORD103304,2025-10-18,CUST1161,Katherine Browning, South ,Cycling Helmet,Sports & Outdoors,194.36,1.0,10.0,UPI,Mobile App
ORD100131,2025/11/25,CUST1855,Rebecca French,central,Desk Lamp,Office Supplies,89.56,1.0,0.0,UPI,In-Store
ORD104149,2025-12-14,CUST1602,Brian Simmons,Central,Toaster,Home & Kitchen,43.31,4.0,0.0,UPI,Mobile App
ORD103474,2024-03-19,CUST1283,Stephanie Padilla,west,Running Shoes,Apparel,35.72,1.0,5.0,UPI,In-Store
ORD101420,2025-06-27,CUST1589,Andrew Berry,CENTRAL,Noise Cancelling Headphones,Electronics,155.79,3.0,20.0,Credit Card,Online
ORD101102,2025-08-18,CUST1233,Victoria Contreras,south,Ergonomic Chair,Office Supplies,318.09,1.0,0.0,Credit Card,Mobile App
ORD105936,28/09/2024,CUST1461,Beth Henderson,South,Wool Sweater,Apparel,23.12,5.0,0.0,Cash on Delivery,Online
ORD105060,10/08/2024,CUST1839,Tammy Thompson, North,Smartwatch,Electronics,68.99,2.0,0.0,Debit Card,Mobile App
ORD104089,22/06/2025,CUST1685,William Lewis,North,Toaster,Home & Kitchen,28.75,1.0,15.0,Cash on Delivery,Online
ORD104120,2025-03-25,CUST1339,Brian Torres,CENTRAL,Webcam HD,Electronics,256.84,5.0,5.0,PayPal,Online
ORD103309,2025-06-13,CUST1839,Tammy Thompson,North,Power Bank,Electronics,428.84,2.0,0.0,Credit Card,In-Store
ORD102702,2024-08-01,CUST1212,Jose Allen,North,Yoga Mat,Sports & Outdoors,287.38,2.0,5.0,Cash on Delivery,Online
ORD100767,29/01/2024,CUST1646,Julie Pitts, North,Toaster,Home & Kitchen,167.13,1.0,10.0,Debit Card,In-Store
ORD104259,2024-08-28,CUST1447,Rachel Lane,West,Desk Lamp,Office Supplies,219.47,2.0,0.0,PayPal,Mobile App
ORD102155,08-25-2024,CUST1032,Carmen Smith,North,Whiteboard,Office Supplies,57.82,1.0,20.0,Cash on Delivery,Online
ORD105455,21/06/2025,CUST1065,Colleen Brock,central,Bluetooth Speaker,Electronics,330.01,2.0,0.0,Credit Card,In-Store
ORD101519,2024-09-11,CUST1778,Susan Torres, West,Wireless Mouse,Electronics,214.76,2.0,0.0,Cash on Delivery,Mobile App
ORD104320,2024/01/28,CUST1345,David Moore,west,Portable SSD 1TB,Electronics,297.82,3.0,20.0,Credit Card,In-Store
ORD100918,2024-03-02,CUST1076,James Elliott,North,Standing Desk,Office Supplies,234.22,2.0,20.0,Debit Card,In-Store
ORD102816,02/04/2024,CUST1308,Autumn Key, West,Ergonomic Chair,Office Supplies,301.19,4.0,5.0,PayPal,Online
ORD105596,2025-07-12,CUST1854,Faith Johnson, South ,Blender,Home & Kitchen,184.64,2.0,15.0,Credit Card,Online
ORD103705,2025-04-03,CUST1430,Devin Johnson,east,Rice Cooker,Home & Kitchen,189.09,3.0,10.0,Credit Card,Online
ORD105508,2024-08-04,CUST1614,Jordan Powell,South,Denim Jacket,Apparel,58.71,1.0,20.0,Debit Card,Mobile App
ORD102825,2025-11-12,CUST1061,Steven Flynn,East ,Denim Jacket,Apparel,94.27,1.0,5.0,Credit Card,Online
ORD101773,01/06/2025,CUST1194,Nathaniel Douglas,North,Smartwatch,Electronics,154.5,3.0,0.0,Debit Card,Online
ORD104128,2025-05-26,CUST1355,Charlotte Sandoval,west,Bluetooth Speaker,Electronics,319.54,1.0,0.0,Credit Card,In-Store
ORD102386,26/07/2025,CUST1167,Kristina Santiago,east,Electric Kettle,Home & Kitchen,88.01,3.0,20.0,Cash on Delivery,Mobile App
ORD103077,2024-09-16,CUST1252,Stephen Luna,central,Standing Desk,Office Supplies,349.68,1.0,15.0,Cash on Delivery,In-Store
ORD104092,2025-01-10,CUST1400,Patricia Johnson,East ,Standing Desk,Office Supplies,79.72,2.0,0.0,PayPal,Mobile App
ORD100551,2025-03-11,CUST1787,Dr. Michael Adams DVM,CENTRAL,Yoga Mat,Sports & Outdoors,132.32,1.0,0.0,UPI,Mobile App
ORD105500,2024-01-18,CUST1334,Brandon Jordan,West,Portable SSD 1TB,Electronics,166.08,1.0,20.0,Credit Card,In-Store
ORD103720,30/04/2024,CUST1625,Phillip Dixon, South ,Running Shoes,Apparel,72.98,1.0,5.0,Debit Card,Mobile App
ORD105614,20/05/2024,CUST1635,,West,USB-C Hub,Electronics,395.67,1.0,,,Mobile App
ORD103961,12-19-2024,CUST1571,Matthew Steele,West,USB-C Hub,Electronics,295.15,3.0,0.0,Cash on Delivery,Online
ORD100607,19/03/2024,CUST1437,Carlos Love,NORTH,Cycling Helmet,Sports & Outdoors,39.28,1.0,0.0,PayPal,Mobile App
ORD102642,2024-04-14,CUST1824,Judy Gregory,NORTH,Bluetooth Speaker,Electronics,84.46,4.0,0.0,Cash on Delivery,Online
ORD104340,2024-02-03,CUST1203,Douglas Reyes,west,Notebook Pack,Office Supplies,99.6,1.0,0.0,UPI,In-Store
ORD101611,2024-03-17,CUST1394,Lori Mason, North,Vacuum Cleaner,Home & Kitchen,161.21,2.0,5.0,Cash on Delivery,Online
ORD100505,2025-11-26,CUST1306,Michael Morrison,west,Power Bank,Electronics,270.62,1.0,5.0,UPI,Mobile App
ORD105297,03-15-2025,CUST1380,William Patterson,West,Non-stick Pan Set,Home & Kitchen,191.31,2.0,0.0,Debit Card,In-Store
ORD102385,16/05/2024,CUST1392,Ryan Fisher,south,Notebook Pack,Office Supplies,286.06,1.0,15.0,PayPal,Online
ORD102709,2025-10-04,CUST1450,Jessica Valdez,west,Toaster,Home & Kitchen,183.69,3.0,0.0,PayPal,Online
ORD100936,2025-04-09,CUST1818,Tina Davis,East,Cycling Helmet,Sports & Outdoors,172.74,1.0,0.0,PayPal,Mobile App
ORD101189,2024-07-01,CUST1756,Brittany Peterson,central,Non-stick Pan Set,Home & Kitchen,212.84,1.0,0.0,Credit Card,Online
ORD103472,03-09-2024,CUST1602,Brian Simmons,central,Yoga Mat,Sports & Outdoors,261.41,1.0,0.0,Debit Card,In-Store
ORD103517,2024-05-13,CUST1454,Bradley Anthony,west,Noise Cancelling Headphones,Electronics,221.9,2.0,0.0,PayPal,Mobile App
ORD100537,2025-03-12,CUST1064,Michael Snyder,north,Yoga Pants,Apparel,21.72,3.0,10.0,UPI,In-Store
ORD104750,2025-01-29,CUST1123,Kimberly Gibson,SOUTH,Desk Lamp,Office Supplies,10.4,2.0,5.0,Cash on Delivery,In-Store
ORD100475,06/01/2024,CUST1875,Audrey Johnson,NORTH,Camping Tent,Sports & Outdoors,13.02,3.0,0.0,UPI,Online
ORD104747,2024-10-18,CUST1700,Ashley Brown,central,Yoga Mat,Sports & Outdoors,66.0,4.0,0.0,UPI,In-Store
ORD101757,30/10/2024,CUST1176,Michael Watkins,NORTH,27in Monitor,Electronics,221.89,2.0,10.0,Debit Card,Online
ORD101830,2025-11-30,CUST1070,Chris Reyes,west,Water Bottle,Sports & Outdoors,63.0,1.0,10.0,Credit Card,Online
ORD104247,2024-04-30,CUST1077,David Murphy,West,Rice Cooker,Home & Kitchen,59.5,1.0,5.0,UPI,Mobile App
ORD104930,2025-12-21,CUST1242,Matthew Le,north,Power Bank,Electronics,369.14,1.0,0.0,Credit Card,Online
ORD101469,01/07/2025,CUST1040,Sherry Wood,East ,Camping Tent,Sports & Outdoors,106.29,1.0,5.0,PayPal,Online
ORD103377,2024-10-16,CUST1170,Renee Bruce, North,Bluetooth Speaker,Electronics,280.49,3.0,5.0,Debit Card,In-Store
ORD102402,2024-10-15,CUST1259,Veronica Silva,West,Toaster,Home & Kitchen,49.34,4.0,0.0,Cash on Delivery,In-Store
ORD103054,2024-04-12,CUST1201,Cynthia Wallace, South ,Cotton T-Shirt,Apparel,62.32,1.0,0.0,UPI,In-Store
ORD100798,22/10/2025,CUST1393,Austin Baker,West,Dumbbell Set,Sports & Outdoors,90.83,2.0,0.0,PayPal,Mobile App
ORD104465,12-11-2025,CUST1264,Matthew Fox,central,Cotton T-Shirt,Apparel,100.4,1.0,0.0,UPI,In-Store
ORD103416,10/03/2024,CUST1471,Samantha Robertson,West,Cycling Helmet,Sports & Outdoors,176.8,1.0,0.0,Credit Card,Mobile App
ORD101906,29/03/2025,CUST1020,David Bradley,SOUTH,Wool Sweater,Apparel,72.91,3.0,0.0,PayPal,Online
ORD100060,18/02/2025,CUST1095,Tiffany Vaughn,East,Denim Jacket,Apparel,87.51,2.0,0.0,PayPal,Mobile App
ORD101374,08/07/2024,CUST1083,Michael Burton,north,Non-stick Pan Set,Home & Kitchen,101.2,1.0,0.0,Cash on Delivery,Mobile App
ORD105577,2025-05-03,CUST1683,Joshua Brooks,East,Webcam HD,Electronics,335.89,1.0,0.0,Debit Card,Mobile App
ORD105224,2025/01/17,CUST1519,Danielle Reed,East ,Non-stick Pan Set,Home & Kitchen,113.86,4.0,0.0,Cash on Delivery,In-Store
ORD102276,17/10/2024,CUST1648,Gregory Fernandez,SOUTH,Wool Sweater,Apparel,74.86,3.0,0.0,Debit Card,Online
ORD104527,28/09/2024,CUST1653,Kellie Marsh,central,Whiteboard,Office Supplies,121.4,1.0,0.0,UPI,In-Store
ORD102862,2024-09-27,CUST1455,Martin Hughes,East,Coffee Maker,Home & Kitchen,138.68,4.0,0.0,Cash on Delivery,In-Store
ORD102057,2024-01-28,CUST1374,Sandra Juarez,West,Dumbbell Set,Sports & Outdoors,16.62,1.0,0.0,Debit Card,Mobile App
ORD104730,2025-10-02,CUST1540,James Brown,west,Power Bank,Electronics,322.2,3.0,5.0,UPI,Mobile App
ORD103484,21/03/2024,CUST1000,Allison Hill,south,Cotton T-Shirt,Apparel,77.88,3.0,0.0,PayPal,Mobile App
ORD100511,2025-08-13,CUST1420,Megan Green,west,Yoga Pants,Apparel,67.31,2.0,15.0,Credit Card,Mobile App
ORD101917,2025-04-19,CUST1062,Frances Cardenas,north,Air Fryer,Home & Kitchen,91.62,1.0,,UPI,In-Store
ORD100355,2025-07-17,CUST1502,Alicia Norris, North,Yoga Mat,Sports & Outdoors,56.27,1.0,10.0,PayPal,Mobile App
ORD103339,2025-09-13,CUST1152,Michael Stephens,CENTRAL,Camping Tent,Sports & Outdoors,49.93,4.0,0.0,Cash on Delivery,Online
ORD100216,2025-12-02,CUST1585,Heather Parrish,Central,Coffee Maker,Home & Kitchen,164.97,2.0,0.0,Debit Card,In-Store
ORD103366,2024-08-16,CUST1204,David Davidson,North,Rice Cooker,Home & Kitchen,105.72,1.0,5.0,PayPal,Mobile App
ORD105058,2024-01-09,CUST1608,Lee Ramsey,north,Denim Jacket,Apparel,16.19,2.0,0.0,UPI,Mobile App
ORD103269,2025-09-10,CUST1458,Joseph Camacho,South,Denim Jacket,Apparel,108.89,3.0,10.0,PayPal,Mobile App
ORD103565,07-13-2024,CUST1357,Rebecca Herrera,West,Water Bottle,Sports & Outdoors,21.57,1.0,0.0,UPI,Mobile App
ORD104933,2024-05-11,CUST1079,Mrs. Marie Harrington DDS,East,Toaster,Home & Kitchen,130.12,2.0,0.0,UPI,Mobile App
ORD104439,18/01/2024,CUST1733,Eric Cross,North,Webcam HD,Electronics,176.98,2.0,0.0,PayPal,Online
ORD105026,15/09/2024,CUST1165,Brandon Simmons,North,Mechanical Keyboard,Electronics,117.39,1.0,0.0,Debit Card,In-Store
ORD105358,10-17-2025,CUST1591,Nathan Stanley,CENTRAL,Smartwatch,Electronics,226.9,2.0,0.0,PayPal,In-Store
ORD101120,09/03/2024,CUST1588,Karen Mendoza,east,Cycling Helmet,Sports & Outdoors,263.45,1.0,0.0,Cash on Delivery,Online
ORD104011,06-29-2024,CUST1868,Caitlyn Nichols,North,Mechanical Keyboard,Electronics,302.42,1.0,0.0,Cash on Delivery,Online
ORD102128,2024-03-31,CUST1139,Crystal Pham,North,Noise Cancelling Headphones,Electronics,433.74,3.0,5.0,PayPal,Mobile App
ORD105772,2024-08-02,CUST1522,Robert Miller,East ,Ergonomic Chair,Office Supplies,217.9,1.0,5.0,Debit Card,Online
ORD102418,07/05/2025,CUST1323,Adam Jackson,Central,Whiteboard,Office Supplies,249.49,1.0,0.0,Cash on Delivery,Mobile App
ORD104668,2024-02-06,CUST1113,Shannon Rivera,east,Noise Cancelling Headphones,Electronics,64.38,2.0,0.0,UPI,In-Store
ORD101152,05/10/2025,CUST1536,Stacey Hunt, North,Vacuum Cleaner,Home & Kitchen,172.12,1.0,0.0,Debit Card,Mobile App
ORD100406,2025-03-10,CUST1374,Sandra Juarez, South ,Vacuum Cleaner,Home & Kitchen,57.43,1.0,0.0,PayPal,In-Store
ORD103358,2025/06/04,CUST1859,Derek Frazier,SOUTH,Noise Cancelling Headphones,Electronics,333.5,1.0,0.0,Debit Card,Online
ORD104420,01/11/2025,CUST1436,Anthony Guzman,East ,27in Monitor,Electronics,221.91,2.0,10.0,Debit Card,Mobile App
ORD100719,2025-11-24,CUST1103,Marc Lynch, North,Smartwatch,Electronics,129.53,1.0,0.0,Credit Card,In-Store
ORD103987,2025-04-07,CUST1887,Donald Gamble,central,Vacuum Cleaner,Home & Kitchen,62.58,3.0,5.0,PayPal,In-Store
ORD102799,2024-01-05,CUST1366,Joshua Jackson, North,Blender,Home & Kitchen,135.02,1.0,0.0,Credit Card,Mobile App
ORD105473,07-12-2025,CUST1751,Kristen Smith,west,Camping Tent,Sports & Outdoors,203.69,2.0,0.0,Credit Card,Mobile App
ORD100592,2024/01/14,CUST1695,Patricia Anderson,central,Cotton T-Shirt,Apparel,118.42,1.0,0.0,UPI,Mobile App
ORD100067,31/07/2024,CUST1101,David Grant,East ,Dumbbell Set,Sports & Outdoors,99.95,2.0,15.0,PayPal,Mobile App
ORD103055,16/08/2025,CUST1233,Victoria Contreras, South ,Cycling Helmet,Sports & Outdoors,166.69,1.0,10.0,PayPal,In-Store
ORD104642,2024-02-08,CUST1158,Kelly Reese,Central,Running Shoes,Apparel,27.29,1.0,10.0,Credit Card,Online
ORD102339,2024-08-31,CUST1425,Jessica Ramsey,West,Desk Lamp,Office Supplies,187.81,2.0,10.0,Credit Card,Mobile App
ORD104820,2025-07-12,CUST1384,Karen Perez,east,Wool Sweater,Apparel,111.24,1.0,0.0,Debit Card,In-Store
ORD101587,09-09-2024,CUST1621,Travis Vega,North,Water Bottle,Sports & Outdoors,217.69,2.0,10.0,PayPal,In-Store
ORD102035,2025-12-29,CUST1618,Austin Schultz,north,Webcam HD,Electronics,74.82,1.0,15.0,Debit Card,Online
ORD102950,2024-02-08,CUST1884,Ronnie Roberts,west,Toaster,Home & Kitchen,73.3,5.0,0.0,Debit Card,In-Store
ORD100410,2024-05-04,CUST1352,Brent Bowen, South ,Ergonomic Chair,Office Supplies,162.95,1.0,0.0,Cash on Delivery,Online
ORD101643,2024-08-11,CUST1342,Douglas Hartman,Central,Noise Cancelling Headphones,Electronics,233.58,1.0,0.0,PayPal,Online
ORD104291,2025-01-25,CUST1429,Rachael Howard DDS,West,USB-C Hub,Electronics,326.58,1.0,0.0,PayPal,Mobile App
ORD102268,06/04/2024,CUST1457,Rhonda Gutierrez,CENTRAL,Water Bottle,Sports & Outdoors,224.79,1.0,20.0,UPI,Online
ORD104493,23/06/2024,CUST1301,Sheryl Buck,north,Bluetooth Speaker,Electronics,447.89,1.0,10.0,PayPal,Mobile App
ORD105940,2025-12-02,CUST1748,Keith Choi,NORTH,Toaster,Home & Kitchen,172.15,1.0,0.0,PayPal,Online
ORD103674,2024-10-28,CUST1380,William Patterson,North,Notebook Pack,Office Supplies,185.25,2.0,0.0,Debit Card,Online
ORD104546,2025-09-13,CUST1667,Michael Howard,East,Non-stick Pan Set,Home & Kitchen,46.72,2.0,0.0,Cash on Delivery,Mobile App
ORD104809,23/03/2025,CUST1319,Megan Drake,south,Running Shoes,Apparel,113.24,1.0,0.0,Debit Card,In-Store
ORD105493,13/02/2024,CUST1139,Crystal Pham,west,Cotton T-Shirt,Apparel,32.92,1.0,10.0,Debit Card,In-Store
ORD102650,10-20-2025,CUST1069,Jeremiah Reeves, South ,Cotton T-Shirt,Apparel,117.56,3.0,5.0,PayPal,Mobile App
ORD101343,2025-11-11,CUST1402,Carol Moore,West,Whiteboard,Office Supplies,42.68,2.0,15.0,UPI,In-Store
ORD103592,2025/02/05,CUST1454,Bradley Anthony,West,Toaster,Home & Kitchen,47.01,2.0,0.0,Debit Card,In-Store
ORD104292,2024-07-15,CUST1817,Karen Bradley,East ,Dumbbell Set,Sports & Outdoors,272.84,1.0,20.0,PayPal,Online
ORD105983,2024-10-17,CUST1637,Richard Kelly,East ,Toaster,Home & Kitchen,104.24,1.0,20.0,Cash on Delivery,In-Store
ORD100180,2025-01-27,CUST1254,William Becker, North,Toaster,Home & Kitchen,153.85,1.0,0.0,PayPal,In-Store
ORD103371,19/02/2024,CUST1796,Michael Washington,SOUTH,Desk Lamp,Office Supplies,295.3,1.0,0.0,Cash on Delivery,In-Store
ORD102648,2024-08-09,CUST1404,Cassidy Horne,central,Dumbbell Set,Sports & Outdoors,60.47,1.0,10.0,PayPal,Mobile App
ORD104679,2024-11-16,CUST1323,Adam Jackson,East ,Notebook Pack,Office Supplies,60.77,1.0,0.0,Debit Card,In-Store
ORD101434,2024-08-05,CUST1074,Stephanie Freeman,SOUTH,Coffee Maker,Home & Kitchen,183.63,3.0,0.0,Debit Card,Online
ORD104204,2024-03-01,CUST1202,Vincent Mueller,East,Running Shoes,Apparel,90.2,1.0,15.0,UPI,In-Store
ORD103452,07-18-2024,CUST1610,Tara Holmes, West,Blender,Home & Kitchen,199.23,1.0,0.0,UPI,Mobile App
ORD103262,2024-09-13,CUST1800,Joseph Graham,East,Smartwatch,Electronics,148.77,4.0,0.0,Cash on Delivery,In-Store
ORD101424,2025-05-19,CUST1646,Julie Pitts,North,Coffee Maker,Home & Kitchen,128.88,2.0,5.0,UPI,Mobile App
ORD105009,2024-12-02,CUST1317,, West,Bluetooth Speaker,Electronics,358.69,1.0,,,Online
ORD103435,2024-08-13,CUST1235,Dr. Cynthia Snyder,CENTRAL,Noise Cancelling Headphones,Electronics,401.72,1.0,10.0,Cash on Delivery,In-Store
ORD101634,2024/07/06,CUST1113,Shannon Rivera, North,Noise Cancelling Headphones,Electronics,347.81,2.0,0.0,PayPal,Mobile App
ORD104413,2025-11-16,CUST1779,Lisa Dixon,Central,Smartwatch,Electronics,103.33,1.0,0.0,Debit Card,Mobile App
ORD104289,2024/05/18,CUST1351,Todd Thomas,East ,Camping Tent,Sports & Outdoors,84.14,2.0,15.0,UPI,Online
ORD101352,2024-10-24,CUST1736,Kyle Smith,west,Electric Kettle,Home & Kitchen,106.99,4.0,5.0,UPI,Online
ORD102509,2024-01-12,CUST1593,Kayla Jackson,Central,Cycling Helmet,Sports & Outdoors,177.27,1.0,0.0,Debit Card,Online
ORD101840,2024-01-24,CUST1894,Richard Jenkins,East ,Running Shoes,Apparel,113.92,1.0,0.0,Debit Card,In-Store
ORD101331,2024/06/18,CUST1224,Mitchell Jackson,East,Camping Tent,Sports & Outdoors,259.35,1.0,0.0,UPI,Online
ORD101959,05/11/2025,CUST1407,John Campbell, North,Rice Cooker,Home & Kitchen,47.0,3.0,0.0,Debit Card,In-Store
ORD105432,22/01/2025,CUST1569,Danielle Gonzalez,South,27in Monitor,Electronics,82.21,1.0,0.0,Credit Card,Mobile App
ORD100315,06-23-2024,CUST1519,Danielle Reed,central,Yoga Pants,Apparel,82.02,1.0,0.0,Cash on Delivery,Online
ORD103020,2025-06-19,CUST1182,Anita Richard,North,Power Bank,Electronics,26.16,1.0,0.0,UPI,In-Store
ORD103450,2025-02-24,CUST1497,James Chapman, West,Notebook Pack,Office Supplies,339.46,1.0,0.0,Debit Card,Online
ORD104121,2025-05-06,CUST1651,Adam Brooks,Central,Yoga Pants,Apparel,95.81,1.0,0.0,Cash on Delivery,Mobile App
ORD103579,2025-01-06,CUST1891,Mark Jones,south,Noise Cancelling Headphones,Electronics,114.75,1.0,0.0,Cash on Delivery,Mobile App
ORD103722,24/08/2024,CUST1028,Victoria Garcia,north,Non-stick Pan Set,Home & Kitchen,138.02,1.0,10.0,Credit Card,In-Store
ORD102022,2024-08-25,CUST1239,Amy Martinez,north,Water Bottle,Sports & Outdoors,190.87,2.0,0.0,UPI,In-Store
ORD104452,2025/11/22,CUST1742,Lisa Rodriguez, West,Smartwatch,Electronics,231.26,3.0,0.0,Debit Card,Mobile App
ORD101597,2024-04-29,CUST1124,Reginald Williams,north,Yoga Mat,Sports & Outdoors,216.97,2.0,0.0,Debit Card,Online
ORD102906,2024-06-11,CUST1523,Jillian Wilson,south,Wireless Mouse,Electronics,443.58,1.0,20.0,PayPal,In-Store
ORD102238,2025-03-12,CUST1523,Jillian Wilson,SOUTH,Toaster,Home & Kitchen,142.72,5.0,0.0,PayPal,Mobile App
ORD103237,2024-11-30,CUST1746,Mrs. Felicia Castro DDS, North,Water Bottle,Sports & Outdoors,72.58,1.0,0.0,Debit Card,In-Store
ORD101588,05-30-2025,CUST1332,Michelle Miller,West,Denim Jacket,Apparel,18.49,2.0,10.0,PayPal,Mobile App
ORD105622,2024-06-14,CUST1578,Donna Marshall,CENTRAL,Coffee Maker,Home & Kitchen,215.27,4.0,0.0,UPI,In-Store
ORD100970,01-16-2024,CUST1046,Sandra Aguilar, West,Noise Cancelling Headphones,Electronics,342.68,4.0,20.0,Debit Card,Online
ORD104090,20/06/2025,CUST1559,Laura Perez,north,27in Monitor,Electronics,25.02,1.0,20.0,Debit Card,Mobile App
ORD102807,2025-08-22,CUST1021,Kim Martinez,west,Air Fryer,Home & Kitchen,208.46,1.0,20.0,Credit Card,Mobile App
ORD104844,2025-05-15,CUST1169,John Boone, South ,Bluetooth Speaker,Electronics,148.53,1.0,20.0,Cash on Delivery,In-Store
ORD101178,2024-08-20,CUST1266,Courtney Dudley,East,USB-C Hub,Electronics,325.59,4.0,0.0,Credit Card,In-Store
ORD101254,2025-07-03,CUST1406,Michael Williams,south,Non-stick Pan Set,Home & Kitchen,160.36,2.0,0.0,Cash on Delivery,In-Store
ORD105426,2025-07-10,CUST1880,Jill Riddle,north,27in Monitor,Electronics,204.32,1.0,10.0,Credit Card,Mobile App
ORD101709,01/07/2025,CUST1590,Christopher Nielsen,CENTRAL,Toaster,Home & Kitchen,154.99,1.0,20.0,Cash on Delivery,In-Store
ORD104287,2024-03-03,CUST1577,Kimberly Valdez, West,USB-C Hub,Electronics,306.84,2.0,0.0,Credit Card,Mobile App
ORD102436,10-10-2025,CUST1155,Robin Hall,Central,Ergonomic Chair,Office Supplies,147.53,1.0,5.0,PayPal,Mobile App
ORD104285,2025/06/02,CUST1196,James Conner, West,Mechanical Keyboard,Electronics,332.59,3.0,5.0,Credit Card,Mobile App
ORD101250,09/02/2025,CUST1537,Miguel Parks,South,Toaster,Home & Kitchen,88.71,1.0,0.0,Cash on Delivery,Online
ORD100434,23/02/2025,CUST1627,Joyce Martinez,West,Dumbbell Set,Sports & Outdoors,66.68,2.0,0.0,Credit Card,Online
ORD105304,2024-04-01,CUST1752,Andre Terrell,central,Whiteboard,Office Supplies,193.12,3.0,0.0,Credit Card,Mobile App
ORD103201,2025/12/21,CUST1649,Adam Mills,central,Desk Lamp,Office Supplies,53.83,3.0,0.0,Cash on Delivery,Online
ORD101386,09-15-2024,CUST1247,Kayla Rodriguez,North,Cycling Helmet,Sports & Outdoors,242.24,2.0,15.0,Cash on Delivery,Mobile App
ORD105962,2025-05-02,CUST1020,David Bradley,CENTRAL,Webcam HD,Electronics,284.97,5.0,10.0,Debit Card,In-Store
ORD101042,2024-11-17,CUST1652,Miguel Brewer,NORTH,Standing Desk,Office Supplies,38.16,3.0,10.0,Cash on Delivery,In-Store
ORD100689,2024-05-25,CUST1399,Gregory Holmes PhD,west,Power Bank,Electronics,433.48,1.0,0.0,PayPal,In-Store
ORD101780,31/03/2025,CUST1643,Shawn Kelley,SOUTH,Camping Tent,Sports & Outdoors,110.91,1.0,5.0,Debit Card,Mobile App
ORD101047,2025/10/19,CUST1315,Kelly Combs,Central,Standing Desk,Office Supplies,226.9,1.0,10.0,Debit Card,Mobile App
ORD105676,2024-08-12,CUST1054,Victoria Johnson,North,Toaster,Home & Kitchen,173.6,1.0,0.0,Credit Card,In-Store
ORD102972,14/05/2024,CUST1447,Rachel Lane,East,USB-C Hub,Electronics,390.31,1.0,15.0,Credit Card,Mobile App
ORD104019,11-05-2025,CUST1765,Michelle Lambert,SOUTH,Noise Cancelling Headphones,Electronics,182.02,4.0,0.0,Debit Card,Mobile App
ORD100262,2025-08-08,CUST1277,Todd Rosales MD,central,Desk Lamp,Office Supplies,86.34,1.0,10.0,Cash on Delivery,Mobile App
ORD100350,27/07/2024,CUST1707,Charlotte Mason,North,USB-C Hub,Electronics,443.0,2.0,10.0,Credit Card,In-Store
ORD102765,15/07/2025,CUST1328,Jasmine Mosley,South,Noise Cancelling Headphones,Electronics,86.11,1.0,15.0,Credit Card,Online
ORD105630,12-06-2025,CUST1614,Jordan Powell,East,Camping Tent,Sports & Outdoors,253.96,3.0,0.0,Cash on Delivery,In-Store
ORD100168,2024-09-05,CUST1151,Teresa Ramirez,NORTH,Electric Kettle,Home & Kitchen,164.28,2.0,10.0,Credit Card,Online
ORD101151,2025/08/22,CUST1126,Evelyn Garcia,SOUTH,Bluetooth Speaker,Electronics,54.98,5.0,10.0,Debit Card,Online
ORD103157,2024-01-19,CUST1152,Michael Stephens, West,Water Bottle,Sports & Outdoors,186.68,3.0,0.0,Credit Card,In-Store
ORD104755,09/05/2025,CUST1753,Richard Parker,west,Denim Jacket,Apparel,20.76,2.0,10.0,Credit Card,Online
ORD103139,09-16-2024,CUST1160,Judith Maynard,SOUTH,Denim Jacket,Apparel,27.73,4.0,15.0,PayPal,Mobile App
ORD102387,2025-08-05,CUST1886,Sandra Kennedy,East ,Cycling Helmet,Sports & Outdoors,90.33,5.0,0.0,Cash on Delivery,In-Store
ORD104584,15/03/2025,CUST1634,Brett Martin,SOUTH,Air Fryer,Home & Kitchen,129.09,2.0,5.0,Debit Card,Mobile App
ORD102588,2025-07-31,CUST1396,Brittney Murphy,central,Cycling Helmet,Sports & Outdoors,170.0,1.0,0.0,UPI,In-Store
ORD104399,11/12/2025,CUST1493,Abigail Hill,south,Running Shoes,Apparel,89.37,5.0,0.0,PayPal,Mobile App
ORD103814,2024-01-23,CUST1366,Joshua Jackson,south,Dumbbell Set,Sports & Outdoors,38.84,2.0,0.0,Debit Card,Online
ORD104991,2024-05-15,CUST1048,Stacey Russell, West,Coffee Maker,Home & Kitchen,95.64,1.0,0.0,UPI,Mobile App
ORD102294,2024/03/15,CUST1324,Shannon Davis,West,27in Monitor,Electronics,412.66,1.0,0.0,PayPal,Online
ORD102800,07/08/2024,CUST1723,Ricardo Franklin,North,Notebook Pack,Office Supplies,0.0,1.0,0.0,Credit Card,Online
ORD103492,2024-06-16,CUST1469,William Ramos,East,Electric Kettle,Home & Kitchen,55.56,2.0,0.0,UPI,Mobile App
ORD100284,2025/10/16,CUST1749,John Johnson,south,Wool Sweater,Apparel,76.53,1.0,15.0,PayPal,Online
ORD102037,2024-06-04,CUST1546,William Jones,NORTH,Cotton T-Shirt,Apparel,80.98,2.0,0.0,Debit Card,Mobile App
ORD101404,05-23-2024,CUST1870,Jacob Harris,NORTH,Bluetooth Speaker,Electronics,258.29,3.0,10.0,Debit Card,Mobile App
ORD100517,24/09/2024,CUST1378,Frank Campbell MD,NORTH,Whiteboard,Office Supplies,69.37,2.0,10.0,Debit Card,In-Store
ORD102065,2025-02-18,CUST1579,Victor Holden,West,Yoga Pants,Apparel,88.35,1.0,20.0,Credit Card,Online
ORD105740,2025-12-24,CUST1809,Tammy Hill, North,Blender,Home & Kitchen,76.1,2.0,5.0,UPI,In-Store
ORD104142,2025-08-27,CUST1547,Justin Anderson,west,Yoga Pants,Apparel,81.55,2.0,15.0,Debit Card,Online
ORD100657,2025/09/29,CUST1484,Jason Price,central,Power Bank,Electronics,159.24,1.0,0.0,PayPal,In-Store
ORD102477,07/12/2024,CUST1112,Robert Costa,North,Power Bank,Electronics,222.12,1.0,0.0,UPI,In-Store
ORD103807,2024-07-24,CUST1572,Caroline Edwards,West,Bluetooth Speaker,Electronics,195.61,1.0,15.0,Credit Card,Mobile App
ORD102537,2024/02/05,CUST1076,James Elliott,north,27in Monitor,Electronics,331.9,5.0,15.0,Credit Card,Mobile App
ORD104333,2025-02-13,CUST1518,Krystal Levine,central,Smartwatch,Electronics,223.38,2.0,5.0,PayPal,Online
ORD104276,15/06/2024,CUST1583,Michael Boyd,NORTH,Bluetooth Speaker,Electronics,162.15,5.0,10.0,Credit Card,In-Store
ORD101798,2024-09-12,CUST1057,Lisa Alvarado,CENTRAL,Bluetooth Speaker,Electronics,117.72,1.0,0.0,Debit Card,Online
ORD102902,2024-11-14,CUST1580,Travis Hopkins,CENTRAL,Coffee Maker,Home & Kitchen,120.45,2.0,0.0,UPI,In-Store
ORD101065,29/04/2025,CUST1514,Michael Brown,NORTH,Notebook Pack,Office Supplies,154.49,2.0,0.0,Cash on Delivery,In-Store
ORD104249,2025/10/29,CUST1263,Tami Salas,West,Webcam HD,Electronics,222.39,5.0,0.0,Cash on Delivery,In-Store
ORD100963,13/07/2025,CUST1408,Eddie Mueller,west,Power Bank,Electronics,127.59,2.0,5.0,Credit Card,Mobile App
ORD103913,2025-03-07,CUST1411,Oscar Parker,South,Cotton T-Shirt,Apparel,39.01,5.0,10.0,Credit Card,Online
ORD101571,24/07/2025,CUST1698,Kirk Johnson,central,Power Bank,Electronics,131.34,1.0,15.0,UPI,In-Store
ORD101192,2025-10-03,CUST1696,Christina Gilbert,central,Power Bank,Electronics,129.62,2.0,5.0,PayPal,In-Store
ORD103061,12/09/2024,CUST1173,Cindy Barnes, West,Notebook Pack,Office Supplies,251.08,3.0,0.0,Credit Card,In-Store
ORD105809,2024-11-26,CUST1605,David Logan,North,Rice Cooker,Home & Kitchen,201.36,1.0,10.0,Credit Card,In-Store
ORD104558,10/12/2025,CUST1809,Tammy Hill,SOUTH,Wool Sweater,Apparel,65.55,1.0,,PayPal,Online
ORD105924,2024-04-16,CUST1420,Megan Green,South,Mechanical Keyboard,Electronics,272.14,1.0,20.0,Debit Card,Online
ORD101541,19/05/2025,CUST1802,Marissa Nelson,east,Vacuum Cleaner,Home & Kitchen,149.32,2.0,5.0,Credit Card,Online
ORD103575,2025/01/26,CUST1650,Katherine Campos, North,Coffee Maker,Home & Kitchen,105.62,2.0,0.0,Credit Card,Online
ORD103823,2025-08-09,CUST1022,Lisa Brandt,West,Desk Lamp,Office Supplies,163.23,4.0,0.0,PayPal,In-Store
ORD104996,25/09/2025,CUST1348,Matthew Williams,central,Wool Sweater,Apparel,87.66,1.0,0.0,Debit Card,Online
ORD103902,2025/12/01,CUST1732,Krystal Keller,South,Standing Desk,Office Supplies,303.76,3.0,5.0,Credit Card,In-Store
ORD104834,25/03/2024,CUST1051,Courtney Velasquez, West,Desk Lamp,Office Supplies,253.64,1.0,0.0,Cash on Delivery,Mobile App
ORD103510,2024-12-27,CUST1388,Bryce Blair,East ,Toaster,Home & Kitchen,47.53,2.0,15.0,Cash on Delivery,Mobile App
ORD102515,2024-08-13,CUST1579,Victor Holden,east,Bluetooth Speaker,Electronics,181.25,5.0,5.0,Cash on Delivery,In-Store
ORD104489,10-15-2024,CUST1589,Andrew Berry,south,Yoga Pants,Apparel,90.88,1.0,0.0,UPI,In-Store
ORD105105,2025/05/08,CUST1120,Thomas Romero,East ,Power Bank,Electronics,441.61,2.0,0.0,UPI,Mobile App
ORD102681,2025-08-05,CUST1248,Anthony Dougherty,East ,Notebook Pack,Office Supplies,273.82,5.0,0.0,Credit Card,In-Store
ORD103413,2024-07-23,CUST1627,Joyce Martinez, North,Water Bottle,Sports & Outdoors,132.63,1.0,5.0,Cash on Delivery,Online
ORD101983,2025-03-14,CUST1241,Denise Weber, South ,Rice Cooker,Home & Kitchen,149.96,3.0,0.0,Credit Card,Online
ORD100807,2025-12-01,CUST1127,Jennifer Pena, South ,Noise Cancelling Headphones,Electronics,186.05,5.0,0.0,Credit Card,In-Store
ORD101269,07-06-2025,CUST1660,Ray Ramos, South ,Yoga Mat,Sports & Outdoors,185.42,4.0,0.0,Debit Card,Online
ORD105486,11/04/2025,CUST1199,Kimberly Rodgers,SOUTH,Wireless Mouse,Electronics,293.46,3.0,10.0,Credit Card,In-Store
ORD100756,2024/08/31,CUST1209,Luis Bullock,NORTH,Running Shoes,Apparel,29.44,1.0,5.0,Cash on Delivery,In-Store
ORD103043,2024-09-01,CUST1511,Charles Holland,east,Running Shoes,Apparel,66.46,1.0,0.0,Cash on Delivery,Mobile App
ORD101171,19/12/2025,CUST1737,Anthony Bailey,north,Smartwatch,Electronics,326.05,2.0,0.0,Cash on Delivery,Online
ORD103361,04/02/2024,CUST1348,Matthew Williams,East ,27in Monitor,Electronics,415.39,2.0,0.0,Cash on Delivery,Online
ORD101889,2025-10-14,CUST1154,Gavin Zhang,East,Noise Cancelling Headphones,Electronics,398.45,3.0,0.0,PayPal,Mobile App
ORD105698,2024-11-18,CUST1207,Zachary Brooks, West,Coffee Maker,Home & Kitchen,71.85,4.0,0.0,UPI,Online
ORD100566,2024-01-26,CUST1546,William Jones,East,Bluetooth Speaker,Electronics,440.66,1.0,0.0,UPI,Online
ORD103647,2025-01-19,CUST1767,Pamela Ruiz,East ,Running Shoes,Apparel,82.09,2.0,0.0,Cash on Delivery,Mobile App
ORD104990,2025-08-24,CUST1153,Samantha Davis, North,27in Monitor,Electronics,126.04,1.0,10.0,PayPal,Mobile App
ORD101441,04/12/2024,CUST1582,Heather Harrison,East ,Water Bottle,Sports & Outdoors,53.81,3.0,0.0,PayPal,Online
ORD101849,02/05/2025,CUST1010,Andrew Stewart,East,Power Bank,Electronics,178.17,1.0,0.0,Credit Card,Online
ORD101504,2025/08/03,CUST1158,Kelly Reese,south,Denim Jacket,Apparel,115.45,4.0,5.0,Debit Card,Mobile App
ORD104557,2025-12-21,CUST1676,Steve Miller PhD,NORTH,Blender,Home & Kitchen,20.04,2.0,0.0,PayPal,Online
ORD101777,2024-09-09,CUST1873,Michael Wells,East ,Smartwatch,Electronics,320.29,1.0,0.0,PayPal,In-Store
ORD105266,2024-01-19,CUST1009,Joel Nelson,north,Non-stick Pan Set,Home & Kitchen,193.52,1.0,5.0,Cash on Delivery,Mobile App
ORD104173,2024-05-18,CUST1750,Julia Olsen,North,Air Fryer,Home & Kitchen,112.04,1.0,0.0,PayPal,Mobile App
ORD104462,05-15-2024,CUST1334,Brandon Jordan,CENTRAL,Dumbbell Set,Sports & Outdoors,168.03,2.0,0.0,Credit Card,Mobile App
ORD102513,2024-09-16,CUST1491,Brittany Gay,West,Noise Cancelling Headphones,Electronics,178.89,-1.0,0.0,Debit Card,Mobile App
ORD103497,2025/03/13,CUST1441,Michael Anderson, West,27in Monitor,Electronics,104.17,1.0,10.0,Cash on Delivery,Mobile App
ORD103631,29/11/2025,CUST1131,Ashlee Jackson,south,Wireless Mouse,Electronics,181.06,1.0,10.0,Cash on Delivery,In-Store
ORD104925,10/04/2024,CUST1750,Julia Olsen,East,Camping Tent,Sports & Outdoors,290.2,1.0,5.0,Debit Card,Mobile App
ORD105479,2025-06-17,CUST1360,Leslie Powers,North,Bluetooth Speaker,Electronics,56.53,1.0,15.0,UPI,Mobile App
ORD105412,2025-05-12,CUST1116,Peter Garrett,west,Cycling Helmet,Sports & Outdoors,272.61,2.0,0.0,Debit Card,In-Store
ORD105829,11/01/2025,CUST1790,Angela Schultz,North,Cycling Helmet,Sports & Outdoors,231.08,1.0,10.0,Debit Card,Mobile App
ORD102956,2025-08-06,CUST1097,Adrian Ferguson,SOUTH,Coffee Maker,Home & Kitchen,208.29,2.0,15.0,Debit Card,In-Store
ORD101958,2024/06/24,CUST1849,Stephanie Butler,south,Water Bottle,Sports & Outdoors,195.32,3.0,10.0,PayPal,Mobile App
ORD101604,2025-04-02,CUST1288,Daniel Aguilar,Central,Mechanical Keyboard,Electronics,326.31,2.0,0.0,Credit Card,In-Store
ORD105657,2025-11-20,CUST1793,Mary Carter,south,Cotton T-Shirt,Apparel,88.29,1.0,20.0,UPI,In-Store
ORD101637,2024-01-13,CUST1311,Ryan Rocha,south,Ergonomic Chair,Office Supplies,26.37,5.0,10.0,Cash on Delivery,Online
ORD104681,19/05/2025,CUST1217,Carrie Maxwell, South ,Toaster,Home & Kitchen,70.38,4.0,20.0,PayPal,Online
ORD101767,2025-03-08,CUST1224,Mitchell Jackson,East,Yoga Pants,Apparel,88.32,1.0,15.0,Debit Card,Mobile App
ORD102292,2025-08-20,CUST1474,Madison Martinez,Central,Power Bank,Electronics,312.29,2.0,0.0,PayPal,Mobile App
ORD104972,2024-05-07,CUST1529,Ashley Carr,NORTH,Portable SSD 1TB,Electronics,431.07,1.0,0.0,Cash on Delivery,In-Store
ORD105507,2025-08-11,CUST1460,Lisa Martinez,west,Wool Sweater,Apparel,54.48,1.0,20.0,PayPal,In-Store
ORD105920,29/02/2024,CUST1585,Heather Parrish,Central,Wool Sweater,Apparel,84.92,2.0,15.0,UPI,In-Store
ORD102310,09/09/2025,CUST1176,Michael Watkins,east,Blender,Home & Kitchen,166.56,1.0,15.0,Cash on Delivery,Online
ORD105896,2025-07-26,CUST1754,David Hayes DVM,East ,Ergonomic Chair,Office Supplies,70.06,1.0,0.0,Credit Card,In-Store
ORD102742,2025-02-15,CUST1368,Jeffery Fitzgerald,South,Wool Sweater,Apparel,90.47,2.0,0.0,Debit Card,Mobile App
ORD100678,2024-06-15,CUST1749,John Johnson,east,Cycling Helmet,Sports & Outdoors,155.66,1.0,20.0,Debit Card,In-Store
ORD103056,2025-04-30,CUST1798,Mark Clark,SOUTH,Ergonomic Chair,Office Supplies,277.19,1.0,10.0,Debit Card,In-Store
ORD101161,2025-10-12,CUST1332,Michelle Miller,South,Notebook Pack,Office Supplies,129.81,5.0,0.0,Debit Card,Online
ORD104797,2025-08-01,CUST1846,Laura Tran,East ,Running Shoes,Apparel,89.76,1.0,,,Online
ORD102713,2025-10-22,CUST1886,Sandra Kennedy,north,Wool Sweater,Apparel,42.0,1.0,0.0,UPI,Online
ORD100401,2025/11/30,CUST1187,Jeremy Turner,central,Denim Jacket,Apparel,65.04,1.0,15.0,Debit Card,In-Store
ORD100540,2024-10-17,CUST1723,Ricardo Franklin,North,Ergonomic Chair,Office Supplies,309.07,1.0,5.0,UPI,Mobile App
ORD104013,2025-09-07,CUST1039,Kristine Garcia,South,Bluetooth Speaker,Electronics,194.74,1.0,15.0,Debit Card,Online
ORD105325,2025-05-16,CUST1419,Amanda Huff,NORTH,Yoga Mat,Sports & Outdoors,156.29,3.0,0.0,Credit Card,Mobile App
ORD102990,15/01/2025,CUST1090,Robert Peterson,West,Cycling Helmet,Sports & Outdoors,295.2,2.0,0.0,Cash on Delivery,Online
ORD104397,2024-11-21,CUST1053,Meghan Anthony,East,Running Shoes,Apparel,67.4,2.0,5.0,Debit Card,Mobile App
ORD105388,2024-01-31,CUST1272,Vanessa Moore,CENTRAL,Electric Kettle,Home & Kitchen,48.64,3.0,0.0,Debit Card,In-Store
ORD102404,2025-04-02,CUST1858,Mrs. Ashley Mendoza,north,Rice Cooker,Home & Kitchen,162.81,2.0,0.0,PayPal,In-Store
ORD104538,2024-05-20,CUST1771,Jennifer Gutierrez,CENTRAL,Water Bottle,Sports & Outdoors,18.53,4.0,10.0,PayPal,Online
ORD105121,2024-09-26,CUST1554,Jaime Lang,North,Portable SSD 1TB,Electronics,93.21,4.0,5.0,Debit Card,Mobile App
ORD105310,2025-08-10,CUST1392,Ryan Fisher,West,Portable SSD 1TB,Electronics,260.5,3.0,5.0,UPI,Online
ORD105713,2025-11-06,CUST1720,Jacqueline Christian,South,Water Bottle,Sports & Outdoors,294.37,4.0,0.0,PayPal,Mobile App
ORD102001,31/01/2024,CUST1862,Brian Hernandez,west,Toaster,Home & Kitchen,130.05,2.0,0.0,Credit Card,In-Store
ORD104150,2025/08/16,CUST1889,Laura Bruce,East ,Toaster,Home & Kitchen,77.18,4.0,0.0,Debit Card,In-Store
ORD105416,2025/01/14,CUST1432,Joseph Moody,West,Yoga Mat,Sports & Outdoors,135.99,2.0,0.0,Cash on Delivery,Online
ORD105514,11/01/2025,CUST1877,Tina Daugherty,East,Electric Kettle,Home & Kitchen,123.05,1.0,0.0,Credit Card,Online
ORD101982,2024-04-22,CUST1170,Renee Bruce,East ,Whiteboard,Office Supplies,21.41,1.0,5.0,Cash on Delivery,In-Store
ORD104021,09-25-2024,CUST1897,Tracy Jackson,central,Webcam HD,Electronics,313.85,3.0,10.0,PayPal,Mobile App
ORD105044,12/01/2025,CUST1414,Angela Bradley,West,Electric Kettle,Home & Kitchen,99.41,2.0,10.0,PayPal,Online
ORD105436,2025-12-17,CUST1343,Catherine Saunders MD,NORTH,Dumbbell Set,Sports & Outdoors,277.73,1.0,10.0,Cash on Delivery,In-Store
ORD102834,21/09/2024,CUST1472,Samuel Suarez,North,Bluetooth Speaker,Electronics,429.79,1.0,10.0,Credit Card,Mobile App
ORD102696,2025-10-09,CUST1242,Matthew Le,CENTRAL,Blender,Home & Kitchen,53.77,1.0,5.0,UPI,In-Store
ORD102607,2025/01/22,CUST1128,Michael Santos, West,Running Shoes,Apparel,102.24,3.0,10.0,Cash on Delivery,Online
ORD100952,2025-12-24,CUST1215,James Burgess,CENTRAL,Air Fryer,Home & Kitchen,216.35,1.0,0.0,Cash on Delivery,Online
ORD101305,10-03-2024,CUST1584,Jamie Gray,Central,Noise Cancelling Headphones,Electronics,111.34,2.0,10.0,Credit Card,Online
ORD103696,2024-07-03,CUST1621,Travis Vega,CENTRAL,Power Bank,Electronics,203.25,1.0,15.0,PayPal,Online
ORD103864,2025-07-02,CUST1067,Jessica Meadows, West,Running Shoes,Apparel,102.71,1.0,0.0,Cash on Delivery,Online
ORD103100,2024-01-12,CUST1489,Julie Wilson,East ,Standing Desk,Office Supplies,72.46,1.0,15.0,Debit Card,Online
ORD105263,2025-03-16,CUST1241,Denise Weber, North,Cotton T-Shirt,Apparel,72.49,1.0,0.0,Debit Card,In-Store
ORD104022,2024-01-03,CUST1825,Charles Valdez,west,Wool Sweater,Apparel,28.16,5.0,10.0,Cash on Delivery,Online
ORD102153,2024-04-07,CUST1172,,south,Water Bottle,Sports & Outdoors,274.07,1.0,,,Online
ORD102330,2025-09-25,CUST1515,Meghan White, West,Noise Cancelling Headphones,Electronics,85.03,2.0,0.0,Credit Card,Mobile App
ORD102239,27/02/2025,CUST1322,Shannon Malone,south,Bluetooth Speaker,Electronics,377.95,1.0,0.0,Cash on Delivery,In-Store
ORD101524,2025-01-10,CUST1562,Preston Kim,east,Portable SSD 1TB,Electronics,75.43,1.0,0.0,Debit Card,Online
ORD100413,31/03/2025,CUST1660,Ray Ramos, West,27in Monitor,Electronics,158.23,2.0,0.0,PayPal,Mobile App
ORD103083,2025-08-13,CUST1814,Jonathan Delgado,West,USB-C Hub,Electronics,118.3,2.0,15.0,UPI,Mobile App
ORD104593,2025/04/14,CUST1894,Richard Jenkins, North,Notebook Pack,Office Supplies,168.18,2.0,5.0,Cash on Delivery,In-Store
ORD102897,2024-08-21,CUST1008,Daniel Adams,south,Coffee Maker,Home & Kitchen,92.39,3.0,5.0,Credit Card,Online
ORD105248,2024/06/05,CUST1028,Victoria Garcia,South,Denim Jacket,Apparel,112.51,1.0,5.0,PayPal,Online
ORD100312,2024-10-10,CUST1283,Stephanie Padilla,east,Yoga Pants,Apparel,44.68,2.0,5.0,PayPal,Online
ORD100638,2024-07-03,CUST1538,Melissa Morris,North,Vacuum Cleaner,Home & Kitchen,132.65,2.0,10.0,Credit Card,Online
ORD103630,2025-03-26,CUST1375,Jason Hayes,north,Toaster,Home & Kitchen,24.34,1.0,15.0,Credit Card,Mobile App
ORD100005,03-22-2024,CUST1791,Jose Harrison,north,Cotton T-Shirt,Apparel,75.62,2.0,0.0,Credit Card,In-Store
ORD103635,2025-09-03,CUST1698,Kirk Johnson,South,Portable SSD 1TB,Electronics,405.67,4.0,0.0,PayPal,Mobile App
ORD102093,2024-03-06,CUST1888,Sheena Burton,SOUTH,Yoga Mat,Sports & Outdoors,159.62,1.0,0.0,Debit Card,In-Store
ORD103624,2024/03/20,CUST1703,Alicia Aguilar,Central,Noise Cancelling Headphones,Electronics,95.71,1.0,5.0,PayPal,Online
ORD101782,2025-05-24,CUST1314,Robert Jackson,west,Wool Sweater,Apparel,17.27,1.0,5.0,PayPal,Mobile App
ORD101391,2024-08-07,CUST1138,Melissa Garner,East ,Coffee Maker,Home & Kitchen,40.52,5.0,0.0,Credit Card,Online
ORD102879,2025/01/14,CUST1606,Lisa Cohen,central,Standing Desk,Office Supplies,255.08,2.0,20.0,UPI,In-Store
ORD104896,2024/02/15,CUST1316,Ryan Hall,west,Standing Desk,Office Supplies,320.12,4.0,0.0,Cash on Delivery,Online
ORD100868,25/01/2024,CUST1826,Matthew Smith,East ,Running Shoes,Apparel,49.79,4.0,10.0,UPI,In-Store
ORD103150,2024-08-03,CUST1186,Justin Riley,east,Dumbbell Set,Sports & Outdoors,236.59,4.0,0.0,PayPal,Online
ORD104952,2024-04-22,CUST1105,Doris Hall,South,Wool Sweater,Apparel,116.5,1.0,10.0,Cash on Delivery,Online
ORD105083,2025-07-06,CUST1678,Toni Davis,CENTRAL,Power Bank,Electronics,85.88,2.0,5.0,Cash on Delivery,Online
ORD103683,2024-09-26,CUST1552,Michael Griffin,west,Cycling Helmet,Sports & Outdoors,40.43,2.0,15.0,UPI,In-Store
ORD101193,16/09/2024,CUST1836,Julie Sims,Central,Wool Sweater,Apparel,101.47,1.0,10.0,UPI,Online
ORD101184,2024-02-12,CUST1192,Helen Hardin,SOUTH,Running Shoes,Apparel,50.53,1.0,10.0,UPI,Mobile App
ORD100986,2025-01-18,CUST1417,Christopher Owens,west,Cotton T-Shirt,Apparel,30.02,1.0,15.0,PayPal,Mobile App
ORD105619,29/04/2024,CUST1883,Mark Nelson,east,Blender,Home & Kitchen,135.69,1.0,0.0,UPI,Mobile App
ORD105478,2024/06/27,CUST1120,Thomas Romero,North,Coffee Maker,Home & Kitchen,119.56,2.0,15.0,Cash on Delivery,Online
ORD101891,01-03-2024,CUST1150,Kimberly Matthews,East ,Power Bank,Electronics,234.55,1.0,0.0,UPI,Online
ORD103338,2024-08-12,CUST1884,Ronnie Roberts,West,Power Bank,Electronics,400.11,1.0,15.0,PayPal,In-Store
ORD105808,2025/07/08,CUST1702,Christina Mills,central,Denim Jacket,Apparel,50.52,1.0,0.0,Cash on Delivery,Online
ORD101032,15/04/2024,CUST1079,Mrs. Marie Harrington DDS,south,Notebook Pack,Office Supplies,222.33,1.0,5.0,PayPal,Online
ORD100727,28/09/2024,CUST1183,Eric Morgan,South,Toaster,Home & Kitchen,93.5,1.0,0.0,PayPal,Online
ORD105599,2024/03/17,CUST1822,Kathryn Hanna,north,Camping Tent,Sports & Outdoors,37.35,2.0,15.0,Debit Card,In-Store
ORD105073,2024-12-27,CUST1588,Karen Mendoza,North,Wireless Mouse,Electronics,221.1,2.0,10.0,PayPal,Mobile App
ORD101375,06-19-2025,CUST1417,Christopher Owens,north,Yoga Mat,Sports & Outdoors,147.45,2.0,0.0,Cash on Delivery,Mobile App
ORD104509,28/02/2024,CUST1853,Jennifer Clarke,east,Desk Lamp,Office Supplies,19.51,1.0,0.0,UPI,Mobile App
ORD100007,2024-02-27,CUST1224,Mitchell Jackson, West,Portable SSD 1TB,Electronics,186.27,5.0,5.0,Credit Card,In-Store
ORD101525,2024-02-25,CUST1144,Brenda Levy,West,Notebook Pack,Office Supplies,330.11,4.0,20.0,PayPal,Mobile App
ORD102049,2025-08-23,CUST1011,Jennifer Rocha,East,Noise Cancelling Headphones,Electronics,138.04,1.0,15.0,Credit Card,Online
ORD105405,15/01/2025,CUST1108,Tammy Gonzales,West,Yoga Pants,Apparel,47.0,3.0,0.0,PayPal,Mobile App
ORD101745,2024/03/29,CUST1102,Joseph Hayes,north,Electric Kettle,Home & Kitchen,110.27,3.0,0.0,Credit Card,Mobile App
ORD103998,2025-08-25,CUST1141,Richard Johnson,CENTRAL,Cotton T-Shirt,Apparel,109.73,1.0,0.0,Cash on Delivery,In-Store
ORD100535,2024-03-14,CUST1758,Kelly Smith,Central,Smartwatch,Electronics,219.81,2.0,5.0,Debit Card,In-Store
ORD104040,17/09/2025,CUST1500,Mrs. Alison Wagner,west,Running Shoes,Apparel,27.68,1.0,15.0,Credit Card,Mobile App
ORD102957,2024/07/31,CUST1104,Brad Allen,CENTRAL,Non-stick Pan Set,Home & Kitchen,139.64,2.0,5.0,Debit Card,In-Store
ORD105107,2025-10-30,CUST1543,Rebecca Horton, South ,Dumbbell Set,Sports & Outdoors,112.89,1.0,0.0,Cash on Delivery,Mobile App
ORD102771,04-08-2024,CUST1403,Jordan Williams,West,Cycling Helmet,Sports & Outdoors,197.83,2.0,5.0,Cash on Delivery,Mobile App
ORD100658,2025/08/24,CUST1237,Patricia Morrow,east,Running Shoes,Apparel,31.94,2.0,0.0,PayPal,Mobile App
ORD102398,14/03/2024,CUST1526,Sarah Rivera, South ,Dumbbell Set,Sports & Outdoors,135.22,1.0,20.0,Debit Card,Mobile App
ORD101668,18/08/2024,CUST1619,Harry Nichols, North,Wool Sweater,Apparel,116.36,1.0,10.0,PayPal,Online
ORD101919,2025-12-23,CUST1515,Meghan White, North,USB-C Hub,Electronics,402.68,1.0,10.0,Debit Card,In-Store
ORD101649,2024-02-17,CUST1319,Megan Drake,east,Blender,Home & Kitchen,37.55,2.0,0.0,Debit Card,In-Store
ORD100620,2024/06/13,CUST1304,Kristina Faulkner,south,Toaster,Home & Kitchen,205.5,4.0,0.0,PayPal,Mobile App
ORD101537,2024-01-20,CUST1716,Ryan Thomas,East,Blender,Home & Kitchen,35.79,2.0,15.0,PayPal,In-Store
ORD101976,20/03/2025,CUST1177,Eric Clark,SOUTH,USB-C Hub,Electronics,202.66,2.0,0.0,PayPal,Online
ORD102817,22/06/2024,CUST1655,Katherine Flores,north,Denim Jacket,Apparel,47.9,1.0,0.0,UPI,Mobile App
ORD101496,2025/12/07,CUST1502,Alicia Norris, West,Whiteboard,Office Supplies,219.75,1.0,0.0,Debit Card,In-Store
ORD102901,2025-06-27,CUST1117,Michael Martinez,West,Standing Desk,Office Supplies,244.32,1.0,0.0,Credit Card,Online
ORD103627,2024-12-06,CUST1011,Jennifer Rocha,East ,Yoga Pants,Apparel,53.01,2.0,0.0,UPI,Online
ORD105526,2025-05-06,CUST1088,Samuel Rivas, West,Notebook Pack,Office Supplies,344.09,1.0,0.0,Credit Card,Mobile App
ORD103860,2025-12-30,CUST1554,Jaime Lang,NORTH,Camping Tent,Sports & Outdoors,186.26,4.0,0.0,Cash on Delivery,Mobile App
ORD102511,10/01/2025,CUST1724,Laura Herrera, West,Mechanical Keyboard,Electronics,204.96,2.0,0.0,Cash on Delivery,Online
ORD103195,04-24-2024,CUST1080,Cynthia Wells,South,27in Monitor,Electronics,449.93,3.0,0.0,Cash on Delivery,In-Store
ORD103808,2024-02-02,CUST1004,Gabrielle Davis, South ,Power Bank,Electronics,93.4,1.0,5.0,Credit Card,Online
ORD105023,2025-08-29,CUST1436,Anthony Guzman,central,Denim Jacket,Apparel,90.34,4.0,0.0,UPI,Mobile App
ORD103079,2024-03-17,CUST1498,Joseph Warren,SOUTH,Toaster,Home & Kitchen,161.67,4.0,15.0,PayPal,Online
ORD103128,2025-11-22,CUST1180,Thomas Atkins,south,Whiteboard,Office Supplies,79.33,3.0,0.0,Debit Card,Mobile App
ORD100185,2025-03-01,CUST1464,Ashley Hernandez,East,Yoga Pants,Apparel,66.33,4.0,,,Mobile App
ORD103190,2025-08-23,CUST1870,Jacob Harris,west,Bluetooth Speaker,Electronics,78.43,2.0,5.0,PayPal,In-Store
ORD104573,2024-04-08,CUST1896,Tammy Mendoza,west,Whiteboard,Office Supplies,295.94,1.0,,Credit Card,Online
ORD105704,2024-08-29,CUST1558,Allison Love,East,Wool Sweater,Apparel,84.0,2.0,0.0,PayPal,Mobile App
ORD100977,09-25-2024,CUST1772,Daniel Benson,CENTRAL,Webcam HD,Electronics,38.31,3.0,15.0,Cash on Delivery,Online
ORD103870,2025/03/12,CUST1638,Dustin Welch,East,Camping Tent,Sports & Outdoors,137.0,3.0,0.0,Credit Card,Mobile App
ORD102705,2025-06-07,CUST1128,Michael Santos,CENTRAL,Blender,Home & Kitchen,54.67,1.0,15.0,UPI,In-Store
ORD103797,2025-06-22,CUST1428,James Barnes,East,Non-stick Pan Set,Home & Kitchen,161.21,3.0,10.0,Credit Card,In-Store
ORD105885,2025-12-06,CUST1026,Timothy Duncan,east,Running Shoes,Apparel,45.93,1.0,0.0,Credit Card,In-Store
ORD100744,2025-04-18,CUST1212,Jose Allen,east,Whiteboard,Office Supplies,270.62,1.0,0.0,UPI,In-Store
ORD104770,2024-05-11,CUST1125,Matthew Hoover, South ,Blender,Home & Kitchen,55.04,3.0,10.0,Cash on Delivery,Online
ORD101718,2024/10/23,CUST1873,Michael Wells,South,Rice Cooker,Home & Kitchen,102.71,1.0,0.0,Cash on Delivery,Mobile App
ORD104806,2025-07-03,CUST1895,Rebecca Hansen, West,Smartwatch,Electronics,59.15,2.0,10.0,UPI,In-Store
ORD105104,2024-05-15,CUST1363,Ryan Harvey,north,Cycling Helmet,Sports & Outdoors,85.19,2.0,15.0,PayPal,Online
ORD105627,13/11/2025,CUST1809,Tammy Hill,South,Rice Cooker,Home & Kitchen,54.75,3.0,15.0,Cash on Delivery,In-Store
ORD104949,02-20-2024,CUST1108,Tammy Gonzales,east,Air Fryer,Home & Kitchen,22.51,1.0,10.0,Cash on Delivery,In-Store
ORD104628,09/11/2025,CUST1736,Kyle Smith,south,Power Bank,Electronics,333.0,1.0,0.0,Debit Card,Mobile App
ORD105543,22/04/2025,CUST1799,James Turner,West,Ergonomic Chair,Office Supplies,236.01,2.0,20.0,UPI,Mobile App
ORD101491,2025-06-06,CUST1504,Lisa Haynes,Central,Rice Cooker,Home & Kitchen,127.78,1.0,10.0,PayPal,Mobile App
ORD101118,2024-09-22,CUST1693,Nicole Johnston,south,Camping Tent,Sports & Outdoors,104.52,1.0,20.0,Credit Card,Online
ORD105560,2025/03/15,CUST1598,Jessica Mays,North,Dumbbell Set,Sports & Outdoors,152.58,2.0,15.0,Debit Card,In-Store
ORD101419,2024-07-10,CUST1348,Matthew Williams,west,Ergonomic Chair,Office Supplies,73.44,3.0,0.0,Credit Card,Mobile App
ORD100833,13/05/2024,CUST1089,Mary Rogers,SOUTH,Whiteboard,Office Supplies,215.6,1.0,15.0,Cash on Delivery,Online
ORD105705,2024-01-09,CUST1517,Arthur Pena, South ,Whiteboard,Office Supplies,153.36,5.0,10.0,Cash on Delivery,Mobile App
ORD105347,14/05/2024,CUST1771,Jennifer Gutierrez,East ,Water Bottle,Sports & Outdoors,279.35,4.0,5.0,Debit Card,Online
ORD102068,2024-06-28,CUST1233,Victoria Contreras,East,Cotton T-Shirt,Apparel,87.32,1.0,10.0,PayPal,Online
ORD102510,2024/12/15,CUST1141,Richard Johnson,CENTRAL,Camping Tent,Sports & Outdoors,31.29,1.0,10.0,UPI,Online
ORD105172,2025-07-22,CUST1106,Dennis Moody,east,Yoga Pants,Apparel,69.73,3.0,0.0,Credit Card,Online
ORD102512,2024-11-01,CUST1774,Kyle Nguyen,south,Power Bank,Electronics,123.56,3.0,0.0,Cash on Delivery,Mobile App
ORD100265,20/12/2024,CUST1024,Crystal Robinson,NORTH,Whiteboard,Office Supplies,268.56,1.0,0.0,Credit Card,In-Store
ORD104712,2024-12-15,CUST1897,Tracy Jackson,North,Noise Cancelling Headphones,Electronics,374.54,2.0,15.0,Cash on Delivery,In-Store
ORD102572,2025/01/09,CUST1499,Katherine Christensen MD,North,Blender,Home & Kitchen,69.71,1.0,10.0,PayPal,Mobile App
ORD102224,2024-05-26,CUST1593,Kayla Jackson,NORTH,Non-stick Pan Set,Home & Kitchen,90.78,2.0,20.0,PayPal,In-Store
ORD104084,2025-12-15,CUST1453,Matthew Greene,East,Yoga Mat,Sports & Outdoors,206.17,1.0,20.0,PayPal,In-Store
ORD101570,02/11/2025,CUST1050,Sharon Cochran,South,Vacuum Cleaner,Home & Kitchen,85.53,2.0,0.0,PayPal,Online
ORD102101,06/01/2025,CUST1545,Maria Fischer,east,Mechanical Keyboard,Electronics,264.5,1.0,0.0,Credit Card,Mobile App
ORD103433,2025/07/26,CUST1428,James Barnes,NORTH,Notebook Pack,Office Supplies,174.27,1.0,5.0,Debit Card,Mobile App
ORD104130,2024-03-17,CUST1132,James Thomas,Central,27in Monitor,Electronics,67.34,1.0,0.0,UPI,Online
ORD101258,01/02/2025,CUST1211,Riley Bryant, North,Wireless Mouse,Electronics,156.71,1.0,0.0,UPI,In-Store
ORD102611,2025-05-30,CUST1102,Joseph Hayes,central,Vacuum Cleaner,Home & Kitchen,178.48,3.0,0.0,Debit Card,Online
ORD102210,2024-02-14,CUST1380,William Patterson, South ,Desk Lamp,Office Supplies,122.73,1.0,0.0,PayPal,Online
ORD101067,05/09/2025,CUST1471,Samantha Robertson,NORTH,Desk Lamp,Office Supplies,157.86,1.0,0.0,PayPal,In-Store
ORD100278,2025-09-03,CUST1184,Jordan Bullock, South ,Wool Sweater,Apparel,51.12,2.0,0.0,PayPal,Online
ORD103372,23/04/2025,CUST1851,Melissa Russell,South,Vacuum Cleaner,Home & Kitchen,22.83,1.0,0.0,Credit Card,Online
ORD102779,2025-05-20,CUST1425,Jessica Ramsey,East ,Power Bank,Electronics,208.77,1.0,0.0,Debit Card,Online
ORD100215,11-28-2024,CUST1611,Lisa Craig,South,Yoga Pants,Apparel,57.84,1.0,5.0,Credit Card,In-Store
ORD103985,11-21-2025,CUST1899,Rachel Jones,central,Wireless Mouse,Electronics,342.21,4.0,20.0,PayPal,Online
ORD101074,2024-01-06,CUST1694,George Alvarez,East,Standing Desk,Office Supplies,104.13,2.0,0.0,Credit Card,In-Store
ORD105301,03/06/2025,CUST1305,Tammy Boone,south,Electric Kettle,Home & Kitchen,85.15,1.0,0.0,PayPal,Online
ORD100357,2024-12-20,CUST1009,Joel Nelson,CENTRAL,Power Bank,Electronics,250.46,5.0,0.0,Cash on Delivery,Mobile App
ORD104335,2024/06/03,CUST1703,Alicia Aguilar,West,Mechanical Keyboard,Electronics,52.09,1.0,15.0,Cash on Delivery,Online
ORD104895,2024-04-11,CUST1436,Anthony Guzman, North,Toaster,Home & Kitchen,210.11,1.0,5.0,Cash on Delivery,Mobile App
ORD100661,06-27-2024,CUST1365,Jill Jackson, South ,27in Monitor,Electronics,261.65,5.0,5.0,Cash on Delivery,Online
ORD101283,2025/12/18,CUST1234,Michelle Ho,east,USB-C Hub,Electronics,119.95,3.0,10.0,Credit Card,Online
ORD101481,2025-05-09,CUST1739,Matthew Graves, North,Mechanical Keyboard,Electronics,315.9,4.0,20.0,PayPal,In-Store
ORD105131,2025-08-18,CUST1669,Denise Guerra,West,Electric Kettle,Home & Kitchen,123.05,1.0,0.0,Debit Card,In-Store
ORD102611,2025-05-30,CUST1102,Joseph Hayes,central,Vacuum Cleaner,Home & Kitchen,178.48,3.0,0.0,Debit Card,Online
ORD103722,24/08/2024,CUST1028,Victoria Garcia,north,Non-stick Pan Set,Home & Kitchen,138.02,1.0,10.0,Credit Card,In-Store
ORD100667,05-21-2024,CUST1431,William Moreno, West,Notebook Pack,Office Supplies,224.01,1.0,10.0,UPI,In-Store
ORD103230,2024-07-21,CUST1601,Adrienne Mills,SOUTH,USB-C Hub,Electronics,163.58,2.0,5.0,Debit Card,Online
ORD105146,09/11/2025,CUST1262,Jeremy Barnes,west,Rice Cooker,Home & Kitchen,31.62,3.0,0.0,Credit Card,In-Store
ORD101735,2024-05-19,CUST1812,Matthew Rodriguez,CENTRAL,Camping Tent,Sports & Outdoors,69.3,1.0,0.0,PayPal,In-Store
ORD105274,2025-05-17,CUST1687,Kevin Hall,West,Denim Jacket,Apparel,30.27,1.0,0.0,UPI,Mobile App
ORD102636,2025-02-18,CUST1725,Danielle Medina, West,Desk Lamp,Office Supplies,292.95,2.0,10.0,Debit Card,Mobile App
ORD100770,12-18-2024,CUST1651,Adam Brooks,Central,Noise Cancelling Headphones,Electronics,344.8,4.0,5.0,PayPal,Mobile App
ORD105343,2024-10-13,CUST1885,Justin Ford,north,Cotton T-Shirt,Apparel,26.45,4.0,0.0,Credit Card,Mobile App
ORD100816,2025-09-13,CUST1700,Ashley Brown,CENTRAL,Non-stick Pan Set,Home & Kitchen,68.85,2.0,5.0,Debit Card,Mobile App
ORD101966,2024/01/22,CUST1711,Steven Sandoval,South,Portable SSD 1TB,Electronics,64.8,4.0,0.0,Debit Card,In-Store
ORD105144,06/09/2025,CUST1144,Brenda Levy,Central,Water Bottle,Sports & Outdoors,277.38,2.0,0.0,Cash on Delivery,Online
ORD101304,24/01/2024,CUST1860,Mr. Bryan Mckinney, South ,27in Monitor,Electronics,287.78,2.0,0.0,PayPal,Online
ORD105313,15/05/2024,CUST1557,Ronald Johns,North,Coffee Maker,Home & Kitchen,97.59,1.0,0.0,Cash on Delivery,In-Store
ORD100769,2025/05/27,CUST1258,Ronald Patel,east,Running Shoes,Apparel,69.45,1.0,5.0,UPI,Mobile App
ORD105590,2024-02-20,CUST1093,Kara Schmidt, North,Ergonomic Chair,Office Supplies,119.07,5.0,0.0,Credit Card,Mobile App
ORD101765,15/10/2024,CUST1814,Jonathan Delgado,south,Mechanical Keyboard,Electronics,44.33,1.0,20.0,Cash on Delivery,Mobile App
ORD100862,2025-08-08,CUST1728,Ashley Osborne,CENTRAL,Noise Cancelling Headphones,Electronics,378.89,2.0,10.0,Debit Card,In-Store
ORD104587,25/05/2025,CUST1897,Tracy Jackson,Central,Toaster,Home & Kitchen,93.34,3.0,0.0,Debit Card,Mobile App
ORD100328,2025/06/19,CUST1204,David Davidson,East ,Running Shoes,Apparel,44.68,3.0,10.0,PayPal,Mobile App
ORD104442,2024/04/04,CUST1878,Terri Kerr,South,Dumbbell Set,Sports & Outdoors,250.58,2.0,5.0,UPI,Mobile App
ORD102166,2025/03/04,CUST1884,Ronnie Roberts,NORTH,Camping Tent,Sports & Outdoors,97.77,1.0,5.0,Cash on Delivery,Online
ORD102272,05/01/2025,CUST1013,Zachary Hicks,CENTRAL,Whiteboard,Office Supplies,35.82,1.0,0.0,UPI,Mobile App
ORD101235,2025-05-26,CUST1498,Joseph Warren,south,Vacuum Cleaner,Home & Kitchen,185.96,3.0,5.0,Debit Card,In-Store
ORD104791,2025-03-05,CUST1323,Adam Jackson,NORTH,Dumbbell Set,Sports & Outdoors,258.8,2.0,0.0,PayPal,In-Store
ORD100117,06-24-2024,CUST1021,Kim Martinez,SOUTH,Yoga Pants,Apparel,57.46,2.0,20.0,Cash on Delivery,In-Store
ORD101217,2025-11-15,CUST1113,Shannon Rivera,West,Yoga Mat,Sports & Outdoors,63.04,2.0,20.0,PayPal,In-Store
ORD102056,2024-10-30,CUST1031,Tammy Allison,NORTH,Noise Cancelling Headphones,Electronics,68.58,1.0,0.0,Debit Card,In-Store
ORD101968,2024-07-23,CUST1233,Victoria Contreras, North,Smartwatch,Electronics,328.12,1.0,0.0,Credit Card,In-Store
ORD104328,13/09/2024,CUST1129,Stacy Freeman, South ,Notebook Pack,Office Supplies,321.19,2.0,0.0,PayPal,Online
ORD100796,04-19-2025,CUST1674,John Garcia, West,Denim Jacket,Apparel,83.54,1.0,0.0,UPI,In-Store
ORD103718,2024-07-20,CUST1021,Kim Martinez,North,Rice Cooker,Home & Kitchen,144.98,1.0,0.0,PayPal,Mobile App
ORD103205,10-07-2024,CUST1585,Heather Parrish,South,USB-C Hub,Electronics,77.79,3.0,0.0,UPI,Online
ORD100896,02/09/2024,CUST1796,Michael Washington,East ,Running Shoes,Apparel,92.95,1.0,0.0,Debit Card,In-Store
ORD105583,2024/12/28,CUST1394,Lori Mason,North,Running Shoes,Apparel,100.45,1.0,0.0,UPI,In-Store
ORD101182,2024-10-25,CUST1826,Matthew Smith,East,Portable SSD 1TB,Electronics,37.9,1.0,15.0,Debit Card,Mobile App
ORD102010,2025-12-19,CUST1248,Anthony Dougherty,South,Rice Cooker,Home & Kitchen,177.95,3.0,15.0,Cash on Delivery,Mobile App
ORD102937,2025-11-28,CUST1007,Dr. Sharon James,central,Dumbbell Set,Sports & Outdoors,190.0,1.0,0.0,Cash on Delivery,Online
ORD105592,2024/07/14,CUST1599,Natalie Juarez,west,USB-C Hub,Electronics,317.58,1.0,0.0,Credit Card,Online
ORD102968,2024-05-11,CUST1004,Gabrielle Davis,central,Power Bank,Electronics,176.85,1.0,0.0,Cash on Delivery,Online
ORD104910,2024/02/18,CUST1206,Stacey Arias, South ,Smartwatch,Electronics,293.28,3.0,0.0,PayPal,Online
ORD100366,2024-12-18,CUST1312,Alexis Tran,East,Wireless Mouse,Electronics,268.41,1.0,0.0,Cash on Delivery,Online
ORD100243,05/04/2024,CUST1335,Linda Mueller,east,Vacuum Cleaner,Home & Kitchen,158.94,4.0,5.0,UPI,Mobile App
ORD104176,2024-09-28,CUST1296,Shaun Cannon,NORTH,Wireless Mouse,Electronics,145.37,2.0,0.0,Credit Card,Online
ORD100359,2024-04-08,CUST1526,Sarah Rivera,west,Rice Cooker,Home & Kitchen,117.36,1.0,0.0,Cash on Delivery,Mobile App
ORD105995,2024-04-11,CUST1099,John Peterson,West,Coffee Maker,Home & Kitchen,45.28,2.0,20.0,UPI,Online
ORD104872,2024-05-05,CUST1359,Harold Ellis,North,Dumbbell Set,Sports & Outdoors,34.61,2.0,5.0,UPI,Online
ORD104427,2024-01-03,CUST1422,Richard Walker,west,Bluetooth Speaker,Electronics,274.01,1.0,0.0,Debit Card,In-Store
ORD100723,2025-06-05,CUST1769,John Bell,NORTH,Desk Lamp,Office Supplies,278.94,2.0,15.0,Cash on Delivery,In-Store
ORD104624,2025-02-12,CUST1564,Traci Camacho,East,27in Monitor,Electronics,248.97,3.0,,Cash on Delivery,Online
ORD100955,2024-08-25,CUST1872,Theresa Reilly,North,Non-stick Pan Set,Home & Kitchen,136.9,3.0,10.0,Credit Card,In-Store
ORD103410,2025-06-20,CUST1769,John Bell,south,Running Shoes,Apparel,55.76,1.0,20.0,PayPal,In-Store
ORD104155,2024-01-29,CUST1222,Kathleen Jimenez,south,Coffee Maker,Home & Kitchen,59.37,4.0,0.0,UPI,Mobile App
ORD105166,2025-04-23,CUST1208,Raven Taylor, South ,27in Monitor,Electronics,447.74,4.0,0.0,PayPal,In-Store
ORD103606,2024-04-06,CUST1576,Kevin Sullivan,south,Non-stick Pan Set,Home & Kitchen,211.01,1.0,0.0,Debit Card,In-Store
ORD104533,2025/09/05,CUST1792,Thomas Curry,north,Bluetooth Speaker,Electronics,189.73,2.0,10.0,UPI,In-Store
ORD105126,03/06/2025,CUST1755,Paula Gentry,west,Dumbbell Set,Sports & Outdoors,18.72,1.0,0.0,PayPal,Mobile App
ORD103869,21/12/2025,CUST1095,Tiffany Vaughn,East ,Electric Kettle,Home & Kitchen,143.25,4.0,20.0,Credit Card,Mobile App
ORD100991,2024/03/19,CUST1360,Leslie Powers,South,Camping Tent,Sports & Outdoors,140.16,5.0,5.0,UPI,Mobile App
ORD105212,2024-01-22,CUST1274,Taylor Gentry,SOUTH,Wool Sweater,Apparel,87.08,2.0,20.0,PayPal,Online
ORD105638,02/10/2024,CUST1088,Samuel Rivas,SOUTH,Smartwatch,Electronics,216.66,3.0,5.0,Cash on Delivery,In-Store
ORD105544,2025-03-12,CUST1554,Jaime Lang, West,Power Bank,Electronics,276.26,3.0,10.0,Cash on Delivery,Mobile App
ORD101963,2025-03-30,CUST1174,Sophia Moore,,Wireless Mouse,Electronics,,,10.0,UPI,In-Store
ORD101867,2025-10-04,CUST1581,Philip Hall,central,Wireless Mouse,Electronics,34.84,5.0,10.0,Debit Card,Online
ORD105927,2025-05-15,CUST1300,Victoria Boyd,CENTRAL,Mechanical Keyboard,Electronics,130.59,1.0,10.0,PayPal,In-Store
ORD102527,03-27-2025,CUST1785,Stephanie Dominguez,East ,USB-C Hub,Electronics,420.88,3.0,15.0,UPI,Mobile App
ORD105273,2024-03-26,CUST1342,Douglas Hartman,East ,Running Shoes,Apparel,29.15,2.0,15.0,PayPal,Online
ORD105800,2025/03/03,CUST1359,Harold Ellis,South,Desk Lamp,Office Supplies,348.26,1.0,0.0,Credit Card,In-Store
ORD105629,2024-11-25,CUST1161,Katherine Browning,Central,Smartwatch,Electronics,368.73,4.0,10.0,Cash on Delivery,Mobile App
ORD100241,2024-09-12,CUST1718,Phillip Salazar,Central,Dumbbell Set,Sports & Outdoors,276.61,5.0,15.0,PayPal,Online
ORD102141,2024-08-11,CUST1769,John Bell,SOUTH,Noise Cancelling Headphones,Electronics,370.76,1.0,0.0,Cash on Delivery,In-Store
ORD101764,2024-05-28,CUST1732,Krystal Keller,north,Blender,Home & Kitchen,63.54,2.0,15.0,Debit Card,Online
ORD103053,2024-10-05,CUST1161,Katherine Browning,east,Bluetooth Speaker,Electronics,235.36,1.0,,,In-Store
ORD104514,2024-02-06,CUST1042,Shawn Baker,CENTRAL,Mechanical Keyboard,Electronics,96.94,1.0,0.0,Credit Card,Mobile App
ORD104219,2025-08-13,CUST1369,Scott Miller,SOUTH,Blender,Home & Kitchen,161.14,1.0,5.0,PayPal,In-Store
ORD100491,12/06/2025,CUST1841,Erika Garcia,West,Whiteboard,Office Supplies,115.52,1.0,20.0,Debit Card,Online
ORD104638,2025-05-14,CUST1102,Joseph Hayes,SOUTH,Notebook Pack,Office Supplies,89.85,1.0,10.0,Cash on Delivery,Mobile App
ORD102435,2024-05-15,CUST1744,Lynn Vasquez,CENTRAL,Coffee Maker,Home & Kitchen,23.45,4.0,0.0,PayPal,Online
ORD105644,2025-01-27,CUST1878,Terri Kerr,central,Rice Cooker,Home & Kitchen,176.94,4.0,20.0,UPI,Online
ORD102523,2024-04-17,CUST1423,Angela Willis,SOUTH,Water Bottle,Sports & Outdoors,247.48,2.0,10.0,UPI,Mobile App
ORD100430,2024/11/20,CUST1128,Michael Santos,West,Running Shoes,Apparel,21.28,2.0,0.0,PayPal,In-Store
ORD104438,05/01/2025,CUST1028,Victoria Garcia,Central,Whiteboard,Office Supplies,232.5,4.0,10.0,PayPal,Mobile App
ORD100251,2024-05-23,CUST1439,Eric Taylor,west,Mechanical Keyboard,Electronics,84.51,1.0,0.0,Credit Card,Online
ORD100506,2024-10-28,CUST1413,Jacqueline Villegas, West,Water Bottle,Sports & Outdoors,297.2,2.0,10.0,Cash on Delivery,Online
ORD100331,12/03/2025,CUST1820,Heather Miller,central,Coffee Maker,Home & Kitchen,182.64,4.0,5.0,Credit Card,Online
ORD103316,2025-11-24,CUST1055,William Wilson,west,Smartwatch,Electronics,301.29,1.0,5.0,Cash on Delivery,Online
ORD104767,2025-02-23,CUST1780,April Castro,central,Camping Tent,Sports & Outdoors,215.37,1.0,15.0,UPI,Mobile App
ORD103801,2025-02-14,CUST1533,Mr. Thomas Thompson,central,Air Fryer,Home & Kitchen,125.58,3.0,0.0,Credit Card,Online
ORD105147,02/01/2024,CUST1558,Allison Love, West,Mechanical Keyboard,Electronics,26.92,1.0,5.0,Credit Card,Online
ORD100668,2025/06/13,CUST1788,Ashley Olson,north,Cycling Helmet,Sports & Outdoors,240.85,1.0,0.0,Credit Card,In-Store
ORD101711,2024-05-07,CUST1342,Douglas Hartman, West,Wireless Mouse,Electronics,430.37,2.0,0.0,Debit Card,Online
ORD101204,14/10/2025,CUST1229,Laura Moreno,east,Rice Cooker,Home & Kitchen,115.83,4.0,0.0,UPI,In-Store
ORD105393,12-28-2024,CUST1224,Mitchell Jackson,SOUTH,Running Shoes,Apparel,32.08,5.0,10.0,PayPal,Online
ORD102887,14/05/2024,CUST1035,Kim Brown, West,Ergonomic Chair,Office Supplies,210.81,3.0,0.0,UPI,In-Store
ORD104768,01/11/2025,CUST1884,Ronnie Roberts, North,Noise Cancelling Headphones,Electronics,368.79,1.0,0.0,Debit Card,Online
ORD100882,10/12/2025,CUST1447,Rachel Lane, West,Noise Cancelling Headphones,Electronics,229.69,2.0,0.0,Credit Card,Mobile App
ORD101284,2025-12-16,CUST1508,Maureen Hernandez,east,USB-C Hub,Electronics,339.65,4.0,0.0,Cash on Delivery,Mobile App
ORD105608,2024-01-24,CUST1342,Douglas Hartman,NORTH,Standing Desk,Office Supplies,244.55,1.0,0.0,Credit Card,Online
ORD103841,2025-10-29,CUST1333,Emily Rodriguez,north,Dumbbell Set,Sports & Outdoors,28.24,1.0,0.0,UPI,Online
ORD105097,21/05/2025,CUST1164,Cindy Hayes,SOUTH,Cotton T-Shirt,Apparel,91.28,1.0,0.0,Debit Card,In-Store
ORD105966,2025-10-07,CUST1395,Kimberly Hernandez,south,Yoga Mat,Sports & Outdoors,27.94,1.0,0.0,Debit Card,Online
ORD104282,2025-12-09,CUST1531,Leah Barton,west,Smartwatch,Electronics,360.8,1.0,0.0,PayPal,Mobile App
ORD101846,2024-04-20,CUST1176,Michael Watkins,West,Wireless Mouse,Electronics,137.63,4.0,0.0,Cash on Delivery,Online
ORD101608,2024-05-09,CUST1709,Harold Garrett,Central,Portable SSD 1TB,Electronics,383.65,2.0,5.0,Credit Card,Online
ORD105482,2024-01-11,CUST1254,William Becker,Central,Toaster,Home & Kitchen,187.9,5.0,0.0,Credit Card,In-Store
ORD103365,2024-06-10,CUST1102,Joseph Hayes,East ,Camping Tent,Sports & Outdoors,278.81,2.0,15.0,Cash on Delivery,Mobile App
ORD105618,2024-08-20,CUST1113,Shannon Rivera, North,Notebook Pack,Office Supplies,215.46,5.0,10.0,PayPal,Mobile App
ORD104569,2025-05-23,CUST1781,Kevin Garrett,NORTH,Cotton T-Shirt,Apparel,51.34,3.0,20.0,Credit Card,Mobile App
ORD104965,2024-10-03,CUST1656,Diane Martinez,East,Cotton T-Shirt,Apparel,44.92,1.0,15.0,PayPal,Mobile App
ORD103825,2024-03-14,CUST1291,Kimberly Brown,West,Non-stick Pan Set,Home & Kitchen,212.08,1.0,0.0,PayPal,In-Store
ORD102045,05-12-2025,CUST1278,David Lopez, West,Coffee Maker,Home & Kitchen,184.57,2.0,0.0,UPI,Online
ORD104849,2025/01/09,CUST1152,Michael Stephens,North,Denim Jacket,Apparel,43.5,1.0,0.0,Cash on Delivery,Mobile App
ORD101323,2024-09-15,CUST1232,Benjamin Thompson,South,Camping Tent,Sports & Outdoors,198.93,1.0,15.0,UPI,Mobile App
ORD102732,2025-06-28,CUST1666,Ashley Freeman,West,Electric Kettle,Home & Kitchen,30.46,2.0,0.0,Credit Card,Online
ORD105001,2024-09-25,CUST1031,Tammy Allison,West,Camping Tent,Sports & Outdoors,33.65,1.0,20.0,Credit Card,In-Store
ORD100923,2024-07-12,CUST1432,Joseph Moody, West,Rice Cooker,Home & Kitchen,74.52,1.0,0.0,Cash on Delivery,In-Store
ORD101003,2025/12/24,CUST1302,Megan Floyd,NORTH,Power Bank,Electronics,206.26,1.0,15.0,Credit Card,In-Store
ORD102487,08/01/2025,CUST1112,Robert Costa,Central,Water Bottle,Sports & Outdoors,102.38,1.0,10.0,Debit Card,Mobile App
ORD102182,2024/06/08,CUST1566,Patrick Swanson,central,Camping Tent,Sports & Outdoors,86.25,4.0,0.0,Debit Card,In-Store
ORD102002,2025-10-08,CUST1656,Diane Martinez,Central,Smartwatch,Electronics,305.4,5.0,5.0,Credit Card,In-Store
ORD104539,2024-02-06,CUST1301,Sheryl Buck, North,Power Bank,Electronics,261.58,1.0,0.0,UPI,Online
ORD100951,2024/12/29,CUST1043,Michelle Harris,west,Vacuum Cleaner,Home & Kitchen,26.82,2.0,15.0,UPI,Mobile App
ORD100225,19/04/2025,CUST1456,Jeremiah Baker,south,Dumbbell Set,Sports & Outdoors,42.51,1.0,0.0,Cash on Delivery,Mobile App
ORD100790,2025-02-05,CUST1877,Tina Daugherty,Central,Camping Tent,Sports & Outdoors,213.72,1.0,0.0,Debit Card,Online
ORD105193,2024-12-09,CUST1729,Kevin Marquez,CENTRAL,Portable SSD 1TB,Electronics,401.92,1.0,0.0,Debit Card,Online
ORD104494,2024-10-05,CUST1545,Maria Fischer,SOUTH,Notebook Pack,Office Supplies,339.83,1.0,0.0,Credit Card,Mobile App
ORD105660,2024-04-19,CUST1431,William Moreno,CENTRAL,Cycling Helmet,Sports & Outdoors,227.62,2.0,0.0,UPI,In-Store
ORD104474,2025-07-28,CUST1635,Patrick Green, West,Coffee Maker,Home & Kitchen,125.55,4.0,0.0,Cash on Delivery,Online
ORD105483,10/09/2024,CUST1667,Michael Howard, North,Toaster,Home & Kitchen,153.52,3.0,0.0,Credit Card,Online
ORD105989,11-15-2025,CUST1300,Victoria Boyd,central,Yoga Mat,Sports & Outdoors,294.47,1.0,10.0,UPI,In-Store
ORD104392,03/02/2024,CUST1258,Ronald Patel,central,Power Bank,Electronics,324.55,1.0,0.0,UPI,In-Store
ORD105817,2025-04-21,CUST1562,Preston Kim,East,Wireless Mouse,Electronics,31.38,5.0,,,Mobile App
ORD102896,2025-09-26,CUST1763,Amber Johnson, North,Non-stick Pan Set,Home & Kitchen,185.56,1.0,10.0,UPI,Online
ORD101699,2025-11-02,CUST1345,David Moore,CENTRAL,Notebook Pack,Office Supplies,147.71,1.0,0.0,UPI,Online
ORD103654,09/06/2025,CUST1181,Brian Smith,SOUTH,Mechanical Keyboard,Electronics,63.41,1.0,10.0,Cash on Delivery,Online
ORD100529,2024/01/01,CUST1152,Michael Stephens,NORTH,Power Bank,Electronics,334.21,3.0,5.0,UPI,In-Store
ORD101411,2024-10-02,CUST1422,Richard Walker,East,Vacuum Cleaner,Home & Kitchen,126.01,1.0,0.0,PayPal,In-Store
ORD100120,2025-10-05,CUST1181,Brian Smith,West,27in Monitor,Electronics,98.74,1.0,20.0,Cash on Delivery,Mobile App
ORD105671,2024-06-23,CUST1669,Denise Guerra,East,Standing Desk,Office Supplies,172.38,1.0,10.0,PayPal,Mobile App
ORD103448,2024-09-18,CUST1769,John Bell,central,Toaster,Home & Kitchen,214.19,1.0,5.0,Credit Card,In-Store
ORD100701,2025-08-05,CUST1113,Shannon Rivera,central,Power Bank,Electronics,113.86,1.0,15.0,Debit Card,Mobile App
ORD104246,04-30-2025,CUST1216,Ashley Perkins,NORTH,Toaster,Home & Kitchen,44.52,4.0,0.0,Debit Card,Mobile App
ORD100851,2024-07-01,CUST1044,Sandra Williams,North,Webcam HD,Electronics,176.86,2.0,5.0,PayPal,Mobile App
ORD100622,2025-12-12,CUST1755,Paula Gentry, West,Yoga Pants,Apparel,21.97,1.0,0.0,Credit Card,Mobile App
ORD100045,11/05/2025,CUST1784,Katelyn Kim,central,Dumbbell Set,Sports & Outdoors,141.62,3.0,10.0,PayPal,In-Store
ORD102091,2024-06-06,CUST1261,Patricia James, South ,Notebook Pack,Office Supplies,242.32,1.0,0.0,PayPal,In-Store
ORD101309,2025-11-30,CUST1615,Kathy Morgan,South,Toaster,Home & Kitchen,187.64,2.0,10.0,UPI,Online
ORD101370,27/09/2024,CUST1116,Peter Garrett,central,Denim Jacket,Apparel,112.8,2.0,0.0,PayPal,Online
ORD104414,19/12/2024,CUST1570,Cynthia Mitchell,West,Noise Cancelling Headphones,Electronics,191.26,2.0,0.0,Debit Card,Online
ORD104976,05-22-2024,CUST1260,Paula Lane,Central,Portable SSD 1TB,Electronics,209.76,2.0,15.0,PayPal,Mobile App
ORD100636,2025-05-21,CUST1446,Stacey Snyder,SOUTH,Wireless Mouse,Electronics,122.69,1.0,0.0,PayPal,Mobile App
ORD101162,2024-04-01,CUST1864,Dorothy Brown,West,Yoga Pants,Apparel,83.07,2.0,0.0,Cash on Delivery,Mobile App
ORD104078,2025-05-11,CUST1539,Mary Butler, West,Cotton T-Shirt,Apparel,99.59,1.0,20.0,PayPal,Mobile App
ORD103400,2025-01-11,CUST1369,Scott Miller, West,27in Monitor,Electronics,316.21,1.0,0.0,Cash on Delivery,Mobile App
ORD102777,2025-02-20,CUST1157,Richard Young,north,Portable SSD 1TB,Electronics,283.31,1.0,0.0,Cash on Delivery,Mobile App
ORD105048,2025-05-27,CUST1132,James Thomas,east,Dumbbell Set,Sports & Outdoors,175.78,1.0,0.0,Credit Card,Online
ORD104174,2025-05-08,CUST1115,April Booth,Central,Notebook Pack,Office Supplies,143.19,2.0,10.0,Cash on Delivery,Mobile App
ORD102540,2024-04-27,CUST1401,Laura Jones,CENTRAL,Standing Desk,Office Supplies,205.93,1.0,0.0,Debit Card,Online
ORD105536,2024-08-16,CUST1080,Cynthia Wells,east,Wireless Mouse,Electronics,386.04,1.0,0.0,UPI,In-Store
ORD100630,2025-12-31,CUST1407,John Campbell,CENTRAL,Rice Cooker,Home & Kitchen,37.15,1.0,5.0,UPI,Mobile App
ORD101640,14/01/2024,CUST1583,Michael Boyd,SOUTH,Bluetooth Speaker,Electronics,189.87,1.0,15.0,UPI,Mobile App
ORD103350,2025/11/02,CUST1727,Louis Brown,Central,Yoga Pants,Apparel,50.16,4.0,,,Online
ORD102727,17/02/2024,CUST1308,Autumn Key,west,Notebook Pack,Office Supplies,126.79,3.0,5.0,Cash on Delivery,In-Store
ORD105712,2025-03-31,CUST1266,Courtney Dudley,south,Electric Kettle,Home & Kitchen,150.38,1.0,0.0,Credit Card,Online
ORD103199,12-28-2025,CUST1824,Judy Gregory,CENTRAL,Electric Kettle,Home & Kitchen,151.41,1.0,5.0,Cash on Delivery,In-Store
ORD104049,2025-01-14,CUST1338,Richard Ward, West,Toaster,Home & Kitchen,74.28,2.0,0.0,PayPal,In-Store
ORD102553,03/11/2024,CUST1709,Harold Garrett,north,Denim Jacket,Apparel,55.48,1.0,0.0,UPI,Mobile App
ORD103545,2025-07-31,CUST1885,Justin Ford,SOUTH,Wireless Mouse,Electronics,132.31,1.0,15.0,Cash on Delivery,Online
ORD102115,07/06/2025,CUST1802,Marissa Nelson, West,Power Bank,Electronics,299.99,2.0,10.0,Credit Card,Mobile App
ORD104619,01/09/2024,CUST1402,Carol Moore,NORTH,Rice Cooker,Home & Kitchen,94.13,1.0,0.0,PayPal,Mobile App
ORD104921,2024-10-09,CUST1153,Samantha Davis, North,Coffee Maker,Home & Kitchen,184.45,1.0,0.0,UPI,In-Store
ORD105682,2024/06/21,CUST1806,Manuel Brown,east,Webcam HD,Electronics,318.16,1.0,10.0,Debit Card,In-Store
ORD102479,2025-06-30,CUST1316,Ryan Hall,SOUTH,Non-stick Pan Set,Home & Kitchen,100.26,1.0,0.0,PayPal,In-Store
ORD101021,16/01/2025,CUST1508,Maureen Hernandez,South,Webcam HD,Electronics,410.76,2.0,10.0,Credit Card,In-Store
ORD101218,2024-06-22,CUST1604,Justin Webb,East ,Running Shoes,Apparel,52.24,5.0,0.0,PayPal,Online
ORD104258,2024-12-03,CUST1820,Heather Miller, North,Blender,Home & Kitchen,93.94,1.0,15.0,UPI,Online
ORD101942,2024/01/07,CUST1253,Chloe Tran,south,Cycling Helmet,Sports & Outdoors,76.85,4.0,0.0,Debit Card,In-Store
ORD105735,2024-01-16,CUST1292,Randy Cannon, West,Non-stick Pan Set,Home & Kitchen,171.5,4.0,,,Online
ORD102872,10-31-2025,CUST1394,Lori Mason,South,Ergonomic Chair,Office Supplies,337.46,1.0,,,In-Store
ORD101652,21/06/2025,CUST1069,Jeremiah Reeves,West,USB-C Hub,Electronics,67.06,3.0,0.0,Cash on Delivery,Mobile App
ORD100711,10/03/2024,CUST1012,Kimberly Burgess,North,Air Fryer,Home & Kitchen,110.82,1.0,5.0,Debit Card,Mobile App
ORD105361,31/01/2025,CUST1211,Riley Bryant,Central,Coffee Maker,Home & Kitchen,85.94,1.0,0.0,UPI,In-Store
ORD104426,2025-08-18,CUST1405,Courtney Wright,Central,Air Fryer,Home & Kitchen,84.31,2.0,0.0,PayPal,In-Store
ORD104221,2025-06-19,CUST1617,Tonya Ellis,central,Camping Tent,Sports & Outdoors,226.99,1.0,10.0,PayPal,In-Store
ORD103302,2024-05-12,CUST1090,Robert Peterson,North,Portable SSD 1TB,Electronics,163.83,1.0,0.0,Debit Card,In-Store
ORD100725,21/01/2025,CUST1313,Kelly Sanchez,south,27in Monitor,Electronics,405.33,1.0,0.0,PayPal,In-Store
ORD101159,02-12-2025,CUST1884,Ronnie Roberts,CENTRAL,Ergonomic Chair,Office Supplies,128.08,3.0,0.0,UPI,Mobile App
ORD101744,03/06/2025,CUST1729,Kevin Marquez, South ,Power Bank,Electronics,357.32,1.0,0.0,Debit Card,Online
ORD101273,11/07/2024,CUST1159,Jodi Walker,SOUTH,Wool Sweater,Apparel,87.22,5.0,10.0,Cash on Delivery,Online
ORD104151,09-08-2024,CUST1611,Lisa Craig,West,Webcam HD,Electronics,26.48,1.0,0.0,Debit Card,In-Store
ORD105646,09/04/2024,CUST1847,Cindy Wells,West,Coffee Maker,Home & Kitchen,128.08,1.0,5.0,PayPal,Online
ORD103275,2024-07-13,CUST1634,Brett Martin,Central,Notebook Pack,Office Supplies,250.98,1.0,5.0,PayPal,Mobile App
ORD104685,2025-04-23,CUST1392,Ryan Fisher,East,Bluetooth Speaker,Electronics,163.93,3.0,0.0,UPI,In-Store
ORD103455,2025-05-01,CUST1786,Robert Cruz,West,Desk Lamp,Office Supplies,50.93,1.0,5.0,Debit Card,Mobile App
ORD102823,2025-05-22,CUST1572,Caroline Edwards,west,Standing Desk,Office Supplies,92.0,5.0,5.0,Credit Card,In-Store
ORD100627,04-09-2025,CUST1791,Jose Harrison,west,Camping Tent,Sports & Outdoors,284.81,1.0,15.0,UPI,Online
ORD105824,2025-05-09,CUST1387,Tamara Jensen,central,Electric Kettle,Home & Kitchen,214.56,2.0,15.0,UPI,Mobile App
ORD103473,08/03/2024,CUST1661,Vickie Kennedy,CENTRAL,Notebook Pack,Office Supplies,270.18,1.0,0.0,UPI,In-Store
ORD105848,2024-08-05,CUST1288,Daniel Aguilar,SOUTH,Air Fryer,Home & Kitchen,153.63,4.0,5.0,PayPal,Online
ORD102870,2024-11-17,CUST1834,Michelle Salazar,South,Smartwatch,Electronics,201.79,2.0,0.0,Credit Card,Online
ORD100306,04/01/2025,CUST1467,Amanda Preston,North,27in Monitor,Electronics,396.95,1.0,0.0,PayPal,In-Store
ORD104482,2024/02/27,CUST1415,Samuel Howe,SOUTH,Power Bank,Electronics,221.99,2.0,0.0,Cash on Delivery,Online
ORD104939,2025-08-24,CUST1121,Richard Adams, South ,Webcam HD,Electronics,306.67,3.0,5.0,Credit Card,Mobile App
ORD105241,2025-08-15,CUST1154,,East ,Running Shoes,Apparel,56.79,5.0,,,Online
ORD101388,12-13-2025,CUST1782,Christopher Taylor, West,Running Shoes,Apparel,65.51,1.0,0.0,Cash on Delivery,Online
ORD102501,2024/09/30,CUST1203,Douglas Reyes,south,Blender,Home & Kitchen,53.16,4.0,0.0,Credit Card,Online
ORD101485,02/10/2024,CUST1341,Ernest Oconnell,East ,Cycling Helmet,Sports & Outdoors,151.46,1.0,5.0,Credit Card,In-Store
ORD104614,2024-10-20,CUST1430,Devin Johnson,East,Wireless Mouse,Electronics,118.25,2.0,20.0,PayPal,Mobile App
ORD103210,2025-04-21,CUST1578,Donna Marshall,CENTRAL,Standing Desk,Office Supplies,330.16,2.0,5.0,PayPal,In-Store
ORD104255,2024/08/16,CUST1330,Jennifer Ayala, South ,Smartwatch,Electronics,108.49,1.0,20.0,Debit Card,Online
ORD103570,24/12/2024,CUST1486,Sarah Pittman,SOUTH,Smartwatch,Electronics,192.73,1.0,0.0,UPI,Online
ORD104559,2025-02-09,CUST1750,Julia Olsen,Central,Desk Lamp,Office Supplies,219.43,1.0,0.0,Cash on Delivery,In-Store
ORD105069,09/05/2025,CUST1764,Michael Vance,east,Standing Desk,Office Supplies,10.67,5.0,5.0,Cash on Delivery,In-Store
ORD101853,2025-04-10,CUST1485,Micheal Parks,Central,Yoga Mat,Sports & Outdoors,176.01,2.0,10.0,Debit Card,In-Store
ORD103348,11/06/2025,CUST1082,Alexander Collins,west,Notebook Pack,Office Supplies,53.29,2.0,0.0,Debit Card,Online
ORD101768,07-12-2024,CUST1198,Ralph Lee, North,Wireless Mouse,Electronics,172.83,1.0,0.0,Credit Card,In-Store
ORD105616,09-03-2025,CUST1486,Sarah Pittman,south,Yoga Pants,Apparel,58.2,4.0,5.0,Cash on Delivery,Online
ORD102597,04/08/2025,CUST1108,Tammy Gonzales,central,27in Monitor,Electronics,444.01,1.0,0.0,UPI,In-Store
ORD102564,2024-07-26,CUST1332,Michelle Miller,west,Blender,Home & Kitchen,168.35,1.0,0.0,Cash on Delivery,Online
ORD100099,2024-01-22,CUST1657,Johnny Peterson,north,Mechanical Keyboard,Electronics,428.33,3.0,5.0,PayPal,Online
ORD103141,07/05/2024,CUST1488,Henry Garner, West,USB-C Hub,Electronics,178.24,4.0,0.0,Credit Card,Online
ORD100922,2024-06-03,CUST1362,Melissa Brewer,South,Portable SSD 1TB,Electronics,306.3,1.0,,,Mobile App
ORD104461,2024-04-12,CUST1044,Sandra Williams, South ,Power Bank,Electronics,79.34,3.0,5.0,PayPal,In-Store
ORD103154,2025-07-26,CUST1004,Gabrielle Davis,north,Non-stick Pan Set,Home & Kitchen,115.28,1.0,5.0,Cash on Delivery,In-Store
ORD101794,2024-05-09,CUST1386,Alejandra Santos,South,Dumbbell Set,Sports & Outdoors,247.73,1.0,0.0,PayPal,Mobile App
ORD101890,10-10-2024,CUST1409,Dr. Morgan Payne PhD,West,Notebook Pack,Office Supplies,65.63,1.0,5.0,Credit Card,Online
ORD104205,2024/11/28,CUST1873,Michael Wells,east,Wool Sweater,Apparel,104.28,4.0,0.0,PayPal,Online
ORD103071,2024-04-20,CUST1840,Leslie Nguyen,Central,USB-C Hub,Electronics,200.18,1.0,10.0,Credit Card,Online
ORD101243,2024/07/11,CUST1843,James Ellis,south,Cotton T-Shirt,Apparel,115.45,1.0,10.0,Cash on Delivery,Mobile App
ORD100538,2024-06-26,CUST1782,Christopher Taylor,Central,Power Bank,Electronics,257.0,1.0,0.0,Credit Card,In-Store
ORD103360,2024-11-23,CUST1833,Devin Cole, West,Webcam HD,Electronics,271.67,1.0,0.0,UPI,In-Store
ORD104663,19/07/2024,CUST1316,Ryan Hall,West,Camping Tent,Sports & Outdoors,153.34,4.0,0.0,Debit Card,Mobile App
ORD102069,2025-11-19,CUST1622,Derek Perez,East,Webcam HD,Electronics,235.22,1.0,0.0,PayPal,Online
ORD100144,2025-03-10,CUST1273,Matthew Velez,CENTRAL,Blender,Home & Kitchen,119.24,1.0,10.0,Cash on Delivery,Online
ORD100372,2025-08-15,CUST1031,Tammy Allison,CENTRAL,Ergonomic Chair,Office Supplies,257.32,4.0,10.0,Cash on Delivery,Online
ORD103709,2025-10-07,CUST1135,Brooke Alexander, South ,Whiteboard,Office Supplies,245.27,4.0,0.0,PayPal,In-Store
ORD101385,2025-01-14,CUST1148,Elizabeth Ortiz,East ,Desk Lamp,Office Supplies,140.76,5.0,0.0,Credit Card,In-Store
ORD102351,2024-08-13,CUST1028,Victoria Garcia,Central,Camping Tent,Sports & Outdoors,120.69,2.0,0.0,Cash on Delivery,Mobile App
ORD100819,2024/02/06,CUST1527,Brent Hopkins,CENTRAL,Wool Sweater,Apparel,37.83,1.0,10.0,Cash on Delivery,In-Store
ORD105575,2025/04/13,CUST1177,Eric Clark,west,Power Bank,Electronics,368.6,2.0,10.0,Debit Card,In-Store
ORD103379,20/06/2025,CUST1851,Melissa Russell,central,Rice Cooker,Home & Kitchen,97.84,1.0,0.0,PayPal,Online
ORD102041,2025-07-04,CUST1102,Joseph Hayes,west,27in Monitor,Electronics,314.32,4.0,0.0,PayPal,Mobile App
ORD105409,2024-04-02,CUST1220,Matthew Mitchell,central,Camping Tent,Sports & Outdoors,258.72,3.0,5.0,Cash on Delivery,In-Store
ORD105122,2025-06-24,CUST1431,William Moreno,south,Webcam HD,Electronics,214.91,2.0,0.0,Cash on Delivery,Mobile App
ORD105597,2025-05-20,CUST1388,Bryce Blair,East,Water Bottle,Sports & Outdoors,270.48,1.0,0.0,Credit Card,Online
ORD105783,01-08-2025,CUST1682,Erika Watson PhD,SOUTH,Wireless Mouse,Electronics,58.51,1.0,15.0,PayPal,Mobile App
ORD103726,2024-12-03,CUST1162,Donald Schultz,west,Running Shoes,Apparel,119.52,2.0,0.0,Debit Card,In-Store
ORD105130,07-24-2024,CUST1649,Adam Mills,NORTH,Vacuum Cleaner,Home & Kitchen,206.46,4.0,0.0,Debit Card,In-Store
ORD105900,22/07/2024,CUST1139,Crystal Pham,North,Air Fryer,Home & Kitchen,206.87,1.0,0.0,UPI,In-Store
ORD100371,05-23-2024,CUST1861,Judith Miller,North,Non-stick Pan Set,Home & Kitchen,174.95,1.0,0.0,Debit Card,In-Store
ORD104725,2025-11-29,CUST1110,David Davis, West,USB-C Hub,Electronics,298.15,3.0,5.0,Cash on Delivery,Mobile App
ORD104359,2025-02-12,CUST1432,Joseph Moody,West,Coffee Maker,Home & Kitchen,160.92,1.0,0.0,PayPal,Mobile App
ORD100943,08-02-2025,CUST1130,Yolanda Francis,east,Whiteboard,Office Supplies,318.33,3.0,5.0,Credit Card,In-Store
ORD105929,2024/04/20,CUST1734,Toni Smith,north,Smartwatch,Electronics,86.51,1.0,20.0,Debit Card,In-Store
ORD103223,2024-07-11,CUST1616,Laura Benson,East,Rice Cooker,Home & Kitchen,204.35,1.0,15.0,PayPal,Online
ORD104967,2024-07-14,CUST1192,Helen Hardin,East,Wool Sweater,Apparel,79.39,1.0,15.0,UPI,Mobile App
ORD105209,2025-11-06,CUST1718,Phillip Salazar,South,Denim Jacket,Apparel,79.38,2.0,0.0,UPI,Mobile App
ORD105764,2025-12-23,CUST1318,Jennifer Smith, West,Coffee Maker,Home & Kitchen,198.71,1.0,10.0,Debit Card,Online
ORD105050,01/07/2024,CUST1167,Kristina Santiago, South ,Non-stick Pan Set,Home & Kitchen,109.72,2.0,0.0,UPI,Online
ORD102840,2024-01-12,CUST1209,Luis Bullock,South,Yoga Pants,Apparel,47.78,2.0,10.0,Debit Card,Online
ORD101346,18/11/2025,CUST1659,Catherine Huang,East,Notebook Pack,Office Supplies,206.95,2.0,5.0,Cash on Delivery,In-Store
ORD105434,2024-09-05,CUST1880,Jill Riddle,CENTRAL,Running Shoes,Apparel,56.44,4.0,0.0,Debit Card,Online
ORD102360,28/12/2025,CUST1538,Melissa Morris,north,Denim Jacket,Apparel,66.24,2.0,15.0,Cash on Delivery,Mobile App
ORD101755,29/01/2024,CUST1828,Robert Simmons,East,Noise Cancelling Headphones,Electronics,59.24,1.0,5.0,Cash on Delivery,Mobile App
ORD102394,2025/10/17,CUST1376,Jackie Clements,north,Power Bank,Electronics,401.9,2.0,5.0,Cash on Delivery,Mobile App
ORD103552,2024-11-23,CUST1331,Henry Pugh MD,West,USB-C Hub,Electronics,370.94,1.0,5.0,Credit Card,In-Store
ORD101707,03/08/2025,CUST1413,Jacqueline Villegas,CENTRAL,Cycling Helmet,Sports & Outdoors,82.17,2.0,0.0,UPI,Online
ORD102652,2024-07-29,CUST1747,Elizabeth Hunter, North,Rice Cooker,Home & Kitchen,192.57,1.0,15.0,Credit Card,Mobile App
ORD105556,2025-01-03,CUST1741,John Martinez,North,Non-stick Pan Set,Home & Kitchen,60.61,1.0,5.0,UPI,Online
ORD103023,09/02/2025,CUST1151,Teresa Ramirez,East,Denim Jacket,Apparel,30.25,1.0,0.0,UPI,Mobile App
ORD104986,2024-01-06,CUST1844,Andrew Carroll,West,Desk Lamp,Office Supplies,43.52,1.0,0.0,Cash on Delivery,Online
ORD104170,31/01/2024,CUST1546,William Jones,central,Ergonomic Chair,Office Supplies,216.96,1.0,0.0,PayPal,Online
ORD100541,2025-09-02,CUST1625,Phillip Dixon,south,USB-C Hub,Electronics,296.93,2.0,5.0,UPI,Mobile App
ORD103958,16/06/2025,CUST1603,Donald Becker,north,Yoga Pants,Apparel,23.97,1.0,10.0,Credit Card,In-Store
ORD104295,2025-04-01,CUST1156,Brianna Anderson,east,Camping Tent,Sports & Outdoors,163.12,1.0,0.0,Credit Card,Online
ORD104166,2025/10/24,CUST1519,Danielle Reed,East ,Mechanical Keyboard,Electronics,85.7,2.0,0.0,PayPal,Online
ORD105371,2025-01-26,CUST1790,Angela Schultz, West,Non-stick Pan Set,Home & Kitchen,96.68,1.0,5.0,Debit Card,Online
ORD104038,13/07/2024,CUST1491,Brittany Gay,central,Wireless Mouse,Electronics,293.93,3.0,20.0,Credit Card,Online
ORD105246,2024-05-13,CUST1159,Jodi Walker,West,Whiteboard,Office Supplies,122.73,1.0,0.0,Debit Card,Online
ORD105401,2024-12-24,CUST1111,Pamela Thompson,East,Cotton T-Shirt,Apparel,100.29,3.0,10.0,Credit Card,In-Store
ORD100497,2025-06-30,CUST1776,Daniel Taylor, West,Wool Sweater,Apparel,79.71,1.0,5.0,UPI,Mobile App
ORD100145,19/06/2024,CUST1617,Tonya Ellis,SOUTH,Cotton T-Shirt,Apparel,25.77,1.0,10.0,PayPal,In-Store
ORD101355,03-18-2024,CUST1440,Marie Thompson,South,Air Fryer,Home & Kitchen,64.36,3.0,0.0,PayPal,Mobile App
ORD101201,2024/05/26,CUST1329,Haley Davis, West,Wool Sweater,Apparel,69.39,1.0,0.0,Debit Card,Online
ORD105724,2024-12-10,CUST1868,Caitlyn Nichols,East ,USB-C Hub,Electronics,113.41,1.0,10.0,Cash on Delivery,Mobile App
ORD104365,2024-10-23,CUST1702,Christina Mills, South ,Standing Desk,Office Supplies,77.09,1.0,0.0,Credit Card,Mobile App
ORD104905,20/06/2024,CUST1696,Christina Gilbert,east,27in Monitor,Electronics,117.59,2.0,5.0,Cash on Delivery,Mobile App
ORD104974,27/03/2024,CUST1543,Rebecca Horton, North,Toaster,Home & Kitchen,45.72,5.0,0.0,Cash on Delivery,Mobile App
ORD101327,13/06/2025,CUST1376,Jackie Clements,west,Non-stick Pan Set,Home & Kitchen,179.7,1.0,0.0,UPI,In-Store
ORD100116,2025-03-22,CUST1882,John Dillon,SOUTH,Yoga Pants,Apparel,73.67,-2.0,10.0,Credit Card,In-Store
ORD104099,2025-12-07,CUST1629,Derrick Mullen,East ,Denim Jacket,Apparel,83.47,1.0,5.0,PayPal,In-Store
ORD101456,2024-11-17,CUST1091,Jason Peters,north,Vacuum Cleaner,Home & Kitchen,33.43,1.0,15.0,Debit Card,Online
ORD102683,17/10/2025,CUST1436,Anthony Guzman,CENTRAL,Wireless Mouse,Electronics,217.06,2.0,0.0,PayPal,In-Store
ORD101912,2024-04-02,CUST1238,Michael Cooper,west,Denim Jacket,Apparel,39.26,3.0,0.0,PayPal,Online
ORD102922,2024-08-25,CUST1279,Margaret Sullivan,Central,Wireless Mouse,Electronics,407.56,1.0,0.0,Debit Card,In-Store
ORD104765,2024/12/11,CUST1199,Kimberly Rodgers,East,Ergonomic Chair,Office Supplies,248.26,2.0,0.0,UPI,In-Store
ORD105785,2025-11-03,CUST1268,Jennifer Reed,west,Yoga Pants,Apparel,55.22,1.0,10.0,UPI,In-Store
ORD102095,02/10/2024,CUST1764,Michael Vance,central,Power Bank,Electronics,337.75,1.0,0.0,Credit Card,Mobile App
ORD102107,2024-08-29,CUST1430,Devin Johnson,East,Notebook Pack,Office Supplies,201.46,1.0,15.0,Debit Card,Online
ORD102486,2025-07-10,CUST1588,Karen Mendoza,west,Air Fryer,Home & Kitchen,208.02,1.0,0.0,Cash on Delivery,Online
ORD102606,2024-09-27,CUST1392,Ryan Fisher,East,Yoga Mat,Sports & Outdoors,186.03,1.0,0.0,Credit Card,Mobile App
ORD101357,2024-12-02,CUST1398,Mary Thompson,West,Camping Tent,Sports & Outdoors,165.82,2.0,5.0,Debit Card,Online
ORD101039,2025/01/12,CUST1336,Misty Hansen, North,Camping Tent,Sports & Outdoors,139.32,2.0,0.0,Cash on Delivery,Online
ORD100975,11/10/2024,CUST1856,Susan Cox,NORTH,Dumbbell Set,Sports & Outdoors,199.17,1.0,0.0,PayPal,Online
ORD103106,12/04/2025,CUST1587,Jack Love,East ,Coffee Maker,Home & Kitchen,45.76,1.0,0.0,Debit Card,Online
ORD102743,2025-06-14,CUST1343,Catherine Saunders MD,NORTH,Yoga Mat,Sports & Outdoors,290.23,3.0,5.0,PayPal,Online
ORD103501,2024-07-04,CUST1488,Henry Garner,SOUTH,Yoga Pants,Apparel,28.62,1.0,0.0,PayPal,In-Store
ORD104348,26/01/2025,CUST1424,Carl Stein,NORTH,Ergonomic Chair,Office Supplies,129.57,2.0,0.0,Credit Card,Mobile App
ORD104647,2025/02/25,CUST1841,Erika Garcia,NORTH,Toaster,Home & Kitchen,139.55,2.0,10.0,Credit Card,Online
ORD102731,2024-06-18,CUST1329,Haley Davis, West,Toaster,Home & Kitchen,199.41,2.0,5.0,PayPal,Mobile App
ORD100428,09/10/2024,CUST1332,Michelle Miller,NORTH,Air Fryer,Home & Kitchen,192.73,1.0,0.0,UPI,Online
ORD100524,2024/08/10,CUST1608,Lee Ramsey,West,Webcam HD,Electronics,132.06,1.0,5.0,Credit Card,Mobile App
ORD101459,06-21-2024,CUST1270,Melissa Taylor,east,27in Monitor,Electronics,215.18,4.0,5.0,PayPal,Online
ORD104871,2025-05-20,CUST1282,Melissa Brown, North,Standing Desk,Office Supplies,255.03,1.0,0.0,UPI,Mobile App
ORD100509,2024-05-19,CUST1673,Brent Hopkins,NORTH,Camping Tent,Sports & Outdoors,50.67,1.0,0.0,UPI,In-Store
ORD101784,07-03-2025,CUST1408,Eddie Mueller,West,Vacuum Cleaner,Home & Kitchen,187.78,2.0,10.0,Credit Card,In-Store
ORD102507,2024/02/03,CUST1815,Gary Myers,west,Camping Tent,Sports & Outdoors,187.46,1.0,10.0,UPI,Mobile App
ORD105124,03/06/2025,CUST1588,Karen Mendoza,South,Yoga Pants,Apparel,81.67,2.0,0.0,PayPal,Mobile App
ORD101573,06-02-2025,CUST1226,Heidi Owen, South ,Air Fryer,Home & Kitchen,134.24,3.0,0.0,Credit Card,In-Store
ORD105384,2025-12-09,CUST1494,Jeffrey Jordan,Central,Standing Desk,Office Supplies,113.74,2.0,0.0,Cash on Delivery,Mobile App
ORD103035,09-12-2025,CUST1757,Briana Wiggins,Central,Running Shoes,Apparel,27.73,1.0,0.0,Debit Card,In-Store
ORD101221,2024/05/15,CUST1416,Dillon Jones,west,Vacuum Cleaner,Home & Kitchen,159.37,1.0,10.0,PayPal,Mobile App
ORD103486,28/05/2025,CUST1310,Elizabeth Ward,South,Wireless Mouse,Electronics,146.3,2.0,0.0,UPI,In-Store
ORD103399,06/06/2025,CUST1718,Phillip Salazar,West,Power Bank,Electronics,429.35,1.0,0.0,Credit Card,In-Store
ORD102313,2024-03-07,CUST1351,Todd Thomas,north,Yoga Mat,Sports & Outdoors,201.48,5.0,0.0,UPI,Mobile App
ORD105039,09/10/2025,CUST1661,Vickie Kennedy,North,Wool Sweater,Apparel,79.04,3.0,0.0,Credit Card,Mobile App
ORD105591,2024-10-08,CUST1214,Rachel Romero,Central,Electric Kettle,Home & Kitchen,219.79,1.0,15.0,Cash on Delivery,In-Store
ORD103663,2024-04-16,CUST1087,Robert Medina,north,Wool Sweater,Apparel,115.89,3.0,0.0,Credit Card,Online
ORD103427,2025-09-21,CUST1174,Sophia Moore,NORTH,Bluetooth Speaker,Electronics,75.12,1.0,0.0,PayPal,In-Store
ORD103111,2024-08-21,CUST1031,Tammy Allison,east,Whiteboard,Office Supplies,72.12,1.0,15.0,UPI,In-Store
ORD101542,2025/01/26,CUST1104,Brad Allen, South ,Rice Cooker,Home & Kitchen,157.03,3.0,0.0,Debit Card,Online
ORD100875,2025-11-29,CUST1898,Brenda Perez,east,Non-stick Pan Set,Home & Kitchen,94.74,2.0,15.0,Credit Card,Mobile App
ORD103947,2024-08-27,CUST1271,David Garcia,South,Running Shoes,Apparel,49.28,1.0,0.0,Credit Card,In-Store
ORD104436,2024-08-02,CUST1621,Travis Vega, North,Power Bank,Electronics,219.44,3.0,0.0,Credit Card,Mobile App
ORD101155,04-17-2024,CUST1431,William Moreno,central,Camping Tent,Sports & Outdoors,262.38,2.0,0.0,PayPal,Mobile App
ORD100590,2025-06-16,CUST1126,Evelyn Garcia, South ,Desk Lamp,Office Supplies,154.19,2.0,0.0,PayPal,Mobile App
ORD102154,2025-02-15,CUST1019,Linda Burns,south,Rice Cooker,Home & Kitchen,27.33,1.0,0.0,Debit Card,Online
ORD101877,2025/07/27,CUST1163,Larry Garcia,North,27in Monitor,Electronics,171.39,1.0,5.0,Cash on Delivery,Mobile App
ORD104186,2025-08-24,CUST1724,Laura Herrera,central,Yoga Pants,Apparel,27.0,3.0,0.0,Debit Card,Mobile App
ORD100354,2024-09-18,CUST1133,Bob Pitts, South ,Cycling Helmet,Sports & Outdoors,46.37,1.0,0.0,UPI,Mobile App
ORD104358,09/07/2024,CUST1192,Helen Hardin, West,Bluetooth Speaker,Electronics,46.33,1.0,10.0,UPI,In-Store
ORD105624,06/05/2024,CUST1884,Ronnie Roberts,West,Desk Lamp,Office Supplies,18.02,1.0,0.0,Debit Card,In-Store
ORD101367,2024-11-20,CUST1805,Joseph Jennings,West,Yoga Pants,Apparel,91.22,1.0,10.0,Cash on Delivery,In-Store
ORD102826,2025-01-04,CUST1848,Danielle Murphy,East,Cotton T-Shirt,Apparel,110.61,3.0,5.0,UPI,In-Store
ORD100292,2025-11-07,CUST1747,Elizabeth Hunter, West,Bluetooth Speaker,Electronics,112.36,1.0,0.0,Debit Card,Online
ORD104636,2025/12/15,CUST1582,Heather Harrison,CENTRAL,Yoga Pants,Apparel,110.86,1.0,0.0,PayPal,Mobile App
ORD101299,2024/10/04,CUST1401,Laura Jones,East,Notebook Pack,Office Supplies,72.25,2.0,0.0,UPI,Mobile App
ORD101783,05-31-2025,CUST1821,Nathan Watkins,Central,Yoga Pants,Apparel,44.84,1.0,5.0,Credit Card,In-Store
ORD100393,20/10/2024,CUST1628,Jamie Garcia,central,Mechanical Keyboard,Electronics,283.84,2.0,5.0,Cash on Delivery,Online
ORD103059,2025-02-09,CUST1306,Michael Morrison,East,Yoga Mat,Sports & Outdoors,41.01,1.0,0.0,Credit Card,In-Store
ORD101979,2025/06/01,CUST1300,Victoria Boyd,South,Vacuum Cleaner,Home & Kitchen,117.75,2.0,0.0,Cash on Delivery,In-Store
ORD100253,2024-09-03,CUST1506,Valerie Howard,Central,Noise Cancelling Headphones,Electronics,150.61,1.0,0.0,Cash on Delivery,Online
ORD103445,2025-06-30,CUST1638,Dustin Welch,East ,Cycling Helmet,Sports & Outdoors,253.94,1.0,5.0,Debit Card,In-Store
ORD104375,2025-03-04,CUST1329,Haley Davis, North,Notebook Pack,Office Supplies,330.09,2.0,0.0,Debit Card,Online
ORD104218,03-13-2025,CUST1020,David Bradley,South,Air Fryer,Home & Kitchen,184.12,4.0,0.0,Cash on Delivery,Mobile App
ORD103694,13/04/2024,CUST1838,Dominique Hamilton,West,Dumbbell Set,Sports & Outdoors,258.75,5.0,10.0,Debit Card,Online
ORD102274,01/08/2024,CUST1357,Rebecca Herrera,NORTH,USB-C Hub,Electronics,203.1,1.0,5.0,UPI,In-Store
ORD102641,10/03/2024,CUST1800,Joseph Graham,south,Portable SSD 1TB,Electronics,209.68,1.0,5.0,Debit Card,Mobile App
ORD103270,10-07-2024,CUST1127,Jennifer Pena,North,Denim Jacket,Apparel,71.95,2.0,0.0,PayPal,Mobile App
ORD103257,2025-01-30,CUST1220,Matthew Mitchell,CENTRAL,Non-stick Pan Set,Home & Kitchen,165.11,1.0,0.0,Credit Card,Online
ORD102562,05/07/2025,CUST1167,Kristina Santiago, South ,Bluetooth Speaker,Electronics,284.6,5.0,0.0,PayPal,Mobile App
ORD101436,2024-04-28,CUST1767,Pamela Ruiz,central,Standing Desk,Office Supplies,221.2,5.0,20.0,Cash on Delivery,Online
ORD102997,01/04/2025,CUST1318,Jennifer Smith,south,Smartwatch,Electronics,226.61,3.0,0.0,PayPal,In-Store
ORD103749,2025-03-30,CUST1898,Brenda Perez, South ,Toaster,Home & Kitchen,215.89,4.0,5.0,Debit Card,In-Store
ORD101211,06/02/2024,CUST1543,Rebecca Horton, West,USB-C Hub,Electronics,349.11,1.0,10.0,Credit Card,Online
ORD100870,2024-12-13,CUST1458,Joseph Camacho,west,Smartwatch,Electronics,244.43,2.0,10.0,Cash on Delivery,In-Store
ORD104428,02/11/2024,CUST1048,Stacey Russell,CENTRAL,Power Bank,Electronics,237.3,1.0,10.0,UPI,Online
ORD105915,2025-09-08,CUST1287,Stephanie Harris, South ,Yoga Mat,Sports & Outdoors,86.45,4.0,0.0,UPI,Online
ORD103775,2024-03-10,CUST1752,Andre Terrell, North,Wireless Mouse,Electronics,234.36,2.0,20.0,Cash on Delivery,Mobile App
ORD104400,05-19-2024,CUST1557,Ronald Johns,SOUTH,Dumbbell Set,Sports & Outdoors,111.34,2.0,0.0,Debit Card,Online
ORD105463,2024-03-04,CUST1122,Mary Grimes,central,Bluetooth Speaker,Electronics,93.6,3.0,5.0,PayPal,In-Store
ORD104521,2025-11-06,CUST1183,Eric Morgan, North,Webcam HD,Electronics,301.61,1.0,0.0,PayPal,In-Store
ORD102594,12/11/2025,CUST1762,Tony Brock,CENTRAL,Air Fryer,Home & Kitchen,219.36,1.0,10.0,Cash on Delivery,Online
ORD101279,2025-04-07,CUST1565,Andrew Armstrong, North,Non-stick Pan Set,Home & Kitchen,68.28,5.0,10.0,UPI,Online
ORD102458,2024-12-08,CUST1504,Lisa Haynes, West,Coffee Maker,Home & Kitchen,187.81,2.0,0.0,Cash on Delivery,In-Store
ORD100709,2025-03-18,CUST1308,Autumn Key,West,Coffee Maker,Home & Kitchen,176.53,1.0,5.0,Credit Card,Mobile App
ORD105451,21/11/2025,CUST1759,Stephen Garcia,East,Toaster,Home & Kitchen,120.87,1.0,15.0,Cash on Delivery,In-Store
ORD104326,2025-08-09,CUST1164,Cindy Hayes,north,Electric Kettle,Home & Kitchen,107.82,1.0,20.0,Cash on Delivery,Online
ORD104354,2025-05-29,CUST1848,Danielle Murphy, West,Denim Jacket,Apparel,98.81,2.0,0.0,UPI,Online
ORD103530,05/07/2024,CUST1485,Micheal Parks,West,Bluetooth Speaker,Electronics,151.73,2.0,0.0,Cash on Delivery,In-Store
ORD100745,30/11/2024,CUST1726,Cheryl Gonzales,North,Toaster,Home & Kitchen,191.15,1.0,,,In-Store
ORD100455,24/07/2024,CUST1174,Sophia Moore,east,Yoga Mat,Sports & Outdoors,120.46,4.0,0.0,Cash on Delivery,In-Store
ORD103888,2024/01/26,CUST1651,Adam Brooks,south,Water Bottle,Sports & Outdoors,256.57,1.0,15.0,Debit Card,In-Store
ORD101602,2025-08-25,CUST1337,Derrick Adams,west,Desk Lamp,Office Supplies,321.44,1.0,20.0,Credit Card,In-Store
ORD105647,2025-04-10,CUST1328,Jasmine Mosley,Central,Air Fryer,Home & Kitchen,74.68,4.0,0.0,Debit Card,In-Store
ORD102397,11-29-2025,CUST1338,Richard Ward,Central,Bluetooth Speaker,Electronics,365.65,1.0,0.0,Cash on Delivery,In-Store
ORD100035,2025-07-03,CUST1695,Patricia Anderson,west,Coffee Maker,Home & Kitchen,213.38,1.0,20.0,Credit Card,Online
ORD104898,2025-08-17,CUST1481,Brian Brown,East ,Camping Tent,Sports & Outdoors,254.73,1.0,0.0,Credit Card,Online
ORD104051,2025-05-09,CUST1858,Mrs. Ashley Mendoza, West,Ergonomic Chair,Office Supplies,288.24,3.0,5.0,Cash on Delivery,Mobile App
ORD105963,2024-04-27,CUST1333,Emily Rodriguez,north,Wireless Mouse,Electronics,55.67,1.0,0.0,Debit Card,In-Store
ORD103632,20/06/2025,CUST1535,Denise Stuart,SOUTH,Cotton T-Shirt,Apparel,32.14,5.0,5.0,Credit Card,In-Store
ORD100518,06-06-2024,CUST1609,Linda Bautista,north,Smartwatch,Electronics,391.36,1.0,15.0,UPI,In-Store
ORD101802,2024-11-10,CUST1264,Matthew Fox,South,Wireless Mouse,Electronics,249.86,2.0,0.0,Debit Card,In-Store
ORD102364,2025-08-23,CUST1696,Christina Gilbert,East,Non-stick Pan Set,Home & Kitchen,120.7,1.0,5.0,Credit Card,Online
ORD100028,04/12/2025,CUST1734,Toni Smith,south,Mechanical Keyboard,Electronics,340.53,1.0,,,Mobile App
ORD101862,2025-10-02,CUST1402,Carol Moore,Central,Whiteboard,Office Supplies,327.32,3.0,5.0,Debit Card,In-Store
ORD103940,2025-03-19,CUST1199,Kimberly Rodgers,central,Whiteboard,Office Supplies,272.27,4.0,0.0,Credit Card,Mobile App
ORD100316,2025-11-01,CUST1696,Christina Gilbert,West,Portable SSD 1TB,Electronics,79.38,1.0,15.0,PayPal,Online
ORD104701,2025-06-07,CUST1308,Autumn Key,South,Electric Kettle,Home & Kitchen,148.2,2.0,0.0,PayPal,In-Store
ORD104935,2025/04/08,CUST1876,Christie Fox,north,USB-C Hub,Electronics,117.52,1.0,0.0,Cash on Delivery,Mobile App
ORD102457,2025-06-23,CUST1651,Adam Brooks, West,Rice Cooker,Home & Kitchen,213.07,1.0,0.0,Debit Card,In-Store
ORD103903,2024/12/03,CUST1583,Michael Boyd,east,Webcam HD,Electronics,321.83,1.0,20.0,UPI,Mobile App
ORD102206,08-15-2024,CUST1683,Joshua Brooks,East,Running Shoes,Apparel,85.74,1.0,0.0,Cash on Delivery,Mobile App
ORD105080,2024-04-21,CUST1451,Colton Terry,north,Yoga Mat,Sports & Outdoors,66.83,1.0,10.0,Cash on Delivery,In-Store
ORD101345,2024-05-09,CUST1110,David Davis,Central,Blender,Home & Kitchen,27.36,1.0,20.0,Credit Card,In-Store
ORD102543,2024-10-02,CUST1069,Jeremiah Reeves, West,Webcam HD,Electronics,250.18,2.0,0.0,Debit Card,In-Store
ORD100431,2025-07-26,CUST1496,Michael Sims,North,Ergonomic Chair,Office Supplies,244.34,1.0,10.0,UPI,Online
ORD103691,2024-03-22,CUST1616,Laura Benson,NORTH,Air Fryer,Home & Kitchen,36.63,1.0,0.0,Cash on Delivery,Online
ORD103116,2025-02-16,CUST1801,Joseph Blanchard,North,Power Bank,Electronics,156.9,3.0,0.0,UPI,In-Store
ORD102245,2025-02-08,CUST1324,Shannon Davis,west,USB-C Hub,Electronics,319.7,4.0,0.0,UPI,Online
ORD103095,2025-08-18,CUST1451,Colton Terry,north,Non-stick Pan Set,Home & Kitchen,195.47,5.0,10.0,UPI,Online
ORD104882,30/03/2024,CUST1591,Nathan Stanley,East ,Coffee Maker,Home & Kitchen,36.99,2.0,0.0,UPI,In-Store
ORD101975,27/10/2024,CUST1169,John Boone,South,Standing Desk,Office Supplies,180.33,1.0,,,Mobile App
ORD100242,10/10/2025,CUST1384,Karen Perez,SOUTH,Desk Lamp,Office Supplies,176.42,2.0,0.0,Credit Card,In-Store
ORD102236,2025-03-17,CUST1402,Carol Moore,NORTH,Running Shoes,Apparel,100.53,3.0,0.0,Debit Card,In-Store
ORD102791,28/01/2024,CUST1535,Denise Stuart,west,Portable SSD 1TB,Electronics,50.19,1.0,10.0,Credit Card,In-Store
ORD105034,2024-01-30,CUST1266,Courtney Dudley,west,Standing Desk,Office Supplies,231.89,1.0,10.0,PayPal,Online
ORD104391,2025-09-23,CUST1717,Elizabeth Reese,north,Bluetooth Speaker,Electronics,163.24,2.0,10.0,Debit Card,Online
ORD103355,08/05/2024,CUST1467,Amanda Preston,East,Electric Kettle,Home & Kitchen,30.9,1.0,10.0,UPI,In-Store
ORD104125,2025-03-28,CUST1550,Joshua Davis, South ,Smartwatch,Electronics,344.81,1.0,10.0,PayPal,In-Store
ORD103843,11/06/2025,CUST1183,Eric Morgan,south,Portable SSD 1TB,Electronics,146.97,3.0,0.0,UPI,In-Store
ORD100761,2025-05-07,CUST1278,David Lopez,Central,Electric Kettle,Home & Kitchen,80.62,2.0,15.0,PayPal,In-Store
ORD105119,2024/09/05,CUST1193,Rachel Holland,SOUTH,Yoga Mat,Sports & Outdoors,35.62,1.0,0.0,Credit Card,In-Store
ORD105338,2025-05-20,CUST1749,John Johnson,SOUTH,Cycling Helmet,Sports & Outdoors,142.04,5.0,10.0,Cash on Delivery,Online
ORD105688,2025-12-20,CUST1702,Christina Mills,NORTH,Noise Cancelling Headphones,Electronics,185.63,1.0,15.0,PayPal,Mobile App
ORD101109,30/04/2025,CUST1333,Emily Rodriguez,West,Noise Cancelling Headphones,Electronics,358.97,3.0,20.0,UPI,Mobile App
ORD103970,2024-07-09,CUST1515,Meghan White,east,Camping Tent,Sports & Outdoors,230.1,1.0,0.0,UPI,Mobile App
ORD103236,2025/03/17,CUST1704,Lisa Brown, South ,Webcam HD,Electronics,194.68,5.0,5.0,Credit Card,Mobile App
ORD101725,03-19-2025,CUST1309,Jennifer Allen,South,Blender,Home & Kitchen,191.83,1.0,0.0,UPI,Online
ORD100300,31/05/2024,CUST1115,April Booth,east,Air Fryer,Home & Kitchen,177.31,2.0,0.0,Cash on Delivery,Online
ORD104613,2025-03-29,CUST1313,Kelly Sanchez, North,Portable SSD 1TB,Electronics,270.4,1.0,0.0,PayPal,Online
ORD104743,2025-01-31,CUST1000,Allison Hill,NORTH,Electric Kettle,Home & Kitchen,219.7,1.0,20.0,UPI,In-Store
ORD102270,2024-01-17,CUST1294,Jenna Anderson DVM,Central,Power Bank,Electronics,332.46,1.0,10.0,PayPal,Online
ORD105449,2024-03-22,CUST1493,Abigail Hill,North,Yoga Mat,Sports & Outdoors,215.56,2.0,10.0,UPI,Online
ORD103934,2025-01-26,CUST1139,Crystal Pham,East,Desk Lamp,Office Supplies,231.59,5.0,10.0,PayPal,Mobile App
ORD100159,2024/12/19,CUST1751,Kristen Smith, South ,Rice Cooker,Home & Kitchen,60.8,2.0,20.0,Debit Card,In-Store
ORD100054,2025-01-19,CUST1589,Andrew Berry, North,Denim Jacket,Apparel,116.3,1.0,5.0,Debit Card,Online
ORD102581,2024/03/21,CUST1038,Michael Evans, West,Yoga Mat,Sports & Outdoors,274.92,2.0,0.0,UPI,Mobile App
ORD101408,2024-10-26,CUST1661,Vickie Kennedy, West,Cotton T-Shirt,Apparel,47.85,2.0,0.0,Credit Card,Mobile App
ORD102890,03-28-2024,CUST1770,Bethany Garcia,SOUTH,27in Monitor,Electronics,311.66,2.0,0.0,PayPal,Online
ORD102812,09/03/2024,CUST1760,Dustin Patel,NORTH,Bluetooth Speaker,Electronics,96.64,1.0,15.0,UPI,Online
ORD102443,2025-12-05,CUST1446,Stacey Snyder,east,Mechanical Keyboard,Electronics,294.69,5.0,0.0,Credit Card,Online
ORD100463,2025/10/14,CUST1763,Amber Johnson,SOUTH,Bluetooth Speaker,Electronics,399.06,1.0,15.0,PayPal,Online
ORD103862,03-07-2024,CUST1583,Michael Boyd,North,Cycling Helmet,Sports & Outdoors,65.97,2.0,10.0,PayPal,In-Store
ORD105862,01/06/2025,CUST1820,Heather Miller,east,Portable SSD 1TB,Electronics,382.82,2.0,0.0,PayPal,Mobile App
ORD101490,2025-03-14,CUST1828,Robert Simmons,CENTRAL,Cotton T-Shirt,Apparel,57.23,4.0,15.0,PayPal,Mobile App
ORD103172,06-05-2025,CUST1398,Mary Thompson,West,Portable SSD 1TB,Electronics,26.17,1.0,0.0,PayPal,In-Store
ORD103933,2024-04-15,CUST1415,Samuel Howe,CENTRAL,27in Monitor,Electronics,285.77,1.0,5.0,Cash on Delivery,Online
ORD100779,2025/12/17,CUST1487,Robert Hines,NORTH,Rice Cooker,Home & Kitchen,100.03,2.0,20.0,UPI,In-Store
ORD104485,2025/04/06,CUST1242,Matthew Le,East ,Camping Tent,Sports & Outdoors,180.65,4.0,0.0,Credit Card,Mobile App
ORD103153,2024-12-17,CUST1809,Tammy Hill,SOUTH,Webcam HD,Electronics,430.35,2.0,15.0,UPI,Online
ORD103529,2025-02-05,CUST1594,James Rodriguez, North,Blender,Home & Kitchen,116.55,2.0,10.0,UPI,Mobile App
ORD100985,01-15-2025,CUST1208,Raven Taylor,East,Mechanical Keyboard,Electronics,57.93,1.0,0.0,UPI,Online
ORD102548,2025-09-24,CUST1685,William Lewis,central,Coffee Maker,Home & Kitchen,133.1,1.0,0.0,Credit Card,Mobile App
ORD104067,11-30-2025,CUST1402,Carol Moore,West,Denim Jacket,Apparel,39.16,3.0,0.0,Credit Card,In-Store
ORD101306,2024-01-04,CUST1225,Heather Bolton,north,Noise Cancelling Headphones,Electronics,118.91,1.0,0.0,PayPal,In-Store
ORD101675,2025-04-09,CUST1275,Jennifer Simpson DVM, West,Portable SSD 1TB,Electronics,355.8,1.0,0.0,PayPal,Mobile App
ORD104422,2025/09/29,CUST1575,Stephen Jones, South ,USB-C Hub,Electronics,66.93,1.0,0.0,UPI,In-Store
ORD102411,2024/07/03,CUST1374,Sandra Juarez,SOUTH,27in Monitor,Electronics,248.27,5.0,0.0,Debit Card,In-Store
ORD100090,06/11/2025,CUST1256,Andrew Reeves, West,Standing Desk,Office Supplies,216.4,1.0,5.0,Debit Card,Mobile App
ORD105693,2025-01-30,CUST1017,Deborah Mason,East,Whiteboard,Office Supplies,91.65,3.0,0.0,Debit Card,Mobile App
ORD101447,2024-08-09,CUST1645,Mark Anderson,SOUTH,Running Shoes,Apparel,97.28,1.0,0.0,UPI,In-Store
ORD100166,23/09/2025,CUST1166,Bradley Reynolds, South ,Blender,Home & Kitchen,141.25,2.0,0.0,PayPal,Mobile App
ORD101739,2024-10-30,CUST1047,Rebecca Valencia,Central,Wireless Mouse,Electronics,117.13,2.0,0.0,Cash on Delivery,Mobile App
ORD102301,29/01/2025,CUST1804,Megan Kaiser, North,Portable SSD 1TB,Electronics,296.55,1.0,0.0,UPI,Online
ORD101607,2025-01-07,CUST1800,Joseph Graham,west,Coffee Maker,Home & Kitchen,114.5,5.0,5.0,Cash on Delivery,In-Store
ORD103751,2025/11/18,CUST1590,Christopher Nielsen, North,Noise Cancelling Headphones,Electronics,252.32,4.0,0.0,Cash on Delivery,Mobile App
ORD103956,2024-06-23,CUST1569,Danielle Gonzalez,West,Denim Jacket,Apparel,44.54,4.0,0.0,UPI,Online
ORD103978,08-16-2024,CUST1603,Donald Becker,south,Ergonomic Chair,Office Supplies,337.26,1.0,0.0,Cash on Delivery,Mobile App
ORD102538,2024-05-14,CUST1794,Richard King,CENTRAL,Water Bottle,Sports & Outdoors,173.33,5.0,5.0,UPI,Mobile App
ORD103076,2024-09-14,CUST1744,Lynn Vasquez,Central,Camping Tent,Sports & Outdoors,95.47,2.0,0.0,UPI,In-Store
ORD104075,2025-04-23,CUST1258,Ronald Patel,East ,Wireless Mouse,Electronics,133.84,1.0,0.0,Debit Card,Online
ORD101829,2025-10-27,CUST1608,Lee Ramsey,CENTRAL,Dumbbell Set,Sports & Outdoors,152.01,1.0,0.0,Credit Card,In-Store
ORD102052,2024/10/06,CUST1677,Rebecca Brown,east,Portable SSD 1TB,Electronics,173.25,3.0,0.0,Cash on Delivery,Online
ORD101231,2024-11-16,CUST1307,Claire Clark,east,Notebook Pack,Office Supplies,163.27,2.0,10.0,Debit Card,Online
ORD103685,2025-11-12,CUST1378,Frank Campbell MD,South,Water Bottle,Sports & Outdoors,27.99,5.0,15.0,UPI,In-Store
ORD101879,2024-03-28,CUST1418,John Phelps,NORTH,Yoga Mat,Sports & Outdoors,145.82,1.0,0.0,Debit Card,Mobile App
ORD103039,2025-05-17,CUST1313,Kelly Sanchez,east,Wool Sweater,Apparel,82.99,3.0,0.0,PayPal,Mobile App
ORD102327,2025-01-16,CUST1446,Stacey Snyder,West,Mechanical Keyboard,Electronics,246.57,2.0,15.0,Credit Card,Online
ORD104917,04/11/2024,CUST1812,Matthew Rodriguez,east,Camping Tent,Sports & Outdoors,280.88,1.0,20.0,Credit Card,In-Store
ORD105099,2025/09/15,CUST1223,Samantha Gardner,West,Vacuum Cleaner,Home & Kitchen,45.13,1.0,0.0,Debit Card,Online
ORD103312,2024-03-01,CUST1171,Christopher Park, West,Webcam HD,Electronics,202.32,1.0,0.0,Debit Card,Online
ORD100398,21/01/2025,CUST1256,Andrew Reeves, West,Cycling Helmet,Sports & Outdoors,287.53,4.0,5.0,Debit Card,In-Store
ORD105973,2025-09-26,CUST1152,Michael Stephens,West,Desk Lamp,Office Supplies,135.97,1.0,0.0,UPI,In-Store
ORD104958,2024-03-29,CUST1346,Karen Morales DDS,North,Running Shoes,Apparel,80.68,1.0,10.0,Cash on Delivery,Mobile App
ORD101272,19/06/2025,CUST1561,Mercedes Jones,central,Bluetooth Speaker,Electronics,232.9,1.0,15.0,UPI,Online
ORD105364,31/03/2024,CUST1687,Kevin Hall,north,Desk Lamp,Office Supplies,68.75,1.0,10.0,PayPal,In-Store
ORD101627,11-21-2024,CUST1310,Elizabeth Ward,East ,Webcam HD,Electronics,403.67,4.0,20.0,UPI,Mobile App
ORD103229,2024-05-23,CUST1528,Jacqueline Rodriguez, South ,Bluetooth Speaker,Electronics,90.21,2.0,0.0,Cash on Delivery,Online
ORD104380,30/03/2025,CUST1660,Ray Ramos,West,Denim Jacket,Apparel,79.35,1.0,0.0,UPI,In-Store
ORD104807,2025-04-17,CUST1590,Christopher Nielsen,Central,Non-stick Pan Set,Home & Kitchen,192.79,1.0,0.0,PayPal,Mobile App
ORD103754,2025-03-23,CUST1376,Jackie Clements, North,Portable SSD 1TB,Electronics,412.85,2.0,0.0,UPI,In-Store
ORD104523,2025-04-18,CUST1435,Sara Cochran,east,Standing Desk,Office Supplies,14.88,1.0,10.0,Cash on Delivery,Online
ORD101409,2024-10-22,CUST1154,Gavin Zhang,South,Whiteboard,Office Supplies,237.17,2.0,0.0,Credit Card,In-Store
ORD103905,2024-08-10,CUST1316,Ryan Hall,SOUTH,27in Monitor,Electronics,69.54,1.0,0.0,Debit Card,Online
ORD101468,2024-03-15,CUST1583,Michael Boyd,west,Whiteboard,Office Supplies,346.22,4.0,0.0,Debit Card,Online
ORD101245,2024-05-31,CUST1080,Cynthia Wells,west,USB-C Hub,Electronics,150.84,1.0,0.0,UPI,Mobile App
ORD102519,10/04/2025,CUST1601,Adrienne Mills,CENTRAL,Webcam HD,Electronics,120.39,1.0,10.0,Debit Card,Online
ORD102919,04/07/2024,CUST1872,Theresa Reilly,CENTRAL,Dumbbell Set,Sports & Outdoors,289.16,1.0,,,Online
ORD103646,04/09/2024,CUST1760,Dustin Patel,SOUTH,Yoga Mat,Sports & Outdoors,280.23,2.0,15.0,Credit Card,In-Store
ORD101684,2025-11-23,CUST1890,Brandy Martin,West,Portable SSD 1TB,Electronics,45.66,1.0,5.0,Cash on Delivery,In-Store
ORD100531,26/02/2024,CUST1698,Kirk Johnson,central,Dumbbell Set,Sports & Outdoors,46.91,2.0,0.0,Credit Card,In-Store
ORD102555,2024/12/11,CUST1370,Heather Page,central,Wool Sweater,Apparel,69.48,1.0,0.0,PayPal,Online
ORD104568,2024/03/24,CUST1728,Ashley Osborne, North,Toaster,Home & Kitchen,135.12,2.0,0.0,UPI,Mobile App
ORD105843,2024-07-06,CUST1155,Robin Hall,West,Power Bank,Electronics,241.58,1.0,15.0,Debit Card,Mobile App
ORD104529,24/04/2025,CUST1801,Joseph Blanchard,West,Denim Jacket,Apparel,69.72,3.0,10.0,UPI,In-Store
ORD102788,2024-03-19,CUST1657,Johnny Peterson,NORTH,Standing Desk,Office Supplies,50.01,1.0,0.0,Credit Card,In-Store
ORD103915,2025-05-04,CUST1300,Victoria Boyd,north,USB-C Hub,Electronics,37.46,1.0,20.0,Debit Card,In-Store
ORD100874,2025/09/26,CUST1410,Makayla Steele, South ,Yoga Mat,Sports & Outdoors,291.84,-1.0,0.0,Debit Card,In-Store
ORD101070,2025-04-14,CUST1840,Leslie Nguyen,CENTRAL,Cycling Helmet,Sports & Outdoors,82.3,3.0,0.0,PayPal,In-Store
ORD101696,2024-07-24,CUST1798,Mark Clark,east,Wool Sweater,Apparel,111.92,3.0,0.0,PayPal,Online
ORD101713,12/11/2025,CUST1313,Kelly Sanchez,east,Wireless Mouse,Electronics,25.51,1.0,0.0,UPI,In-Store
ORD104657,2024-12-03,CUST1712,Lori Perez, South ,Cycling Helmet,Sports & Outdoors,18.0,2.0,0.0,Cash on Delivery,Online
ORD100675,18/10/2024,CUST1239,Amy Martinez, West,Cycling Helmet,Sports & Outdoors,217.82,4.0,0.0,Cash on Delivery,Mobile App
ORD102472,2024-04-12,CUST1347,Robin Wheeler,East,Webcam HD,Electronics,152.05,3.0,0.0,PayPal,Mobile App
ORD100313,2025-11-28,CUST1413,Jacqueline Villegas, West,27in Monitor,Electronics,407.37,3.0,5.0,Credit Card,Mobile App
ORD105999,2025/05/08,CUST1694,George Alvarez, West,Vacuum Cleaner,Home & Kitchen,197.74,1.0,0.0,Debit Card,Online
ORD104751,12/02/2024,CUST1126,Evelyn Garcia,east,Yoga Pants,Apparel,51.94,1.0,20.0,Cash on Delivery,In-Store
ORD105348,2025-12-17,CUST1259,Veronica Silva,Central,Denim Jacket,Apparel,22.93,1.0,5.0,Cash on Delivery,In-Store
ORD105678,26/07/2025,CUST1770,Bethany Garcia,South,Ergonomic Chair,Office Supplies,245.85,2.0,0.0,Credit Card,Mobile App
ORD102558,12-11-2025,CUST1391,Jonathan Wheeler,central,Electric Kettle,Home & Kitchen,115.58,1.0,5.0,Debit Card,In-Store
ORD100471,2025-04-06,CUST1402,Carol Moore,north,Desk Lamp,Office Supplies,40.75,2.0,0.0,UPI,Mobile App
ORD100871,2025-05-24,CUST1580,Travis Hopkins,East,Noise Cancelling Headphones,Electronics,126.62,5.0,5.0,Credit Card,Online
ORD102344,2024-08-29,CUST1438,Patricia Mathis,east,Cotton T-Shirt,Apparel,50.54,3.0,0.0,Credit Card,Mobile App
ORD103431,28/05/2025,CUST1529,Ashley Carr,NORTH,USB-C Hub,Electronics,27.84,1.0,5.0,PayPal,Online
ORD104641,2025-01-01,CUST1326,Amanda Mcfarland,East,Desk Lamp,Office Supplies,245.89,1.0,0.0,Cash on Delivery,In-Store
ORD105832,2025-02-24,CUST1375,Jason Hayes,CENTRAL,Denim Jacket,Apparel,97.13,2.0,,,Mobile App
ORD101845,2024/03/21,CUST1187,Jeremy Turner,East,Noise Cancelling Headphones,Electronics,442.76,3.0,0.0,PayPal,Online
ORD105385,2024-06-12,CUST1436,Anthony Guzman,north,Toaster,Home & Kitchen,174.08,5.0,20.0,Cash on Delivery,Mobile App
ORD105149,2024-11-17,CUST1291,Kimberly Brown,CENTRAL,Rice Cooker,Home & Kitchen,90.73,1.0,5.0,PayPal,Mobile App
ORD100824,29/11/2025,CUST1563,Daniel Francis,NORTH,Wool Sweater,Apparel,115.77,5.0,0.0,PayPal,In-Store
ORD102375,2024-02-01,CUST1685,William Lewis,Central,Webcam HD,Electronics,348.33,2.0,20.0,PayPal,Online
ORD103173,13/08/2024,CUST1775,Brian Cervantes,Central,Standing Desk,Office Supplies,345.16,4.0,0.0,Debit Card,In-Store
ORD103653,12/09/2025,CUST1406,Michael Williams,South,Webcam HD,Electronics,214.94,1.0,15.0,Debit Card,In-Store
ORD105386,2025-06-01,CUST1674,John Garcia,east,Cycling Helmet,Sports & Outdoors,144.93,2.0,20.0,PayPal,Mobile App
ORD105365,21/02/2025,CUST1693,Nicole Johnston,south,Cotton T-Shirt,Apparel,82.94,2.0,0.0,Credit Card,Mobile App
ORD103142,09/09/2024,CUST1795,Christopher Vargas, West,Wireless Mouse,Electronics,300.86,1.0,5.0,Cash on Delivery,Mobile App
ORD101799,2025-05-21,CUST1648,Gregory Fernandez,south,Yoga Mat,Sports & Outdoors,279.64,3.0,20.0,PayPal,Mobile App
ORD104648,2024/07/14,CUST1065,Colleen Brock,East,Rice Cooker,Home & Kitchen,78.25,2.0,0.0,UPI,Mobile App
ORD102226,2024-12-27,CUST1121,Richard Adams,East ,Rice Cooker,Home & Kitchen,166.78,3.0,5.0,Cash on Delivery,Mobile App
ORD101495,2025-11-29,CUST1568,Tara Gamble,NORTH,Bluetooth Speaker,Electronics,169.47,1.0,10.0,PayPal,In-Store
ORD100071,2024-01-27,CUST1330,Jennifer Ayala,CENTRAL,Rice Cooker,Home & Kitchen,107.55,2.0,5.0,Cash on Delivery,Mobile App
ORD102066,30/08/2025,CUST1385,Edwin Reyes,west,Camping Tent,Sports & Outdoors,104.78,3.0,5.0,PayPal,Online
ORD105339,2025-12-11,CUST1168,Michelle Schmitt,Central,Water Bottle,Sports & Outdoors,272.57,1.0,5.0,Cash on Delivery,In-Store
ORD103199,12-28-2025,CUST1824,Judy Gregory,CENTRAL,Electric Kettle,Home & Kitchen,151.41,1.0,5.0,Cash on Delivery,In-Store
ORD102928,2024-11-12,CUST1073,Sarah Ashley,NORTH,Rice Cooker,Home & Kitchen,115.25,1.0,0.0,PayPal,Mobile App
ORD104699,2025-03-14,CUST1206,Stacey Arias,SOUTH,Smartwatch,Electronics,311.11,2.0,0.0,UPI,In-Store
ORD103787,2025-04-20,CUST1555,Jose Vaughan,East ,Wireless Mouse,Electronics,264.8,1.0,0.0,UPI,In-Store
ORD105974,2025-03-25,CUST1236,Stephen Jones,East ,Running Shoes,Apparel,100.85,3.0,0.0,Credit Card,In-Store
ORD100285,2024-06-28,CUST1681,Kathy Sandoval,West,Yoga Pants,Apparel,87.82,4.0,5.0,PayPal,Online
ORD102613,2025-04-05,CUST1027,Brent Jordan,east,Rice Cooker,Home & Kitchen,139.93,3.0,0.0,Cash on Delivery,Mobile App
ORD100956,27/06/2024,CUST1814,Jonathan Delgado, West,Dumbbell Set,Sports & Outdoors,105.21,1.0,0.0,UPI,In-Store
ORD102560,2024-07-05,CUST1770,Bethany Garcia,South,Yoga Mat,Sports & Outdoors,207.49,1.0,0.0,Credit Card,In-Store
ORD105359,2025-09-02,CUST1584,Jamie Gray,East,Desk Lamp,Office Supplies,23.18,3.0,5.0,PayPal,Mobile App
ORD104833,2024-09-01,CUST1117,Michael Martinez,central,Yoga Pants,Apparel,62.5,3.0,0.0,Debit Card,Online
ORD101301,2025-09-01,CUST1643,Shawn Kelley,SOUTH,Vacuum Cleaner,Home & Kitchen,122.22,1.0,20.0,UPI,In-Store
ORD100901,2024-01-31,CUST1124,Reginald Williams, North,Dumbbell Set,Sports & Outdoors,298.54,2.0,0.0,Cash on Delivery,Mobile App
ORD102492,12/04/2025,CUST1680,Megan Park,Central,Camping Tent,Sports & Outdoors,214.63,3.0,0.0,Debit Card,In-Store
ORD100334,2025-09-18,CUST1388,Bryce Blair,East ,Power Bank,Electronics,230.14,2.0,10.0,Debit Card,In-Store
ORD102963,2025/08/09,CUST1564,Traci Camacho,Central,Whiteboard,Office Supplies,291.73,4.0,5.0,Cash on Delivery,Online
ORD100442,18/10/2024,CUST1743,Lee Stewart,Central,Water Bottle,Sports & Outdoors,115.68,1.0,0.0,Cash on Delivery,Online
ORD104644,2024-08-05,CUST1446,Stacey Snyder, South ,Camping Tent,Sports & Outdoors,261.11,3.0,0.0,Credit Card,In-Store
ORD104617,2024-10-20,CUST1544,Juan Smith,west,Wool Sweater,Apparel,53.54,5.0,0.0,UPI,In-Store
ORD101105,2025-06-10,CUST1336,Misty Hansen,East,Water Bottle,Sports & Outdoors,229.31,2.0,0.0,PayPal,In-Store
ORD105695,11/12/2024,CUST1129,Stacy Freeman,NORTH,Smartwatch,Electronics,275.88,1.0,20.0,PayPal,Mobile App
ORD101825,2024/05/23,CUST1388,Bryce Blair,East,Non-stick Pan Set,Home & Kitchen,206.53,3.0,10.0,Credit Card,Online
ORD104162,2024-11-06,CUST1570,Cynthia Mitchell,East,27in Monitor,Electronics,30.95,1.0,0.0,PayPal,In-Store
ORD100652,2024-01-15,CUST1089,Mary Rogers,west,Non-stick Pan Set,Home & Kitchen,158.13,5.0,0.0,Credit Card,Mobile App
ORD105294,2025-07-25,CUST1680,Megan Park,SOUTH,Cotton T-Shirt,Apparel,27.03,4.0,0.0,UPI,In-Store
ORD105906,2025-12-22,CUST1125,Matthew Hoover, South ,Coffee Maker,Home & Kitchen,140.06,1.0,0.0,Credit Card,In-Store
ORD101878,2024-01-19,CUST1335,Linda Mueller, West,Coffee Maker,Home & Kitchen,157.32,4.0,0.0,UPI,Online
ORD105182,2024-04-15,CUST1511,Charles Holland,CENTRAL,Webcam HD,Electronics,408.38,1.0,0.0,Credit Card,In-Store
ORD104841,26/06/2025,CUST1248,Anthony Dougherty,west,Wool Sweater,Apparel,33.63,1.0,0.0,Debit Card,Mobile App
ORD105855,2025-06-06,CUST1151,Teresa Ramirez,west,Wool Sweater,Apparel,23.33,1.0,5.0,Credit Card,Online
ORD102973,2025-08-28,CUST1344,Sandra Jones,South,Non-stick Pan Set,Home & Kitchen,93.03,1.0,15.0,Credit Card,Mobile App
ORD100047,2025/08/21,CUST1398,Mary Thompson,NORTH,Non-stick Pan Set,Home & Kitchen,128.52,1.0,15.0,Credit Card,Mobile App
ORD105395,2025/10/17,CUST1267,Justin Michael,East ,Smartwatch,Electronics,243.24,2.0,0.0,Cash on Delivery,Online
ORD100062,2025-05-10,CUST1189,Julie Spencer,CENTRAL,27in Monitor,Electronics,159.11,2.0,0.0,Cash on Delivery,Mobile App
ORD101034,2024-05-26,CUST1822,Kathryn Hanna,Central,Camping Tent,Sports & Outdoors,60.41,3.0,5.0,Credit Card,In-Store
ORD103719,08-10-2025,CUST1851,Melissa Russell,south,Denim Jacket,Apparel,36.89,3.0,20.0,Debit Card,In-Store
ORD102989,2025-11-27,CUST1891,Mark Jones,north,Denim Jacket,Apparel,56.05,1.0,0.0,Cash on Delivery,Mobile App
ORD101497,2025/06/11,CUST1132,James Thomas,South,Rice Cooker,Home & Kitchen,163.87,1.0,0.0,Debit Card,In-Store
ORD105990,2025-08-21,CUST1574,Mr. Matthew Miller,SOUTH,Denim Jacket,Apparel,35.15,1.0,0.0,Cash on Delivery,Online
ORD102442,2024-12-15,CUST1709,Harold Garrett,SOUTH,Bluetooth Speaker,Electronics,385.06,4.0,20.0,Cash on Delivery,Online
ORD105201,30/12/2024,CUST1467,Amanda Preston,east,Mechanical Keyboard,Electronics,186.13,1.0,0.0,PayPal,Mobile App
ORD100121,06/11/2024,CUST1480,Jorge Bates,North,Non-stick Pan Set,Home & Kitchen,192.85,2.0,0.0,Cash on Delivery,Online
ORD103752,15/04/2025,CUST1257,Brenda Velazquez,west,Wool Sweater,Apparel,56.1,2.0,0.0,PayPal,Online
ORD100203,2025-04-11,CUST1009,Joel Nelson,south,Wireless Mouse,Electronics,200.27,3.0,0.0,Cash on Delivery,Mobile App
ORD105268,2025-10-06,CUST1261,Patricia James,South,Bluetooth Speaker,Electronics,57.31,1.0,0.0,Credit Card,Mobile App
ORD100809,18/12/2025,CUST1097,Adrian Ferguson,SOUTH,Yoga Mat,Sports & Outdoors,62.61,2.0,0.0,PayPal,Mobile App
ORD102174,2025-11-14,CUST1866,Keith Villanueva,East ,Cotton T-Shirt,Apparel,16.19,1.0,5.0,UPI,Mobile App
ORD103711,2025-12-03,CUST1220,Matthew Mitchell, South ,Denim Jacket,Apparel,15.34,4.0,10.0,UPI,Mobile App
ORD102988,05/04/2024,CUST1328,Jasmine Mosley, West,Portable SSD 1TB,Electronics,62.74,4.0,10.0,Cash on Delivery,In-Store
ORD101776,2024-05-10,CUST1788,Ashley Olson,West,Smartwatch,Electronics,247.12,3.0,0.0,UPI,In-Store
ORD100773,2025-10-01,CUST1451,Colton Terry,central,USB-C Hub,Electronics,368.9,1.0,5.0,Debit Card,Online
ORD101970,10-09-2024,CUST1101,David Grant,CENTRAL,Mechanical Keyboard,Electronics,435.12,1.0,0.0,PayPal,Online
ORD100876,2024-03-15,CUST1583,Michael Boyd,south,Whiteboard,Office Supplies,12.7,3.0,0.0,UPI,Mobile App
ORD100029,2025/10/14,CUST1341,Ernest Oconnell,South,Air Fryer,Home & Kitchen,38.46,1.0,10.0,Debit Card,Mobile App
ORD103099,2025-07-17,CUST1064,Michael Snyder,east,Smartwatch,Electronics,62.08,1.0,0.0,UPI,Mobile App
ORD102329,2025-04-07,CUST1828,Robert Simmons,west,Dumbbell Set,Sports & Outdoors,186.23,1.0,0.0,Debit Card,Mobile App
ORD104869,2024-09-03,CUST1017,Deborah Mason,South,Portable SSD 1TB,Electronics,136.81,1.0,10.0,Debit Card,Online
ORD103379,20/06/2025,CUST1851,Melissa Russell,central,Rice Cooker,Home & Kitchen,97.84,1.0,0.0,PayPal,Online
ORD105090,22/04/2024,CUST1476,Anthony Nash,East,Portable SSD 1TB,Electronics,211.63,1.0,0.0,Cash on Delivery,Mobile App
ORD104223,25/10/2024,CUST1632,James Thomas,Central,Electric Kettle,Home & Kitchen,24.43,1.0,0.0,UPI,Mobile App
ORD101885,04/03/2025,CUST1003,Abigail Shaffer,NORTH,Standing Desk,Office Supplies,290.86,2.0,0.0,UPI,In-Store
ORD105346,2024-07-05,CUST1269,Thomas Douglas,east,Wireless Mouse,Electronics,191.18,3.0,0.0,Credit Card,Mobile App
ORD100417,2025-12-15,CUST1138,Melissa Garner,SOUTH,Dumbbell Set,Sports & Outdoors,292.79,2.0,20.0,Cash on Delivery,Mobile App
ORD104296,2025-08-19,CUST1852,Mrs. Maureen Martin DDS,Central,Wool Sweater,Apparel,34.43,1.0,,PayPal,Mobile App
ORD105452,2024-06-01,CUST1542,Ashley Parrish,east,Portable SSD 1TB,Electronics,397.39,2.0,10.0,Cash on Delivery,Mobile App
ORD103881,2025-09-16,CUST1516,Sheryl Acosta,East,Standing Desk,Office Supplies,63.41,4.0,10.0,Credit Card,In-Store
ORD103854,03-04-2025,CUST1651,Adam Brooks,SOUTH,Desk Lamp,Office Supplies,268.66,1.0,0.0,UPI,In-Store
ORD105633,2025-12-08,CUST1072,Alicia Gilmore,Central,Cotton T-Shirt,Apparel,83.16,1.0,15.0,UPI,In-Store
ORD101078,2025-01-13,CUST1765,Michelle Lambert,south,Ergonomic Chair,Office Supplies,224.67,2.0,20.0,PayPal,In-Store
ORD103886,2025/06/02,CUST1655,Katherine Flores, West,Portable SSD 1TB,Electronics,34.9,1.0,0.0,Debit Card,In-Store
ORD102889,2025/04/10,CUST1297,Austin Wheeler,West,Cotton T-Shirt,Apparel,23.21,1.0,5.0,UPI,In-Store
ORD103817,2025/10/16,CUST1351,Todd Thomas,NORTH,Bluetooth Speaker,Electronics,322.98,4.0,0.0,UPI,In-Store
ORD104336,2024-01-31,CUST1293,Susan Bennett, South ,Blender,Home & Kitchen,49.59,1.0,10.0,Debit Card,Mobile App
ORD102624,22/08/2025,CUST1318,Jennifer Smith,Central,Notebook Pack,Office Supplies,92.89,1.0,5.0,UPI,Mobile App
ORD104954,2025-12-16,CUST1275,Jennifer Simpson DVM,East,Power Bank,Electronics,269.72,2.0,10.0,Cash on Delivery,Mobile App
ORD101465,2024-05-01,CUST1438,Patricia Mathis,East ,Ergonomic Chair,Office Supplies,177.56,2.0,0.0,Credit Card,In-Store
ORD100260,04-15-2024,CUST1376,Jackie Clements,Central,Portable SSD 1TB,Electronics,242.08,1.0,0.0,Credit Card,Online
ORD101948,2024/07/27,CUST1656,Diane Martinez,east,Mechanical Keyboard,Electronics,410.23,1.0,0.0,PayPal,Mobile App
ORD105387,2024-01-11,CUST1411,Oscar Parker,central,Desk Lamp,Office Supplies,250.32,1.0,20.0,Credit Card,Mobile App
ORD100999,22/11/2024,CUST1292,Randy Cannon,central,Smartwatch,Electronics,406.35,2.0,0.0,Debit Card,Online
ORD101844,29/01/2024,CUST1557,Ronald Johns, North,Running Shoes,Apparel,115.25,4.0,20.0,Cash on Delivery,In-Store
ORD102055,18/11/2024,CUST1631,Kenneth Perez,NORTH,USB-C Hub,Electronics,278.78,2.0,0.0,UPI,Online
ORD102261,2025-03-11,CUST1833,Devin Cole, West,Dumbbell Set,Sports & Outdoors,108.52,1.0,0.0,UPI,Mobile App
ORD101987,22/06/2024,CUST1311,Ryan Rocha,East,Running Shoes,Apparel,55.66,3.0,5.0,Cash on Delivery,Mobile App
ORD103451,2024-09-30,CUST1464,Ashley Hernandez,West,Whiteboard,Office Supplies,234.99,1.0,15.0,Cash on Delivery,Mobile App
ORD101107,15/10/2025,CUST1882,John Dillon,West,Blender,Home & Kitchen,55.76,3.0,0.0,Debit Card,Online
ORD103531,2024-01-10,CUST1841,Erika Garcia,West,Yoga Pants,Apparel,112.7,1.0,15.0,Debit Card,Mobile App
ORD103324,2025-08-20,CUST1255,Gina Mcmillan,NORTH,Denim Jacket,Apparel,92.15,1.0,0.0,UPI,Mobile App
ORD100391,12-12-2024,CUST1520,Mason Moore,north,27in Monitor,Electronics,214.8,2.0,0.0,Cash on Delivery,Mobile App
ORD100548,2024-12-17,CUST1469,William Ramos,NORTH,Air Fryer,Home & Kitchen,158.44,1.0,0.0,PayPal,Mobile App
ORD100508,01-03-2025,CUST1192,Helen Hardin,north,Toaster,Home & Kitchen,107.04,1.0,5.0,Debit Card,In-Store
ORD104334,2025/04/06,CUST1683,Joshua Brooks,SOUTH,Wool Sweater,Apparel,18.46,1.0,15.0,Cash on Delivery,Mobile App
ORD104622,25/04/2024,CUST1776,Daniel Taylor, West,Webcam HD,Electronics,159.35,3.0,0.0,Cash on Delivery,Online
ORD104041,2024-10-08,CUST1425,Jessica Ramsey,NORTH,Vacuum Cleaner,Home & Kitchen,205.56,4.0,5.0,Credit Card,In-Store
ORD104563,2024-10-24,CUST1080,Cynthia Wells,SOUTH,Wireless Mouse,Electronics,380.52,2.0,5.0,PayPal,In-Store
ORD102209,2025-07-10,CUST1532,Jonathan Moreno,south,Wool Sweater,Apparel,74.48,1.0,5.0,UPI,Online
ORD102682,2024-10-10,CUST1669,Denise Guerra, West,Power Bank,Electronics,145.94,2.0,10.0,PayPal,In-Store
ORD105957,2025-08-14,CUST1580,Travis Hopkins,CENTRAL,Rice Cooker,Home & Kitchen,213.53,1.0,0.0,UPI,Mobile App
ORD103308,02/08/2024,CUST1335,Linda Mueller,west,Denim Jacket,Apparel,80.22,2.0,15.0,UPI,In-Store
ORD102277,2025-03-09,CUST1836,Julie Sims,East,27in Monitor,Electronics,63.94,5.0,5.0,Cash on Delivery,Online
ORD102647,2024-06-04,CUST1590,Christopher Nielsen, North,Dumbbell Set,Sports & Outdoors,164.83,4.0,0.0,PayPal,In-Store
ORD105683,2025-04-26,CUST1125,Matthew Hoover,SOUTH,Power Bank,Electronics,430.88,1.0,0.0,Cash on Delivery,In-Store
ORD102533,03/02/2024,CUST1732,Krystal Keller,SOUTH,Whiteboard,Office Supplies,113.88,1.0,10.0,PayPal,In-Store
ORD103999,2025-08-20,CUST1861,Judith Miller,SOUTH,Camping Tent,Sports & Outdoors,206.43,1.0,0.0,Credit Card,Mobile App
ORD100095,10-12-2025,CUST1226,Heidi Owen,East ,Wool Sweater,Apparel,17.63,4.0,5.0,PayPal,Mobile App
ORD100648,24/03/2024,CUST1363,Ryan Harvey,west,Noise Cancelling Headphones,Electronics,200.53,1.0,0.0,Credit Card,Online
ORD105491,2024-06-13,CUST1898,Brenda Perez,SOUTH,Yoga Pants,Apparel,101.57,5.0,10.0,Credit Card,Online
ORD100925,2024-04-13,CUST1414,Angela Bradley, West,Smartwatch,Electronics,67.94,1.0,0.0,PayPal,In-Store
ORD100202,2025-06-20,CUST1657,Johnny Peterson,East ,Notebook Pack,Office Supplies,67.55,2.0,,,Mobile App
ORD105659,01-12-2024,CUST1176,Michael Watkins,NORTH,Blender,Home & Kitchen,34.17,1.0,5.0,Credit Card,Mobile App
ORD100079,05-16-2025,CUST1593,Kayla Jackson, West,Cycling Helmet,Sports & Outdoors,88.95,1.0,20.0,UPI,Mobile App
ORD101606,15/04/2025,CUST1163,Larry Garcia,east,USB-C Hub,Electronics,185.62,2.0,0.0,Cash on Delivery,Online
ORD104378,2024-04-20,CUST1823,George Le,Central,Wireless Mouse,Electronics,202.48,3.0,0.0,Cash on Delivery,Mobile App
ORD105707,10/10/2025,CUST1588,Karen Mendoza, North,Noise Cancelling Headphones,Electronics,136.04,1.0,0.0,PayPal,Mobile App
ORD101387,01/12/2024,CUST1152,Michael Stephens,Central,Yoga Pants,Apparel,111.79,2.0,20.0,Cash on Delivery,In-Store
ORD102352,2025/12/24,CUST1764,Michael Vance,south,27in Monitor,Electronics,318.29,1.0,20.0,Cash on Delivery,Online
ORD102264,2025-04-28,CUST1548,Frank Williams,West,27in Monitor,Electronics,26.88,2.0,,,Mobile App
ORD103219,2024/07/10,CUST1431,William Moreno,North,Running Shoes,Apparel,114.64,3.0,15.0,Credit Card,Mobile App
ORD102796,02-09-2025,CUST1727,Louis Brown,CENTRAL,Standing Desk,Office Supplies,155.64,2.0,0.0,Debit Card,Online
ORD101004,12-28-2024,CUST1684,Andrew Mitchell,CENTRAL,Dumbbell Set,Sports & Outdoors,87.76,3.0,0.0,Debit Card,Mobile App
ORD100231,05/02/2025,CUST1611,,central,Vacuum Cleaner,Home & Kitchen,154.14,1.0,,,In-Store
ORD102097,2025-04-20,CUST1325,Karen Williams,east,27in Monitor,Electronics,179.1,2.0,15.0,UPI,Mobile App
ORD104590,05-18-2024,CUST1497,,North,Denim Jacket,Apparel,50.21,3.0,,,Online
ORD102032,25/07/2025,CUST1619,Harry Nichols,Central,Running Shoes,Apparel,43.14,1.0,10.0,Cash on Delivery,Online
ORD103387,12/12/2025,CUST1714,Shari Parker,east,Noise Cancelling Headphones,Electronics,144.77,3.0,0.0,PayPal,Online
ORD103389,04-15-2024,CUST1106,Dennis Moody, North,Whiteboard,Office Supplies,204.97,1.0,10.0,PayPal,Mobile App
ORD103246,2024-01-29,CUST1163,Larry Garcia,West,Cycling Helmet,Sports & Outdoors,244.43,1.0,15.0,Debit Card,Online
ORD102252,2024-02-06,CUST1521,Erica Rivera,CENTRAL,Air Fryer,Home & Kitchen,128.18,1.0,5.0,Credit Card,Online
ORD101863,17/08/2024,CUST1516,Sheryl Acosta,South,Water Bottle,Sports & Outdoors,167.62,2.0,0.0,Cash on Delivery,In-Store
ORD105229,2025-04-07,CUST1008,Daniel Adams,East ,Camping Tent,Sports & Outdoors,261.13,2.0,5.0,Credit Card,Mobile App
ORD101467,11-26-2025,CUST1088,Samuel Rivas,south,USB-C Hub,Electronics,101.69,2.0,20.0,PayPal,Online
ORD105164,23/01/2024,CUST1294,Jenna Anderson DVM,East ,Mechanical Keyboard,Electronics,439.6,2.0,0.0,Debit Card,Mobile App
ORD105184,27/08/2024,CUST1898,Brenda Perez, North,Denim Jacket,Apparel,57.95,2.0,0.0,PayPal,Mobile App
ORD101496,2025/12/07,CUST1502,Alicia Norris, West,Whiteboard,Office Supplies,219.75,1.0,0.0,Debit Card,In-Store
ORD102126,11/08/2024,CUST1627,Joyce Martinez,north,Notebook Pack,Office Supplies,286.9,1.0,0.0,Cash on Delivery,Mobile App
ORD104981,2024-09-03,CUST1186,Justin Riley, South ,Desk Lamp,Office Supplies,131.25,1.0,0.0,PayPal,In-Store
ORD103973,2025-01-15,CUST1691,Sarah Mcfarland,Central,Denim Jacket,Apparel,115.59,1.0,0.0,Credit Card,Mobile App
ORD100459,2024-08-18,CUST1568,Tara Gamble,Central,Wireless Mouse,Electronics,290.96,4.0,15.0,UPI,Mobile App
ORD105327,2024-09-11,CUST1523,Jillian Wilson,West,27in Monitor,Electronics,317.8,1.0,0.0,Debit Card,Online
ORD102161,08/12/2024,CUST1854,Faith Johnson,SOUTH,Cotton T-Shirt,Apparel,33.62,1.0,10.0,UPI,In-Store
ORD104031,22/08/2024,CUST1708,Thomas Torres,CENTRAL,Cotton T-Shirt,Apparel,55.38,1.0,0.0,Cash on Delivery,Mobile App
ORD103392,2025-10-02,CUST1438,Patricia Mathis,East ,Bluetooth Speaker,Electronics,323.58,1.0,0.0,PayPal,In-Store
ORD101413,01/10/2025,CUST1805,Joseph Jennings,east,Noise Cancelling Headphones,Electronics,280.89,2.0,20.0,Cash on Delivery,Online
ORD100018,2025-11-05,CUST1194,Nathaniel Douglas,east,Whiteboard,Office Supplies,205.91,-1.0,0.0,UPI,In-Store
ORD105837,2025-02-14,CUST1121,Richard Adams, West,Rice Cooker,Home & Kitchen,172.59,5.0,0.0,Debit Card,In-Store
ORD102156,02-17-2024,CUST1679,Laura Meza,West,USB-C Hub,Electronics,45.06,1.0,10.0,Credit Card,Online
ORD104098,2025-09-16,CUST1878,Terri Kerr,CENTRAL,Power Bank,Electronics,280.62,3.0,10.0,UPI,In-Store
ORD102318,2025-04-30,CUST1783,Zachary Santiago,East,Notebook Pack,Office Supplies,266.97,1.0,0.0,Credit Card,In-Store
ORD102078,08/07/2025,CUST1766,Anna Lang,NORTH,Yoga Pants,Apparel,36.93,2.0,5.0,Cash on Delivery,Online
ORD101895,10-19-2025,CUST1102,Joseph Hayes,south,Yoga Pants,Apparel,59.51,3.0,10.0,UPI,Online
ORD101995,2024-07-13,CUST1839,Tammy Thompson, North,Dumbbell Set,Sports & Outdoors,19.71,1.0,0.0,PayPal,Mobile App
ORD105670,11-19-2025,CUST1184,Jordan Bullock,west,Blender,Home & Kitchen,43.17,3.0,5.0,Cash on Delivery,Mobile App
ORD102062,27/09/2024,CUST1730,Susan Hogan, South ,Bluetooth Speaker,Electronics,190.05,1.0,5.0,Cash on Delivery,In-Store
ORD104880,2025-04-24,CUST1662,Kelly King,Central,Running Shoes,Apparel,80.84,2.0,5.0,Cash on Delivery,Mobile App
ORD104688,07/05/2024,CUST1267,Justin Michael,South,Wireless Mouse,Electronics,125.34,2.0,0.0,Cash on Delivery,Online
ORD101730,31/07/2024,CUST1187,Jeremy Turner, South ,Camping Tent,Sports & Outdoors,21.64,1.0,0.0,Credit Card,In-Store
ORD103217,09-09-2025,CUST1071,John Brown,CENTRAL,Dumbbell Set,Sports & Outdoors,148.27,1.0,10.0,Credit Card,Online
ORD101259,20/03/2024,CUST1877,Tina Daugherty,East ,Denim Jacket,Apparel,111.69,1.0,15.0,Credit Card,Online
ORD105637,01/01/2024,CUST1898,Brenda Perez,north,USB-C Hub,Electronics,221.41,4.0,0.0,Cash on Delivery,Mobile App
ORD101624,2024-02-16,CUST1036,Cynthia Wilson,North,Camping Tent,Sports & Outdoors,243.77,3.0,0.0,Cash on Delivery,Mobile App
ORD101341,02-04-2025,CUST1808,Cathy Rodriguez,,Power Bank,Electronics,,,0.0,UPI,Online
ORD104900,01-15-2025,CUST1551,Daniel Goodwin,east,Desk Lamp,Office Supplies,246.65,1.0,10.0,UPI,In-Store
ORD103525,06/10/2025,CUST1597,April Pace,South,Portable SSD 1TB,Electronics,166.84,2.0,0.0,PayPal,In-Store
ORD101981,2025-12-11,CUST1376,Jackie Clements,South,Standing Desk,Office Supplies,241.01,1.0,5.0,PayPal,Mobile App
ORD105415,2025-08-18,CUST1311,Ryan Rocha,West,Dumbbell Set,Sports & Outdoors,69.44,2.0,0.0,Credit Card,Online
ORD105899,2024/07/08,CUST1654,Barry Taylor, West,Standing Desk,Office Supplies,154.71,1.0,0.0,Debit Card,Online
ORD104403,2025-08-02,CUST1206,Stacey Arias,West,Notebook Pack,Office Supplies,234.9,2.0,0.0,PayPal,Online
ORD102720,2025-01-05,CUST1508,Maureen Hernandez,East,Power Bank,Electronics,418.19,1.0,5.0,Debit Card,Online
ORD105464,2025-07-27,CUST1546,William Jones, South ,Cycling Helmet,Sports & Outdoors,19.05,2.0,5.0,PayPal,Online
ORD105467,2024-05-03,CUST1576,Kevin Sullivan,north,Dumbbell Set,Sports & Outdoors,150.79,1.0,20.0,Cash on Delivery,Mobile App
ORD105594,21/04/2024,CUST1120,Thomas Romero,South,Non-stick Pan Set,Home & Kitchen,84.53,3.0,0.0,Credit Card,Online
ORD102915,22/10/2024,CUST1527,Brent Hopkins,East,Blender,Home & Kitchen,119.83,1.0,0.0,Credit Card,Online
ORD104008,31/07/2024,CUST1783,Zachary Santiago,south,Whiteboard,Office Supplies,149.8,1.0,5.0,Credit Card,Online
ORD102699,2025-02-24,CUST1063,Angel Riggs,East ,Wool Sweater,Apparel,58.04,5.0,0.0,Cash on Delivery,Online
ORD102692,04/02/2024,CUST1811,Robert Thompson,NORTH,USB-C Hub,Electronics,129.41,1.0,5.0,PayPal,In-Store
ORD101669,2024-04-30,CUST1394,Lori Mason,north,Power Bank,Electronics,185.19,1.0,0.0,Debit Card,In-Store
ORD103263,2025-11-06,CUST1460,Lisa Martinez,CENTRAL,Wireless Mouse,Electronics,262.63,2.0,0.0,Credit Card,In-Store
ORD102289,2024-08-09,CUST1673,Brent Hopkins,Central,Coffee Maker,Home & Kitchen,121.82,1.0,0.0,Debit Card,In-Store
ORD102949,2024-07-29,CUST1646,Julie Pitts,central,USB-C Hub,Electronics,198.23,2.0,5.0,PayPal,In-Store
ORD103872,2025-04-25,CUST1419,Amanda Huff,South,Portable SSD 1TB,Electronics,316.06,3.0,15.0,Credit Card,In-Store
ORD100576,2025-10-22,CUST1503,Michael Harris,south,Desk Lamp,Office Supplies,52.22,2.0,15.0,Credit Card,In-Store
ORD101086,2025-04-13,CUST1870,Jacob Harris,East,Power Bank,Electronics,400.49,2.0,15.0,Debit Card,Online
ORD101737,16/09/2025,CUST1145,Richard Smith,east,Dumbbell Set,Sports & Outdoors,117.18,3.0,10.0,PayPal,Online
ORD102618,08-20-2025,CUST1793,Mary Carter,central,Smartwatch,Electronics,195.0,2.0,5.0,Cash on Delivery,In-Store
ORD104567,2024-12-10,CUST1847,Cindy Wells,Central,Wool Sweater,Apparel,57.41,1.0,15.0,UPI,In-Store
ORD102011,2025-12-30,CUST1530,Richard Love,Central,Bluetooth Speaker,Electronics,396.57,2.0,0.0,Debit Card,Online
ORD104036,04-07-2025,CUST1457,Rhonda Gutierrez, West,Camping Tent,Sports & Outdoors,140.88,4.0,0.0,Credit Card,Mobile App
ORD101731,07-07-2025,CUST1820,Heather Miller, West,Portable SSD 1TB,Electronics,328.54,1.0,5.0,Credit Card,Mobile App
ORD102735,2025-01-30,CUST1286,Angela Griffin,East ,Notebook Pack,Office Supplies,169.96,2.0,0.0,Debit Card,Mobile App
ORD102349,2025-09-07,CUST1523,Jillian Wilson, South ,Notebook Pack,Office Supplies,69.2,2.0,0.0,Cash on Delivery,Mobile App
ORD105027,2025-03-21,CUST1649,Adam Mills,NORTH,Desk Lamp,Office Supplies,156.04,1.0,0.0,Credit Card,Online
ORD102389,2025-04-11,CUST1563,Daniel Francis,south,Wireless Mouse,Electronics,348.86,3.0,0.0,PayPal,In-Store
ORD105887,26/09/2025,CUST1825,Charles Valdez,east,Bluetooth Speaker,Electronics,41.83,5.0,,Debit Card,In-Store
ORD101671,2025/09/29,CUST1632,James Thomas,CENTRAL,Air Fryer,Home & Kitchen,126.76,1.0,0.0,Debit Card,Mobile App
ORD103226,2025-01-22,CUST1728,Ashley Osborne,north,Webcam HD,Electronics,141.54,1.0,0.0,UPI,Mobile App
ORD105930,08/01/2025,CUST1701,Robert Torres,west,Camping Tent,Sports & Outdoors,25.83,2.0,0.0,UPI,In-Store
ORD103885,2024-12-21,CUST1388,Bryce Blair,East ,Webcam HD,Electronics,42.71,3.0,0.0,Debit Card,Mobile App
ORD104918,2024-11-11,CUST1524,Andrew Dunn,south,Wool Sweater,Apparel,35.31,2.0,0.0,PayPal,Online
ORD105842,17/01/2025,CUST1496,Michael Sims,north,Whiteboard,Office Supplies,210.11,1.0,0.0,Credit Card,Online
ORD103544,2024-06-17,CUST1051,Courtney Velasquez, South ,Electric Kettle,Home & Kitchen,129.88,2.0,0.0,PayPal,Online
ORD100227,2024-11-03,CUST1463,Donald Ellis,East ,Whiteboard,Office Supplies,174.19,1.0,0.0,Credit Card,Online
ORD101532,2025-08-29,CUST1458,Joseph Camacho, North,Smartwatch,Electronics,43.11,1.0,0.0,Credit Card,In-Store
ORD105377,09/02/2025,CUST1413,Jacqueline Villegas,west,Dumbbell Set,Sports & Outdoors,32.71,1.0,0.0,Debit Card,In-Store
ORD102230,2024-06-03,CUST1343,Catherine Saunders MD,West,Yoga Mat,Sports & Outdoors,123.28,3.0,0.0,UPI,Online
ORD101539,03-10-2024,CUST1786,Robert Cruz,East ,Yoga Mat,Sports & Outdoors,17.66,2.0,15.0,Cash on Delivery,Mobile App
ORD103553,2024/11/06,CUST1585,Heather Parrish,South,Bluetooth Speaker,Electronics,258.97,1.0,0.0,PayPal,In-Store
ORD101144,2024-10-29,CUST1123,Kimberly Gibson,East,Smartwatch,Electronics,78.65,1.0,5.0,PayPal,In-Store
ORD102524,2024-06-02,CUST1428,James Barnes,west,Vacuum Cleaner,Home & Kitchen,196.22,1.0,0.0,UPI,Online
ORD105738,2025-08-03,CUST1531,Leah Barton,CENTRAL,Running Shoes,Apparel,106.14,2.0,5.0,Cash on Delivery,Mobile App
ORD102590,02/10/2025,CUST1515,Meghan White,South,Cotton T-Shirt,Apparel,101.21,1.0,0.0,Debit Card,Mobile App
ORD103457,06-08-2024,CUST1448,Fernando Lynn,West,Rice Cooker,Home & Kitchen,112.97,1.0,0.0,Cash on Delivery,Mobile App
ORD105240,2024-11-23,CUST1089,Mary Rogers,SOUTH,Toaster,Home & Kitchen,35.31,1.0,15.0,Cash on Delivery,Online
ORD104244,07-23-2024,CUST1729,Kevin Marquez, West,Yoga Pants,Apparel,89.68,2.0,0.0,PayPal,Mobile App
ORD103353,2025-01-04,CUST1852,Mrs. Maureen Martin DDS,East,Air Fryer,Home & Kitchen,163.43,2.0,0.0,Debit Card,Mobile App
ORD103498,19/05/2024,CUST1493,Abigail Hill,west,Noise Cancelling Headphones,Electronics,204.36,1.0,5.0,Credit Card,Online
ORD101191,2024-08-21,CUST1181,Brian Smith, South ,Mechanical Keyboard,Electronics,417.83,1.0,20.0,UPI,Online
ORD105094,2025-04-27,CUST1493,Abigail Hill,North,Cycling Helmet,Sports & Outdoors,274.07,1.0,10.0,Credit Card,Mobile App
ORD102874,2025-11-07,CUST1083,Michael Burton,SOUTH,Yoga Pants,Apparel,38.37,4.0,0.0,UPI,Online
ORD103279,2025-03-10,CUST1872,Theresa Reilly,West,Notebook Pack,Office Supplies,314.28,4.0,0.0,PayPal,Online
ORD102795,2024/08/07,CUST1800,Joseph Graham,central,Mechanical Keyboard,Electronics,114.92,3.0,0.0,Cash on Delivery,Online
ORD104277,2025-08-02,CUST1082,Alexander Collins,West,Dumbbell Set,Sports & Outdoors,229.94,2.0,15.0,Debit Card,Mobile App
ORD105478,2024/06/27,CUST1120,Thomas Romero,North,Coffee Maker,Home & Kitchen,119.56,2.0,15.0,Cash on Delivery,Online
ORD104014,2024-11-30,CUST1320,Manuel King,Central,Bluetooth Speaker,Electronics,81.54,1.0,5.0,PayPal,Mobile App
ORD103065,2024/02/12,CUST1068,Paul Larsen,east,USB-C Hub,Electronics,95.32,2.0,0.0,PayPal,In-Store
ORD102112,2025-02-03,CUST1780,April Castro,East ,Air Fryer,Home & Kitchen,131.57,1.0,10.0,Cash on Delivery,Online
ORD104816,18/01/2025,CUST1042,Shawn Baker,south,Noise Cancelling Headphones,Electronics,386.86,3.0,15.0,Debit Card,In-Store
ORD104429,2024-10-29,CUST1516,Sheryl Acosta,West,Wool Sweater,Apparel,38.14,2.0,,Debit Card,In-Store
ORD103119,2024-01-15,CUST1474,Madison Martinez,CENTRAL,Wool Sweater,Apparel,23.63,3.0,0.0,Debit Card,In-Store
ORD101365,2025/11/11,CUST1584,Jamie Gray,East,Non-stick Pan Set,Home & Kitchen,59.82,1.0,,,In-Store
ORD103740,19/11/2024,CUST1347,Robin Wheeler,west,Smartwatch,Electronics,327.27,1.0,0.0,Credit Card,Mobile App
ORD102454,19/01/2024,CUST1654,Barry Taylor,east,Vacuum Cleaner,Home & Kitchen,156.3,3.0,0.0,UPI,In-Store
ORD104732,24/04/2025,CUST1622,Derek Perez,North,Whiteboard,Office Supplies,23.3,3.0,10.0,Credit Card,Mobile App
ORD101907,2024-05-25,CUST1713,Erin Daniels,central,Coffee Maker,Home & Kitchen,69.18,3.0,10.0,Credit Card,Mobile App
ORD103328,08-31-2024,CUST1785,Stephanie Dominguez, South ,Desk Lamp,Office Supplies,233.32,1.0,0.0,Credit Card,Online
ORD104012,09-09-2024,CUST1842,Kevin Brown,north,Cycling Helmet,Sports & Outdoors,59.09,1.0,0.0,PayPal,Online
ORD100346,26/02/2025,CUST1824,Judy Gregory,central,Electric Kettle,Home & Kitchen,74.72,5.0,0.0,Cash on Delivery,In-Store
ORD105793,26/07/2024,CUST1208,Raven Taylor,South,Non-stick Pan Set,Home & Kitchen,191.16,4.0,15.0,PayPal,Online
ORD102953,2024-01-23,CUST1241,Denise Weber,north,Portable SSD 1TB,Electronics,227.21,2.0,15.0,PayPal,In-Store
ORD104773,10/04/2024,CUST1701,Robert Torres,central,Bluetooth Speaker,Electronics,246.6,3.0,0.0,Cash on Delivery,Online
ORD105568,2025-07-04,CUST1174,Sophia Moore,East,Vacuum Cleaner,Home & Kitchen,103.26,1.0,0.0,PayPal,Online
ORD100449,2024-03-28,CUST1561,Mercedes Jones,East,Standing Desk,Office Supplies,54.94,1.0,0.0,UPI,Mobile App
ORD102661,04-24-2024,CUST1030,Angela Morton,East ,Whiteboard,Office Supplies,49.01,1.0,15.0,UPI,Online
ORD103899,2025-06-21,CUST1392,Ryan Fisher,CENTRAL,Running Shoes,Apparel,86.12,4.0,10.0,Credit Card,In-Store
ORD100480,2025-09-18,CUST1214,Rachel Romero,East ,Coffee Maker,Home & Kitchen,158.92,1.0,5.0,Cash on Delivery,Mobile App
ORD101904,2025-05-27,CUST1476,Anthony Nash,east,Whiteboard,Office Supplies,15.07,2.0,15.0,Debit Card,Mobile App
ORD103468,22/12/2024,CUST1011,Jennifer Rocha,NORTH,Non-stick Pan Set,Home & Kitchen,46.68,1.0,20.0,UPI,Online
ORD103982,2025-01-08,CUST1382,Cynthia Rios,central,Denim Jacket,Apparel,52.69,1.0,0.0,PayPal,Mobile App
ORD105101,06-14-2024,CUST1180,Thomas Atkins,North,Rice Cooker,Home & Kitchen,132.74,2.0,15.0,Debit Card,In-Store
ORD102985,2025/01/07,CUST1637,Richard Kelly, South ,Bluetooth Speaker,Electronics,167.97,1.0,20.0,Debit Card,Online
ORD100969,2024-02-29,CUST1198,Ralph Lee,central,Portable SSD 1TB,Electronics,75.15,2.0,0.0,Credit Card,Mobile App
ORD101666,2025-02-06,CUST1861,Judith Miller,SOUTH,Wireless Mouse,Electronics,180.93,2.0,20.0,Credit Card,In-Store
ORD105120,2025-12-15,CUST1234,Michelle Ho,west,Toaster,Home & Kitchen,212.72,1.0,0.0,PayPal,Mobile App
ORD102145,2025-01-04,CUST1067,Jessica Meadows,West,Electric Kettle,Home & Kitchen,134.53,1.0,0.0,Credit Card,In-Store
ORD104552,07/04/2024,CUST1125,Matthew Hoover,Central,Standing Desk,Office Supplies,115.89,2.0,0.0,Credit Card,Online
ORD102304,2024-03-08,CUST1260,Paula Lane,Central,Camping Tent,Sports & Outdoors,116.22,1.0,0.0,UPI,Mobile App
ORD101884,2025-07-01,CUST1502,Alicia Norris,Central,USB-C Hub,Electronics,135.28,1.0,20.0,PayPal,Online
ORD105607,2024/04/10,CUST1413,Jacqueline Villegas,SOUTH,Smartwatch,Electronics,158.35,5.0,0.0,Debit Card,Mobile App
ORD102886,2024-09-26,CUST1435,Sara Cochran,central,Water Bottle,Sports & Outdoors,22.98,3.0,5.0,PayPal,Online
ORD101146,2025-01-06,CUST1048,Stacey Russell,CENTRAL,Whiteboard,Office Supplies,214.32,1.0,10.0,Cash on Delivery,Online
ORD104302,2025-11-24,CUST1514,Michael Brown,east,Vacuum Cleaner,Home & Kitchen,56.98,1.0,5.0,PayPal,In-Store
ORD103851,05/02/2025,CUST1001,Angie Henderson,Central,Running Shoes,Apparel,90.22,1.0,20.0,PayPal,In-Store
ORD103240,2025-03-16,CUST1259,Veronica Silva,West,Notebook Pack,Office Supplies,168.96,1.0,5.0,Credit Card,Online
ORD105444,2025-08-12,CUST1862,Brian Hernandez,west,Portable SSD 1TB,Electronics,35.94,2.0,5.0,Credit Card,Mobile App
ORD101238,2025-01-13,CUST1064,Michael Snyder,SOUTH,Bluetooth Speaker,Electronics,368.03,3.0,,Debit Card,In-Store
ORD103278,2024-06-08,CUST1464,Ashley Hernandez,East ,Electric Kettle,Home & Kitchen,140.56,2.0,0.0,PayPal,Online
ORD104105,01-24-2025,CUST1130,Yolanda Francis,West,Air Fryer,Home & Kitchen,20.29,1.0,10.0,PayPal,Mobile App
ORD100338,2024-03-21,CUST1412,Valerie Thomas,SOUTH,Non-stick Pan Set,Home & Kitchen,214.03,1.0,10.0,Cash on Delivery,In-Store
ORD102741,2025-06-24,CUST1156,Brianna Anderson,East,Cotton T-Shirt,Apparel,54.57,1.0,10.0,PayPal,In-Store
ORD104775,2025-12-10,CUST1116,Peter Garrett,CENTRAL,Power Bank,Electronics,31.27,3.0,10.0,UPI,Online
ORD101512,12-22-2025,CUST1700,Ashley Brown,east,Wool Sweater,Apparel,69.46,2.0,0.0,Cash on Delivery,In-Store
ORD100766,12/10/2025,CUST1521,Erica Rivera, South ,Blender,Home & Kitchen,58.85,1.0,10.0,Credit Card,Mobile App
ORD101740,02-23-2024,CUST1816,Jared Luna,CENTRAL,Ergonomic Chair,Office Supplies,40.89,2.0,0.0,Credit Card,In-Store
ORD102801,2024-04-01,CUST1898,Brenda Perez,Central,Toaster,Home & Kitchen,43.65,1.0,0.0,Debit Card,In-Store
ORD103667,2025-09-24,CUST1531,Leah Barton,east,Wireless Mouse,Electronics,443.19,5.0,0.0,Debit Card,Online
ORD101990,2025/08/14,CUST1411,Oscar Parker,Central,Ergonomic Chair,Office Supplies,148.43,1.0,10.0,Credit Card,In-Store
ORD100481,2024-11-20,CUST1294,Jenna Anderson DVM, West,Cycling Helmet,Sports & Outdoors,296.31,1.0,0.0,Cash on Delivery,Mobile App
ORD105515,2024-01-19,CUST1584,Jamie Gray, South ,Notebook Pack,Office Supplies,272.01,2.0,0.0,Debit Card,Online
ORD105520,2025-01-15,CUST1414,Angela Bradley,east,Wool Sweater,Apparel,42.16,5.0,0.0,PayPal,Mobile App
ORD105705,2024-01-09,CUST1517,Arthur Pena, South ,Whiteboard,Office Supplies,153.36,5.0,10.0,Cash on Delivery,Mobile App
ORD103407,10/06/2024,CUST1042,Shawn Baker,east,Noise Cancelling Headphones,Electronics,111.0,1.0,0.0,Debit Card,Mobile App
ORD104390,03/03/2024,CUST1241,Denise Weber,SOUTH,Yoga Pants,Apparel,96.74,1.0,10.0,UPI,Mobile App
ORD100737,2025-02-24,CUST1175,Lawrence Perry,North,Webcam HD,Electronics,305.32,1.0,0.0,Credit Card,Online
ORD103397,18/12/2024,CUST1214,Rachel Romero,West,Blender,Home & Kitchen,210.53,5.0,5.0,PayPal,In-Store
ORD103695,2024-04-12,CUST1314,Robert Jackson, North,Running Shoes,Apparel,76.31,1.0,20.0,PayPal,In-Store
ORD100921,2024-04-22,CUST1897,Tracy Jackson,NORTH,Webcam HD,Electronics,429.39,2.0,0.0,UPI,Online
ORD102358,2024-09-06,CUST1320,Manuel King,CENTRAL,27in Monitor,Electronics,293.53,2.0,0.0,UPI,Online
ORD103564,2025-05-03,CUST1346,Karen Morales DDS,SOUTH,27in Monitor,Electronics,318.54,3.0,5.0,Cash on Delivery,Online
ORD102756,2025-04-18,CUST1062,Frances Cardenas,East,27in Monitor,Electronics,169.35,1.0,15.0,Debit Card,Online
ORD104046,2025-03-16,CUST1809,Tammy Hill,North,Notebook Pack,Office Supplies,345.07,1.0,0.0,Debit Card,In-Store
ORD100154,2025-03-19,CUST1786,Robert Cruz,south,Yoga Mat,Sports & Outdoors,141.59,2.0,20.0,Credit Card,Online
ORD105134,06-07-2025,CUST1574,Mr. Matthew Miller,central,USB-C Hub,Electronics,342.69,1.0,0.0,PayPal,In-Store
ORD101770,30/06/2025,CUST1061,Steven Flynn,West,Whiteboard,Office Supplies,68.11,3.0,0.0,Debit Card,In-Store
ORD102446,17/07/2024,CUST1818,Tina Davis,North,Denim Jacket,Apparel,103.55,1.0,10.0,Credit Card,In-Store
ORD103614,11/02/2025,CUST1680,Megan Park,CENTRAL,USB-C Hub,Electronics,36.12,1.0,0.0,UPI,Online
ORD105431,2025-08-24,CUST1691,Sarah Mcfarland,South,Camping Tent,Sports & Outdoors,180.1,1.0,20.0,UPI,Online
ORD101402,27/10/2025,CUST1573,Brandy Quinn,North,Yoga Mat,Sports & Outdoors,241.42,1.0,0.0,Debit Card,Online
ORD101647,2025-03-30,CUST1090,Robert Peterson,Central,Cycling Helmet,Sports & Outdoors,84.94,1.0,0.0,Debit Card,Mobile App
ORD103103,2025-11-26,CUST1701,Robert Torres,West,Vacuum Cleaner,Home & Kitchen,46.63,2.0,5.0,PayPal,In-Store
ORD101514,2024/06/15,CUST1355,Charlotte Sandoval,North,Power Bank,Electronics,388.45,2.0,10.0,Cash on Delivery,Online
ORD101567,2024-02-20,CUST1321,Judy Sanchez, South ,Vacuum Cleaner,Home & Kitchen,157.74,3.0,10.0,Cash on Delivery,Online
ORD104661,2024-08-28,CUST1780,April Castro,NORTH,Mechanical Keyboard,Electronics,370.7,2.0,5.0,Debit Card,Mobile App
ORD103098,2025-05-27,CUST1045,Michael Hoffman,North,Cotton T-Shirt,Apparel,72.45,1.0,0.0,Credit Card,Mobile App
ORD103504,24/08/2025,CUST1704,Lisa Brown, South ,Wireless Mouse,Electronics,347.2,3.0,5.0,Debit Card,In-Store
ORD100484,2025-07-17,CUST1315,Kelly Combs,South,Denim Jacket,Apparel,16.19,1.0,0.0,Credit Card,Online
ORD102861,09/07/2025,CUST1566,Patrick Swanson,South,Air Fryer,Home & Kitchen,151.84,1.0,0.0,PayPal,Mobile App
ORD103258,2025-07-03,CUST1479,Judy Robinson,NORTH,Ergonomic Chair,Office Supplies,146.3,2.0,10.0,Debit Card,Mobile App
ORD102004,2024/06/28,CUST1058,Erika Terry,west,Yoga Pants,Apparel,29.01,1.0,5.0,UPI,Online
ORD105871,2024/12/23,CUST1604,Justin Webb, South ,Power Bank,Electronics,191.02,2.0,0.0,Debit Card,Mobile App
ORD102614,2025-09-21,CUST1725,Danielle Medina,South,Yoga Pants,Apparel,62.23,2.0,0.0,Debit Card,Mobile App
ORD103760,2025-10-26,CUST1870,Jacob Harris,North,Blender,Home & Kitchen,91.54,3.0,0.0,Credit Card,Mobile App
ORD105567,2025-07-21,CUST1530,Richard Love,west,Water Bottle,Sports & Outdoors,209.44,2.0,0.0,UPI,In-Store
ORD100340,2025/04/12,CUST1211,Riley Bryant,CENTRAL,Whiteboard,Office Supplies,337.48,2.0,5.0,PayPal,Online
ORD100014,29/06/2025,CUST1835,Justin Lee,NORTH,27in Monitor,Electronics,398.15,4.0,0.0,Debit Card,Mobile App
ORD102059,2024-11-10,CUST1251,Amber Campbell,south,Air Fryer,Home & Kitchen,94.68,1.0,5.0,PayPal,Online
ORD101565,2024/07/08,CUST1859,Derek Frazier,Central,Portable SSD 1TB,Electronics,140.12,2.0,0.0,UPI,In-Store
ORD103021,2025/12/13,CUST1588,Karen Mendoza,south,Cycling Helmet,Sports & Outdoors,70.35,1.0,10.0,Credit Card,Mobile App
ORD101897,19/04/2024,CUST1832,Adam Howe,SOUTH,Webcam HD,Electronics,38.78,1.0,0.0,UPI,Mobile App
ORD104445,14/09/2024,CUST1576,Kevin Sullivan,central,Dumbbell Set,Sports & Outdoors,184.53,2.0,5.0,UPI,Online
ORD103253,2024-02-24,CUST1033,Michael Cross,East,Wool Sweater,Apparel,16.13,1.0,10.0,Debit Card,Mobile App
ORD104781,2025-03-05,CUST1093,Kara Schmidt,North,Vacuum Cleaner,Home & Kitchen,135.93,3.0,,Cash on Delivery,Online
ORD102808,10/12/2025,CUST1071,John Brown,South,Running Shoes,Apparel,57.67,4.0,0.0,Credit Card,Online
ORD102975,2024-02-01,CUST1865,Grant Lucas, West,Notebook Pack,Office Supplies,184.25,1.0,0.0,Debit Card,Mobile App
ORD104129,2025-02-25,CUST1611,Lisa Craig, North,Dumbbell Set,Sports & Outdoors,89.76,1.0,0.0,UPI,Mobile App
ORD105665,2025-04-29,CUST1839,Tammy Thompson, North,Webcam HD,Electronics,269.21,1.0,0.0,Cash on Delivery,In-Store
ORD100024,2025-06-19,CUST1673,Brent Hopkins,west,Power Bank,Electronics,129.64,2.0,5.0,PayPal,Online
ORD104463,2024-05-24,CUST1752,Andre Terrell, South ,Power Bank,Electronics,420.42,1.0,5.0,UPI,Online
ORD101721,2024-01-18,CUST1898,Brenda Perez, South ,Notebook Pack,Office Supplies,103.77,1.0,0.0,Cash on Delivery,Online
ORD103594,2025-01-29,CUST1333,Emily Rodriguez,north,Desk Lamp,Office Supplies,245.89,1.0,0.0,Debit Card,Online
ORD105150,2025-10-20,CUST1169,John Boone,West,Dumbbell Set,Sports & Outdoors,283.01,2.0,5.0,PayPal,In-Store
ORD105198,2025-12-13,CUST1743,Lee Stewart, South ,27in Monitor,Electronics,326.64,4.0,0.0,UPI,In-Store
ORD101838,2025-04-26,CUST1505,Autumn Wilson,CENTRAL,27in Monitor,Electronics,276.03,3.0,0.0,PayPal,Mobile App
ORD100560,24/04/2024,CUST1111,Pamela Thompson,North,Dumbbell Set,Sports & Outdoors,37.14,1.0,0.0,UPI,Online
ORD101139,30/09/2024,CUST1529,Ashley Carr, West,Notebook Pack,Office Supplies,121.73,5.0,5.0,Debit Card,In-Store
ORD104169,06-01-2024,CUST1489,Julie Wilson,Central,Wireless Mouse,Electronics,320.58,4.0,0.0,PayPal,Online
ORD105646,09/04/2024,CUST1847,Cindy Wells,West,Coffee Maker,Home & Kitchen,128.08,1.0,5.0,PayPal,Online
ORD105821,2024-05-29,CUST1131,Ashlee Jackson, North,Power Bank,Electronics,440.91,1.0,0.0,Cash on Delivery,In-Store
ORD102090,2024-12-11,CUST1395,Kimberly Hernandez,North,Camping Tent,Sports & Outdoors,85.37,1.0,0.0,UPI,Mobile App
ORD100363,2024-04-18,CUST1366,Joshua Jackson,North,Yoga Pants,Apparel,21.64,2.0,15.0,PayPal,Mobile App
ORD101960,2025-02-05,CUST1082,Alexander Collins, South ,27in Monitor,Electronics,391.46,2.0,10.0,Debit Card,Online
ORD105513,2025-09-28,CUST1286,Angela Griffin,Central,Notebook Pack,Office Supplies,28.52,1.0,0.0,Cash on Delivery,In-Store
ORD100136,2025-09-15,CUST1561,Mercedes Jones,north,Air Fryer,Home & Kitchen,201.17,1.0,15.0,Credit Card,In-Store
ORD100660,2025-05-18,CUST1204,David Davidson,East,Cotton T-Shirt,Apparel,87.52,1.0,0.0,UPI,In-Store
ORD102967,2025-04-19,CUST1823,George Le,South,Power Bank,Electronics,298.13,1.0,0.0,Debit Card,Online
ORD105998,2024-08-07,CUST1142,Casey Anderson,west,Power Bank,Electronics,334.1,3.0,0.0,Debit Card,Online
ORD100189,2024-11-01,CUST1774,Kyle Nguyen,Central,Smartwatch,Electronics,192.05,1.0,0.0,Cash on Delivery,In-Store
ORD103658,2025-10-28,CUST1147,Terri Murphy,West,Webcam HD,Electronics,361.24,1.0,0.0,UPI,In-Store
ORD105275,2025-03-20,CUST1724,Laura Herrera,South,Vacuum Cleaner,Home & Kitchen,193.95,4.0,10.0,Credit Card,Mobile App
ORD105227,2025-10-18,CUST1214,Rachel Romero, West,Notebook Pack,Office Supplies,220.16,3.0,0.0,Credit Card,Mobile App
ORD104546,2025-09-13,CUST1667,Michael Howard,East,Non-stick Pan Set,Home & Kitchen,46.72,2.0,0.0,Cash on Delivery,Mobile App
ORD102728,2024-12-11,CUST1527,Brent Hopkins,South,Wool Sweater,Apparel,69.2,1.0,0.0,Debit Card,In-Store
ORD100806,07/06/2025,CUST1577,Kimberly Valdez, North,Webcam HD,Electronics,448.03,2.0,5.0,UPI,Online
ORD103194,2024-03-30,CUST1038,Michael Evans,East ,Standing Desk,Office Supplies,113.8,3.0,0.0,Credit Card,Online
ORD101076,2025-07-25,CUST1554,Jaime Lang,west,Yoga Pants,Apparel,101.83,2.0,0.0,PayPal,In-Store
ORD103785,2025/03/04,CUST1751,Kristen Smith,east,Standing Desk,Office Supplies,142.16,2.0,0.0,Debit Card,In-Store
ORD105220,08-05-2025,CUST1227,Jessica Martinez,north,Wireless Mouse,Electronics,377.85,1.0,15.0,PayPal,Mobile App
ORD104048,2025-11-02,CUST1047,Rebecca Valencia,CENTRAL,Vacuum Cleaner,Home & Kitchen,114.18,3.0,10.0,Credit Card,Mobile App
ORD105570,2024-06-02,CUST1445,Hayley Buchanan,central,Whiteboard,Office Supplies,195.25,3.0,10.0,Credit Card,Online
ORD102152,2024-02-25,CUST1054,Victoria Johnson,North,Webcam HD,Electronics,101.16,2.0,0.0,Cash on Delivery,In-Store
ORD102015,2025/08/25,CUST1673,Brent Hopkins,CENTRAL,Electric Kettle,Home & Kitchen,198.51,1.0,10.0,Cash on Delivery,Mobile App
ORD101398,2024-06-10,CUST1111,Pamela Thompson,west,Blender,Home & Kitchen,94.91,2.0,0.0,Debit Card,In-Store
ORD100474,2025-04-01,CUST1429,Rachael Howard DDS,West,Camping Tent,Sports & Outdoors,58.69,1.0,0.0,Debit Card,Online
ORD105696,2025-08-30,CUST1242,Matthew Le,West,Portable SSD 1TB,Electronics,188.74,2.0,15.0,PayPal,Mobile App
ORD100419,2025-07-01,CUST1352,Brent Bowen,West,Webcam HD,Electronics,29.49,2.0,0.0,UPI,In-Store
ORD100840,2025-10-26,CUST1547,Justin Anderson,Central,Water Bottle,Sports & Outdoors,263.53,1.0,0.0,Cash on Delivery,In-Store
ORD103315,2024-03-03,CUST1822,Kathryn Hanna,CENTRAL,Toaster,Home & Kitchen,29.65,1.0,5.0,PayPal,In-Store
ORD103603,05/04/2025,CUST1895,Rebecca Hansen,north,Blender,Home & Kitchen,26.35,1.0,0.0,PayPal,Online
ORD102348,2025-11-27,CUST1223,Samantha Gardner,East ,Noise Cancelling Headphones,Electronics,401.44,1.0,0.0,UPI,In-Store
ORD101227,2024-03-18,CUST1716,Ryan Thomas,south,Air Fryer,Home & Kitchen,35.91,5.0,0.0,PayPal,Online
ORD103878,28/08/2024,CUST1432,Joseph Moody,Central,Ergonomic Chair,Office Supplies,190.71,2.0,0.0,PayPal,Mobile App
ORD100968,2025-12-13,CUST1396,Brittney Murphy,East,Wool Sweater,Apparel,86.6,2.0,10.0,UPI,Mobile App
ORD101321,2024-07-30,CUST1129,Stacy Freeman,SOUTH,Desk Lamp,Office Supplies,265.55,2.0,10.0,PayPal,In-Store
ORD104280,07-06-2025,CUST1334,Brandon Jordan,north,Denim Jacket,Apparel,78.64,1.0,10.0,PayPal,In-Store
ORD100386,24/12/2024,CUST1808,Cathy Rodriguez,central,Air Fryer,Home & Kitchen,159.53,1.0,10.0,Cash on Delivery,Online
ORD100916,27/02/2025,CUST1771,Jennifer Gutierrez,south,Denim Jacket,Apparel,76.26,1.0,5.0,Credit Card,Mobile App
ORD100533,2024-02-06,CUST1752,Andre Terrell,NORTH,Running Shoes,Apparel,81.21,1.0,0.0,Cash on Delivery,Online
ORD103352,2024-12-10,CUST1595,Chase Davis,central,Coffee Maker,Home & Kitchen,150.01,1.0,0.0,Debit Card,Mobile App
ORD103198,2024/12/23,CUST1672,Michael Cannon,West,Cycling Helmet,Sports & Outdoors,69.52,2.0,0.0,UPI,Mobile App
ORD100676,2025-04-10,CUST1842,Kevin Brown,south,Noise Cancelling Headphones,Electronics,245.86,1.0,10.0,UPI,In-Store
ORD104444,2025-12-10,CUST1474,Madison Martinez,central,Water Bottle,Sports & Outdoors,181.33,1.0,10.0,Cash on Delivery,Online
ORD102222,2025-09-10,CUST1618,Austin Schultz,west,27in Monitor,Electronics,298.27,1.0,0.0,Credit Card,Mobile App
ORD105252,2024-06-02,CUST1539,Mary Butler,North,Mechanical Keyboard,Electronics,317.62,4.0,10.0,Cash on Delivery,Mobile App
ORD103429,2025-06-26,CUST1283,Stephanie Padilla,CENTRAL,Webcam HD,Electronics,176.53,2.0,15.0,UPI,Online
ORD103939,06/02/2024,CUST1810,Richard Ramirez,CENTRAL,Coffee Maker,Home & Kitchen,127.34,5.0,15.0,Debit Card,Mobile App
ORD104580,13/01/2024,CUST1206,Stacey Arias,south,Camping Tent,Sports & Outdoors,94.75,1.0,0.0,PayPal,Mobile App
ORD104074,2025/07/27,CUST1133,Bob Pitts,South,Camping Tent,Sports & Outdoors,41.4,4.0,5.0,UPI,In-Store
ORD102579,2024-06-06,CUST1320,Manuel King,East,Wireless Mouse,Electronics,396.45,1.0,0.0,Cash on Delivery,Mobile App
ORD102407,15/04/2025,CUST1868,Caitlyn Nichols, North,Webcam HD,Electronics,381.71,2.0,0.0,Credit Card,Online
ORD105345,05-06-2024,CUST1533,Mr. Thomas Thompson,SOUTH,Electric Kettle,Home & Kitchen,161.56,1.0,20.0,Debit Card,In-Store
ORD102704,01-03-2024,CUST1624,Sarah Watson,CENTRAL,Ergonomic Chair,Office Supplies,261.82,1.0,0.0,Debit Card,Online
ORD102414,2025-05-29,CUST1699,Jessica Glass,North,Wool Sweater,Apparel,102.52,5.0,15.0,UPI,In-Store
ORD102951,2025-08-12,CUST1801,Joseph Blanchard,south,Power Bank,Electronics,288.22,1.0,0.0,Credit Card,Online
ORD100721,2025-10-13,CUST1325,Karen Williams, South ,USB-C Hub,Electronics,362.83,1.0,5.0,Credit Card,Mobile App
ORD104506,2024-03-07,CUST1700,Ashley Brown,south,USB-C Hub,Electronics,42.66,2.0,5.0,UPI,In-Store
ORD103052,2024-07-30,CUST1309,Jennifer Allen,West,Webcam HD,Electronics,111.63,4.0,5.0,Cash on Delivery,Mobile App
ORD101517,04-30-2024,CUST1118,Anna Gay,north,Mechanical Keyboard,Electronics,86.7,1.0,0.0,UPI,In-Store
ORD104355,2024-03-04,CUST1547,Justin Anderson, West,Running Shoes,Apparel,76.9,2.0,5.0,Cash on Delivery,Online
ORD100534,2024-02-27,CUST1016,Patricia Peterson,east,Coffee Maker,Home & Kitchen,178.55,2.0,0.0,Credit Card,In-Store
ORD105958,2024-11-13,CUST1597,April Pace,East,Cycling Helmet,Sports & Outdoors,177.21,1.0,10.0,PayPal,In-Store
ORD100302,05/12/2024,CUST1411,Oscar Parker,East ,Blender,Home & Kitchen,75.08,1.0,0.0,Credit Card,Mobile App
ORD103621,30/03/2025,CUST1749,John Johnson,West,Portable SSD 1TB,Electronics,342.76,5.0,0.0,Credit Card,Mobile App
ORD103921,2024-12-23,CUST1114,Brandon King, West,Yoga Pants,Apparel,112.79,1.0,15.0,PayPal,Online
ORD102494,2025-06-19,CUST1144,Brenda Levy,West,Dumbbell Set,Sports & Outdoors,245.22,4.0,15.0,Cash on Delivery,Online
ORD104349,2024-05-26,CUST1050,Sharon Cochran,South,Dumbbell Set,Sports & Outdoors,181.59,1.0,0.0,PayPal,Online
ORD103143,2024-09-05,CUST1366,Joshua Jackson,East ,Water Bottle,Sports & Outdoors,284.95,4.0,0.0,UPI,Mobile App
ORD105600,2025/01/21,CUST1206,Stacey Arias,Central,Noise Cancelling Headphones,Electronics,186.32,1.0,15.0,Credit Card,In-Store
ORD105839,2024-01-29,CUST1218,Chad Baldwin,SOUTH,Electric Kettle,Home & Kitchen,87.04,2.0,0.0,Debit Card,Online
ORD104984,2025-10-23,CUST1877,Tina Daugherty,south,Dumbbell Set,Sports & Outdoors,46.49,3.0,15.0,Debit Card,In-Store
ORD100839,2024-10-25,CUST1046,Sandra Aguilar,north,27in Monitor,Electronics,150.95,1.0,0.0,Debit Card,In-Store
ORD104669,17/11/2024,CUST1297,Austin Wheeler,east,Blender,Home & Kitchen,202.14,1.0,15.0,Debit Card,Mobile App
ORD100861,2025-10-19,CUST1159,Jodi Walker,North,Non-stick Pan Set,Home & Kitchen,108.79,2.0,0.0,Debit Card,Mobile App
ORD104072,2025-10-15,CUST1494,Jeffrey Jordan, West,27in Monitor,Electronics,84.53,2.0,0.0,PayPal,Online
ORD101545,2024-04-01,CUST1864,Dorothy Brown,East ,Camping Tent,Sports & Outdoors,19.58,1.0,0.0,Debit Card,Mobile App
ORD100418,2024-04-01,CUST1493,Abigail Hill, South ,Toaster,Home & Kitchen,124.69,2.0,0.0,PayPal,In-Store
ORD105898,2024-08-15,CUST1543,Rebecca Horton,SOUTH,Cotton T-Shirt,Apparel,64.16,1.0,0.0,Debit Card,Online
ORD105392,2024-07-25,CUST1706,James Bray,SOUTH,Denim Jacket,Apparel,100.3,2.0,0.0,Debit Card,In-Store
ORD102708,2024-11-27,CUST1374,Sandra Juarez,SOUTH,Cycling Helmet,Sports & Outdoors,27.27,1.0,0.0,PayPal,In-Store
ORD104670,26/12/2024,CUST1618,Austin Schultz,east,Denim Jacket,Apparel,67.25,3.0,5.0,Credit Card,Online
ORD103578,10-27-2025,CUST1712,Lori Perez, West,Cotton T-Shirt,Apparel,80.5,1.0,15.0,Credit Card,Mobile App
ORD105139,2024/10/30,CUST1020,David Bradley,SOUTH,Portable SSD 1TB,Electronics,220.91,4.0,0.0,UPI,In-Store
ORD100276,2025-07-17,CUST1510,Sarah Ward, South ,USB-C Hub,Electronics,39.73,2.0,0.0,Credit Card,In-Store
ORD100626,15/03/2025,CUST1050,Sharon Cochran,north,Denim Jacket,Apparel,110.22,5.0,,Debit Card,Online
ORD103415,2024/06/30,CUST1440,Marie Thompson,Central,Portable SSD 1TB,Electronics,396.3,1.0,0.0,PayPal,Online
ORD102773,2025-07-14,CUST1525,Jordan Clark,East,Noise Cancelling Headphones,Electronics,350.14,4.0,10.0,Credit Card,Online
ORD102282,11-13-2024,CUST1744,Lynn Vasquez,East,Power Bank,Electronics,275.17,1.0,0.0,Cash on Delivery,Online
ORD100715,09/12/2024,CUST1872,Theresa Reilly,east,Rice Cooker,Home & Kitchen,158.96,5.0,5.0,UPI,In-Store
ORD102042,2024-02-03,CUST1608,Lee Ramsey,West,USB-C Hub,Electronics,365.15,1.0,5.0,UPI,Mobile App
ORD102857,21/07/2024,CUST1584,Jamie Gray, West,Webcam HD,Electronics,154.29,3.0,5.0,Cash on Delivery,In-Store
ORD105095,26/11/2025,CUST1600,,West,Standing Desk,Office Supplies,259.03,1.0,,,Online
ORD102726,2025-06-30,CUST1622,Derek Perez,East ,Dumbbell Set,Sports & Outdoors,241.31,1.0,0.0,UPI,Online
ORD100602,2024-12-31,CUST1438,Patricia Mathis,South,Whiteboard,Office Supplies,19.15,4.0,0.0,Credit Card,Mobile App
ORD101322,2024-08-08,CUST1203,Douglas Reyes,NORTH,Noise Cancelling Headphones,Electronics,187.59,1.0,10.0,Debit Card,In-Store
ORD100583,05-22-2024,CUST1319,Megan Drake, North,Coffee Maker,Home & Kitchen,43.31,1.0,5.0,Cash on Delivery,Mobile App
ORD103297,2025-12-15,CUST1331,Henry Pugh MD,east,Non-stick Pan Set,Home & Kitchen,167.97,2.0,5.0,UPI,Mobile App
ORD103064,09/10/2025,CUST1136,Ryan Gonzalez, South ,Power Bank,Electronics,447.97,1.0,0.0,Credit Card,Mobile App
ORD104792,06/12/2025,CUST1018,Mark Lynch,NORTH,Ergonomic Chair,Office Supplies,340.19,3.0,0.0,PayPal,Mobile App
ORD104235,07/01/2024,CUST1462,Deanna Bartlett,north,Portable SSD 1TB,Electronics,348.81,1.0,0.0,Cash on Delivery,Mobile App
ORD105216,2024-04-29,CUST1569,Danielle Gonzalez,South,27in Monitor,Electronics,171.91,2.0,5.0,PayPal,Mobile App
ORD102058,2024-11-19,CUST1508,Maureen Hernandez,central,Portable SSD 1TB,Electronics,122.92,2.0,10.0,PayPal,Mobile App
ORD100212,2025-05-17,CUST1802,Marissa Nelson, North,Whiteboard,Office Supplies,144.88,3.0,20.0,Cash on Delivery,In-Store
ORD103968,26/11/2025,CUST1565,Andrew Armstrong,west,Blender,Home & Kitchen,66.24,1.0,0.0,UPI,In-Store
ORD104458,2025-12-06,CUST1877,Tina Daugherty, North,Smartwatch,Electronics,94.4,1.0,0.0,UPI,Mobile App
ORD100302,05/12/2024,CUST1411,Oscar Parker,East ,Blender,Home & Kitchen,75.08,1.0,0.0,Credit Card,Mobile App
ORD100355,2025-07-17,CUST1502,Alicia Norris, North,Yoga Mat,Sports & Outdoors,56.27,1.0,10.0,PayPal,Mobile App
ORD104793,2025-02-23,CUST1827,Christopher Garza,East ,Electric Kettle,Home & Kitchen,173.04,2.0,0.0,PayPal,Online
ORD104942,2025/08/21,CUST1288,Daniel Aguilar,Central,Water Bottle,Sports & Outdoors,188.44,1.0,0.0,UPI,Online
ORD101833,2024-10-04,CUST1648,Gregory Fernandez,central,Toaster,Home & Kitchen,46.86,3.0,0.0,Cash on Delivery,Mobile App
ORD101837,04/10/2024,CUST1775,Brian Cervantes,Central,Wool Sweater,Apparel,99.63,5.0,0.0,Credit Card,Online
ORD104466,01-18-2024,CUST1305,Tammy Boone,NORTH,Vacuum Cleaner,Home & Kitchen,167.85,1.0,0.0,Cash on Delivery,Online
ORD101921,21/01/2025,CUST1010,Andrew Stewart,East,Vacuum Cleaner,Home & Kitchen,219.41,1.0,0.0,Debit Card,In-Store
ORD105779,23/01/2025,CUST1544,Juan Smith,central,Notebook Pack,Office Supplies,17.9,5.0,5.0,Credit Card,In-Store
ORD102267,2025-11-22,CUST1144,Brenda Levy, North,Mechanical Keyboard,Electronics,87.23,1.0,0.0,Debit Card,Mobile App
ORD105174,11/03/2024,CUST1383,Kelly Wallace,North,Standing Desk,Office Supplies,230.37,1.0,5.0,UPI,Mobile App
ORD100867,18/11/2024,CUST1407,John Campbell,central,Bluetooth Speaker,Electronics,64.61,1.0,,PayPal,Online
ORD104145,2024-05-27,CUST1111,Pamela Thompson,NORTH,Camping Tent,Sports & Outdoors,252.01,5.0,0.0,Cash on Delivery,In-Store
ORD100949,23/10/2024,CUST1487,Robert Hines,south,Denim Jacket,Apparel,29.88,2.0,0.0,Cash on Delivery,In-Store
ORD105806,2025-12-29,CUST1596,Kim Goodwin,CENTRAL,Air Fryer,Home & Kitchen,82.9,2.0,0.0,Cash on Delivery,Mobile App
ORD101015,2025-01-05,CUST1050,Sharon Cochran,East ,Bluetooth Speaker,Electronics,412.7,3.0,0.0,Debit Card,Mobile App
ORD100960,08-07-2025,CUST1194,Nathaniel Douglas,SOUTH,Toaster,Home & Kitchen,133.66,3.0,10.0,Cash on Delivery,In-Store
ORD102203,2025-09-19,CUST1248,Anthony Dougherty,central,Webcam HD,Electronics,68.49,1.0,0.0,Debit Card,Mobile App
ORD103368,25/07/2024,CUST1400,Patricia Johnson, North,Standing Desk,Office Supplies,210.24,1.0,10.0,Credit Card,In-Store
ORD104916,2025-01-07,CUST1855,Rebecca French,NORTH,Portable SSD 1TB,Electronics,407.13,1.0,15.0,Credit Card,Online
ORD105931,2024-01-28,CUST1144,Brenda Levy,central,Running Shoes,Apparel,91.65,2.0,0.0,Cash on Delivery,In-Store
ORD103518,2024-01-02,CUST1613,Krista Barber,NORTH,Notebook Pack,Office Supplies,26.35,2.0,0.0,UPI,Online
ORD101179,2024-04-07,CUST1060,Richard Lawson,East ,Coffee Maker,Home & Kitchen,124.77,1.0,5.0,Cash on Delivery,Online
ORD104104,2025-05-27,CUST1894,Richard Jenkins,central,Camping Tent,Sports & Outdoors,107.09,5.0,5.0,Cash on Delivery,In-Store
ORD103192,17/12/2025,CUST1441,Michael Anderson,North,Dumbbell Set,Sports & Outdoors,115.85,2.0,0.0,Credit Card,In-Store
ORD100741,24/09/2025,CUST1255,Gina Mcmillan,central,Cotton T-Shirt,Apparel,56.06,3.0,0.0,UPI,In-Store
ORD105654,2024/12/03,CUST1671,Patty Allen,east,Standing Desk,Office Supplies,29.84,3.0,0.0,Credit Card,Mobile App
ORD103524,2024-08-30,CUST1672,,south,Coffee Maker,Home & Kitchen,56.68,1.0,,,In-Store
ORD102469,2024-06-11,CUST1142,Casey Anderson,CENTRAL,Wireless Mouse,Electronics,311.27,1.0,0.0,UPI,In-Store
ORD102187,01/09/2024,CUST1192,Helen Hardin,SOUTH,Dumbbell Set,Sports & Outdoors,256.55,1.0,5.0,Credit Card,Online
ORD103777,27/07/2024,CUST1690,Tammy Cook,East,Rice Cooker,Home & Kitchen,187.47,1.0,0.0,UPI,Online
ORD102589,2024-11-07,CUST1103,Marc Lynch,east,Toaster,Home & Kitchen,109.89,1.0,0.0,Credit Card,In-Store
ORD100324,2024-08-21,CUST1831,Kevin Anderson,West,Water Bottle,Sports & Outdoors,298.89,1.0,0.0,Debit Card,Online
ORD100083,12-02-2024,CUST1665,Mr. George Booker DDS,SOUTH,Yoga Mat,Sports & Outdoors,147.21,5.0,0.0,Cash on Delivery,In-Store
ORD105895,30/06/2024,CUST1683,Joshua Brooks,CENTRAL,Running Shoes,Apparel,90.97,1.0,5.0,Debit Card,Mobile App
ORD100356,06/08/2024,CUST1094,Jesse Parker,NORTH,USB-C Hub,Electronics,246.26,3.0,0.0,PayPal,In-Store
ORD104926,04/06/2024,CUST1244,Kathleen Burton,south,Wireless Mouse,Electronics,420.17,1.0,5.0,UPI,Online
ORD100693,2025/10/30,CUST1849,Stephanie Butler,NORTH,Toaster,Home & Kitchen,212.27,2.0,5.0,Credit Card,Online
ORD100514,2025-03-07,CUST1587,Jack Love,east,Bluetooth Speaker,Electronics,252.39,1.0,10.0,PayPal,In-Store
ORD101734,2024-12-12,CUST1287,Stephanie Harris, West,Notebook Pack,Office Supplies,332.06,1.0,0.0,PayPal,Mobile App
ORD103247,2024/03/15,CUST1372,Kenneth Farley,North,Non-stick Pan Set,Home & Kitchen,56.08,1.0,0.0,Debit Card,In-Store
ORD103007,04-12-2024,CUST1453,Matthew Greene,west,Wireless Mouse,Electronics,149.03,1.0,0.0,Debit Card,Online
ORD104720,2025-12-11,CUST1060,Richard Lawson,North,Notebook Pack,Office Supplies,82.26,1.0,10.0,Credit Card,In-Store
ORD101358,2024-09-21,CUST1132,James Thomas,East,Running Shoes,Apparel,49.52,1.0,15.0,PayPal,Mobile App
ORD102938,01-05-2024,CUST1856,Susan Cox, West,Desk Lamp,Office Supplies,239.82,1.0,15.0,Cash on Delivery,In-Store
ORD104963,21/12/2024,CUST1240,Travis Stone, South ,Noise Cancelling Headphones,Electronics,130.41,1.0,0.0,Cash on Delivery,Mobile App
ORD100472,2024-04-03,CUST1735,Lisa Snyder,south,Camping Tent,Sports & Outdoors,266.17,1.0,10.0,UPI,Mobile App
ORD104721,24/10/2024,CUST1751,Kristen Smith,west,Cotton T-Shirt,Apparel,103.45,1.0,0.0,Credit Card,Online
ORD101064,2025/10/31,CUST1465,Sharon Beard,East ,Yoga Mat,Sports & Outdoors,58.33,1.0,0.0,UPI,In-Store
ORD105541,11/04/2024,CUST1338,Richard Ward,west,Standing Desk,Office Supplies,216.49,5.0,0.0,PayPal,Online
ORD104758,2025-11-22,CUST1590,Christopher Nielsen,north,27in Monitor,Electronics,128.07,2.0,0.0,Credit Card,Mobile App
ORD102891,2025/04/25,CUST1645,Mark Anderson,East ,Noise Cancelling Headphones,Electronics,423.72,5.0,0.0,UPI,Mobile App
ORD102054,16/10/2024,CUST1290,Jennifer Velasquez,south,Yoga Pants,Apparel,77.5,1.0,15.0,UPI,In-Store
ORD105686,04/02/2025,CUST1380,William Patterson,Central,Notebook Pack,Office Supplies,241.29,5.0,5.0,PayPal,Online
ORD105181,2024-04-21,CUST1370,Heather Page, South ,Camping Tent,Sports & Outdoors,112.75,2.0,5.0,Debit Card,Online
ORD104346,2025/06/16,CUST1860,Mr. Bryan Mckinney,central,Denim Jacket,Apparel,31.79,1.0,0.0,Debit Card,In-Store
ORD101005,24/12/2025,CUST1688,Misty Mcguire, West,USB-C Hub,Electronics,240.5,1.0,10.0,Credit Card,In-Store
ORD101759,03-06-2024,CUST1721,Jason Novak,Central,Running Shoes,Apparel,19.58,2.0,15.0,Credit Card,Online
ORD105897,2025-03-28,CUST1087,Robert Medina, West,USB-C Hub,Electronics,97.15,1.0,10.0,Cash on Delivery,Mobile App
ORD105890,09-15-2024,CUST1041,Victoria Valdez,Central,Smartwatch,Electronics,124.83,3.0,5.0,Cash on Delivery,Mobile App
ORD105774,2024/12/19,CUST1249,Michelle Lee, West,Non-stick Pan Set,Home & Kitchen,35.79,3.0,10.0,PayPal,In-Store
ORD102167,15/11/2025,CUST1767,Pamela Ruiz,East ,Electric Kettle,Home & Kitchen,208.04,1.0,0.0,UPI,Online
ORD101575,2025-03-11,CUST1711,Steven Sandoval,Central,Bluetooth Speaker,Electronics,281.55,1.0,15.0,Debit Card,Online
ORD104606,28/10/2024,CUST1834,Michelle Salazar,CENTRAL,Desk Lamp,Office Supplies,276.45,1.0,10.0,Cash on Delivery,Online
ORD100140,2024-12-06,CUST1790,Angela Schultz,South,Wireless Mouse,Electronics,176.76,1.0,5.0,PayPal,Mobile App
ORD101880,10/05/2024,CUST1205,Phillip Nelson,West,Mechanical Keyboard,Electronics,37.59,2.0,20.0,UPI,Online
ORD105609,20/08/2024,CUST1195,Emily Douglas,CENTRAL,27in Monitor,Electronics,385.27,1.0,15.0,Debit Card,In-Store
ORD101997,2025-10-18,CUST1649,Adam Mills,central,Ergonomic Chair,Office Supplies,150.86,2.0,0.0,Debit Card,Mobile App
ORD104024,07-02-2025,CUST1383,Kelly Wallace,West,Vacuum Cleaner,Home & Kitchen,143.69,2.0,5.0,Debit Card,Mobile App
ORD100237,2025-07-13,CUST1778,Susan Torres,Central,Smartwatch,Electronics,374.9,1.0,10.0,UPI,Online
ORD102175,2025-07-17,CUST1421,Krista Davis,South,Water Bottle,Sports & Outdoors,175.34,1.0,5.0,PayPal,Online
ORD102471,2025-04-12,CUST1621,Travis Vega,West,Ergonomic Chair,Office Supplies,236.54,4.0,0.0,PayPal,Online
ORD103581,2024-12-31,CUST1747,Elizabeth Hunter,East,Desk Lamp,Office Supplies,146.47,1.0,0.0,Cash on Delivery,Online
ORD102395,13/08/2025,CUST1418,John Phelps,west,Vacuum Cleaner,Home & Kitchen,84.84,4.0,15.0,Debit Card,In-Store
ORD102441,2024-01-30,CUST1044,Sandra Williams,SOUTH,USB-C Hub,Electronics,413.25,4.0,0.0,Debit Card,In-Store
ORD102269,16/02/2025,CUST1358,Katherine Church,SOUTH,Yoga Pants,Apparel,81.24,1.0,10.0,UPI,In-Store
ORD101315,2025/04/26,CUST1180,Thomas Atkins,East ,Electric Kettle,Home & Kitchen,194.36,2.0,0.0,Debit Card,Online
ORD104863,2025-05-13,CUST1787,Dr. Michael Adams DVM,West,Portable SSD 1TB,Electronics,375.39,4.0,,Credit Card,In-Store
ORD100914,14/07/2024,CUST1231,Michele Lewis,west,Standing Desk,Office Supplies,45.75,1.0,0.0,PayPal,Mobile App
ORD104211,20/01/2024,CUST1173,Cindy Barnes,West,Air Fryer,Home & Kitchen,88.1,3.0,10.0,Debit Card,Mobile App
ORD100373,2025-02-05,CUST1793,Mary Carter,East ,Cycling Helmet,Sports & Outdoors,87.06,4.0,0.0,Cash on Delivery,Mobile App
ORD105404,04-24-2024,CUST1508,Maureen Hernandez,West,Denim Jacket,Apparel,62.92,1.0,0.0,Cash on Delivery,In-Store
ORD104344,22/05/2024,CUST1415,Samuel Howe,Central,Blender,Home & Kitchen,156.31,1.0,5.0,Debit Card,Mobile App
ORD101992,2025-04-19,CUST1791,Jose Harrison,Central,USB-C Hub,Electronics,202.94,1.0,10.0,Credit Card,Mobile App
ORD100310,03-09-2025,CUST1726,Cheryl Gonzales,CENTRAL,Wireless Mouse,Electronics,120.1,2.0,5.0,PayPal,In-Store
ORD103523,04-17-2025,CUST1609,Linda Bautista, West,Ergonomic Chair,Office Supplies,234.8,1.0,0.0,PayPal,Mobile App
ORD102628,2024-02-04,CUST1623,Blake Sosa,NORTH,Denim Jacket,Apparel,43.72,1.0,0.0,PayPal,In-Store
ORD102208,10/07/2024,CUST1557,Ronald Johns,South,Dumbbell Set,Sports & Outdoors,237.86,2.0,10.0,Credit Card,In-Store
ORD105534,27/09/2024,CUST1169,John Boone,East ,Bluetooth Speaker,Electronics,67.98,1.0,0.0,PayPal,In-Store
ORD103334,2025-10-25,CUST1499,Katherine Christensen MD,south,Desk Lamp,Office Supplies,310.98,1.0,0.0,Cash on Delivery,Mobile App
ORD104837,03/02/2025,CUST1010,Andrew Stewart,East ,Notebook Pack,Office Supplies,222.05,1.0,0.0,UPI,Online
ORD101633,2025-08-02,CUST1803,Julia Leonard, North,Wireless Mouse,Electronics,404.51,2.0,10.0,Credit Card,Online
ORD104545,09/09/2024,CUST1672,Michael Cannon, South ,Cotton T-Shirt,Apparel,110.37,4.0,0.0,Cash on Delivery,In-Store
ORD105425,2025-11-17,CUST1739,Matthew Graves, West,Whiteboard,Office Supplies,217.13,1.0,0.0,Cash on Delivery,Mobile App
ORD102787,2025-10-30,CUST1157,Richard Young,East ,Notebook Pack,Office Supplies,29.73,2.0,0.0,Debit Card,Online
ORD103591,19/04/2025,CUST1855,Rebecca French,Central,Cotton T-Shirt,Apparel,41.98,2.0,0.0,PayPal,Mobile App
ORD100787,10-30-2024,CUST1323,Adam Jackson,east,Yoga Pants,Apparel,38.32,1.0,0.0,UPI,Mobile App
ORD100318,02-25-2024,CUST1542,Ashley Parrish,NORTH,Yoga Mat,Sports & Outdoors,148.0,1.0,,Debit Card,Online
ORD100415,2024-03-26,CUST1789,Blake Wu,East,Coffee Maker,Home & Kitchen,32.76,4.0,0.0,Cash on Delivery,Online
ORD100218,2025-09-27,CUST1405,Courtney Wright,North,Yoga Pants,Apparel,79.75,1.0,0.0,PayPal,In-Store
ORD101722,12/08/2025,CUST1740,Anna Evans,NORTH,Wireless Mouse,Electronics,277.16,2.0,15.0,Cash on Delivery,Mobile App
ORD104197,19/02/2024,CUST1347,Robin Wheeler,North,Bluetooth Speaker,Electronics,175.54,2.0,10.0,Credit Card,Mobile App
ORD104261,2024-10-28,CUST1888,Sheena Burton,north,Wireless Mouse,Electronics,185.23,2.0,20.0,Cash on Delivery,Online
ORD101938,20/07/2025,CUST1464,Ashley Hernandez,West,Noise Cancelling Headphones,Electronics,330.37,1.0,15.0,PayPal,Online
ORD103761,2025-09-29,CUST1633,Dr. Samuel Holmes DDS, South ,Denim Jacket,Apparel,63.06,1.0,0.0,Credit Card,In-Store
ORD104103,2025-04-02,CUST1680,Megan Park,CENTRAL,Ergonomic Chair,Office Supplies,203.75,1.0,20.0,Debit Card,Mobile App
ORD103542,2025/02/22,CUST1283,Stephanie Padilla,west,Standing Desk,Office Supplies,328.25,1.0,10.0,Debit Card,In-Store
ORD103156,12/06/2024,CUST1529,Ashley Carr, North,Electric Kettle,Home & Kitchen,197.82,1.0,0.0,UPI,Mobile App
ORD104402,08/03/2025,CUST1213,Jason Beck,North,Yoga Pants,Apparel,35.98,1.0,0.0,UPI,Mobile App
ORD104386,04-20-2024,CUST1373,Wendy Camacho, West,Webcam HD,Electronics,111.14,1.0,5.0,UPI,In-Store
ORD100132,2024-09-13,CUST1820,Heather Miller,north,Desk Lamp,Office Supplies,180.99,1.0,5.0,UPI,In-Store
ORD102038,27/07/2024,CUST1614,Jordan Powell, West,Running Shoes,Apparel,116.94,1.0,,,Mobile App
ORD100610,11-03-2024,CUST1764,Michael Vance,north,Ergonomic Chair,Office Supplies,187.57,1.0,5.0,UPI,In-Store
ORD103101,2024-02-14,CUST1312,Alexis Tran,west,Webcam HD,Electronics,307.32,1.0,0.0,Credit Card,Online
ORD104062,2025/03/30,CUST1176,Michael Watkins,central,Non-stick Pan Set,Home & Kitchen,58.29,1.0,0.0,Cash on Delivery,Mobile App
ORD102302,26/01/2024,CUST1650,Katherine Campos,CENTRAL,Power Bank,Electronics,216.77,1.0,0.0,PayPal,In-Store
ORD102680,2025-02-10,CUST1881,Jessica Mosley,CENTRAL,Blender,Home & Kitchen,122.67,2.0,5.0,Credit Card,Mobile App
ORD104570,2025-06-16,CUST1200,James Martin,west,Running Shoes,Apparel,33.97,1.0,5.0,Debit Card,In-Store
ORD104096,2025-11-01,CUST1226,Heidi Owen,CENTRAL,Non-stick Pan Set,Home & Kitchen,111.11,5.0,0.0,Cash on Delivery,Mobile App
ORD103311,2025-05-08,CUST1691,Sarah Mcfarland,north,Camping Tent,Sports & Outdoors,253.1,2.0,15.0,Debit Card,In-Store
ORD104146,2024-05-29,CUST1337,Derrick Adams, North,Running Shoes,Apparel,43.3,2.0,0.0,Cash on Delivery,Online
ORD101392,30/08/2024,CUST1214,Rachel Romero,west,Power Bank,Electronics,198.88,5.0,0.0,Credit Card,In-Store
ORD101928,03-17-2024,CUST1493,Abigail Hill,Central,Standing Desk,Office Supplies,30.28,1.0,0.0,PayPal,Mobile App
ORD105820,2024-10-16,CUST1163,Larry Garcia,central,Mechanical Keyboard,Electronics,101.42,1.0,0.0,Credit Card,Mobile App
ORD101804,2025-09-09,CUST1296,Shaun Cannon,east,Vacuum Cleaner,Home & Kitchen,160.47,5.0,10.0,PayPal,Online
ORD105520,2025-01-15,CUST1414,Angela Bradley,east,Wool Sweater,Apparel,42.16,5.0,,PayPal,Mobile App
ORD100681,2024-08-08,CUST1312,Alexis Tran,East,Wireless Mouse,Electronics,361.26,1.0,15.0,UPI,Online
ORD101674,2025-05-26,CUST1868,Caitlyn Nichols, North,Yoga Mat,Sports & Outdoors,244.97,1.0,5.0,PayPal,Mobile App
ORD103847,03-17-2024,CUST1457,Rhonda Gutierrez,NORTH,Power Bank,Electronics,427.84,2.0,15.0,UPI,Online
ORD102643,2025-09-21,CUST1190,Larry Mason,south,Vacuum Cleaner,Home & Kitchen,141.0,2.0,0.0,PayPal,In-Store
ORD104776,2025-08-20,CUST1097,Adrian Ferguson,NORTH,Desk Lamp,Office Supplies,178.36,1.0,0.0,Cash on Delivery,Mobile App
ORD101500,2025-11-12,CUST1531,Leah Barton,west,Wool Sweater,Apparel,51.23,2.0,10.0,Debit Card,In-Store
ORD102241,12-02-2025,CUST1796,Michael Washington, West,Denim Jacket,Apparel,92.67,2.0,0.0,Debit Card,Online
ORD105400,28/10/2024,CUST1234,Michelle Ho,east,Vacuum Cleaner,Home & Kitchen,76.98,1.0,0.0,UPI,In-Store
ORD103547,2025-10-23,CUST1209,Luis Bullock, South ,Webcam HD,Electronics,230.99,2.0,5.0,PayPal,Mobile App
ORD101677,2024-01-23,CUST1351,Todd Thomas,north,Coffee Maker,Home & Kitchen,106.18,4.0,0.0,Credit Card,Mobile App
ORD101693,2024-02-05,CUST1089,Mary Rogers,SOUTH,Denim Jacket,Apparel,97.1,1.0,0.0,Credit Card,Online
ORD104740,2024-07-31,CUST1442,Patricia Bradley,west,Noise Cancelling Headphones,Electronics,297.25,1.0,0.0,UPI,Mobile App
ORD103698,13/04/2025,CUST1160,Judith Maynard,East ,Water Bottle,Sports & Outdoors,233.02,4.0,10.0,PayPal,Mobile App
ORD104516,2025-03-11,CUST1083,Michael Burton,West,Ergonomic Chair,Office Supplies,295.19,1.0,10.0,Debit Card,Mobile App
ORD100266,2024/03/02,CUST1429,Rachael Howard DDS,north,Noise Cancelling Headphones,Electronics,385.83,2.0,0.0,Debit Card,Mobile App
ORD105366,11/05/2025,CUST1252,Stephen Luna,North,Wool Sweater,Apparel,102.36,1.0,15.0,UPI,Online
ORD100282,07-25-2024,CUST1339,Brian Torres,East,Wireless Mouse,Electronics,123.86,1.0,15.0,PayPal,Mobile App
ORD104207,2024-01-06,CUST1649,Adam Mills,north,Portable SSD 1TB,Electronics,254.4,3.0,0.0,Debit Card,In-Store
ORD102413,2024-03-20,CUST1370,Heather Page,East ,Wireless Mouse,Electronics,337.64,3.0,10.0,Cash on Delivery,Mobile App
ORD101562,29/01/2024,CUST1713,Erin Daniels,north,Power Bank,Electronics,66.38,1.0,0.0,UPI,In-Store
ORD102632,2025/08/20,CUST1407,John Campbell,west,Wool Sweater,Apparel,88.04,5.0,20.0,PayPal,In-Store
ORD104525,02/02/2024,CUST1178,Paul Thompson,west,Wool Sweater,Apparel,58.83,3.0,5.0,Cash on Delivery,In-Store
ORD100147,2025-01-05,CUST1797,Samantha Monroe,north,Power Bank,Electronics,313.19,1.0,5.0,Cash on Delivery,Online
ORD102173,22/05/2024,CUST1612,Penny Gomez MD,Central,Notebook Pack,Office Supplies,127.12,1.0,0.0,Cash on Delivery,Mobile App
ORD100448,2025-05-31,CUST1770,Bethany Garcia,central,Electric Kettle,Home & Kitchen,50.64,2.0,5.0,UPI,In-Store
ORD103227,2025-05-21,CUST1123,Kimberly Gibson,west,Mechanical Keyboard,Electronics,167.03,2.0,0.0,Credit Card,Mobile App
ORD100927,14/01/2024,CUST1466,Kara Jackson, North,Standing Desk,Office Supplies,67.88,2.0,0.0,UPI,In-Store
ORD104934,2025-10-19,CUST1217,Carrie Maxwell,East,Mechanical Keyboard,Electronics,195.08,1.0,0.0,UPI,Online
ORD102969,2025-12-10,CUST1541,Miss Brianna Brown,central,Wool Sweater,Apparel,112.99,1.0,15.0,Debit Card,Online
ORD100557,2025-10-26,CUST1244,Kathleen Burton, North,Running Shoes,Apparel,73.88,3.0,0.0,Cash on Delivery,Mobile App
ORD105112,19/10/2024,CUST1172,Kylie Morales,NORTH,Running Shoes,Apparel,84.52,4.0,0.0,Cash on Delivery,In-Store
ORD101311,2025-05-17,CUST1368,Jeffery Fitzgerald, South ,Running Shoes,Apparel,62.49,3.0,0.0,UPI,In-Store
ORD101091,24/04/2024,CUST1776,Daniel Taylor, North,Rice Cooker,Home & Kitchen,105.72,1.0,10.0,PayPal,In-Store
ORD101568,01-25-2025,CUST1252,Stephen Luna,east,Standing Desk,Office Supplies,29.92,2.0,5.0,Credit Card,In-Store
ORD103419,2025-08-15,CUST1169,John Boone,CENTRAL,Mechanical Keyboard,Electronics,97.55,4.0,0.0,Credit Card,Online
ORD103094,2024-08-23,CUST1669,Denise Guerra,CENTRAL,Mechanical Keyboard,Electronics,212.57,4.0,10.0,PayPal,Mobile App
ORD104113,2025-02-14,CUST1537,Miguel Parks,central,Toaster,Home & Kitchen,172.44,1.0,0.0,Cash on Delivery,In-Store
ORD103980,2025/04/18,CUST1629,Derrick Mullen,South,Non-stick Pan Set,Home & Kitchen,191.72,1.0,10.0,Credit Card,In-Store
ORD103876,2025-01-06,CUST1216,Ashley Perkins,CENTRAL,Mechanical Keyboard,Electronics,284.26,2.0,0.0,Cash on Delivery,Online
ORD104240,2024-09-02,CUST1063,Angel Riggs,east,Dumbbell Set,Sports & Outdoors,122.91,2.0,0.0,PayPal,Mobile App
ORD105170,2024-01-22,CUST1419,Amanda Huff,SOUTH,Cycling Helmet,Sports & Outdoors,162.92,2.0,0.0,Credit Card,In-Store
ORD101461,2025-11-14,CUST1758,Kelly Smith,central,Mechanical Keyboard,Electronics,194.3,2.0,10.0,Debit Card,Online
ORD102118,07/06/2025,CUST1502,Alicia Norris,SOUTH,Portable SSD 1TB,Electronics,416.56,1.0,0.0,Cash on Delivery,Mobile App
ORD103677,2025-09-29,CUST1235,Dr. Cynthia Snyder,North,Wool Sweater,Apparel,36.58,1.0,,UPI,Online
ORD105403,2024-08-20,CUST1766,Anna Lang,central,Camping Tent,Sports & Outdoors,206.7,2.0,5.0,PayPal,Mobile App
ORD103914,2025-11-12,CUST1899,Rachel Jones,East,Power Bank,Electronics,140.65,4.0,15.0,PayPal,Online
ORD105802,2025-08-08,CUST1372,Kenneth Farley, West,Toaster,Home & Kitchen,157.94,1.0,0.0,Credit Card,Online
ORD105424,2025-12-14,CUST1041,Victoria Valdez,north,Coffee Maker,Home & Kitchen,36.11,1.0,0.0,Debit Card,In-Store
ORD104411,08/01/2025,CUST1195,Emily Douglas, West,Bluetooth Speaker,Electronics,29.26,1.0,5.0,Debit Card,Mobile App
ORD100311,2025/11/09,CUST1104,Brad Allen, West,Portable SSD 1TB,Electronics,153.41,2.0,0.0,PayPal,Mobile App
ORD104241,26/10/2025,CUST1277,Todd Rosales MD,south,Smartwatch,Electronics,216.57,3.0,5.0,Debit Card,Online
ORD102188,2024-10-20,CUST1125,Matthew Hoover,west,Dumbbell Set,Sports & Outdoors,98.88,5.0,10.0,Debit Card,Online
ORD101198,2024-06-05,CUST1044,Sandra Williams, North,Whiteboard,Office Supplies,270.71,1.0,5.0,PayPal,Online
ORD104718,2025-04-08,CUST1222,Kathleen Jimenez,east,Coffee Maker,Home & Kitchen,118.89,4.0,15.0,Debit Card,Online
ORD103849,2025-05-03,CUST1133,Bob Pitts,east,Yoga Mat,Sports & Outdoors,282.06,1.0,20.0,Credit Card,In-Store
ORD102556,2025-10-24,CUST1276,Tanya Rogers,East,Yoga Mat,Sports & Outdoors,252.46,2.0,15.0,PayPal,Online
ORD100860,24/06/2025,CUST1481,Brian Brown,south,Mechanical Keyboard,Electronics,30.3,3.0,10.0,PayPal,In-Store
ORD104194,2024/04/23,CUST1600,Angela George,central,Wool Sweater,Apparel,21.08,2.0,0.0,Credit Card,Mobile App
ORD103067,14/12/2025,CUST1336,Misty Hansen,East,Standing Desk,Office Supplies,186.08,5.0,15.0,PayPal,Mobile App
ORD101377,25/10/2025,CUST1723,Ricardo Franklin,South,Dumbbell Set,Sports & Outdoors,274.29,1.0,0.0,Credit Card,Online
ORD100581,2024-06-15,CUST1421,Krista Davis,SOUTH,Blender,Home & Kitchen,22.58,2.0,0.0,Debit Card,Mobile App
ORD103181,2025-12-20,CUST1244,Kathleen Burton,central,Rice Cooker,Home & Kitchen,36.49,2.0,0.0,Debit Card,Online
ORD101167,2025/12/12,CUST1026,Timothy Duncan, North,Dumbbell Set,Sports & Outdoors,249.93,1.0,0.0,Debit Card,Online
ORD103332,2025-12-29,CUST1078,Trevor Fisher, West,Smartwatch,Electronics,321.51,1.0,0.0,UPI,Online
ORD104674,2024-10-23,CUST1167,Kristina Santiago,Central,Water Bottle,Sports & Outdoors,136.12,3.0,0.0,PayPal,In-Store
ORD101932,04-20-2025,CUST1889,Laura Bruce,East,Cotton T-Shirt,Apparel,67.02,1.0,0.0,Credit Card,Online
ORD103158,08-21-2025,CUST1771,Jennifer Gutierrez,north,Wireless Mouse,Electronics,263.33,2.0,0.0,PayPal,In-Store
ORD100254,25/06/2024,CUST1374,Sandra Juarez,NORTH,Air Fryer,Home & Kitchen,217.38,4.0,0.0,Credit Card,Online
ORD101045,2024-12-25,CUST1318,Jennifer Smith,South,Vacuum Cleaner,Home & Kitchen,141.71,2.0,0.0,UPI,Mobile App
ORD101474,2025-04-17,CUST1736,Kyle Smith,Central,Dumbbell Set,Sports & Outdoors,91.17,3.0,5.0,Cash on Delivery,In-Store
ORD104042,2025-07-10,CUST1717,Elizabeth Reese,East,Denim Jacket,Apparel,51.39,1.0,10.0,Debit Card,Online
ORD102766,2024-07-21,CUST1286,Angela Griffin,NORTH,Running Shoes,Apparel,114.4,1.0,10.0,UPI,Online
ORD104015,04-04-2025,CUST1830,Donald Todd,CENTRAL,Desk Lamp,Office Supplies,153.87,1.0,0.0,Cash on Delivery,Mobile App
ORD105035,20/08/2024,CUST1583,Michael Boyd,central,Power Bank,Electronics,149.87,3.0,5.0,UPI,In-Store
ORD103562,2025-03-28,CUST1208,,east,Bluetooth Speaker,Electronics,205.78,1.0,,,Mobile App
ORD100859,2024-06-10,CUST1857,Jacob Wong,east,Water Bottle,Sports & Outdoors,27.58,1.0,5.0,PayPal,Online
ORD102616,2024-03-24,CUST1701,Robert Torres,South,Running Shoes,Apparel,51.51,4.0,10.0,Cash on Delivery,Mobile App
ORD104183,2025-07-15,CUST1307,Claire Clark,south,Wireless Mouse,Electronics,256.94,5.0,15.0,Credit Card,Mobile App
ORD103273,2024-06-15,CUST1312,Alexis Tran,Central,Camping Tent,Sports & Outdoors,171.87,1.0,0.0,Debit Card,In-Store
ORD100268,2024/11/18,CUST1242,Matthew Le,East,Wool Sweater,Apparel,22.86,2.0,0.0,UPI,Mobile App
ORD103526,30/04/2024,CUST1399,Gregory Holmes PhD,West,Dumbbell Set,Sports & Outdoors,74.7,1.0,0.0,Credit Card,In-Store
ORD102467,2025/10/03,CUST1418,John Phelps,east,Running Shoes,Apparel,77.93,1.0,0.0,Debit Card,Mobile App
ORD100746,2024-06-14,CUST1482,Stephanie Evans,Central,Coffee Maker,Home & Kitchen,129.69,1.0,10.0,Credit Card,Mobile App
ORD101758,2024-04-09,CUST1684,Andrew Mitchell,East ,Coffee Maker,Home & Kitchen,87.04,1.0,5.0,Credit Card,Online
ORD104310,2024-04-30,CUST1069,Jeremiah Reeves, North,Wool Sweater,Apparel,76.13,1.0,10.0,Cash on Delivery,In-Store
ORD101531,09/10/2024,CUST1102,Joseph Hayes,south,Wireless Mouse,Electronics,367.59,2.0,0.0,Credit Card,In-Store
ORD104490,2025/09/01,CUST1304,Kristina Faulkner,North,Water Bottle,Sports & Outdoors,154.36,1.0,0.0,Credit Card,Online
ORD101520,2024-07-02,CUST1549,Michael Fox,south,Ergonomic Chair,Office Supplies,109.83,1.0,0.0,PayPal,Mobile App
ORD101789,2024-08-05,CUST1013,Zachary Hicks,east,Electric Kettle,Home & Kitchen,22.91,4.0,0.0,PayPal,Mobile App
ORD103189,02-14-2025,CUST1736,Kyle Smith,SOUTH,Dumbbell Set,Sports & Outdoors,228.53,1.0,0.0,UPI,In-Store
ORD100898,2024-07-03,CUST1289,Jose Bryant,north,Yoga Mat,Sports & Outdoors,43.95,4.0,0.0,UPI,In-Store
ORD101329,2024-10-09,CUST1095,Tiffany Vaughn,north,Wool Sweater,Apparel,91.8,2.0,5.0,Credit Card,Online
ORD100126,24/03/2024,CUST1894,Richard Jenkins,CENTRAL,Cotton T-Shirt,Apparel,41.46,3.0,0.0,Debit Card,In-Store
ORD105055,22/01/2025,CUST1708,Thomas Torres,east,Wireless Mouse,Electronics,421.68,1.0,0.0,PayPal,Mobile App
ORD103721,2025/04/18,CUST1555,Jose Vaughan,North,Desk Lamp,Office Supplies,316.38,1.0,0.0,Credit Card,In-Store
ORD105509,2025-04-27,CUST1222,Kathleen Jimenez,Central,Wireless Mouse,Electronics,261.01,1.0,0.0,Cash on Delivery,Online
ORD100245,2025-04-15,CUST1047,Rebecca Valencia,South,Denim Jacket,Apparel,74.44,1.0,0.0,Debit Card,In-Store
ORD103060,2024-06-15,CUST1290,Jennifer Velasquez,central,USB-C Hub,Electronics,188.35,1.0,0.0,Debit Card,Online
ORD102459,2025-03-27,CUST1114,Brandon King,west,Non-stick Pan Set,Home & Kitchen,34.39,1.0,5.0,UPI,Online
ORD100731,24/04/2025,CUST1601,Adrienne Mills,East ,Camping Tent,Sports & Outdoors,0.0,2.0,10.0,UPI,In-Store
ORD103837,2025/05/20,CUST1851,Melissa Russell,CENTRAL,Denim Jacket,Apparel,65.58,1.0,10.0,PayPal,Mobile App
ORD103623,24/09/2025,CUST1031,Tammy Allison,NORTH,Toaster,Home & Kitchen,72.93,1.0,0.0,Debit Card,In-Store
ORD101882,2024/05/27,CUST1670,Kimberly Gibson,central,Water Bottle,Sports & Outdoors,101.87,2.0,0.0,UPI,Online
ORD102034,12/01/2024,CUST1002,Cristian Santos,east,Running Shoes,Apparel,111.79,1.0,0.0,Credit Card,Mobile App
ORD100872,2024-11-17,CUST1510,Sarah Ward,West,Notebook Pack,Office Supplies,196.03,5.0,0.0,PayPal,Online
ORD104035,26/11/2025,CUST1161,Katherine Browning,SOUTH,Running Shoes,Apparel,102.42,3.0,5.0,UPI,Online
ORD103420,03-27-2025,CUST1142,Casey Anderson, North,Coffee Maker,Home & Kitchen,91.31,2.0,0.0,Cash on Delivery,Online
ORD100146,2025-02-19,CUST1076,James Elliott,West,Bluetooth Speaker,Electronics,286.31,1.0,5.0,Debit Card,Online
ORD102468,10-26-2025,CUST1328,Jasmine Mosley,central,Air Fryer,Home & Kitchen,54.14,1.0,10.0,Debit Card,Mobile App
ORD102083,09/06/2025,CUST1503,Michael Harris, West,USB-C Hub,Electronics,169.93,2.0,0.0,Cash on Delivery,Online
ORD101831,2025/10/12,CUST1548,Frank Williams,central,Wool Sweater,Apparel,115.68,1.0,15.0,UPI,In-Store
ORD101489,2024-05-12,CUST1006,Shannon Ray,central,Wool Sweater,Apparel,73.96,2.0,0.0,Cash on Delivery,Mobile App
ORD105708,2025/05/11,CUST1590,Christopher Nielsen,north,Power Bank,Electronics,103.95,3.0,0.0,PayPal,Online
ORD105351,2024-10-30,CUST1525,Jordan Clark,central,Noise Cancelling Headphones,Electronics,409.27,1.0,0.0,UPI,In-Store
ORD103291,2024-09-29,CUST1009,Joel Nelson, North,Rice Cooker,Home & Kitchen,139.54,2.0,0.0,PayPal,Mobile App
ORD102031,2024/09/01,CUST1091,Jason Peters,west,Portable SSD 1TB,Electronics,292.7,5.0,0.0,Debit Card,Mobile App
ORD101594,2025-09-04,CUST1882,John Dillon,South,Portable SSD 1TB,Electronics,314.44,1.0,10.0,UPI,Mobile App
ORD100190,05/03/2025,CUST1032,Carmen Smith,South,Electric Kettle,Home & Kitchen,69.5,1.0,10.0,Credit Card,Online
ORD102929,2024-10-31,CUST1668,Edward Terry,East ,Bluetooth Speaker,Electronics,118.52,3.0,0.0,UPI,Online
ORD105186,22/01/2025,CUST1454,Bradley Anthony,north,Water Bottle,Sports & Outdoors,106.83,1.0,10.0,Debit Card,Online
ORD102556,2025-10-24,CUST1276,Tanya Rogers,East,Yoga Mat,Sports & Outdoors,252.46,2.0,15.0,PayPal,Online
ORD105376,2024-03-29,CUST1618,Austin Schultz,north,Standing Desk,Office Supplies,332.71,1.0,0.0,Debit Card,In-Store
ORD104757,2024-02-06,CUST1606,Lisa Cohen,West,Cotton T-Shirt,Apparel,88.73,3.0,5.0,Debit Card,Online
ORD104272,07/01/2025,CUST1215,James Burgess,west,Camping Tent,Sports & Outdoors,297.13,1.0,5.0,Debit Card,Mobile App
ORD102600,2025-01-12,CUST1368,Jeffery Fitzgerald,Central,Rice Cooker,Home & Kitchen,110.32,3.0,0.0,Credit Card,In-Store
ORD104431,2024/11/27,CUST1504,Lisa Haynes,Central,Notebook Pack,Office Supplies,100.25,3.0,0.0,Credit Card,In-Store
ORD100957,13/09/2025,CUST1452,Kenneth Larsen,Central,Yoga Mat,Sports & Outdoors,188.23,1.0,10.0,Credit Card,Online
ORD103250,18/08/2025,CUST1706,James Bray,North,Wool Sweater,Apparel,109.93,2.0,0.0,Credit Card,In-Store
ORD102130,01-28-2025,CUST1212,Jose Allen,SOUTH,Whiteboard,Office Supplies,94.13,1.0,0.0,PayPal,In-Store
ORD102338,02/02/2024,CUST1815,Gary Myers,east,Wireless Mouse,Electronics,66.88,2.0,0.0,Debit Card,Mobile App
ORD105494,2025-10-31,CUST1689,Susan Larson,Central,Wireless Mouse,Electronics,245.07,1.0,5.0,UPI,Mobile App
ORD100728,2025-01-03,CUST1100,Jennifer Jones,West,Smartwatch,Electronics,242.94,2.0,0.0,Debit Card,In-Store
ORD103046,2024-02-08,CUST1378,Frank Campbell MD,East,Mechanical Keyboard,Electronics,266.65,5.0,0.0,Credit Card,Online
ORD101551,06/09/2025,CUST1276,Tanya Rogers,East ,Mechanical Keyboard,Electronics,422.01,2.0,10.0,Cash on Delivery,Mobile App
ORD103325,2025-01-04,CUST1234,Michelle Ho,West,Rice Cooker,Home & Kitchen,203.65,1.0,10.0,Debit Card,In-Store
ORD104683,2025-10-06,CUST1206,Stacey Arias,South,Portable SSD 1TB,Electronics,205.82,5.0,0.0,Credit Card,Online
ORD105985,2024-07-31,CUST1312,Alexis Tran, West,Running Shoes,Apparel,24.07,1.0,5.0,Debit Card,In-Store
ORD104136,2025/06/27,CUST1272,Vanessa Moore,West,Ergonomic Chair,Office Supplies,336.81,5.0,0.0,Debit Card,In-Store
ORD102877,2024-08-06,CUST1042,Shawn Baker,central,Blender,Home & Kitchen,28.42,4.0,5.0,Credit Card,In-Store
ORD105788,2025/05/30,CUST1615,Kathy Morgan,SOUTH,Dumbbell Set,Sports & Outdoors,279.61,1.0,15.0,Credit Card,In-Store
ORD101196,2025-04-25,CUST1530,Richard Love,East,Standing Desk,Office Supplies,333.07,2.0,20.0,Credit Card,Online
ORD104938,29/06/2024,CUST1773,Kimberly Young,West,Vacuum Cleaner,Home & Kitchen,153.55,1.0,0.0,Debit Card,In-Store
ORD100020,2025-07-17,CUST1453,Matthew Greene,Central,Toaster,Home & Kitchen,56.7,1.0,10.0,Cash on Delivery,Online
ORD105357,2024-02-14,CUST1792,Thomas Curry,CENTRAL,Cycling Helmet,Sports & Outdoors,160.11,3.0,5.0,Credit Card,In-Store
ORD103573,28/04/2025,CUST1774,Kyle Nguyen,east,Whiteboard,Office Supplies,162.17,1.0,0.0,Credit Card,Mobile App
ORD100945,27/05/2024,CUST1718,Phillip Salazar,North,Whiteboard,Office Supplies,173.7,1.0,0.0,UPI,Online
ORD105323,2024-11-25,CUST1739,Matthew Graves,Central,Yoga Mat,Sports & Outdoors,207.58,2.0,,,Online
ORD101729,2024-07-06,CUST1209,Luis Bullock,East,Coffee Maker,Home & Kitchen,34.5,4.0,0.0,UPI,Online
ORD103537,2025-02-24,CUST1496,Michael Sims,west,Standing Desk,Office Supplies,129.25,4.0,,PayPal,Mobile App
ORD101018,2024-03-16,CUST1882,John Dillon, South ,Mechanical Keyboard,Electronics,370.52,1.0,0.0,UPI,Online
ORD103995,2025/01/23,CUST1497,James Chapman,NORTH,Running Shoes,Apparel,116.32,1.0,0.0,Cash on Delivery,In-Store
ORD105562,2025-03-26,CUST1002,Cristian Santos,central,Denim Jacket,Apparel,75.72,2.0,10.0,Credit Card,In-Store
ORD100539,12/04/2024,CUST1595,Chase Davis,north,Noise Cancelling Headphones,Electronics,96.42,1.0,0.0,Cash on Delivery,In-Store
ORD101480,2025/08/09,CUST1559,Laura Perez,south,Cotton T-Shirt,Apparel,97.9,3.0,20.0,PayPal,In-Store
ORD104884,2024-04-06,CUST1417,Christopher Owens,East ,Cycling Helmet,Sports & Outdoors,261.08,4.0,20.0,UPI,Online
ORD105109,2025-11-30,CUST1412,Valerie Thomas, South ,Smartwatch,Electronics,167.79,4.0,0.0,Cash on Delivery,Online
ORD104795,2025-10-12,CUST1778,Susan Torres,East ,Wireless Mouse,Electronics,382.2,1.0,5.0,Debit Card,Online
ORD103949,14/03/2025,CUST1190,Larry Mason, North,Yoga Mat,Sports & Outdoors,179.91,1.0,15.0,UPI,In-Store
ORD105746,2024-01-13,CUST1180,Thomas Atkins,Central,Bluetooth Speaker,Electronics,124.32,1.0,15.0,Credit Card,In-Store
ORD105056,2024-10-20,CUST1613,Krista Barber,SOUTH,Yoga Mat,Sports & Outdoors,209.18,2.0,0.0,Credit Card,In-Store
ORD104632,2024-12-24,CUST1510,Sarah Ward,east,27in Monitor,Electronics,127.69,1.0,0.0,Cash on Delivery,In-Store
ORD100055,02/08/2025,CUST1824,Judy Gregory,CENTRAL,Denim Jacket,Apparel,25.7,3.0,0.0,PayPal,Mobile App
ORD104598,2025-12-06,CUST1771,Jennifer Gutierrez, West,Bluetooth Speaker,Electronics,227.46,1.0,,Credit Card,Mobile App
ORD101362,2024-12-16,CUST1064,Michael Snyder,Central,Yoga Mat,Sports & Outdoors,274.34,2.0,0.0,Cash on Delivery,Online
ORD104966,2024-03-12,CUST1537,Miguel Parks,West,Camping Tent,Sports & Outdoors,20.24,5.0,0.0,Credit Card,In-Store
ORD103317,2024/09/03,CUST1068,Paul Larsen, West,Portable SSD 1TB,Electronics,412.0,2.0,,UPI,Mobile App
ORD102179,16/10/2024,CUST1410,Makayla Steele,East,Running Shoes,Apparel,22.76,1.0,0.0,Cash on Delivery,Mobile App
ORD101060,2024-03-14,CUST1611,Lisa Craig,SOUTH,USB-C Hub,Electronics,194.95,1.0,0.0,Cash on Delivery,Online
ORD102388,2025-04-13,CUST1336,Misty Hansen,central,27in Monitor,Electronics,162.15,1.0,0.0,Cash on Delivery,Mobile App
ORD105656,2024-10-18,CUST1115,April Booth,East,Coffee Maker,Home & Kitchen,0.0,3.0,0.0,Cash on Delivery,Mobile App
ORD102539,06-10-2024,CUST1078,Trevor Fisher,East ,Rice Cooker,Home & Kitchen,51.9,4.0,0.0,Cash on Delivery,In-Store
ORD103536,23/06/2025,CUST1556,Austin Santiago,south,Denim Jacket,Apparel,78.88,1.0,15.0,Credit Card,In-Store
ORD100412,02-18-2025,CUST1646,,central,Denim Jacket,Apparel,106.17,2.0,,,Online
ORD100519,2024-04-28,CUST1055,William Wilson,east,Portable SSD 1TB,Electronics,333.55,1.0,5.0,UPI,In-Store
ORD102342,2025-04-14,CUST1106,Dennis Moody, North,Vacuum Cleaner,Home & Kitchen,132.13,4.0,0.0,PayPal,Online
ORD102822,2025-11-17,CUST1217,Carrie Maxwell,central,Vacuum Cleaner,Home & Kitchen,54.49,3.0,20.0,Cash on Delivery,Mobile App
ORD103133,16/11/2025,CUST1057,Lisa Alvarado,CENTRAL,Bluetooth Speaker,Electronics,260.94,2.0,,PayPal,Mobile App
ORD100085,2024-05-29,CUST1367,Ashley Wilson,west,Webcam HD,Electronics,408.96,1.0,0.0,UPI,Mobile App
ORD104603,01-31-2024,CUST1319,Megan Drake,East,Yoga Mat,Sports & Outdoors,21.18,3.0,0.0,PayPal,Online
ORD101158,2024-09-01,CUST1097,Adrian Ferguson,CENTRAL,Coffee Maker,Home & Kitchen,138.07,3.0,0.0,Cash on Delivery,In-Store
ORD102332,09-25-2025,CUST1354,Christopher Moore,east,Smartwatch,Electronics,315.04,1.0,15.0,Credit Card,In-Store
ORD103988,2024-07-18,CUST1427,Danielle Phillips,West,Wireless Mouse,Electronics,188.41,1.0,0.0,Cash on Delivery,Mobile App
ORD105812,10-09-2025,CUST1341,Ernest Oconnell,East ,Desk Lamp,Office Supplies,197.31,1.0,0.0,Credit Card,In-Store
ORD102866,02/11/2024,CUST1390,Katrina Adkins, South ,Air Fryer,Home & Kitchen,61.92,3.0,0.0,Credit Card,Online
ORD104023,2024-03-15,CUST1814,Jonathan Delgado,SOUTH,Standing Desk,Office Supplies,275.94,5.0,0.0,PayPal,Online
ORD105077,01-19-2024,CUST1527,Brent Hopkins,CENTRAL,Wool Sweater,Apparel,80.93,2.0,0.0,PayPal,Mobile App
ORD105905,2025-08-26,CUST1008,Daniel Adams,East ,Air Fryer,Home & Kitchen,59.02,1.0,0.0,Cash on Delivery,Online
ORD100789,2024-12-07,CUST1385,Edwin Reyes,East ,Cycling Helmet,Sports & Outdoors,149.75,3.0,0.0,Debit Card,Mobile App
ORD102660,2025-10-17,CUST1145,Richard Smith, West,Denim Jacket,Apparel,15.3,4.0,15.0,UPI,In-Store
ORD100685,2024/02/24,CUST1633,Dr. Samuel Holmes DDS,East,Webcam HD,Electronics,263.44,1.0,0.0,Cash on Delivery,Online
ORD102502,2025/02/08,CUST1520,Mason Moore,North,USB-C Hub,Electronics,255.22,4.0,0.0,UPI,In-Store
ORD102913,2025-12-18,CUST1756,Brittany Peterson,east,Webcam HD,Electronics,121.17,1.0,10.0,Cash on Delivery,Mobile App
ORD102480,21/11/2025,CUST1357,Rebecca Herrera,east,Bluetooth Speaker,Electronics,89.45,3.0,5.0,PayPal,In-Store
ORD100468,2024-02-09,CUST1896,Tammy Mendoza,East ,Power Bank,Electronics,424.13,2.0,10.0,UPI,In-Store
ORD101364,21/05/2025,CUST1854,Faith Johnson,Central,Yoga Pants,Apparel,93.51,1.0,5.0,UPI,In-Store
ORD101075,19/01/2024,CUST1099,John Peterson,central,Cotton T-Shirt,Apparel,43.04,2.0,0.0,Debit Card,Online
ORD102258,2024-01-29,CUST1736,Kyle Smith,North,Denim Jacket,Apparel,84.72,1.0,0.0,Cash on Delivery,Online
ORD101815,05/07/2025,CUST1763,Amber Johnson,NORTH,Yoga Mat,Sports & Outdoors,254.67,1.0,5.0,Credit Card,Online
ORD104651,25/09/2024,CUST1668,Edward Terry,East,Cycling Helmet,Sports & Outdoors,281.48,2.0,0.0,Cash on Delivery,In-Store
ORD104264,03/01/2024,CUST1107,Derek Thomas,East,Electric Kettle,Home & Kitchen,137.5,3.0,0.0,PayPal,Mobile App
ORD105029,07-18-2025,CUST1754,David Hayes DVM,CENTRAL,Electric Kettle,Home & Kitchen,52.55,1.0,5.0,PayPal,In-Store
ORD104100,2025-06-09,CUST1484,Jason Price,West,Yoga Mat,Sports & Outdoors,245.16,2.0,5.0,Cash on Delivery,In-Store
ORD103206,10/08/2024,CUST1344,Sandra Jones,NORTH,Notebook Pack,Office Supplies,151.8,1.0,0.0,Debit Card,Mobile App
ORD104800,2025-02-04,CUST1577,Kimberly Valdez,East ,Yoga Pants,Apparel,20.91,2.0,0.0,Cash on Delivery,Online
ORD104734,2024-01-02,CUST1510,Sarah Ward,Central,Wireless Mouse,Electronics,82.49,3.0,5.0,Credit Card,In-Store
ORD105729,2025-06-25,CUST1544,Juan Smith,East,Power Bank,Electronics,136.84,1.0,10.0,Cash on Delivery,Online
ORD105512,27/10/2024,CUST1502,Alicia Norris,north,Smartwatch,Electronics,115.87,4.0,0.0,Credit Card,Online
ORD101011,2025-12-22,CUST1355,Charlotte Sandoval,South,Noise Cancelling Headphones,Electronics,74.22,1.0,5.0,UPI,In-Store
ORD103074,02/06/2024,CUST1320,Manuel King,West,Dumbbell Set,Sports & Outdoors,101.91,1.0,0.0,Cash on Delivery,Mobile App
ORD105037,2024-02-15,CUST1535,Denise Stuart,east,Vacuum Cleaner,Home & Kitchen,54.13,3.0,0.0,PayPal,In-Store
ORD101057,2025-04-16,CUST1469,William Ramos,west,Air Fryer,Home & Kitchen,214.07,1.0,0.0,Debit Card,Online
ORD105231,19/07/2025,CUST1199,Kimberly Rodgers,west,Noise Cancelling Headphones,Electronics,118.96,1.0,20.0,Credit Card,Online
ORD103426,22/05/2025,CUST1687,Kevin Hall, North,Bluetooth Speaker,Electronics,370.16,1.0,0.0,PayPal,Mobile App
ORD102247,16/09/2024,CUST1274,Taylor Gentry,East ,Wireless Mouse,Electronics,403.82,2.0,0.0,Cash on Delivery,Online
ORD103819,17/05/2024,CUST1674,John Garcia,West,Mechanical Keyboard,Electronics,194.73,4.0,0.0,UPI,In-Store
ORD104777,2025-09-22,CUST1091,Jason Peters,west,Cotton T-Shirt,Apparel,106.44,2.0,0.0,Cash on Delivery,Online
ORD103965,2025-08-03,CUST1336,Misty Hansen,East ,Electric Kettle,Home & Kitchen,108.85,2.0,15.0,Credit Card,Mobile App
ORD102462,04/08/2025,CUST1420,Megan Green,NORTH,Standing Desk,Office Supplies,113.81,2.0,5.0,PayPal,In-Store
ORD104761,18/09/2024,CUST1336,Misty Hansen,central,USB-C Hub,Electronics,277.09,1.0,0.0,Cash on Delivery,In-Store
ORD103925,2024-10-29,CUST1291,Kimberly Brown,West,Wireless Mouse,Electronics,377.07,1.0,0.0,PayPal,Online
ORD103151,2025-03-27,CUST1806,Manuel Brown,East ,Camping Tent,Sports & Outdoors,248.14,5.0,0.0,Debit Card,Mobile App
ORD101199,07/07/2024,CUST1517,Arthur Pena, South ,Electric Kettle,Home & Kitchen,200.31,1.0,0.0,PayPal,Mobile App
ORD105606,2025-09-02,CUST1042,Shawn Baker,north,Rice Cooker,Home & Kitchen,141.96,4.0,10.0,Debit Card,Mobile App
ORD102711,2025-09-21,CUST1444,Mrs. Stacey Davis,East,Cotton T-Shirt,Apparel,58.74,1.0,0.0,Cash on Delivery,In-Store
ORD102096,2024-10-06,CUST1898,Brenda Perez,East ,Ergonomic Chair,Office Supplies,290.05,1.0,0.0,Debit Card,Mobile App
ORD104488,2024-01-26,CUST1156,Brianna Anderson,NORTH,Standing Desk,Office Supplies,334.71,2.0,0.0,UPI,In-Store
ORD104131,2024-01-03,CUST1286,Angela Griffin,south,Desk Lamp,Office Supplies,141.88,3.0,5.0,UPI,Online
ORD100573,27/08/2025,CUST1343,Catherine Saunders MD,East ,Whiteboard,Office Supplies,39.27,1.0,0.0,Credit Card,Online
ORD101911,2025/07/17,CUST1487,Robert Hines,central,27in Monitor,Electronics,44.91,1.0,10.0,PayPal,In-Store
ORD101924,27/01/2024,CUST1265,Megan Dillon,West,Denim Jacket,Apparel,33.52,2.0,0.0,Cash on Delivery,Online
ORD103096,2025-05-30,CUST1016,Patricia Peterson,South,Webcam HD,Electronics,282.69,5.0,20.0,Debit Card,Online
ORD101950,04-15-2024,CUST1408,Eddie Mueller,CENTRAL,Water Bottle,Sports & Outdoors,148.35,1.0,0.0,Debit Card,Mobile App
ORD104790,06-11-2024,CUST1710,Lori Johns, North,Running Shoes,Apparel,99.7,1.0,0.0,PayPal,In-Store
ORD101801,12/01/2025,CUST1514,Michael Brown,North,Cotton T-Shirt,Apparel,29.69,3.0,0.0,UPI,Online
ORD100263,16/10/2024,CUST1070,Chris Reyes,NORTH,Camping Tent,Sports & Outdoors,76.28,2.0,15.0,PayPal,In-Store
ORD105142,2025-07-27,CUST1540,James Brown,SOUTH,Noise Cancelling Headphones,Electronics,144.08,2.0,5.0,Debit Card,Mobile App
ORD100965,2024-02-06,CUST1719,Michael Howard,CENTRAL,Air Fryer,Home & Kitchen,67.12,1.0,10.0,Credit Card,In-Store
ORD101639,2024/09/06,CUST1558,Allison Love,south,Running Shoes,Apparel,115.32,5.0,0.0,Cash on Delivery,In-Store
ORD101205,07-08-2025,CUST1470,Jeremy Mcintyre,South,Water Bottle,Sports & Outdoors,225.12,1.0,0.0,UPI,Online
ORD104164,13/05/2024,CUST1764,Michael Vance,North,Noise Cancelling Headphones,Electronics,267.83,2.0,0.0,PayPal,Mobile App
ORD105538,2024/04/02,CUST1377,Heather Brown,east,Bluetooth Speaker,Electronics,321.6,1.0,0.0,PayPal,Mobile App
ORD104904,2025-01-03,CUST1761,Brian Mullen,Central,Yoga Pants,Apparel,109.99,1.0,10.0,UPI,Online
ORD101129,2024/04/24,CUST1489,Julie Wilson, North,Cotton T-Shirt,Apparel,58.59,1.0,0.0,Credit Card,Online
ORD105867,2025-10-26,CUST1198,Ralph Lee,East ,Desk Lamp,Office Supplies,225.35,1.0,0.0,Debit Card,Online
ORD103925,2024-10-29,CUST1291,Kimberly Brown,West,Wireless Mouse,Electronics,377.07,1.0,0.0,PayPal,Online
ORD104236,2024/08/16,CUST1350,Kathryn Cooper,west,Desk Lamp,Office Supplies,288.27,3.0,0.0,UPI,In-Store
ORD105379,13/12/2024,CUST1770,Bethany Garcia, West,Denim Jacket,Apparel,44.04,1.0,0.0,Credit Card,Online
ORD103470,2025-02-12,CUST1611,Lisa Craig,SOUTH,Toaster,Home & Kitchen,151.16,4.0,0.0,UPI,Online
ORD103293,2025/06/07,CUST1808,Cathy Rodriguez,west,Dumbbell Set,Sports & Outdoors,59.54,4.0,20.0,Debit Card,Online
ORD100426,2024-04-06,CUST1203,Douglas Reyes,South,Camping Tent,Sports & Outdoors,122.82,5.0,0.0,Debit Card,In-Store
ORD101478,2024-09-14,CUST1872,Theresa Reilly, North,Mechanical Keyboard,Electronics,96.37,4.0,0.0,Cash on Delivery,In-Store
ORD101442,2024-08-16,CUST1194,Nathaniel Douglas,Central,Notebook Pack,Office Supplies,203.62,3.0,0.0,Debit Card,In-Store
ORD101083,2024-10-22,CUST1894,Richard Jenkins,Central,Desk Lamp,Office Supplies,267.32,1.0,0.0,PayPal,In-Store
ORD100039,2024-01-01,CUST1415,Samuel Howe,west,Wool Sweater,Apparel,0.0,4.0,0.0,Debit Card,In-Store
ORD103576,2024-11-15,CUST1043,Michelle Harris,West,Running Shoes,Apparel,88.99,1.0,0.0,PayPal,Online
ORD105474,01/03/2024,CUST1693,Nicole Johnston,central,27in Monitor,Electronics,425.53,3.0,0.0,Cash on Delivery,In-Store
ORD103810,2024-11-26,CUST1854,Faith Johnson,east,Yoga Mat,Sports & Outdoors,13.83,2.0,5.0,PayPal,Mobile App
ORD105847,30/12/2025,CUST1791,Jose Harrison, South ,Power Bank,Electronics,52.83,1.0,10.0,Credit Card,Online
ORD100424,2025-01-15,CUST1804,Megan Kaiser, South ,Mechanical Keyboard,Electronics,89.04,1.0,10.0,Credit Card,In-Store
ORD100896,02/09/2024,CUST1796,Michael Washington,East ,Running Shoes,Apparel,92.95,1.0,0.0,Debit Card,In-Store
ORD100390,2025-12-23,CUST1591,Nathan Stanley,east,Desk Lamp,Office Supplies,70.76,2.0,0.0,Debit Card,Mobile App
ORD100640,2024-01-06,CUST1275,Jennifer Simpson DVM,East ,Mechanical Keyboard,Electronics,220.6,2.0,5.0,Credit Card,Mobile App
ORD102737,2024-07-04,CUST1636,Gregory Frazier,south,Rice Cooker,Home & Kitchen,87.19,1.0,10.0,UPI,Mobile App
ORD103776,26/01/2025,CUST1639,Logan Sullivan,East ,Camping Tent,Sports & Outdoors,74.29,3.0,0.0,Cash on Delivery,In-Store
ORD104133,2024-04-07,CUST1359,Harold Ellis,north,Coffee Maker,Home & Kitchen,92.0,2.0,15.0,Debit Card,Mobile App
ORD100063,2024-05-09,CUST1014,Rebecca Henderson, South ,Running Shoes,Apparel,102.43,1.0,10.0,Credit Card,Mobile App
ORD105418,17/10/2025,CUST1043,Michelle Harris,west,Dumbbell Set,Sports & Outdoors,91.4,1.0,0.0,UPI,In-Store
ORD105100,2024/07/28,CUST1877,Tina Daugherty,CENTRAL,Coffee Maker,Home & Kitchen,184.44,1.0,15.0,Cash on Delivery,In-Store
ORD100100,2024-08-26,CUST1221,Jessica Ross,East ,Cycling Helmet,Sports & Outdoors,71.1,3.0,10.0,Debit Card,Mobile App
ORD102595,2024-04-09,CUST1138,Melissa Garner,east,Wool Sweater,Apparel,57.15,1.0,0.0,Credit Card,Online
ORD104885,2025/08/28,CUST1675,Dawn Diaz, North,Cotton T-Shirt,Apparel,82.91,2.0,0.0,PayPal,Mobile App
ORD104828,2024-03-12,CUST1413,Jacqueline Villegas,east,Air Fryer,Home & Kitchen,152.94,3.0,0.0,PayPal,In-Store
ORD105827,2024-04-09,CUST1643,Shawn Kelley,east,Smartwatch,Electronics,129.44,2.0,0.0,PayPal,Online
ORD105088,2025-01-16,CUST1496,Michael Sims,West,27in Monitor,Electronics,32.01,1.0,5.0,PayPal,Online
ORD103327,24/12/2025,CUST1596,Kim Goodwin, West,Notebook Pack,Office Supplies,333.58,1.0,0.0,PayPal,In-Store
ORD104382,2025-03-20,CUST1400,Patricia Johnson,west,Mechanical Keyboard,Electronics,217.55,1.0,10.0,Debit Card,Mobile App
ORD100150,03-30-2024,CUST1730,Susan Hogan,north,Wool Sweater,Apparel,36.02,1.0,0.0,PayPal,Mobile App
ORD100010,25/01/2025,CUST1610,Tara Holmes,NORTH,Air Fryer,Home & Kitchen,192.22,1.0,0.0,UPI,Mobile App
ORD100913,2025-09-24,CUST1124,Reginald Williams,East ,Air Fryer,Home & Kitchen,98.67,2.0,10.0,Debit Card,Online
ORD103367,2024-01-03,CUST1593,Kayla Jackson,East,Noise Cancelling Headphones,Electronics,178.68,1.0,5.0,PayPal,In-Store
ORD100599,2025-03-17,CUST1723,Ricardo Franklin,central,Air Fryer,Home & Kitchen,26.57,2.0,0.0,UPI,In-Store
ORD100780,24/05/2025,CUST1516,Sheryl Acosta, West,Denim Jacket,Apparel,106.34,4.0,0.0,PayPal,Mobile App
ORD100065,2024-06-04,CUST1644,Luke Miller,East ,Portable SSD 1TB,Electronics,73.49,1.0,5.0,Cash on Delivery,In-Store
ORD103030,01-06-2025,CUST1058,Erika Terry,South,27in Monitor,Electronics,436.35,3.0,5.0,Cash on Delivery,Online
ORD101923,2024-09-26,CUST1687,Kevin Hall,east,Dumbbell Set,Sports & Outdoors,219.95,3.0,5.0,Cash on Delivery,In-Store
ORD102396,2024-03-14,CUST1814,Jonathan Delgado,Central,Air Fryer,Home & Kitchen,47.14,2.0,5.0,Cash on Delivery,Mobile App
ORD100321,23/07/2024,CUST1004,Gabrielle Davis,central,Noise Cancelling Headphones,Electronics,294.23,1.0,0.0,Credit Card,In-Store
ORD103827,23/04/2025,CUST1281,Paul Finley, North,Camping Tent,Sports & Outdoors,298.24,1.0,0.0,Cash on Delivery,Online
ORD101002,05-15-2025,CUST1818,Tina Davis,CENTRAL,Ergonomic Chair,Office Supplies,213.45,1.0,0.0,Credit Card,In-Store
ORD103167,2024-02-04,CUST1459,James Nash,central,Yoga Mat,Sports & Outdoors,134.61,4.0,0.0,Cash on Delivery,Mobile App
ORD102608,2024-08-13,CUST1064,Michael Snyder,west,Dumbbell Set,Sports & Outdoors,129.85,2.0,20.0,PayPal,Online
ORD103890,02-01-2024,CUST1483,Rebekah Greene,East ,Ergonomic Chair,Office Supplies,90.37,1.0,0.0,PayPal,Online
ORD103341,28/03/2024,CUST1418,John Phelps,East ,Yoga Pants,Apparel,65.58,3.0,10.0,Debit Card,Online
ORD104576,2024-07-30,CUST1500,Mrs. Alison Wagner,west,Noise Cancelling Headphones,Electronics,395.73,1.0,0.0,Cash on Delivery,In-Store
ORD105047,2025-04-23,CUST1464,Ashley Hernandez, West,Mechanical Keyboard,Electronics,63.14,1.0,10.0,Cash on Delivery,Online
ORD105859,10/05/2025,CUST1733,Eric Cross,central,Coffee Maker,Home & Kitchen,185.03,2.0,15.0,PayPal,Online
ORD100069,18/08/2024,CUST1435,Sara Cochran,south,Portable SSD 1TB,Electronics,55.25,1.0,0.0,PayPal,Online
ORD100981,2024-01-10,CUST1473,Danielle Bryant,central,Power Bank,Electronics,305.83,3.0,0.0,PayPal,In-Store
ORD103031,2025-01-19,CUST1499,Katherine Christensen MD,West,Whiteboard,Office Supplies,271.49,1.0,5.0,UPI,Online
ORD104572,2025-08-02,CUST1148,Elizabeth Ortiz,East ,Yoga Mat,Sports & Outdoors,182.62,2.0,0.0,Cash on Delivery,Mobile App
ORD105798,2024-07-07,CUST1277,Todd Rosales MD,NORTH,Vacuum Cleaner,Home & Kitchen,157.83,2.0,0.0,PayPal,Mobile App
ORD104634,10/02/2025,CUST1487,Robert Hines, North,Camping Tent,Sports & Outdoors,88.15,1.0,10.0,Cash on Delivery,In-Store
ORD101395,06-25-2024,CUST1683,Joshua Brooks,West,Denim Jacket,Apparel,17.82,1.0,0.0,Debit Card,Mobile App
ORD101133,2025-11-15,CUST1759,Stephen Garcia,East,Denim Jacket,Apparel,59.02,1.0,10.0,Credit Card,Online
ORD105762,2025/07/30,CUST1663,Jeffrey Smith,West,Denim Jacket,Apparel,89.08,1.0,5.0,Cash on Delivery,In-Store
ORD100829,17/12/2025,CUST1417,Christopher Owens,central,Dumbbell Set,Sports & Outdoors,0.0,1.0,0.0,Debit Card,Online
ORD100714,24/07/2024,CUST1432,Joseph Moody,Central,Denim Jacket,Apparel,21.02,2.0,0.0,Debit Card,Online
ORD104774,11/10/2025,CUST1255,Gina Mcmillan, North,Yoga Mat,Sports & Outdoors,39.0,1.0,15.0,UPI,Mobile App
ORD102734,14/04/2024,CUST1810,Richard Ramirez,central,Denim Jacket,Apparel,101.38,2.0,0.0,Debit Card,Online
ORD105305,2025/04/03,CUST1664,Lauren Vazquez,NORTH,Noise Cancelling Headphones,Electronics,211.69,1.0,10.0,Cash on Delivery,In-Store
ORD102138,09/03/2025,CUST1742,Lisa Rodriguez,north,Denim Jacket,Apparel,43.21,2.0,0.0,UPI,In-Store
ORD100815,15/01/2024,CUST1714,Shari Parker,CENTRAL,Denim Jacket,Apparel,65.36,2.0,0.0,Credit Card,Mobile App
ORD105926,2025-06-24,CUST1458,Joseph Camacho,central,Cotton T-Shirt,Apparel,28.05,3.0,0.0,PayPal,Online
ORD100105,2025-03-16,CUST1464,Ashley Hernandez,east,Yoga Pants,Apparel,89.78,1.0,0.0,Credit Card,Mobile App
ORD104343,2025-05-18,CUST1778,Susan Torres,South,Standing Desk,Office Supplies,69.82,1.0,0.0,Credit Card,Online
ORD103745,2024-04-09,CUST1575,Stephen Jones,west,Standing Desk,Office Supplies,179.54,1.0,5.0,PayPal,Mobile App
ORD101625,2025-01-03,CUST1802,Marissa Nelson,Central,Denim Jacket,Apparel,86.88,1.0,10.0,Cash on Delivery,Online
ORD103799,2025-09-08,CUST1276,Tanya Rogers,south,Ergonomic Chair,Office Supplies,295.85,2.0,0.0,PayPal,Online
ORD103091,2025-03-15,CUST1688,Misty Mcguire,South,Yoga Mat,Sports & Outdoors,19.46,1.0,0.0,PayPal,Mobile App
ORD101127,2025-03-25,CUST1389,Bradley Tran,Central,Desk Lamp,Office Supplies,18.64,3.0,0.0,Debit Card,In-Store
ORD104794,13/09/2025,CUST1192,Helen Hardin,West,Toaster,Home & Kitchen,35.64,1.0,0.0,Cash on Delivery,Mobile App
ORD105662,03-02-2025,CUST1205,Phillip Nelson,NORTH,Webcam HD,Electronics,252.92,1.0,0.0,Credit Card,Mobile App
ORD101150,2025-10-23,CUST1400,Patricia Johnson,Central,USB-C Hub,Electronics,349.95,3.0,10.0,Cash on Delivery,Online
ORD103605,02-29-2024,CUST1433,Rebecca Kelly,north,Noise Cancelling Headphones,Electronics,196.2,2.0,0.0,Cash on Delivery,Online
ORD101295,2025-10-08,CUST1545,Maria Fischer,east,Blender,Home & Kitchen,113.87,1.0,0.0,PayPal,In-Store
ORD104867,2024-11-02,CUST1321,Judy Sanchez, West,Wool Sweater,Apparel,78.88,1.0,0.0,UPI,In-Store
ORD102798,2024-02-09,CUST1785,Stephanie Dominguez,SOUTH,Rice Cooker,Home & Kitchen,208.75,1.0,0.0,Credit Card,In-Store
ORD103014,2024-02-11,CUST1375,Jason Hayes,CENTRAL,Wireless Mouse,Electronics,291.69,1.0,0.0,Credit Card,Mobile App
ORD103556,29/11/2024,CUST1500,Mrs. Alison Wagner,East ,Coffee Maker,Home & Kitchen,138.88,4.0,10.0,Cash on Delivery,Mobile App
ORD102193,2025-05-31,CUST1213,Jason Beck,west,Cotton T-Shirt,Apparel,60.43,1.0,0.0,Debit Card,Online
ORD101440,11/09/2025,CUST1850,Joseph Mendoza, South ,Wool Sweater,Apparel,95.5,2.0,5.0,UPI,Online
ORD100600,2024-06-09,CUST1481,Brian Brown, West,Whiteboard,Office Supplies,239.51,2.0,0.0,UPI,In-Store
ORD103453,27/07/2025,CUST1855,Rebecca French,CENTRAL,Notebook Pack,Office Supplies,347.21,1.0,0.0,Debit Card,Mobile App
ORD104888,2024-07-09,CUST1087,Robert Medina,south,Wireless Mouse,Electronics,240.46,1.0,15.0,Debit Card,In-Store
ORD102401,20/01/2025,CUST1470,Jeremy Mcintyre,SOUTH,Webcam HD,Electronics,298.15,2.0,0.0,Credit Card,Online
ORD104217,2024-06-12,CUST1324,Shannon Davis,South,Water Bottle,Sports & Outdoors,57.24,1.0,0.0,UPI,In-Store
ORD101636,09/01/2025,CUST1760,Dustin Patel,CENTRAL,USB-C Hub,Electronics,222.07,2.0,5.0,Debit Card,Mobile App
ORD105178,2025-10-13,CUST1520,Mason Moore, North,Camping Tent,Sports & Outdoors,245.78,3.0,5.0,UPI,Mobile App
ORD105894,2025-05-28,CUST1176,Michael Watkins,west,Webcam HD,Electronics,195.78,1.0,5.0,Credit Card,Mobile App
ORD102987,2025-05-29,CUST1594,James Rodriguez,CENTRAL,Whiteboard,Office Supplies,131.08,1.0,0.0,Credit Card,In-Store
ORD101380,05-06-2024,CUST1741,John Martinez,East,Wireless Mouse,Electronics,200.68,1.0,5.0,PayPal,In-Store
ORD101320,28/12/2024,CUST1662,Kelly King,central,Desk Lamp,Office Supplies,197.11,2.0,15.0,Cash on Delivery,Mobile App
ORD102384,17/09/2024,CUST1446,Stacey Snyder,NORTH,27in Monitor,Electronics,134.38,1.0,15.0,Cash on Delivery,In-Store
ORD101865,2025-06-15,CUST1021,Kim Martinez,North,Non-stick Pan Set,Home & Kitchen,20.3,1.0,0.0,PayPal,Mobile App
ORD100452,2024/02/15,CUST1638,Dustin Welch,central,Webcam HD,Electronics,96.93,1.0,0.0,Debit Card,Online
ORD104998,05/09/2025,CUST1364,Tracey Wagner, West,27in Monitor,Electronics,306.38,1.0,15.0,UPI,Mobile App
ORD100492,08-31-2025,CUST1045,Michael Hoffman, North,Desk Lamp,Office Supplies,141.78,3.0,5.0,PayPal,In-Store
ORD100456,2024-01-20,CUST1368,Jeffery Fitzgerald, West,Wireless Mouse,Electronics,53.3,2.0,15.0,UPI,Online
ORD102912,2024-01-30,CUST1862,Brian Hernandez,NORTH,Notebook Pack,Office Supplies,277.07,4.0,5.0,Credit Card,Mobile App
ORD105684,2024/11/18,CUST1261,Patricia James,NORTH,Rice Cooker,Home & Kitchen,48.06,1.0,0.0,UPI,Online
ORD102839,16/12/2025,CUST1844,Andrew Carroll,SOUTH,Electric Kettle,Home & Kitchen,40.4,1.0,10.0,Credit Card,Online
ORD103996,22/03/2024,CUST1490,Steve Mason,NORTH,Standing Desk,Office Supplies,262.75,2.0,0.0,UPI,In-Store
ORD102534,15/08/2025,CUST1109,Kathryn Snyder,Central,Non-stick Pan Set,Home & Kitchen,77.45,1.0,0.0,Cash on Delivery,Online
ORD103362,31/07/2025,CUST1145,Richard Smith,East,Yoga Pants,Apparel,51.4,1.0,15.0,PayPal,Mobile App
ORD105759,2024-04-15,CUST1872,Theresa Reilly, West,Electric Kettle,Home & Kitchen,24.31,1.0,10.0,PayPal,Online
ORD104646,2025/08/24,CUST1444,Mrs. Stacey Davis,east,Electric Kettle,Home & Kitchen,61.72,1.0,5.0,UPI,Online
ORD100732,2025-07-25,CUST1214,Rachel Romero,central,Notebook Pack,Office Supplies,297.57,1.0,0.0,Debit Card,Mobile App
ORD102856,24/01/2024,CUST1405,Courtney Wright,NORTH,Coffee Maker,Home & Kitchen,136.05,1.0,10.0,Debit Card,Mobile App
ORD104785,2024-02-27,CUST1260,Paula Lane, South ,Toaster,Home & Kitchen,134.82,2.0,15.0,UPI,Online
ORD105527,18/03/2024,CUST1580,Travis Hopkins,East ,Vacuum Cleaner,Home & Kitchen,171.89,2.0,5.0,UPI,Online
ORD100152,04-23-2025,CUST1567,Clinton Jensen,east,27in Monitor,Electronics,361.63,1.0,5.0,Cash on Delivery,Online
ORD102991,03/02/2024,CUST1415,Samuel Howe,north,Running Shoes,Apparel,26.34,3.0,0.0,Debit Card,Mobile App
ORD100751,2025/02/08,CUST1212,Jose Allen, West,Coffee Maker,Home & Kitchen,183.12,1.0,,Credit Card,Online
ORD101229,02/03/2024,CUST1352,Brent Bowen,NORTH,Cotton T-Shirt,Apparel,44.55,1.0,15.0,UPI,Online
ORD101022,05-27-2024,CUST1658,Amanda Miller,South,Wireless Mouse,Electronics,193.87,1.0,0.0,Credit Card,Online
ORD100979,14/10/2024,CUST1135,Brooke Alexander,West,Vacuum Cleaner,Home & Kitchen,52.51,1.0,15.0,PayPal,Online
ORD103386,2025-01-22,CUST1678,Toni Davis,NORTH,Rice Cooker,Home & Kitchen,42.15,4.0,15.0,UPI,Online
ORD101872,27/11/2024,CUST1070,Chris Reyes,Central,Wireless Mouse,Electronics,105.37,1.0,0.0,PayPal,In-Store
ORD103193,2025-12-03,CUST1660,Ray Ramos,West,Camping Tent,Sports & Outdoors,183.33,2.0,0.0,Credit Card,In-Store
ORD105805,2024-01-14,CUST1644,Luke Miller,Central,Webcam HD,Electronics,248.62,1.0,10.0,Cash on Delivery,Online
ORD105422,2024-06-26,CUST1478,Alejandra King, West,Camping Tent,Sports & Outdoors,12.37,1.0,10.0,UPI,Online
ORD103149,2025-08-24,CUST1695,Patricia Anderson, North,Camping Tent,Sports & Outdoors,165.19,2.0,5.0,Cash on Delivery,Mobile App
ORD102283,28/09/2025,CUST1639,Logan Sullivan,north,27in Monitor,Electronics,167.77,5.0,5.0,Credit Card,In-Store
ORD104945,2025-11-26,CUST1200,James Martin,East,Mechanical Keyboard,Electronics,26.66,2.0,5.0,Cash on Delivery,Online
ORD104729,2025-10-06,CUST1464,Ashley Hernandez,South,Toaster,Home & Kitchen,22.62,1.0,0.0,PayPal,Mobile App
ORD105545,2024-12-07,CUST1531,Leah Barton,NORTH,Mechanical Keyboard,Electronics,69.75,4.0,10.0,PayPal,Mobile App
ORD104064,2025/10/23,CUST1629,Derrick Mullen,South,Wool Sweater,Apparel,92.66,1.0,0.0,UPI,Mobile App
ORD102265,2025/04/11,CUST1812,Matthew Rodriguez,NORTH,Electric Kettle,Home & Kitchen,131.11,2.0,0.0,Credit Card,Online
ORD105861,2025-10-19,CUST1874,Tammy Morgan,central,Running Shoes,Apparel,103.48,2.0,15.0,Credit Card,Mobile App
ORD102518,2025-04-13,CUST1782,Christopher Taylor,NORTH,Electric Kettle,Home & Kitchen,109.64,2.0,10.0,UPI,Online
ORD101544,12-29-2025,CUST1826,Matthew Smith,central,Cotton T-Shirt,Apparel,76.2,4.0,0.0,PayPal,Online
ORD101628,2025/03/30,CUST1054,Victoria Johnson, North,Water Bottle,Sports & Outdoors,128.9,1.0,0.0,Credit Card,In-Store
ORD104077,30/01/2024,CUST1266,Courtney Dudley,east,Bluetooth Speaker,Electronics,317.26,1.0,5.0,PayPal,Online
ORD103842,2025-07-23,CUST1612,Penny Gomez MD,east,Wireless Mouse,Electronics,165.63,1.0,0.0,Cash on Delivery,Mobile App
ORD102925,2025-06-25,CUST1258,Ronald Patel,central,Ergonomic Chair,Office Supplies,114.36,2.0,5.0,UPI,Mobile App
ORD102262,2025-04-18,CUST1209,Luis Bullock, North,Yoga Mat,Sports & Outdoors,246.66,3.0,0.0,UPI,In-Store
ORD104047,2024-03-02,CUST1556,Austin Santiago,North,Cycling Helmet,Sports & Outdoors,165.11,2.0,0.0,Cash on Delivery,Online
ORD101629,10/01/2024,CUST1578,Donna Marshall,south,Non-stick Pan Set,Home & Kitchen,90.49,1.0,0.0,Cash on Delivery,In-Store
ORD101839,26/08/2024,CUST1849,Stephanie Butler,East,27in Monitor,Electronics,116.14,1.0,0.0,Cash on Delivery,Online
ORD105615,01-16-2024,CUST1733,Eric Cross,west,Desk Lamp,Office Supplies,104.73,3.0,5.0,Credit Card,Mobile App
ORD103548,2024-04-29,CUST1893,Heidi Ferguson, West,Vacuum Cleaner,Home & Kitchen,121.19,2.0,0.0,Cash on Delivery,Mobile App
ORD104899,04-13-2025,CUST1746,Mrs. Felicia Castro DDS,south,Toaster,Home & Kitchen,156.7,2.0,10.0,Credit Card,Mobile App
ORD101648,30/07/2025,CUST1342,Douglas Hartman,central,Water Bottle,Sports & Outdoors,270.16,1.0,10.0,Cash on Delivery,In-Store
ORD101949,2025-01-16,CUST1234,Michelle Ho,East ,Yoga Mat,Sports & Outdoors,180.76,1.0,0.0,UPI,Online
ORD105831,06-22-2025,CUST1754,David Hayes DVM,central,Electric Kettle,Home & Kitchen,140.46,1.0,10.0,Cash on Delivery,In-Store
ORD105754,14/10/2025,CUST1222,Kathleen Jimenez,Central,27in Monitor,Electronics,398.18,1.0,5.0,Cash on Delivery,In-Store
ORD103952,2024-12-18,CUST1810,Richard Ramirez,east,Blender,Home & Kitchen,25.03,1.0,10.0,PayPal,In-Store
ORD101383,2025-06-26,CUST1787,Dr. Michael Adams DVM,SOUTH,Mechanical Keyboard,Electronics,399.56,1.0,0.0,UPI,In-Store
ORD100405,2024-08-03,CUST1008,Daniel Adams,East ,Desk Lamp,Office Supplies,342.01,2.0,0.0,Credit Card,In-Store
ORD101723,2025-08-07,CUST1106,Dennis Moody,north,Whiteboard,Office Supplies,208.1,4.0,20.0,Credit Card,Mobile App
ORD101787,06/07/2025,CUST1000,Allison Hill,north,Smartwatch,Electronics,379.26,1.0,5.0,Debit Card,Mobile App
ORD101483,2025-07-26,CUST1269,Thomas Douglas, West,Noise Cancelling Headphones,Electronics,181.92,1.0,20.0,Cash on Delivery,In-Store
ORD102255,2024/04/03,CUST1562,Preston Kim,central,Dumbbell Set,Sports & Outdoors,93.17,1.0,,Cash on Delivery,Online
ORD101085,05/08/2025,CUST1624,Sarah Watson,central,Coffee Maker,Home & Kitchen,139.91,2.0,0.0,Credit Card,In-Store
ORD100234,02-24-2024,CUST1862,Brian Hernandez, North,Camping Tent,Sports & Outdoors,171.81,1.0,0.0,Credit Card,In-Store
ORD102085,2025-10-19,CUST1740,Anna Evans, West,Air Fryer,Home & Kitchen,96.88,1.0,0.0,PayPal,In-Store
ORD102722,2025-09-09,CUST1373,Wendy Camacho,central,Wireless Mouse,Electronics,445.65,1.0,15.0,UPI,Mobile App
ORD101028,2025-01-15,CUST1822,Kathryn Hanna,south,Non-stick Pan Set,Home & Kitchen,132.76,1.0,5.0,PayPal,In-Store
ORD105911,2025/03/19,CUST1369,Scott Miller,NORTH,Rice Cooker,Home & Kitchen,115.03,1.0,0.0,UPI,Online
ORD105116,19/10/2024,CUST1222,Kathleen Jimenez,South,Power Bank,Electronics,434.21,1.0,0.0,PayPal,In-Store
ORD101010,2024-10-21,CUST1115,April Booth,south,Desk Lamp,Office Supplies,213.27,2.0,20.0,UPI,In-Store
ORD104843,2024-12-28,CUST1660,Ray Ramos,West,USB-C Hub,Electronics,431.96,1.0,5.0,UPI,Mobile App
ORD105581,23/12/2025,CUST1286,Angela Griffin,North,Coffee Maker,Home & Kitchen,104.23,4.0,15.0,Debit Card,In-Store
ORD105786,2025-01-27,CUST1406,Michael Williams,South,Toaster,Home & Kitchen,170.25,4.0,0.0,Cash on Delivery,In-Store
ORD101856,2024-05-13,CUST1323,Adam Jackson,west,Air Fryer,Home & Kitchen,61.65,1.0,0.0,Credit Card,Mobile App
ORD103266,24/09/2025,CUST1031,Tammy Allison,CENTRAL,Notebook Pack,Office Supplies,19.41,4.0,0.0,PayPal,Online
ORD105706,2025-07-23,CUST1037,Kevin Mills,East ,Dumbbell Set,Sports & Outdoors,151.96,5.0,0.0,Credit Card,Online
ORD100078,09/10/2024,CUST1139,Crystal Pham,East ,Smartwatch,Electronics,86.47,1.0,15.0,UPI,In-Store
ORD100553,2025-08-20,CUST1878,Terri Kerr,NORTH,Running Shoes,Apparel,16.67,2.0,5.0,UPI,In-Store
ORD102603,2024-01-16,CUST1310,Elizabeth Ward, South ,Non-stick Pan Set,Home & Kitchen,48.11,1.0,0.0,PayPal,Mobile App
ORD105041,2025/11/01,CUST1104,Brad Allen,east,Cycling Helmet,Sports & Outdoors,101.24,3.0,15.0,Cash on Delivery,Online
ORD105245,2024-05-21,CUST1254,William Becker, South ,Camping Tent,Sports & Outdoors,100.43,4.0,0.0,PayPal,Online
ORD104106,2024-12-19,CUST1038,Michael Evans, West,Power Bank,Electronics,299.35,2.0,0.0,Credit Card,In-Store
ORD101154,2025-06-19,CUST1776,Daniel Taylor,west,Wool Sweater,Apparel,76.42,4.0,0.0,Cash on Delivery,Mobile App
ORD100252,2024-11-04,CUST1868,Caitlyn Nichols,Central,Yoga Pants,Apparel,90.72,1.0,10.0,Cash on Delivery,Mobile App
ORD102246,2024-04-25,CUST1436,Anthony Guzman,CENTRAL,Toaster,Home & Kitchen,146.03,2.0,0.0,Debit Card,Online
ORD101808,08-01-2025,CUST1051,Courtney Velasquez,East ,Electric Kettle,Home & Kitchen,205.32,2.0,0.0,PayPal,In-Store
ORD102978,2025-05-19,CUST1642,David Manning,west,Portable SSD 1TB,Electronics,354.78,1.0,0.0,Cash on Delivery,Online
ORD104165,29/12/2024,CUST1768,Jenna Lyons,North,Cotton T-Shirt,Apparel,108.69,1.0,15.0,Debit Card,Mobile App
ORD103618,2025-09-06,CUST1806,Manuel Brown,east,Notebook Pack,Office Supplies,109.16,2.0,0.0,Cash on Delivery,Online
ORD100953,2025-11-05,CUST1285,Joshua Ruiz,south,USB-C Hub,Electronics,174.54,2.0,10.0,UPI,Online
ORD104172,2025-06-02,CUST1297,Austin Wheeler,west,Rice Cooker,Home & Kitchen,32.35,1.0,0.0,Debit Card,Online
ORD105669,2024-05-10,CUST1770,Bethany Garcia,West,Dumbbell Set,Sports & Outdoors,238.02,1.0,10.0,Credit Card,In-Store
ORD105000,16/12/2025,CUST1048,Stacey Russell,West,Running Shoes,Apparel,59.28,1.0,5.0,Credit Card,In-Store
ORD101988,17/11/2025,CUST1330,Jennifer Ayala, West,Desk Lamp,Office Supplies,18.18,3.0,10.0,Cash on Delivery,Online
ORD104139,2025-01-03,CUST1895,Rebecca Hansen,East,Notebook Pack,Office Supplies,190.16,1.0,0.0,Debit Card,Online
ORD102993,2024-08-04,CUST1573,Brandy Quinn,Central,Wool Sweater,Apparel,69.47,4.0,0.0,PayPal,In-Store
ORD102585,06-09-2024,CUST1159,Jodi Walker,NORTH,Blender,Home & Kitchen,96.04,1.0,10.0,Cash on Delivery,Online
ORD103946,11-23-2025,CUST1774,Kyle Nguyen,central,Portable SSD 1TB,Electronics,117.84,5.0,0.0,Cash on Delivery,Online
ORD105244,2024-11-12,CUST1092,Alan Phillips,East,Desk Lamp,Office Supplies,112.0,2.0,5.0,Credit Card,Mobile App
ORD105674,24/12/2024,CUST1426,Daniel Lopez, North,Mechanical Keyboard,Electronics,228.31,1.0,0.0,PayPal,In-Store
ORD100919,15/11/2024,CUST1526,Sarah Rivera, West,Standing Desk,Office Supplies,175.8,1.0,15.0,Debit Card,Mobile App
ORD103574,06/11/2024,CUST1060,Richard Lawson, South ,Webcam HD,Electronics,425.01,1.0,10.0,Credit Card,In-Store
ORD105203,09-03-2025,CUST1736,Kyle Smith, West,Blender,Home & Kitchen,205.65,1.0,0.0,UPI,In-Store
ORD104226,2024-01-25,CUST1148,Elizabeth Ortiz,central,Running Shoes,Apparel,46.95,1.0,15.0,PayPal,Online
ORD105004,2024-01-23,CUST1541,Miss Brianna Brown, North,Ergonomic Chair,Office Supplies,66.62,3.0,0.0,UPI,Mobile App
ORD101366,29/04/2024,CUST1608,,North,Ergonomic Chair,Office Supplies,339.66,3.0,,,In-Store
ORD103908,2024-12-18,CUST1105,,East ,Rice Cooker,Home & Kitchen,53.49,1.0,,,Online
ORD102827,2025-04-28,CUST1193,Rachel Holland,North,Blender,Home & Kitchen,215.02,3.0,5.0,Cash on Delivery,Online
ORD103136,2024-02-04,CUST1813,Michelle Garcia,east,Vacuum Cleaner,Home & Kitchen,77.05,4.0,5.0,PayPal,Online
ORD100235,2025-03-30,CUST1503,Michael Harris,East ,Noise Cancelling Headphones,Electronics,434.63,2.0,0.0,Credit Card,Mobile App
ORD100327,2024-05-20,CUST1637,Richard Kelly,west,Wireless Mouse,Electronics,152.97,2.0,5.0,Credit Card,Mobile App
ORD100966,2024-04-16,CUST1277,Todd Rosales MD,East,Yoga Pants,Apparel,112.58,4.0,10.0,Cash on Delivery,Online
ORD101871,2025-05-28,CUST1710,Lori Johns, North,Mechanical Keyboard,Electronics,247.44,1.0,0.0,Cash on Delivery,In-Store
ORD103611,2025-03-08,CUST1657,Johnny Peterson,NORTH,USB-C Hub,Electronics,326.37,4.0,0.0,UPI,In-Store
ORD102106,2024-06-02,CUST1479,Judy Robinson,East,Running Shoes,Apparel,54.01,5.0,0.0,Debit Card,In-Store
ORD105757,2024/10/27,CUST1553,Robert Wilson, West,Yoga Pants,Apparel,82.36,5.0,0.0,Debit Card,Mobile App
ORD102196,04-15-2024,CUST1455,Martin Hughes, West,Wool Sweater,Apparel,105.42,1.0,10.0,Credit Card,Mobile App
ORD102368,2024-09-05,CUST1794,Richard King,south,Whiteboard,Office Supplies,95.57,1.0,0.0,UPI,Mobile App
ORD101347,2024-02-20,CUST1196,James Conner,SOUTH,Camping Tent,Sports & Outdoors,269.93,2.0,0.0,PayPal,In-Store
ORD103267,05-01-2025,CUST1730,Susan Hogan, West,Wireless Mouse,Electronics,195.52,1.0,10.0,Credit Card,In-Store
ORD101617,2025-04-08,CUST1164,Cindy Hayes,West,Portable SSD 1TB,Electronics,246.07,4.0,5.0,Debit Card,In-Store
ORD103558,04/11/2025,CUST1027,Brent Jordan,central,Smartwatch,Electronics,333.01,3.0,5.0,UPI,Mobile App
ORD102693,2025-04-26,CUST1041,Victoria Valdez,Central,Rice Cooker,Home & Kitchen,217.34,1.0,0.0,Debit Card,In-Store
ORD105554,2024/04/28,CUST1045,Michael Hoffman,West,Rice Cooker,Home & Kitchen,181.71,2.0,0.0,UPI,In-Store
ORD101510,22/11/2025,CUST1133,Bob Pitts,north,Portable SSD 1TB,Electronics,325.87,3.0,0.0,Credit Card,Online
ORD105318,2025-07-28,CUST1656,Diane Martinez,CENTRAL,Coffee Maker,Home & Kitchen,102.84,1.0,0.0,Debit Card,Online
ORD105036,22/12/2024,CUST1599,Natalie Juarez, South ,Whiteboard,Office Supplies,297.23,1.0,0.0,Credit Card,Mobile App
ORD103699,06/01/2024,CUST1313,Kelly Sanchez,East ,Webcam HD,Electronics,414.07,1.0,0.0,PayPal,In-Store
ORD102391,24/09/2024,CUST1598,Jessica Mays,west,Mechanical Keyboard,Electronics,219.47,3.0,0.0,Credit Card,Online
ORD105531,2024-04-10,CUST1581,Philip Hall,east,Water Bottle,Sports & Outdoors,122.29,1.0,0.0,Credit Card,In-Store
ORD105758,2025/04/24,CUST1639,Logan Sullivan,South,Coffee Maker,Home & Kitchen,162.34,2.0,15.0,Cash on Delivery,Online
ORD101056,04/08/2025,CUST1536,Stacey Hunt,East ,Smartwatch,Electronics,95.71,1.0,0.0,Debit Card,Mobile App
ORD105084,2024/07/20,CUST1575,Stephen Jones,east,Wool Sweater,Apparel,33.74,1.0,0.0,Debit Card,Mobile App
ORD104053,2025-04-24,CUST1024,Crystal Robinson,Central,Smartwatch,Electronics,98.99,3.0,0.0,PayPal,In-Store
ORD102253,2024-12-04,CUST1077,David Murphy, South ,Webcam HD,Electronics,127.85,1.0,5.0,Credit Card,In-Store
ORD104227,2024-02-26,CUST1665,Mr. George Booker DDS,South,Blender,Home & Kitchen,29.16,1.0,10.0,UPI,In-Store
ORD101289,2024-04-11,CUST1489,Julie Wilson,NORTH,27in Monitor,Electronics,390.75,3.0,0.0,Cash on Delivery,Mobile App
ORD101954,2024-04-05,CUST1880,Jill Riddle,west,Portable SSD 1TB,Electronics,282.32,1.0,0.0,Debit Card,Mobile App
ORD102373,08-23-2024,CUST1704,Lisa Brown,Central,USB-C Hub,Electronics,299.69,2.0,5.0,Credit Card,In-Store
ORD102671,01/07/2024,CUST1846,,east,Power Bank,Electronics,225.13,3.0,,,In-Store
ORD103821,2025/04/28,CUST1302,Megan Floyd,Central,Dumbbell Set,Sports & Outdoors,211.65,2.0,20.0,Debit Card,In-Store
ORD103234,2024-12-02,CUST1661,Vickie Kennedy, West,Blender,Home & Kitchen,131.4,1.0,5.0,Credit Card,Mobile App
ORD102544,2024-02-22,CUST1258,Ronald Patel,SOUTH,Wireless Mouse,Electronics,356.47,1.0,0.0,UPI,Online
ORD104123,2024/03/09,CUST1325,Karen Williams, West,Yoga Pants,Apparel,45.76,1.0,0.0,UPI,Mobile App
ORD105818,2025-11-20,CUST1072,Alicia Gilmore,central,Cycling Helmet,Sports & Outdoors,233.32,1.0,0.0,PayPal,Mobile App
ORD103406,2025/04/23,CUST1655,Katherine Flores,East ,Bluetooth Speaker,Electronics,256.36,1.0,0.0,Debit Card,In-Store
ORD105402,2025-03-14,CUST1523,Jillian Wilson,NORTH,Cycling Helmet,Sports & Outdoors,294.27,1.0,0.0,Credit Card,In-Store
ORD100849,2025-03-01,CUST1105,Doris Hall, North,Smartwatch,Electronics,77.31,3.0,0.0,Debit Card,Online
ORD100336,2025-05-08,CUST1677,Rebecca Brown,west,Cotton T-Shirt,Apparel,69.51,2.0,10.0,UPI,Online
ORD104715,08/05/2025,CUST1741,John Martinez,CENTRAL,Yoga Pants,Apparel,71.08,2.0,0.0,UPI,In-Store
ORD102005,2025-10-19,CUST1645,Mark Anderson,west,Cotton T-Shirt,Apparel,44.46,1.0,5.0,Cash on Delivery,Mobile App
ORD100228,2024-06-12,CUST1528,Jacqueline Rodriguez,Central,Ergonomic Chair,Office Supplies,240.23,1.0,0.0,UPI,In-Store
ORD102762,03-09-2025,CUST1010,Andrew Stewart,West,Cotton T-Shirt,Apparel,51.99,1.0,5.0,Debit Card,Mobile App
