order_id,order_date,customer_id,customer_name,region,product_name,category,unit_price,quantity,discount_pct,payment_method,sales_channel,gross_revenue,net_revenue
ORD101401,2025-01-19,CUST1200,James Martin,West,Power Bank,Electronics,116.01,2.0,0.0,UPI,Online,232.02,232.02
ORD105238,2025-12-02,CUST1704,Lisa Brown,North,USB-C Hub,Electronics,353.59,2.0,0.0,Debit Card,Mobile App,707.18,707.18
ORD104393,2025-01-13,CUST1316,Ryan Hall,East,USB-C Hub,Electronics,258.85,5.0,0.0,UPI,Mobile App,1294.25,1294.25
ORD103608,2024-11-14,CUST1178,Paul Thompson,Central,Noise Cancelling Headphones,Electronics,41.1,1.0,10.0,UPI,Mobile App,41.1,36.99
ORD101984,2025-10-22,CUST1027,Brent Jordan,East,Wool Sweater,Apparel,43.04,1.0,0.0,Debit Card,Online,43.04,43.04
ORD104029,2025-10-09,CUST1777,Jean Lane,Central,Bluetooth Speaker,Electronics,315.93,2.0,0.0,Debit Card,Mobile App,631.86,631.86
ORD102460,2024-07-07,CUST1754,David Hayes DVM,Central,Yoga Mat,Sports & Outdoors,275.09,1.0,0.0,Credit Card,In-Store,275.09,275.09
ORD105291,2025-10-18,CUST1888,Sheena Burton,Central,Power Bank,Electronics,135.16,1.0,15.0,Credit Card,Mobile App,135.16,114.89
ORD100564,2024-10-19,CUST1164,Cindy Hayes,Central,Ergonomic Chair,Office Supplies,60.44,1.0,10.0,Debit Card,Mobile App,60.44,54.4
ORD100605,2025-01-07,CUST1170,Renee Bruce,South,Wool Sweater,Apparel,25.51,2.0,5.0,Debit Card,In-Store,51.02,48.47
ORD102219,2024-06-30,CUST1475,Seth Matthews,South,Cycling Helmet,Sports & Outdoors,51.98,1.0,0.0,PayPal,Mobile App,51.98,51.98
ORD104353,2025-06-07,CUST1748,Keith Choi,West,Standing Desk,Office Supplies,217.65,2.0,5.0,PayPal,Online,435.3,413.54
ORD102764,2025-12-11,CUST1589,Andrew Berry,North,Air Fryer,Home & Kitchen,37.03,4.0,0.0,Cash on Delivery,In-Store,148.12,148.12
ORD101577,2025-05-30,CUST1094,Jesse Parker,West,Wireless Mouse,Electronics,69.05,1.0,0.0,PayPal,Mobile App,69.05,69.05
ORD104102,2025-10-15,CUST1848,Danielle Murphy,North,Air Fryer,Home & Kitchen,216.01,1.0,0.0,PayPal,In-Store,216.01,216.01
ORD104148,2024-08-26,CUST1580,Travis Hopkins,North,USB-C Hub,Electronics,137.52,1.0,0.0,Debit Card,Mobile App,137.52,137.52
ORD105938,2024-11-16,CUST1704,Lisa Brown,East,27in Monitor,Electronics,141.7,1.0,20.0,Credit Card,Online,141.7,113.36
ORD103239,2025-12-09,CUST1553,Robert Wilson,South,Blender,Home & Kitchen,117.57,2.0,10.0,UPI,Online,235.14,211.63
ORD100550,2025-08-16,CUST1253,Chloe Tran,West,Rice Cooker,Home & Kitchen,75.83,2.0,0.0,Cash on Delivery,Online,151.66,151.66
ORD100848,2024-06-07,CUST1314,Robert Jackson,East,USB-C Hub,Electronics,229.18,2.0,0.0,Cash on Delivery,Mobile App,458.36,458.36
ORD104855,2025-01-22,CUST1729,Kevin Marquez,West,Ergonomic Chair,Office Supplies,75.41,1.0,0.0,Debit Card,Mobile App,75.41,75.41
ORD105813,2024-11-25,CUST1624,Sarah Watson,Central,Denim Jacket,Apparel,43.4,1.0,0.0,Credit Card,Online,43.4,43.4
ORD101547,2025-07-04,CUST1022,Lisa Brandt,North,Yoga Pants,Apparel,62.1,1.0,10.0,Cash on Delivery,In-Store,62.1,55.89
ORD103395,2025-04-20,CUST1894,Richard Jenkins,Central,Denim Jacket,Apparel,99.43,5.0,15.0,Credit Card,Mobile App,497.15,422.58
ORD105763,2025-04-20,CUST1421,Krista Davis,South,USB-C Hub,Electronics,46.83,5.0,5.0,Credit Card,In-Store,234.15,222.44
ORD104890,2024-10-18,CUST1122,Mary Grimes,East,Rice Cooker,Home & Kitchen,37.21,5.0,0.0,Credit Card,In-Store,186.05,186.05
ORD100542,2025-09-25,CUST1542,Ashley Parrish,South,Water Bottle,Sports & Outdoors,112.18,1.0,0.0,Cash on Delivery,Mobile App,112.18,112.18
ORD100842,2025-12-05,CUST1108,Tammy Gonzales,West,Camping Tent,Sports & Outdoors,85.72,1.0,10.0,PayPal,Mobile App,85.72,77.15
ORD101996,2024-02-25,CUST1674,John Garcia,West,Vacuum Cleaner,Home & Kitchen,66.4,4.0,10.0,Credit Card,In-Store,265.6,239.04
ORD100162,2025-05-21,CUST1049,Rita Keith,North,Noise Cancelling Headphones,Electronics,239.81,5.0,0.0,UPI,In-Store,1199.05,1199.05
ORD102521,2024-06-11,CUST1879,Dustin Bell,East,Water Bottle,Sports & Outdoors,45.5,1.0,0.0,UPI,Mobile App,45.5,45.5
ORD103782,2024-10-14,CUST1131,Ashlee Jackson,South,Rice Cooker,Home & Kitchen,195.48,3.0,0.0,Debit Card,Online,586.44,586.44
ORD103049,2024-05-05,CUST1297,Austin Wheeler,West,Smartwatch,Electronics,92.0,2.0,10.0,Cash on Delivery,Online,184.0,165.6
ORD103333,2025-05-14,CUST1679,Laura Meza,South,Noise Cancelling Headphones,Electronics,43.23,1.0,0.0,Debit Card,Mobile App,43.23,43.23
ORD105680,2025-09-26,CUST1455,Martin Hughes,East,Rice Cooker,Home & Kitchen,49.18,1.0,0.0,Cash on Delivery,Mobile App,49.18,49.18
ORD105265,2025-06-27,CUST1892,Carol Morris,West,Electric Kettle,Home & Kitchen,67.64,1.0,0.0,PayPal,In-Store,67.64,67.64
ORD100450,2025-06-20,CUST1574,Mr. Matthew Miller,South,USB-C Hub,Electronics,229.39,1.0,5.0,Credit Card,In-Store,229.39,217.92
ORD101025,2025-05-09,CUST1329,Haley Davis,South,Yoga Pants,Apparel,98.44,2.0,0.0,Credit Card,Online,196.88,196.88
ORD105835,2025-05-07,CUST1354,Christopher Moore,North,Blender,Home & Kitchen,39.34,2.0,0.0,Cash on Delivery,In-Store,78.68,78.68
ORD104823,2025-11-15,CUST1867,Dwayne Bruce,East,Portable SSD 1TB,Electronics,266.32,1.0,5.0,PayPal,Online,266.32,253.0
ORD103937,2025-06-17,CUST1122,Mary Grimes,North,Air Fryer,Home & Kitchen,196.13,2.0,0.0,PayPal,Online,392.26,392.26
ORD104112,2025-02-27,CUST1142,Casey Anderson,West,Desk Lamp,Office Supplies,127.04,1.0,0.0,UPI,Mobile App,127.04,127.04
ORD105151,2024-05-27,CUST1219,Stacey Stewart,Central,Desk Lamp,Office Supplies,40.09,1.0,5.0,UPI,Mobile App,40.09,38.09
ORD103351,2025-10-28,CUST1402,Carol Moore,South,Air Fryer,Home & Kitchen,181.91,1.0,0.0,Cash on Delivery,In-Store,181.91,181.91
ORD102678,2025-05-05,CUST1618,Austin Schultz,West,Coffee Maker,Home & Kitchen,168.09,2.0,10.0,Cash on Delivery,Online,336.18,302.56
ORD101317,2024-10-05,CUST1333,Emily Rodriguez,South,Standing Desk,Office Supplies,61.92,4.0,15.0,Credit Card,Mobile App,247.68,210.53
ORD105408,2025-03-10,CUST1542,Ashley Parrish,East,Wool Sweater,Apparel,75.7,2.0,0.0,Credit Card,Online,151.4,151.4
ORD101016,2024-09-11,CUST1220,Matthew Mitchell,South,Electric Kettle,Home & Kitchen,78.04,1.0,0.0,Credit Card,Online,78.04,78.04
ORD105992,2025-06-14,CUST1373,Wendy Camacho,Central,Webcam HD,Electronics,288.34,1.0,0.0,Cash on Delivery,Online,288.34,288.34
ORD103058,2024-11-24,CUST1251,Amber Campbell,Central,Denim Jacket,Apparel,115.74,3.0,0.0,PayPal,Mobile App,347.22,347.22
ORD105031,2025-06-28,CUST1153,Samantha Davis,East,Smartwatch,Electronics,238.73,3.0,10.0,Cash on Delivery,Mobile App,716.19,644.57
ORD100101,2024-05-14,CUST1676,Steve Miller PhD,West,USB-C Hub,Electronics,444.7,2.0,15.0,Debit Card,Mobile App,889.4,755.99
ORD101095,2025-10-14,CUST1879,Dustin Bell,North,Cotton T-Shirt,Apparel,31.22,3.0,0.0,Debit Card,Mobile App,93.66,93.66
ORD100288,2025-01-30,CUST1737,Anthony Bailey,South,27in Monitor,Electronics,131.05,1.0,0.0,UPI,Online,131.05,131.05
ORD100270,2024-09-28,CUST1462,Deanna Bartlett,Central,Non-stick Pan Set,Home & Kitchen,101.3,2.0,0.0,Credit Card,Online,202.6,202.6
ORD100615,2024-04-02,CUST1257,Brenda Velazquez,Central,Smartwatch,Electronics,421.5,2.0,0.0,Credit Card,In-Store,843.0,843.0
ORD100664,2025-10-07,CUST1519,Danielle Reed,Central,Whiteboard,Office Supplies,275.93,4.0,0.0,Debit Card,In-Store,1103.72,1103.72
ORD104132,2025-11-10,CUST1606,Lisa Cohen,South,Bluetooth Speaker,Electronics,194.18,1.0,10.0,Credit Card,Online,194.18,174.76
ORD104760,2025-02-04,CUST1841,Erika Garcia,East,Smartwatch,Electronics,446.29,1.0,0.0,Cash on Delivery,Mobile App,446.29,446.29
ORD103310,2025-02-28,CUST1131,Ashlee Jackson,East,Smartwatch,Electronics,136.45,1.0,0.0,PayPal,In-Store,136.45,136.45
ORD104928,2024-01-09,CUST1027,Brent Jordan,West,Standing Desk,Office Supplies,183.69,2.0,0.0,Credit Card,Mobile App,367.38,367.38
ORD101458,2025-07-13,CUST1135,Brooke Alexander,South,Noise Cancelling Headphones,Electronics,72.86,3.0,0.0,PayPal,In-Store,218.58,218.58
ORD103436,2024-12-20,CUST1534,Lisa Morris,Central,Bluetooth Speaker,Electronics,82.65,2.0,5.0,Cash on Delivery,Mobile App,165.3,157.04
ORD102051,2025-09-30,CUST1401,Laura Jones,East,Yoga Pants,Apparel,53.5,3.0,0.0,UPI,Online,160.5,160.5
ORD103048,2025-05-17,CUST1794,Richard King,North,Standing Desk,Office Supplies,154.0,1.0,0.0,Cash on Delivery,Online,154.0,154.0
ORD103146,2025-09-06,CUST1024,Crystal Robinson,Central,Whiteboard,Office Supplies,87.72,3.0,0.0,UPI,Mobile App,263.16,263.16
ORD101956,2025-08-26,CUST1240,Travis Stone,East,Toaster,Home & Kitchen,118.54,1.0,10.0,Cash on Delivery,In-Store,118.54,106.69
ORD103130,2024-11-14,CUST1584,Jamie Gray,West,Noise Cancelling Headphones,Electronics,71.18,2.0,10.0,Debit Card,In-Store,142.36,128.12
ORD103124,2024-05-07,CUST1099,John Peterson,West,Mechanical Keyboard,Electronics,370.98,4.0,0.0,PayPal,Mobile App,1483.92,1483.92
ORD101523,2025-12-12,CUST1353,Ashley Sweeney,West,Ergonomic Chair,Office Supplies,283.82,1.0,0.0,Credit Card,Online,283.82,283.82
ORD105950,2025-08-27,CUST1422,Richard Walker,South,Bluetooth Speaker,Electronics,36.78,2.0,0.0,Cash on Delivery,In-Store,73.56,73.56
ORD104754,2025-07-14,CUST1613,Krista Barber,Central,Denim Jacket,Apparel,31.59,1.0,0.0,Credit Card,In-Store,31.59,31.59
ORD104473,2025-01-13,CUST1540,James Brown,North,Blender,Home & Kitchen,213.87,4.0,5.0,Credit Card,Mobile App,855.48,812.71
ORD101140,2024-07-21,CUST1647,Joyce Curry,North,Blender,Home & Kitchen,135.87,4.0,0.0,Credit Card,Online,543.48,543.48
ORD103802,2025-03-13,CUST1523,Jillian Wilson,North,Rice Cooker,Home & Kitchen,78.86,5.0,5.0,Debit Card,In-Store,394.3,374.58
ORD105276,2025-12-27,CUST1739,Matthew Graves,South,USB-C Hub,Electronics,395.45,2.0,0.0,PayPal,In-Store,790.9,790.9
ORD101563,2024-09-05,CUST1066,Robert Contreras,Central,Desk Lamp,Office Supplies,266.91,1.0,10.0,Cash on Delivery,Mobile App,266.91,240.22
ORD104856,2024-07-07,CUST1158,Kelly Reese,West,Notebook Pack,Office Supplies,21.72,1.0,0.0,Unknown,Online,21.72,21.72
ORD101705,2024-03-02,CUST1366,Joshua Jackson,East,Whiteboard,Office Supplies,344.82,2.0,10.0,Credit Card,Online,689.64,620.68
ORD100926,2025-05-30,CUST1003,Abigail Shaffer,East,27in Monitor,Electronics,172.74,1.0,0.0,Cash on Delivery,In-Store,172.74,172.74
ORD100686,2024-07-29,CUST1019,Linda Burns,Central,Whiteboard,Office Supplies,314.93,1.0,0.0,Cash on Delivery,In-Store,314.93,314.93
ORD100749,2024-09-01,CUST1255,Gina Mcmillan,South,Wireless Mouse,Electronics,279.24,1.0,0.0,Unknown,In-Store,279.24,279.24
ORD104076,2024-03-09,CUST1422,Richard Walker,Central,Power Bank,Electronics,195.47,3.0,5.0,Credit Card,In-Store,586.41,557.09
ORD103566,2025-05-04,CUST1560,James Wilson,North,Blender,Home & Kitchen,32.97,1.0,0.0,Debit Card,In-Store,32.97,32.97
ORD101216,2025-08-03,CUST1503,Michael Harris,North,Water Bottle,Sports & Outdoors,280.11,2.0,15.0,PayPal,Online,560.22,476.19
ORD104468,2024-05-15,CUST1496,Michael Sims,West,Wool Sweater,Apparel,50.72,2.0,0.0,UPI,Mobile App,101.44,101.44
ORD103916,2025-11-07,CUST1814,Jonathan Delgado,East,Wool Sweater,Apparel,58.56,1.0,0.0,PayPal,In-Store,58.56,58.56
ORD101933,2024-02-03,CUST1350,Kathryn Cooper,Central,Ergonomic Chair,Office Supplies,146.02,1.0,5.0,Debit Card,Online,146.02,138.72
ORD104766,2025-08-27,CUST1451,Colton Terry,South,Cotton T-Shirt,Apparel,20.54,1.0,0.0,Cash on Delivery,Mobile App,20.54,20.54
ORD100623,2024-04-23,CUST1321,Judy Sanchez,South,Wool Sweater,Apparel,98.06,1.0,5.0,Cash on Delivery,Mobile App,98.06,93.16
ORD102855,2025-09-04,CUST1274,Taylor Gentry,South,Denim Jacket,Apparel,32.85,2.0,5.0,UPI,Mobile App,65.7,62.42
ORD105794,2025-02-23,CUST1089,Mary Rogers,North,Toaster,Home & Kitchen,100.95,1.0,0.0,PayPal,In-Store,100.95,100.95
ORD100585,2025-10-05,CUST1079,Mrs. Marie Harrington DDS,West,USB-C Hub,Electronics,441.97,1.0,0.0,Credit Card,Online,441.97,441.97
ORD100089,2024-02-20,CUST1579,Victor Holden,South,Webcam HD,Electronics,34.32,3.0,0.0,UPI,In-Store,102.96,102.96
ORD101781,2024-11-07,CUST1433,Rebecca Kelly,North,Yoga Mat,Sports & Outdoors,140.17,2.0,5.0,UPI,Mobile App,280.34,266.32
ORD100157,2025-08-08,CUST1666,Ashley Freeman,North,Whiteboard,Office Supplies,24.01,3.0,0.0,Credit Card,In-Store,72.03,72.03
ORD103384,2025-06-27,CUST1060,Richard Lawson,North,Yoga Pants,Apparel,73.03,1.0,15.0,UPI,In-Store,73.03,62.08
ORD100641,2024-02-19,CUST1132,James Thomas,West,Wool Sweater,Apparel,49.12,2.0,0.0,PayPal,In-Store,98.24,98.24
ORD100012,2025-10-02,CUST1519,Danielle Reed,South,Wireless Mouse,Electronics,430.37,4.0,15.0,Cash on Delivery,Mobile App,1721.48,1463.26
ORD105723,2025-06-17,CUST1049,Rita Keith,Central,Vacuum Cleaner,Home & Kitchen,24.05,1.0,0.0,Debit Card,In-Store,24.05,24.05
ORD101876,2025-02-01,CUST1232,Benjamin Thompson,Central,Coffee Maker,Home & Kitchen,119.38,2.0,10.0,Debit Card,In-Store,238.76,214.88
ORD103034,2024-06-12,CUST1113,Shannon Rivera,West,Non-stick Pan Set,Home & Kitchen,105.08,2.0,5.0,Debit Card,Mobile App,210.16,199.65
ORD103981,2024-02-03,CUST1130,Yolanda Francis,West,Whiteboard,Office Supplies,80.37,3.0,5.0,UPI,In-Store,241.11,229.05
ORD100389,2025-10-02,CUST1282,Melissa Brown,East,Cotton T-Shirt,Apparel,42.44,2.0,20.0,UPI,Mobile App,84.88,67.9
ORD100030,2025-01-13,CUST1152,Michael Stephens,Central,Toaster,Home & Kitchen,132.18,1.0,0.0,Debit Card,In-Store,132.18,132.18
ORD104110,2024-05-17,CUST1839,Tammy Thompson,North,Portable SSD 1TB,Electronics,155.64,3.0,0.0,Debit Card,Online,466.92,466.92
ORD102948,2025-12-24,CUST1180,Thomas Atkins,Central,Water Bottle,Sports & Outdoors,37.16,1.0,10.0,Credit Card,In-Store,37.16,33.44
ORD103727,2024-08-09,CUST1792,Thomas Curry,West,Blender,Home & Kitchen,75.58,3.0,10.0,Debit Card,In-Store,226.74,204.07
ORD101578,2025-08-25,CUST1015,Tricia Valencia,Central,Desk Lamp,Office Supplies,347.75,1.0,0.0,UPI,In-Store,347.75,347.75
ORD103089,2025-08-19,CUST1166,Bradley Reynolds,South,Vacuum Cleaner,Home & Kitchen,130.49,2.0,15.0,Credit Card,Online,260.98,221.83
ORD101687,2025-05-10,CUST1025,Shannon Jones,Central,Water Bottle,Sports & Outdoors,105.74,2.0,15.0,Debit Card,Mobile App,211.48,179.76
ORD105653,2024-09-25,CUST1878,Terri Kerr,South,Running Shoes,Apparel,63.6,2.0,10.0,Credit Card,Mobile App,127.2,114.48
ORD105921,2025-02-28,CUST1656,Diane Martinez,West,Bluetooth Speaker,Electronics,260.54,1.0,0.0,PayPal,Online,260.54,260.54
ORD103268,2025-06-06,CUST1580,Travis Hopkins,West,Noise Cancelling Headphones,Electronics,140.39,1.0,0.0,Debit Card,Mobile App,140.39,140.39
ORD103286,2024-03-03,CUST1245,Melinda Evans,West,Rice Cooker,Home & Kitchen,94.93,2.0,15.0,Credit Card,In-Store,189.86,161.38
ORD103318,2025-04-12,CUST1873,Michael Wells,East,Dumbbell Set,Sports & Outdoors,155.62,1.0,0.0,PayPal,In-Store,155.62,155.62
ORD101381,2025-11-12,CUST1398,Mary Thompson,West,Vacuum Cleaner,Home & Kitchen,108.68,1.0,0.0,Debit Card,In-Store,108.68,108.68
ORD103811,2025-05-17,CUST1133,Bob Pitts,Central,Wireless Mouse,Electronics,65.84,4.0,5.0,Debit Card,Online,263.36,250.19
ORD103221,2024-09-06,CUST1095,Tiffany Vaughn,West,USB-C Hub,Electronics,343.22,2.0,0.0,Credit Card,Mobile App,686.44,686.44
ORD101719,2024-04-12,CUST1253,Chloe Tran,South,Notebook Pack,Office Supplies,217.99,1.0,0.0,PayPal,Mobile App,217.99,217.99
ORD100259,2025-06-20,CUST1826,Matthew Smith,Central,Vacuum Cleaner,Home & Kitchen,166.59,1.0,0.0,Cash on Delivery,Mobile App,166.59,166.59
ORD104643,2024-12-20,CUST1374,Sandra Juarez,West,Power Bank,Electronics,389.94,4.0,0.0,Debit Card,Mobile App,1559.76,1559.76
ORD100597,2024-10-27,CUST1811,Robert Thompson,West,Power Bank,Electronics,65.94,1.0,0.0,UPI,Mobile App,65.94,65.94
ORD103090,2025-02-27,CUST1301,Sheryl Buck,West,Standing Desk,Office Supplies,250.71,2.0,0.0,PayPal,Online,501.42,501.42
ORD100176,2024-06-29,CUST1427,Danielle Phillips,Central,Denim Jacket,Apparel,71.19,2.0,15.0,Credit Card,In-Store,142.38,121.02
ORD102701,2024-02-08,CUST1468,Alicia Roth,North,Portable SSD 1TB,Electronics,184.17,1.0,10.0,UPI,Online,184.17,165.75
ORD101778,2025-01-20,CUST1154,Gavin Zhang,West,Denim Jacket,Apparel,92.11,1.0,10.0,UPI,Mobile App,92.11,82.9
ORD103534,2025-01-08,CUST1484,Jason Price,West,Cotton T-Shirt,Apparel,21.63,2.0,0.0,Cash on Delivery,Online,43.26,43.26
ORD100335,2025-11-25,CUST1012,Kimberly Burgess,North,Yoga Mat,Sports & Outdoors,267.63,1.0,10.0,Cash on Delivery,Mobile App,267.63,240.87
ORD105497,2024-04-17,CUST1122,Mary Grimes,South,Non-stick Pan Set,Home & Kitchen,193.65,3.0,0.0,Debit Card,In-Store,580.95,580.95
ORD100421,2025-09-19,CUST1529,Ashley Carr,North,Wool Sweater,Apparel,101.98,1.0,10.0,PayPal,In-Store,101.98,91.78
ORD100683,2024-11-29,CUST1683,Joshua Brooks,East,Standing Desk,Office Supplies,269.06,2.0,0.0,Cash on Delivery,Mobile App,538.12,538.12
ORD101615,2025-02-12,CUST1050,Sharon Cochran,East,Notebook Pack,Office Supplies,178.96,1.0,0.0,PayPal,In-Store,178.96,178.96
ORD104811,2024-03-05,CUST1779,Lisa Dixon,South,Webcam HD,Electronics,156.7,2.0,0.0,Credit Card,Mobile App,313.4,313.4
ORD105389,2024-07-05,CUST1324,Shannon Davis,North,Toaster,Home & Kitchen,89.48,1.0,0.0,PayPal,Online,89.48,89.48
ORD102432,2025-12-25,CUST1327,Michelle Sanders,West,Dumbbell Set,Sports & Outdoors,115.84,2.0,0.0,PayPal,In-Store,231.68,231.68
ORD104596,2024-02-20,CUST1061,Steven Flynn,Central,Blender,Home & Kitchen,23.55,1.0,5.0,Debit Card,In-Store,23.55,22.37
ORD105299,2025-07-06,CUST1263,Tami Salas,North,Air Fryer,Home & Kitchen,141.55,1.0,0.0,UPI,Online,141.55,141.55
ORD105344,2024-04-26,CUST1717,Elizabeth Reese,East,Yoga Pants,Apparel,115.33,1.0,0.0,Credit Card,Online,115.33,115.33
ORD103307,2024-11-28,CUST1084,Barbara Riggs,Central,Cotton T-Shirt,Apparel,59.03,3.0,5.0,Debit Card,In-Store,177.09,168.24
ORD104147,2024-07-14,CUST1015,Tricia Valencia,North,27in Monitor,Electronics,34.5,1.0,0.0,Cash on Delivery,Mobile App,34.5,34.5
ORD105679,2024-01-19,CUST1488,Henry Garner,North,Air Fryer,Home & Kitchen,107.79,1.0,0.0,Cash on Delivery,Mobile App,107.79,107.79
ORD102020,2025-10-12,CUST1329,Haley Davis,North,Cycling Helmet,Sports & Outdoors,32.37,1.0,0.0,UPI,Online,32.37,32.37
ORD103144,2024-12-28,CUST1619,Harry Nichols,Central,Cycling Helmet,Sports & Outdoors,131.27,1.0,5.0,PayPal,In-Store,131.27,124.71
ORD105485,2025-03-02,CUST1310,Elizabeth Ward,West,Smartwatch,Electronics,68.4,1.0,0.0,Debit Card,In-Store,68.4,68.4
ORD101697,2025-10-11,CUST1729,Kevin Marquez,North,27in Monitor,Electronics,442.41,5.0,0.0,Cash on Delivery,In-Store,2212.05,2212.05
ORD102249,2024-10-19,CUST1693,Nicole Johnston,Central,Ergonomic Chair,Office Supplies,247.09,1.0,0.0,Cash on Delivery,Online,247.09,247.09
ORD103276,2025-11-12,CUST1589,Andrew Berry,North,Air Fryer,Home & Kitchen,52.68,4.0,0.0,Cash on Delivery,Mobile App,210.72,210.72
ORD100138,2024-10-07,CUST1246,Mr. Lawrence Edwards,North,Electric Kettle,Home & Kitchen,163.71,1.0,5.0,Credit Card,Mobile App,163.71,155.52
ORD103991,2024-02-27,CUST1887,Donald Gamble,North,Mechanical Keyboard,Electronics,83.7,2.0,0.0,Debit Card,Mobile App,167.4,167.4
ORD105217,2024-09-22,CUST1555,Jose Vaughan,West,Camping Tent,Sports & Outdoors,85.5,1.0,5.0,Cash on Delivery,Mobile App,85.5,81.22
ORD102223,2025-11-24,CUST1861,Judith Miller,South,Power Bank,Electronics,300.41,1.0,0.0,UPI,Online,300.41,300.41
ORD102566,2025-09-05,CUST1410,Makayla Steele,West,Wireless Mouse,Electronics,328.62,1.0,0.0,Unknown,Mobile App,328.62,328.62
ORD102776,2024-11-20,CUST1362,Melissa Brewer,South,Ergonomic Chair,Office Supplies,289.73,4.0,0.0,Credit Card,Mobile App,1158.92,1158.92
ORD103033,2025-08-13,CUST1885,Justin Ford,Central,Bluetooth Speaker,Electronics,223.51,2.0,0.0,Debit Card,Online,447.02,447.02
ORD101965,2024-07-24,CUST1251,Amber Campbell,North,Yoga Pants,Apparel,22.86,2.0,0.0,Debit Card,Online,45.72,45.72
ORD103159,2024-03-18,CUST1134,David Scott,East,Power Bank,Electronics,448.29,2.0,0.0,Cash on Delivery,Mobile App,896.58,896.58
ORD103265,2024-04-20,CUST1133,Bob Pitts,North,Camping Tent,Sports & Outdoors,169.97,2.0,0.0,Debit Card,Online,339.94,339.94
ORD103135,2024-10-14,CUST1134,David Scott,West,Dumbbell Set,Sports & Outdoors,244.79,1.0,0.0,UPI,In-Store,244.79,244.79
ORD103118,2025-05-24,CUST1307,Claire Clark,East,Vacuum Cleaner,Home & Kitchen,210.21,1.0,10.0,PayPal,Mobile App,210.21,189.19
ORD101762,2024-06-30,CUST1043,Michelle Harris,North,Toaster,Home & Kitchen,81.86,1.0,10.0,Cash on Delivery,In-Store,81.86,73.67
ORD102670,2025-01-02,CUST1243,Travis Wise,South,Wireless Mouse,Electronics,118.95,5.0,0.0,Cash on Delivery,Mobile App,594.75,594.75
ORD105932,2025-08-26,CUST1725,Danielle Medina,West,Bluetooth Speaker,Electronics,423.72,2.0,5.0,Debit Card,Online,847.44,805.07
ORD104060,2025-07-04,CUST1117,Michael Martinez,North,Bluetooth Speaker,Electronics,89.7,1.0,0.0,UPI,Mobile App,89.7,89.7
ORD103117,2025-07-19,CUST1710,Lori Johns,South,Yoga Pants,Apparel,87.75,4.0,20.0,UPI,Online,351.0,280.8
ORD105362,2024-05-27,CUST1103,Marc Lynch,South,USB-C Hub,Electronics,264.85,2.0,10.0,UPI,Mobile App,529.7,476.73
ORD105492,2024-01-27,CUST1644,Luke Miller,Central,Water Bottle,Sports & Outdoors,50.45,2.0,0.0,Debit Card,Mobile App,100.9,100.9
ORD100206,2025-12-01,CUST1713,Erin Daniels,East,Noise Cancelling Headphones,Electronics,58.58,5.0,0.0,Credit Card,Mobile App,292.9,292.9
ORD103107,2025-05-28,CUST1326,Amanda Mcfarland,North,Portable SSD 1TB,Electronics,120.55,1.0,0.0,Cash on Delivery,Online,120.55,120.55
ORD105781,2024-04-17,CUST1390,Katrina Adkins,West,Mechanical Keyboard,Electronics,395.19,2.0,0.0,UPI,In-Store,790.38,790.38
ORD102024,2025-10-05,CUST1674,John Garcia,North,Cotton T-Shirt,Apparel,57.24,1.0,0.0,UPI,Mobile App,57.24,57.24
ORD105797,2025-08-19,CUST1837,Tracy Wells,South,Webcam HD,Electronics,36.91,1.0,0.0,PayPal,Mobile App,36.91,36.91
ORD105053,2025-03-26,CUST1358,Katherine Church,West,Camping Tent,Sports & Outdoors,71.93,5.0,0.0,Credit Card,Mobile App,359.65,359.65
ORD101913,2025-08-22,CUST1502,Alicia Norris,West,Notebook Pack,Office Supplies,320.11,1.0,0.0,Credit Card,In-Store,320.11,320.11
ORD104262,2025-10-07,CUST1657,Johnny Peterson,East,Ergonomic Chair,Office Supplies,218.83,1.0,10.0,UPI,Mobile App,218.83,196.95
ORD104018,2025-10-15,CUST1251,Amber Campbell,West,27in Monitor,Electronics,58.07,1.0,5.0,Debit Card,Online,58.07,55.17
ORD104287,2024-03-03,CUST1577,Kimberly Valdez,West,USB-C Hub,Electronics,306.84,2.0,0.0,Credit Card,Mobile App,613.68,613.68
ORD105162,2025-01-03,CUST1617,Tonya Ellis,South,USB-C Hub,Electronics,272.06,1.0,0.0,UPI,In-Store,272.06,272.06
ORD102903,2025-05-31,CUST1695,Patricia Anderson,East,Cycling Helmet,Sports & Outdoors,234.44,3.0,0.0,PayPal,In-Store,703.32,703.32
ORD103019,2025-12-02,CUST1865,Grant Lucas,Central,Non-stick Pan Set,Home & Kitchen,42.55,1.0,10.0,Cash on Delivery,In-Store,42.55,38.3
ORD105374,2024-01-30,CUST1286,Angela Griffin,North,Noise Cancelling Headphones,Electronics,221.16,3.0,0.0,Cash on Delivery,Mobile App,663.48,663.48
ORD103187,2025-10-27,CUST1751,Kristen Smith,West,Rice Cooker,Home & Kitchen,34.21,3.0,20.0,UPI,Online,102.63,82.1
ORD104305,2025-09-24,CUST1444,Mrs. Stacey Davis,Central,Ergonomic Chair,Office Supplies,31.64,1.0,10.0,UPI,Online,31.64,28.48
ORD103487,2024-05-13,CUST1194,Nathaniel Douglas,South,Wool Sweater,Apparel,43.42,1.0,10.0,Debit Card,Online,43.42,39.08
ORD102013,2024-02-21,CUST1178,Paul Thompson,Central,Power Bank,Electronics,156.93,3.0,0.0,Debit Card,Mobile App,470.79,470.79
ORD104055,2024-06-28,CUST1091,Jason Peters,South,Standing Desk,Office Supplies,27.92,3.0,0.0,Debit Card,Mobile App,83.76,83.76
ORD100097,2025-05-16,CUST1670,Kimberly Gibson,North,Yoga Pants,Apparel,59.01,2.0,0.0,PayPal,Online,118.02,118.02
ORD100948,2025-04-11,CUST1697,Thomas Davis,East,Blender,Home & Kitchen,184.05,3.0,0.0,UPI,Online,552.15,552.15
ORD103850,2025-04-15,CUST1825,Charles Valdez,North,Bluetooth Speaker,Electronics,201.06,5.0,0.0,Credit Card,Online,1005.3,1005.3
ORD104002,2024-09-15,CUST1062,Frances Cardenas,East,Vacuum Cleaner,Home & Kitchen,88.72,1.0,5.0,Debit Card,Mobile App,88.72,84.28
ORD102852,2025-07-30,CUST1007,Dr. Sharon James,South,Camping Tent,Sports & Outdoors,183.81,1.0,0.0,PayPal,In-Store,183.81,183.81
ORD105844,2024-05-17,CUST1100,Jennifer Jones,West,Dumbbell Set,Sports & Outdoors,277.83,5.0,0.0,UPI,Mobile App,1389.15,1389.15
ORD102723,2025-07-04,CUST1887,Donald Gamble,East,Cotton T-Shirt,Apparel,82.2,3.0,10.0,PayPal,Online,246.6,221.94
ORD103557,2024-09-10,CUST1872,Theresa Reilly,Central,Standing Desk,Office Supplies,274.61,3.0,15.0,UPI,In-Store,823.83,700.26
ORD105734,2024-02-03,CUST1577,Kimberly Valdez,North,Yoga Mat,Sports & Outdoors,74.37,1.0,10.0,Debit Card,Mobile App,74.37,66.93
ORD101899,2025-04-22,CUST1865,Grant Lucas,East,Running Shoes,Apparel,90.78,1.0,20.0,PayPal,In-Store,90.78,72.62
ORD104875,2025-12-07,CUST1336,Misty Hansen,West,Air Fryer,Home & Kitchen,120.68,1.0,0.0,Cash on Delivery,Online,120.68,120.68
ORD102695,2025-03-04,CUST1773,Kimberly Young,East,Cycling Helmet,Sports & Outdoors,38.85,2.0,10.0,UPI,Mobile App,77.7,69.93
ORD100277,2024-01-20,CUST1821,Nathan Watkins,East,Toaster,Home & Kitchen,59.89,4.0,0.0,PayPal,In-Store,239.56,239.56
ORD105173,2025-02-28,CUST1746,Mrs. Felicia Castro DDS,Central,Rice Cooker,Home & Kitchen,186.77,2.0,0.0,Credit Card,In-Store,373.54,373.54
ORD101009,2024-08-25,CUST1898,Brenda Perez,West,Denim Jacket,Apparel,81.96,1.0,0.0,UPI,In-Store,81.96,81.96
ORD100976,2025-01-23,CUST1045,Michael Hoffman,South,Power Bank,Electronics,188.17,1.0,0.0,UPI,Mobile App,188.17,188.17
ORD100106,2025-04-09,CUST1423,Angela Willis,East,Yoga Pants,Apparel,90.69,1.0,0.0,Credit Card,In-Store,90.69,90.69
ORD103016,2024-03-30,CUST1288,Daniel Aguilar,East,Camping Tent,Sports & Outdoors,24.59,1.0,0.0,UPI,In-Store,24.59,24.59
ORD104180,2025-12-27,CUST1120,Thomas Romero,Central,Electric Kettle,Home & Kitchen,127.98,1.0,0.0,UPI,Online,127.98,127.98
ORD105140,2024-07-28,CUST1097,Adrian Ferguson,East,Wool Sweater,Apparel,93.05,1.0,15.0,PayPal,Mobile App,93.05,79.09
ORD100940,2024-07-23,CUST1138,Melissa Garner,West,Cotton T-Shirt,Apparel,99.46,1.0,0.0,Credit Card,In-Store,99.46,99.46
ORD100512,2024-10-13,CUST1747,Elizabeth Hunter,West,Non-stick Pan Set,Home & Kitchen,42.63,1.0,10.0,Credit Card,Mobile App,42.63,38.37
ORD103120,2024-11-11,CUST1474,Madison Martinez,South,Air Fryer,Home & Kitchen,158.59,2.0,0.0,UPI,Mobile App,317.18,317.18
ORD103831,2024-01-26,CUST1876,Christie Fox,East,Portable SSD 1TB,Electronics,295.15,1.0,0.0,Unknown,Mobile App,295.15,295.15
ORD102149,2025-05-07,CUST1256,Andrew Reeves,South,Yoga Mat,Sports & Outdoors,101.86,2.0,0.0,Debit Card,Mobile App,203.72,203.72
ORD105765,2025-08-20,CUST1316,Ryan Hall,South,Rice Cooker,Home & Kitchen,46.12,3.0,10.0,Credit Card,In-Store,138.36,124.52
ORD104532,2024-09-11,CUST1220,Matthew Mitchell,North,Whiteboard,Office Supplies,109.92,4.0,0.0,PayPal,Mobile App,439.68,439.68
ORD105886,2024-06-14,CUST1429,Rachael Howard DDS,South,Yoga Pants,Apparel,16.34,3.0,5.0,Credit Card,In-Store,49.02,46.57
ORD104484,2025-02-24,CUST1019,Linda Burns,North,Non-stick Pan Set,Home & Kitchen,188.72,1.0,0.0,PayPal,In-Store,188.72,188.72
ORD102146,2025-08-25,CUST1266,Courtney Dudley,South,Cotton T-Shirt,Apparel,75.93,1.0,5.0,Cash on Delivery,In-Store,75.93,72.13
ORD101555,2025-01-27,CUST1855,Rebecca French,West,Wireless Mouse,Electronics,401.03,4.0,5.0,PayPal,Mobile App,1604.12,1523.91
ORD103121,2024-02-28,CUST1772,Daniel Benson,South,Yoga Pants,Apparel,106.86,2.0,0.0,Debit Card,Mobile App,213.72,213.72
ORD101795,2025-09-15,CUST1875,Audrey Johnson,West,Wool Sweater,Apparel,29.38,4.0,0.0,Debit Card,Online,117.52,117.52
ORD102135,2025-10-11,CUST1434,Suzanne Johnson,North,Electric Kettle,Home & Kitchen,214.22,3.0,20.0,Credit Card,Mobile App,642.66,514.13
ORD104594,2025-08-07,CUST1819,Julian Ponce,Central,Air Fryer,Home & Kitchen,206.2,2.0,0.0,Credit Card,Online,412.4,412.4
ORD104271,2024-01-14,CUST1430,Devin Johnson,North,Wool Sweater,Apparel,17.63,2.0,10.0,Credit Card,In-Store,35.26,31.73
ORD101538,2025-02-04,CUST1814,Jonathan Delgado,East,Coffee Maker,Home & Kitchen,82.12,1.0,0.0,UPI,Online,82.12,82.12
ORD103748,2024-02-14,CUST1716,Ryan Thomas,East,Desk Lamp,Office Supplies,177.85,2.0,0.0,Credit Card,Online,355.7,355.7
ORD102561,2024-09-29,CUST1649,Adam Mills,North,Non-stick Pan Set,Home & Kitchen,104.22,5.0,0.0,Cash on Delivery,Online,521.1,521.1
ORD102983,2025-05-09,CUST1502,Alicia Norris,North,Ergonomic Chair,Office Supplies,137.71,1.0,0.0,Debit Card,Online,137.71,137.71
ORD100084,2025-03-20,CUST1232,Benjamin Thompson,North,Dumbbell Set,Sports & Outdoors,263.25,1.0,10.0,Credit Card,In-Store,263.25,236.92
ORD101079,2024-01-24,CUST1441,Michael Anderson,West,Running Shoes,Apparel,31.37,2.0,0.0,PayPal,Mobile App,62.74,62.74
ORD105981,2025-12-10,CUST1024,Crystal Robinson,Central,Mechanical Keyboard,Electronics,405.53,1.0,15.0,Debit Card,Online,405.53,344.7
ORD101333,2025-08-31,CUST1532,Jonathan Moreno,Central,Non-stick Pan Set,Home & Kitchen,125.34,2.0,5.0,Debit Card,Online,250.68,238.15
ORD100081,2025-10-29,CUST1395,Kimberly Hernandez,West,Desk Lamp,Office Supplies,24.84,2.0,20.0,UPI,Online,49.68,39.74
ORD104122,2025-04-15,CUST1539,Mary Butler,West,Yoga Pants,Apparel,58.88,1.0,5.0,PayPal,Mobile App,58.88,55.94
ORD102955,2025-04-26,CUST1413,Jacqueline Villegas,East,Standing Desk,Office Supplies,149.36,1.0,15.0,UPI,Online,149.36,126.96
ORD104050,2024-10-13,CUST1327,Michelle Sanders,West,Denim Jacket,Apparel,99.58,1.0,5.0,Cash on Delivery,Online,99.58,94.6
ORD104700,2024-08-17,CUST1642,David Manning,North,Ergonomic Chair,Office Supplies,81.46,2.0,0.0,Cash on Delivery,In-Store,162.92,162.92
ORD101406,2024-06-17,CUST1031,Tammy Allison,West,Wireless Mouse,Electronics,356.52,3.0,0.0,Cash on Delivery,Online,1069.56,1069.56
ORD103651,2025-11-02,CUST1530,Richard Love,North,Wireless Mouse,Electronics,362.94,1.0,0.0,UPI,In-Store,362.94,362.94
ORD102994,2024-01-09,CUST1863,Jason Fleming,South,Toaster,Home & Kitchen,174.58,1.0,10.0,PayPal,Mobile App,174.58,157.12
ORD103950,2024-07-16,CUST1538,Melissa Morris,North,Standing Desk,Office Supplies,167.25,2.0,20.0,Debit Card,In-Store,334.5,267.6
ORD104370,2024-11-21,CUST1089,Mary Rogers,West,Mechanical Keyboard,Electronics,35.37,1.0,20.0,Debit Card,Mobile App,35.37,28.3
ORD100864,2025-02-18,CUST1320,Manuel King,West,Whiteboard,Office Supplies,215.73,1.0,5.0,Debit Card,Online,215.73,204.94
ORD100257,2025-03-20,CUST1059,Stephanie Gilbert,Central,Coffee Maker,Home & Kitchen,82.03,1.0,0.0,Cash on Delivery,Mobile App,82.03,82.03
ORD105367,2025-02-07,CUST1649,Adam Mills,North,Power Bank,Electronics,294.52,1.0,15.0,Debit Card,In-Store,294.52,250.34
ORD104772,2024-03-01,CUST1811,Robert Thompson,North,Vacuum Cleaner,Home & Kitchen,181.18,1.0,15.0,Cash on Delivery,Mobile App,181.18,154.0
ORD104044,2024-08-03,CUST1728,Ashley Osborne,South,Desk Lamp,Office Supplies,110.37,3.0,5.0,Cash on Delivery,In-Store,331.11,314.55
ORD103036,2025-10-31,CUST1834,Michelle Salazar,Central,Whiteboard,Office Supplies,230.78,2.0,5.0,Credit Card,Online,461.56,438.48
ORD101257,2025-10-25,CUST1369,Scott Miller,Central,Notebook Pack,Office Supplies,293.2,2.0,0.0,Cash on Delivery,In-Store,586.4,586.4
ORD101914,2025-04-04,CUST1559,Laura Perez,Central,Non-stick Pan Set,Home & Kitchen,84.19,3.0,10.0,PayPal,Online,252.57,227.31
ORD102291,2024-03-28,CUST1458,Joseph Camacho,North,Rice Cooker,Home & Kitchen,122.94,2.0,5.0,PayPal,Online,245.88,233.59
ORD102847,2025-06-06,CUST1168,Michelle Schmitt,South,Denim Jacket,Apparel,86.16,1.0,0.0,Cash on Delivery,Mobile App,86.16,86.16
ORD102757,2024-06-05,CUST1042,Shawn Baker,West,Wool Sweater,Apparel,111.89,1.0,10.0,PayPal,In-Store,111.89,100.7
ORD103140,2024-09-15,CUST1144,Brenda Levy,North,Noise Cancelling Headphones,Electronics,43.5,3.0,10.0,UPI,Mobile App,130.5,117.45
ORD105176,2025-12-10,CUST1595,Chase Davis,West,Yoga Mat,Sports & Outdoors,186.14,4.0,10.0,Debit Card,Online,744.56,670.1
ORD102900,2025-04-21,CUST1697,Thomas Davis,South,Cycling Helmet,Sports & Outdoors,278.76,1.0,10.0,UPI,Mobile App,278.76,250.88
ORD104298,2025-06-21,CUST1144,Brenda Levy,North,Bluetooth Speaker,Electronics,84.74,1.0,0.0,Debit Card,Mobile App,84.74,84.74
ORD104830,2024-11-18,CUST1676,Steve Miller PhD,Central,Rice Cooker,Home & Kitchen,144.71,2.0,0.0,PayPal,In-Store,289.42,289.42
ORD103794,2025-12-09,CUST1552,Michael Griffin,Central,Cycling Helmet,Sports & Outdoors,83.04,1.0,0.0,Debit Card,In-Store,83.04,83.04
ORD102721,2024-08-23,CUST1780,April Castro,East,Blender,Home & Kitchen,89.6,1.0,15.0,Cash on Delivery,Online,89.6,76.16
ORD104535,2024-01-09,CUST1688,Misty Mcguire,West,Portable SSD 1TB,Electronics,296.5,1.0,0.0,PayPal,Online,296.5,296.5
ORD102426,2025-09-27,CUST1385,Edwin Reyes,West,Cycling Helmet,Sports & Outdoors,294.01,1.0,0.0,Cash on Delivery,Online,294.01,294.01
ORD100482,2025-09-16,CUST1504,Lisa Haynes,West,Blender,Home & Kitchen,142.86,1.0,10.0,PayPal,Online,142.86,128.57
ORD100924,2024-02-24,CUST1113,Shannon Rivera,North,Rice Cooker,Home & Kitchen,123.72,1.0,0.0,Cash on Delivery,In-Store,123.72,123.72
ORD102369,2025-01-06,CUST1712,Lori Perez,West,Non-stick Pan Set,Home & Kitchen,175.03,2.0,5.0,Cash on Delivery,Mobile App,350.06,332.56
ORD102300,2025-07-28,CUST1840,Leslie Nguyen,South,USB-C Hub,Electronics,93.87,3.0,0.0,Debit Card,Online,281.61,281.61
ORD100704,2025-06-14,CUST1280,Cathy Taylor,Central,Yoga Mat,Sports & Outdoors,257.91,1.0,0.0,PayPal,Mobile App,257.91,257.91
ORD100586,2024-11-01,CUST1067,Jessica Meadows,Central,Smartwatch,Electronics,277.1,1.0,0.0,Credit Card,Mobile App,277.1,277.1
ORD102439,2024-12-13,CUST1865,Grant Lucas,West,Denim Jacket,Apparel,30.31,1.0,0.0,Debit Card,In-Store,30.31,30.31
ORD101390,2024-08-24,CUST1578,Donna Marshall,West,Electric Kettle,Home & Kitchen,106.16,2.0,15.0,Credit Card,Online,212.32,180.47
ORD103494,2024-05-17,CUST1164,Cindy Hayes,West,Wool Sweater,Apparel,102.68,3.0,15.0,Credit Card,Online,308.04,261.83
ORD100248,2025-08-03,CUST1836,Julie Sims,North,Power Bank,Electronics,121.13,2.0,0.0,UPI,Online,242.26,242.26
ORD105836,2025-05-25,CUST1393,Austin Baker,Central,Notebook Pack,Office Supplies,282.98,1.0,0.0,Credit Card,Mobile App,282.98,282.98
ORD101530,2024-01-05,CUST1045,Michael Hoffman,East,Standing Desk,Office Supplies,294.5,1.0,5.0,Cash on Delivery,Online,294.5,279.77
ORD104417,2025-09-03,CUST1766,Anna Lang,North,Wool Sweater,Apparel,49.46,2.0,15.0,Cash on Delivery,Online,98.92,84.08
ORD100837,2025-06-05,CUST1076,James Elliott,West,Standing Desk,Office Supplies,261.84,1.0,0.0,UPI,In-Store,261.84,261.84
ORD101788,2025-04-30,CUST1633,Dr. Samuel Holmes DDS,East,Notebook Pack,Office Supplies,174.04,2.0,5.0,Credit Card,Mobile App,348.08,330.68
ORD105072,2025-09-18,CUST1780,April Castro,Central,Noise Cancelling Headphones,Electronics,277.51,1.0,0.0,Cash on Delivery,Online,277.51,277.51
ORD102201,2025-06-27,CUST1168,Michelle Schmitt,Central,Cotton T-Shirt,Apparel,35.4,5.0,10.0,Credit Card,In-Store,177.0,159.3
ORD101031,2024-07-16,CUST1643,Shawn Kelley,Central,Blender,Home & Kitchen,33.35,2.0,0.0,UPI,Mobile App,66.7,66.7
ORD104582,2024-12-03,CUST1776,Daniel Taylor,West,Rice Cooker,Home & Kitchen,63.53,5.0,0.0,Cash on Delivery,Mobile App,317.65,317.65
ORD101730,2024-07-31,CUST1187,Jeremy Turner,South,Camping Tent,Sports & Outdoors,21.64,1.0,0.0,Credit Card,In-Store,21.64,21.64
ORD105239,2024-02-11,CUST1719,Michael Howard,West,27in Monitor,Electronics,415.08,2.0,0.0,Credit Card,In-Store,830.16,830.16
ORD103873,2025-11-05,CUST1638,Dustin Welch,West,Notebook Pack,Office Supplies,198.49,1.0,5.0,Cash on Delivery,Mobile App,198.49,188.57
ORD101328,2024-06-06,CUST1068,Paul Larsen,West,Air Fryer,Home & Kitchen,153.26,2.0,20.0,UPI,In-Store,306.52,245.22
ORD101952,2024-12-05,CUST1362,Melissa Brewer,West,USB-C Hub,Electronics,139.95,1.0,5.0,PayPal,Online,139.95,132.95
ORD103954,2024-02-16,CUST1228,Amanda Hernandez,North,Noise Cancelling Headphones,Electronics,123.34,2.0,0.0,Cash on Delivery,Mobile App,246.68,246.68
ORD100594,2025-05-26,CUST1238,Michael Cooper,Central,Electric Kettle,Home & Kitchen,87.73,2.0,10.0,Cash on Delivery,Mobile App,175.46,157.91
ORD105893,2025-09-26,CUST1855,Rebecca French,South,Ergonomic Chair,Office Supplies,139.05,3.0,0.0,Debit Card,Online,417.15,417.15
ORD102147,2024-10-19,CUST1014,Rebecca Henderson,West,Cotton T-Shirt,Apparel,37.43,1.0,5.0,UPI,Mobile App,37.43,35.56
ORD102336,2024-02-15,CUST1554,Jaime Lang,South,Coffee Maker,Home & Kitchen,127.29,2.0,0.0,Debit Card,Mobile App,254.58,254.58
ORD104864,2025-03-15,CUST1373,Wendy Camacho,West,Air Fryer,Home & Kitchen,167.24,2.0,0.0,Debit Card,In-Store,334.48,334.48
ORD102185,2025-06-17,CUST1165,Brandon Simmons,East,Running Shoes,Apparel,119.62,1.0,20.0,Credit Card,In-Store,119.62,95.7
ORD104840,2024-12-05,CUST1297,Austin Wheeler,South,Smartwatch,Electronics,109.34,1.0,0.0,Cash on Delivery,Mobile App,109.34,109.34
ORD100378,2025-09-10,CUST1811,Robert Thompson,Central,27in Monitor,Electronics,244.46,1.0,0.0,Debit Card,In-Store,244.46,244.46
ORD106000,2024-11-12,CUST1595,Chase Davis,Central,USB-C Hub,Electronics,439.77,1.0,5.0,PayPal,Mobile App,439.77,417.78
ORD105459,2025-05-06,CUST1582,Heather Harrison,Central,Ergonomic Chair,Office Supplies,279.65,1.0,15.0,PayPal,In-Store,279.65,237.7
ORD100910,2025-04-08,CUST1431,William Moreno,East,Standing Desk,Office Supplies,77.02,3.0,0.0,PayPal,Mobile App,231.06,231.06
ORD103393,2025-01-03,CUST1307,Claire Clark,East,27in Monitor,Electronics,388.0,3.0,5.0,PayPal,In-Store,1164.0,1105.8
ORD103920,2024-01-03,CUST1143,Terry Coffey,Central,Mechanical Keyboard,Electronics,238.35,3.0,0.0,PayPal,Online,715.05,715.05
ORD104626,2025-07-10,CUST1630,Paul Diaz,Central,Rice Cooker,Home & Kitchen,181.65,2.0,0.0,Debit Card,Mobile App,363.3,363.3
ORD100764,2025-05-27,CUST1004,Gabrielle Davis,North,Non-stick Pan Set,Home & Kitchen,47.33,1.0,0.0,PayPal,In-Store,47.33,47.33
ORD102074,2024-08-02,CUST1086,Madison Poole,South,Non-stick Pan Set,Home & Kitchen,53.89,2.0,10.0,PayPal,Mobile App,107.78,97.0
ORD101706,2025-11-08,CUST1098,Beth Oneill,North,USB-C Hub,Electronics,209.7,1.0,0.0,PayPal,Online,209.7,209.7
ORD100294,2025-04-27,CUST1315,Kelly Combs,North,27in Monitor,Electronics,97.6,1.0,10.0,PayPal,Online,97.6,87.84
ORD102964,2025-12-31,CUST1446,Stacey Snyder,West,USB-C Hub,Electronics,437.98,1.0,0.0,Debit Card,In-Store,437.98,437.98
ORD100995,2025-12-14,CUST1362,Melissa Brewer,Central,Mechanical Keyboard,Electronics,81.26,3.0,0.0,PayPal,Online,243.78,243.78
ORD102250,2024-05-29,CUST1116,Peter Garrett,West,Bluetooth Speaker,Electronics,414.82,1.0,15.0,PayPal,Online,414.82,352.6
ORD103706,2025-03-01,CUST1667,Michael Howard,Central,Wool Sweater,Apparel,92.03,1.0,5.0,PayPal,In-Store,92.03,87.43
ORD100543,2025-04-30,CUST1864,Dorothy Brown,West,27in Monitor,Electronics,142.48,1.0,20.0,Debit Card,Mobile App,142.48,113.98
ORD104412,2024-04-01,CUST1800,Joseph Graham,East,Cycling Helmet,Sports & Outdoors,81.56,1.0,15.0,UPI,Online,81.56,69.33
ORD102311,2024-12-19,CUST1322,Shannon Malone,Central,Wool Sweater,Apparel,38.86,2.0,0.0,Credit Card,Online,77.72,77.72
ORD102585,2024-06-09,CUST1159,Jodi Walker,North,Blender,Home & Kitchen,96.04,1.0,10.0,Cash on Delivery,Online,96.04,86.44
ORD100932,2025-03-17,CUST1591,Nathan Stanley,East,Camping Tent,Sports & Outdoors,201.9,1.0,10.0,Credit Card,Online,201.9,181.71
ORD100112,2025-04-08,CUST1738,Thomas Williams,North,Standing Desk,Office Supplies,137.91,1.0,0.0,Credit Card,Online,137.91,137.91
ORD102355,2025-06-17,CUST1458,Joseph Camacho,East,Wool Sweater,Apparel,83.46,3.0,0.0,Cash on Delivery,In-Store,250.38,250.38
ORD101659,2025-11-20,CUST1200,James Martin,East,Noise Cancelling Headphones,Electronics,438.92,5.0,10.0,Credit Card,Online,2194.6,1975.14
ORD101978,2025-05-03,CUST1595,Chase Davis,Central,Bluetooth Speaker,Electronics,356.6,2.0,10.0,PayPal,Mobile App,713.2,641.88
ORD105965,2024-03-23,CUST1688,Misty Mcguire,Central,Standing Desk,Office Supplies,212.03,4.0,0.0,UPI,In-Store,848.12,848.12
ORD101612,2025-09-09,CUST1181,Brian Smith,North,Power Bank,Electronics,327.93,1.0,0.0,PayPal,Mobile App,327.93,327.93
ORD103788,2025-02-27,CUST1897,Tracy Jackson,East,Noise Cancelling Headphones,Electronics,83.91,1.0,10.0,UPI,In-Store,83.91,75.52
ORD104519,2025-06-14,CUST1733,Eric Cross,Central,Wireless Mouse,Electronics,438.13,2.0,0.0,Debit Card,In-Store,876.26,876.26
ORD103798,2025-03-26,CUST1100,Jennifer Jones,East,Yoga Mat,Sports & Outdoors,108.09,5.0,0.0,Credit Card,In-Store,540.45,540.45
ORD104127,2024-09-24,CUST1783,Zachary Santiago,North,Denim Jacket,Apparel,51.6,4.0,10.0,Debit Card,Online,206.4,185.76
ORD105739,2024-03-13,CUST1716,Ryan Thomas,East,Running Shoes,Apparel,67.49,4.0,0.0,Credit Card,Online,269.96,269.96
ORD102778,2025-12-28,CUST1268,Jennifer Reed,Central,Mechanical Keyboard,Electronics,111.68,1.0,10.0,Credit Card,Online,111.68,100.51
ORD103508,2025-08-22,CUST1798,Mark Clark,South,Running Shoes,Apparel,106.68,3.0,5.0,Credit Card,Online,320.04,304.04
ORD105505,2025-08-07,CUST1275,Jennifer Simpson DVM,North,Electric Kettle,Home & Kitchen,79.83,1.0,0.0,PayPal,In-Store,79.83,79.83
ORD102007,2024-09-11,CUST1228,Amanda Hernandez,North,Camping Tent,Sports & Outdoors,129.45,1.0,0.0,Cash on Delivery,In-Store,129.45,129.45
ORD105003,2025-06-26,CUST1470,Jeremy Mcintyre,West,Yoga Pants,Apparel,52.62,1.0,10.0,Cash on Delivery,Online,52.62,47.36
ORD103779,2025-03-16,CUST1581,Philip Hall,East,Whiteboard,Office Supplies,39.43,2.0,0.0,PayPal,Online,78.86,78.86
ORD102343,2025-01-07,CUST1370,Heather Page,West,Whiteboard,Office Supplies,266.18,2.0,0.0,UPI,Online,532.36,532.36
ORD104530,2025-03-14,CUST1788,Ashley Olson,Central,Smartwatch,Electronics,293.42,1.0,10.0,PayPal,Mobile App,293.42,264.08
ORD101136,2025-10-14,CUST1137,Ian Phillips,South,Yoga Mat,Sports & Outdoors,290.99,1.0,0.0,Unknown,In-Store,290.99,290.99
ORD103723,2024-10-24,CUST1157,Richard Young,West,Wool Sweater,Apparel,118.31,2.0,0.0,Cash on Delivery,Mobile App,236.62,236.62
ORD100349,2024-05-28,CUST1109,Kathryn Snyder,West,Whiteboard,Office Supplies,107.22,3.0,0.0,Credit Card,Online,321.66,321.66
ORD100256,2024-07-27,CUST1317,Mark Peck,North,Running Shoes,Apparel,82.26,2.0,0.0,Debit Card,Mobile App,164.52,164.52
ORD102883,2025-02-18,CUST1110,David Davis,West,Running Shoes,Apparel,103.81,4.0,5.0,Credit Card,In-Store,415.24,394.48
ORD103018,2025-10-06,CUST1690,Tammy Cook,Central,Non-stick Pan Set,Home & Kitchen,87.67,1.0,0.0,Credit Card,Online,87.67,87.67
ORD103137,2025-03-20,CUST1399,Gregory Holmes PhD,East,Wireless Mouse,Electronics,189.28,2.0,0.0,UPI,In-Store,378.56,378.56
ORD104556,2024-10-14,CUST1625,Phillip Dixon,Central,Camping Tent,Sports & Outdoors,107.27,1.0,0.0,Debit Card,Online,107.27,107.27
ORD102784,2024-03-28,CUST1070,Chris Reyes,West,Air Fryer,Home & Kitchen,218.34,5.0,15.0,Debit Card,Mobile App,1091.7,927.94
ORD101557,2025-08-10,CUST1000,Allison Hill,East,Denim Jacket,Apparel,101.68,1.0,0.0,Debit Card,In-Store,101.68,101.68
ORD104366,2024-05-02,CUST1159,Jodi Walker,North,Webcam HD,Electronics,438.88,1.0,0.0,UPI,In-Store,438.88,438.88
ORD101894,2024-01-05,CUST1253,Chloe Tran,South,Bluetooth Speaker,Electronics,157.18,2.0,15.0,Credit Card,In-Store,314.36,267.21
ORD102412,2024-09-23,CUST1882,John Dillon,West,Air Fryer,Home & Kitchen,146.26,4.0,20.0,Cash on Delivery,Mobile App,585.04,468.03
ORD105658,2025-05-01,CUST1007,Dr. Sharon James,North,Mechanical Keyboard,Electronics,264.21,3.0,5.0,Debit Card,In-Store,792.63,753.0
ORD101444,2024-08-13,CUST1233,Victoria Contreras,Central,Denim Jacket,Apparel,93.67,1.0,0.0,Cash on Delivery,In-Store,93.67,93.67
ORD104621,2025-05-29,CUST1824,Judy Gregory,North,Webcam HD,Electronics,233.81,1.0,5.0,Credit Card,Online,233.81,222.12
ORD102077,2024-10-16,CUST1421,Krista Davis,Central,Cotton T-Shirt,Apparel,81.6,3.0,10.0,PayPal,In-Store,244.8,220.32
ORD104672,2025-07-15,CUST1394,Lori Mason,South,Whiteboard,Office Supplies,229.72,2.0,15.0,UPI,Online,459.44,390.52
ORD100466,2025-11-18,CUST1422,Richard Walker,Central,27in Monitor,Electronics,121.17,1.0,0.0,Debit Card,Online,121.17,121.17
ORD103446,2024-12-22,CUST1102,Joseph Hayes,North,Yoga Pants,Apparel,21.72,4.0,10.0,Cash on Delivery,In-Store,86.88,78.19
ORD105063,2025-02-08,CUST1772,Daniel Benson,West,Denim Jacket,Apparel,28.32,2.0,15.0,Cash on Delivery,Mobile App,56.64,48.14
ORD102231,2025-06-08,CUST1737,Anthony Bailey,West,Blender,Home & Kitchen,34.32,1.0,0.0,Debit Card,In-Store,34.32,34.32
ORD104784,2024-05-09,CUST1613,Krista Barber,West,Smartwatch,Electronics,311.62,1.0,0.0,Cash on Delivery,Online,311.62,311.62
ORD104167,2024-10-22,CUST1841,Erika Garcia,South,Whiteboard,Office Supplies,146.78,1.0,0.0,PayPal,Online,146.78,146.78
ORD104220,2025-11-08,CUST1018,Mark Lynch,South,Running Shoes,Apparel,80.94,1.0,5.0,Debit Card,Mobile App,80.94,76.89
ORD105015,2025-06-13,CUST1562,Preston Kim,West,Power Bank,Electronics,62.07,2.0,15.0,Cash on Delivery,Online,124.14,105.52
ORD101994,2024-10-16,CUST1708,Thomas Torres,Central,Denim Jacket,Apparel,115.55,1.0,0.0,Cash on Delivery,Mobile App,115.55,115.55
ORD101590,2025-01-03,CUST1260,Paula Lane,North,Coffee Maker,Home & Kitchen,188.51,1.0,15.0,UPI,Online,188.51,160.23
ORD103772,2025-01-13,CUST1369,Scott Miller,West,Bluetooth Speaker,Electronics,120.07,1.0,0.0,Credit Card,Online,120.07,120.07
ORD102356,2025-05-17,CUST1889,Laura Bruce,North,Cycling Helmet,Sports & Outdoors,188.92,2.0,0.0,PayPal,Mobile App,377.84,377.84
ORD105717,2025-06-29,CUST1737,Anthony Bailey,South,Notebook Pack,Office Supplies,191.59,3.0,10.0,PayPal,In-Store,574.77,517.29
ORD101351,2024-06-12,CUST1206,Stacey Arias,West,Non-stick Pan Set,Home & Kitchen,87.44,1.0,0.0,Cash on Delivery,In-Store,87.44,87.44
ORD105968,2024-10-09,CUST1490,Steve Mason,Central,Portable SSD 1TB,Electronics,98.2,1.0,0.0,Debit Card,In-Store,98.2,98.2
ORD101598,2024-01-31,CUST1117,Michael Martinez,East,Yoga Mat,Sports & Outdoors,30.15,2.0,0.0,Cash on Delivery,Mobile App,60.3,60.3
ORD103282,2024-12-13,CUST1079,Mrs. Marie Harrington DDS,Central,Water Bottle,Sports & Outdoors,70.58,4.0,0.0,Cash on Delivery,In-Store,282.32,282.32
ORD100624,2024-05-16,CUST1462,Deanna Bartlett,West,Camping Tent,Sports & Outdoors,255.92,2.0,0.0,Cash on Delivery,In-Store,511.84,511.84
ORD101561,2024-12-10,CUST1368,Jeffery Fitzgerald,West,Running Shoes,Apparel,57.06,3.0,15.0,UPI,Online,171.18,145.5
ORD103540,2024-09-23,CUST1498,Joseph Warren,North,Wireless Mouse,Electronics,161.03,1.0,5.0,UPI,Online,161.03,152.98
ORD103232,2024-07-24,CUST1124,Reginald Williams,East,Denim Jacket,Apparel,97.96,1.0,0.0,Debit Card,In-Store,97.96,97.96
ORD104586,2024-05-18,CUST1795,Christopher Vargas,North,Camping Tent,Sports & Outdoors,87.92,3.0,0.0,Cash on Delivery,In-Store,263.76,263.76
ORD103488,2024-04-06,CUST1500,Mrs. Alison Wagner,Central,Blender,Home & Kitchen,218.64,4.0,0.0,UPI,Online,874.56,874.56
ORD101632,2024-01-10,CUST1239,Amy Martinez,West,Blender,Home & Kitchen,53.64,1.0,0.0,Credit Card,Mobile App,53.64,53.64
ORD103824,2024-05-04,CUST1651,Adam Brooks,South,Cycling Helmet,Sports & Outdoors,158.26,2.0,0.0,Debit Card,In-Store,316.52,316.52
ORD103796,2025-07-23,CUST1543,Rebecca Horton,South,Yoga Pants,Apparel,65.04,2.0,0.0,Debit Card,In-Store,130.08,130.08
ORD102577,2024-05-14,CUST1527,Brent Hopkins,West,Coffee Maker,Home & Kitchen,198.83,1.0,5.0,UPI,Online,198.83,188.89
ORD101423,2024-04-14,CUST1826,Matthew Smith,North,Notebook Pack,Office Supplies,209.62,4.0,0.0,Cash on Delivery,In-Store,838.48,838.48
ORD105218,2025-06-08,CUST1667,Michael Howard,Central,Desk Lamp,Office Supplies,316.37,1.0,0.0,Cash on Delivery,In-Store,316.37,316.37
ORD105923,2025-07-26,CUST1202,Vincent Mueller,West,Standing Desk,Office Supplies,302.96,2.0,0.0,UPI,Mobile App,605.92,605.92
ORD103943,2025-08-28,CUST1025,Shannon Jones,South,Rice Cooker,Home & Kitchen,78.65,4.0,10.0,Credit Card,In-Store,314.6,283.14
ORD105971,2024-03-26,CUST1748,Keith Choi,Central,Power Bank,Electronics,370.42,2.0,10.0,Cash on Delivery,Mobile App,740.84,666.76
ORD102088,2024-04-11,CUST1410,Makayla Steele,South,Smartwatch,Electronics,50.23,4.0,0.0,PayPal,In-Store,200.92,200.92
ORD100841,2024-01-11,CUST1058,Erika Terry,West,Vacuum Cleaner,Home & Kitchen,164.42,1.0,5.0,Debit Card,Mobile App,164.42,156.2
ORD103088,2025-07-13,CUST1787,Dr. Michael Adams DVM,Central,Desk Lamp,Office Supplies,138.48,1.0,0.0,PayPal,Mobile App,138.48,138.48
ORD102954,2024-12-15,CUST1540,James Brown,South,Bluetooth Speaker,Electronics,215.05,2.0,5.0,PayPal,Mobile App,430.1,408.6
ORD104248,2025-02-06,CUST1491,Brittany Gay,South,USB-C Hub,Electronics,157.05,2.0,15.0,Credit Card,Mobile App,314.1,266.98
ORD103704,2025-04-11,CUST1129,Stacy Freeman,South,Yoga Pants,Apparel,34.92,1.0,0.0,Debit Card,Online,34.92,34.92
ORD102719,2024-02-24,CUST1422,Richard Walker,West,Whiteboard,Office Supplies,138.96,2.0,0.0,Credit Card,Online,277.92,277.92
ORD100740,2024-04-03,CUST1589,Andrew Berry,East,Whiteboard,Office Supplies,121.82,2.0,0.0,UPI,In-Store,243.64,243.64
ORD103692,2024-04-30,CUST1061,Steven Flynn,North,Mechanical Keyboard,Electronics,361.86,1.0,5.0,PayPal,Mobile App,361.86,343.77
ORD100280,2025-12-15,CUST1242,Matthew Le,Central,Wool Sweater,Apparel,52.25,3.0,5.0,Cash on Delivery,Online,156.75,148.91
ORD101443,2024-04-30,CUST1158,Kelly Reese,Central,Air Fryer,Home & Kitchen,101.56,2.0,0.0,UPI,Online,203.12,203.12
ORD100782,2025-11-12,CUST1225,Heather Bolton,Central,Yoga Mat,Sports & Outdoors,58.15,4.0,10.0,Credit Card,Mobile App,232.6,209.34
ORD104394,2024-08-25,CUST1833,Devin Cole,East,Running Shoes,Apparel,36.11,1.0,10.0,UPI,Mobile App,36.11,32.5
ORD102920,2024-09-24,CUST1168,Michelle Schmitt,Central,27in Monitor,Electronics,389.95,2.0,0.0,Debit Card,In-Store,779.9,779.9
ORD100814,2025-07-21,CUST1086,Madison Poole,North,Ergonomic Chair,Office Supplies,36.08,1.0,10.0,Credit Card,In-Store,36.08,32.47
ORD105183,2025-11-29,CUST1112,Robert Costa,South,Wireless Mouse,Electronics,216.07,3.0,5.0,Debit Card,Mobile App,648.21,615.8
ORD101900,2024-05-02,CUST1542,Ashley Parrish,South,Yoga Mat,Sports & Outdoors,34.19,5.0,0.0,Debit Card,Mobile App,170.95,170.95
ORD104043,2024-06-11,CUST1182,Anita Richard,Central,Running Shoes,Apparel,92.33,1.0,0.0,Credit Card,Online,92.33,92.33
ORD104995,2024-05-19,CUST1104,Brad Allen,East,Desk Lamp,Office Supplies,61.18,1.0,0.0,PayPal,In-Store,61.18,61.18
ORD104929,2024-05-05,CUST1505,Autumn Wilson,South,Power Bank,Electronics,97.23,1.0,0.0,Cash on Delivery,In-Store,97.23,97.23
ORD102714,2025-04-28,CUST1387,Tamara Jensen,North,Toaster,Home & Kitchen,128.55,1.0,0.0,Cash on Delivery,In-Store,128.55,128.55
ORD105967,2024-05-21,CUST1386,Alejandra Santos,Central,Wool Sweater,Apparel,19.35,2.0,0.0,PayPal,Online,38.7,38.7
ORD100494,2025-07-27,CUST1015,Tricia Valencia,North,Rice Cooker,Home & Kitchen,154.22,1.0,20.0,Debit Card,Mobile App,154.22,123.38
ORD105283,2025-05-05,CUST1770,Bethany Garcia,North,Notebook Pack,Office Supplies,89.65,1.0,5.0,PayPal,Online,89.65,85.17
ORD102637,2025-04-22,CUST1692,Karl Murphy,East,Yoga Mat,Sports & Outdoors,29.67,2.0,15.0,Debit Card,Mobile App,59.34,50.44
ORD102952,2024-12-01,CUST1698,Kirk Johnson,North,Yoga Mat,Sports & Outdoors,63.56,1.0,15.0,PayPal,Mobile App,63.56,54.03
ORD105801,2024-07-23,CUST1088,Samuel Rivas,North,27in Monitor,Electronics,300.13,3.0,5.0,UPI,Online,900.39,855.37
ORD100712,2024-02-15,CUST1190,Larry Mason,West,Smartwatch,Electronics,133.92,1.0,0.0,PayPal,Mobile App,133.92,133.92
ORD101767,2025-03-08,CUST1224,Mitchell Jackson,East,Yoga Pants,Apparel,88.32,1.0,15.0,Debit Card,Mobile App,88.32,75.07
ORD100135,2025-04-28,CUST1140,Patricia Becker,West,Bluetooth Speaker,Electronics,420.6,3.0,0.0,Debit Card,Mobile App,1261.8,1261.8
ORD105019,2024-01-10,CUST1085,Matthew Smith,Central,Water Bottle,Sports & Outdoors,89.51,1.0,10.0,UPI,In-Store,89.51,80.56
ORD104707,2024-07-14,CUST1524,Andrew Dunn,West,Cotton T-Shirt,Apparel,26.19,1.0,0.0,PayPal,In-Store,26.19,26.19
ORD101564,2025-04-17,CUST1002,Cristian Santos,Central,Yoga Pants,Apparel,81.2,2.0,15.0,Debit Card,Online,162.4,138.04
ORD102880,2024-04-05,CUST1064,Michael Snyder,East,Coffee Maker,Home & Kitchen,53.6,1.0,0.0,Debit Card,Mobile App,53.6,53.6
ORD104562,2024-04-01,CUST1148,Elizabeth Ortiz,East,27in Monitor,Electronics,316.02,2.0,5.0,PayPal,In-Store,632.04,600.44
ORD101930,2024-04-16,CUST1383,Kelly Wallace,East,Webcam HD,Electronics,380.79,1.0,0.0,Cash on Delivery,Online,380.79,380.79
ORD104759,2024-09-06,CUST1480,Jorge Bates,East,27in Monitor,Electronics,291.25,5.0,15.0,UPI,Mobile App,1456.25,1237.81
ORD102285,2025-12-15,CUST1310,Elizabeth Ward,Central,Dumbbell Set,Sports & Outdoors,161.73,1.0,10.0,UPI,Online,161.73,145.56
ORD100645,2024-12-15,CUST1095,Tiffany Vaughn,East,Noise Cancelling Headphones,Electronics,369.67,2.0,0.0,Debit Card,Mobile App,739.34,739.34
ORD105576,2025-02-02,CUST1048,Stacey Russell,East,Running Shoes,Apparel,70.1,2.0,0.0,Debit Card,In-Store,140.2,140.2
ORD104114,2024-09-12,CUST1656,Diane Martinez,South,Wireless Mouse,Electronics,46.79,1.0,0.0,UPI,Mobile App,46.79,46.79
ORD100342,2025-02-23,CUST1504,Lisa Haynes,North,Vacuum Cleaner,Home & Kitchen,129.54,1.0,0.0,Cash on Delivery,Online,129.54,129.54
ORD102542,2025-05-15,CUST1084,Barbara Riggs,North,Denim Jacket,Apparel,113.59,1.0,10.0,PayPal,In-Store,113.59,102.23
ORD103828,2024-11-26,CUST1664,Lauren Vazquez,East,Electric Kettle,Home & Kitchen,34.22,2.0,0.0,Cash on Delivery,Mobile App,68.44,68.44
ORD105114,2024-03-23,CUST1454,Bradley Anthony,North,Noise Cancelling Headphones,Electronics,212.74,1.0,0.0,Cash on Delivery,Online,212.74,212.74
ORD104575,2025-06-14,CUST1341,Ernest Oconnell,East,Standing Desk,Office Supplies,52.89,1.0,0.0,Debit Card,Mobile App,52.89,52.89
ORD105722,2025-12-13,CUST1637,Richard Kelly,East,Portable SSD 1TB,Electronics,333.19,5.0,15.0,Cash on Delivery,Mobile App,1665.95,1416.06
ORD100985,2025-01-15,CUST1208,Raven Taylor,East,Mechanical Keyboard,Electronics,57.93,1.0,0.0,UPI,Online,57.93,57.93
ORD100110,2025-07-24,CUST1628,Jamie Garcia,East,Whiteboard,Office Supplies,86.89,1.0,5.0,PayPal,Online,86.89,82.55
ORD105236,2024-11-25,CUST1677,Rebecca Brown,South,Webcam HD,Electronics,161.47,1.0,5.0,UPI,Mobile App,161.47,153.4
ORD104213,2025-09-13,CUST1281,Paul Finley,North,Cycling Helmet,Sports & Outdoors,177.93,1.0,0.0,Cash on Delivery,Online,177.93,177.93
ORD102549,2025-12-22,CUST1129,Stacy Freeman,West,Mechanical Keyboard,Electronics,385.56,1.0,0.0,Cash on Delivery,In-Store,385.56,385.56
ORD103967,2025-06-07,CUST1171,Christopher Park,North,Denim Jacket,Apparel,40.51,5.0,5.0,Credit Card,In-Store,202.55,192.42
ORD104673,2024-03-25,CUST1088,Samuel Rivas,West,Yoga Pants,Apparel,113.75,2.0,5.0,Credit Card,Mobile App,227.5,216.12
ORD105891,2024-08-04,CUST1747,Elizabeth Hunter,West,Blender,Home & Kitchen,173.87,2.0,0.0,Cash on Delivery,Mobile App,347.74,347.74
ORD104032,2025-03-26,CUST1780,April Castro,South,Standing Desk,Office Supplies,34.36,2.0,0.0,Debit Card,Mobile App,68.72,68.72
ORD102453,2025-03-23,CUST1382,Cynthia Rios,North,Air Fryer,Home & Kitchen,172.03,1.0,0.0,Cash on Delivery,In-Store,172.03,172.03
ORD103204,2025-07-06,CUST1856,Susan Cox,West,Yoga Pants,Apparel,47.84,2.0,0.0,Unknown,Online,95.68,95.68
ORD104999,2024-01-09,CUST1165,Brandon Simmons,Central,Ergonomic Chair,Office Supplies,32.46,1.0,0.0,Cash on Delivery,Mobile App,32.46,32.46
ORD100688,2024-04-01,CUST1187,Jeremy Turner,North,Coffee Maker,Home & Kitchen,42.93,1.0,0.0,UPI,Mobile App,42.93,42.93
ORD105852,2025-06-16,CUST1310,Elizabeth Ward,Central,Dumbbell Set,Sports & Outdoors,70.67,3.0,10.0,PayPal,In-Store,212.01,190.81
ORD100783,2025-12-08,CUST1892,Carol Morris,West,Smartwatch,Electronics,294.26,1.0,0.0,Cash on Delivery,Online,294.26,294.26
ORD105970,2024-05-10,CUST1219,Stacey Stewart,Central,Rice Cooker,Home & Kitchen,150.09,4.0,0.0,Credit Card,In-Store,600.36,600.36
ORD105498,2025-06-08,CUST1002,Cristian Santos,Central,Water Bottle,Sports & Outdoors,81.09,1.0,20.0,UPI,Mobile App,81.09,64.87
ORD105103,2025-11-19,CUST1297,Austin Wheeler,West,Bluetooth Speaker,Electronics,203.2,3.0,0.0,Cash on Delivery,Online,609.6,609.6
ORD102399,2024-11-26,CUST1687,Kevin Hall,Central,Yoga Pants,Apparel,40.67,2.0,0.0,Debit Card,Online,81.34,81.34
ORD101973,2024-07-12,CUST1634,Brett Martin,Central,Ergonomic Chair,Office Supplies,183.94,1.0,5.0,Debit Card,Online,183.94,174.74
ORD104564,2025-06-04,CUST1834,Michelle Salazar,South,27in Monitor,Electronics,37.6,1.0,5.0,UPI,In-Store,37.6,35.72
ORD101160,2024-01-30,CUST1299,Donna Cabrera,Central,Camping Tent,Sports & Outdoors,175.28,1.0,15.0,PayPal,In-Store,175.28,148.99
ORD101122,2024-03-15,CUST1155,Robin Hall,Central,Desk Lamp,Office Supplies,288.04,1.0,5.0,Cash on Delivery,In-Store,288.04,273.64
ORD103411,2025-08-11,CUST1155,Robin Hall,West,Wireless Mouse,Electronics,251.7,1.0,0.0,Credit Card,Mobile App,251.7,251.7
ORD100526,2024-11-27,CUST1708,Thomas Torres,South,Mechanical Keyboard,Electronics,296.48,4.0,15.0,Credit Card,In-Store,1185.92,1008.03
ORD103012,2025-02-20,CUST1594,James Rodriguez,Central,Yoga Pants,Apparel,43.06,1.0,10.0,Cash on Delivery,Online,43.06,38.75
ORD101316,2025-06-30,CUST1836,Julie Sims,West,27in Monitor,Electronics,281.12,1.0,10.0,UPI,Mobile App,281.12,253.01
ORD100080,2025-12-15,CUST1890,Brandy Martin,East,Non-stick Pan Set,Home & Kitchen,130.38,2.0,0.0,UPI,Online,260.76,260.76
ORD101854,2024-05-04,CUST1188,Jesse Brown,South,USB-C Hub,Electronics,375.65,3.0,0.0,Credit Card,Online,1126.95,1126.95
ORD104787,2024-10-28,CUST1598,Jessica Mays,West,Power Bank,Electronics,56.61,1.0,5.0,UPI,Mobile App,56.61,53.78
ORD104878,2025-04-04,CUST1047,Rebecca Valencia,Central,Denim Jacket,Apparel,114.87,2.0,0.0,UPI,Mobile App,229.74,229.74
ORD103464,2025-10-12,CUST1332,Michelle Miller,South,Rice Cooker,Home & Kitchen,107.09,5.0,0.0,Debit Card,Mobile App,535.45,535.45
ORD104307,2025-05-10,CUST1863,Jason Fleming,North,Bluetooth Speaker,Electronics,294.87,1.0,10.0,Credit Card,Mobile App,294.87,265.38
ORD103931,2025-08-12,CUST1559,Laura Perez,East,Denim Jacket,Apparel,41.73,1.0,0.0,Credit Card,In-Store,41.73,41.73
ORD104922,2024-09-28,CUST1584,Jamie Gray,South,Ergonomic Chair,Office Supplies,242.93,1.0,0.0,PayPal,Mobile App,242.93,242.93
ORD105028,2025-12-15,CUST1821,Nathan Watkins,North,Cotton T-Shirt,Apparel,69.08,1.0,0.0,Credit Card,In-Store,69.08,69.08
ORD102367,2024-09-24,CUST1238,Michael Cooper,West,Camping Tent,Sports & Outdoors,128.88,1.0,5.0,Credit Card,Online,128.88,122.44
ORD101137,2025-08-07,CUST1489,Julie Wilson,South,Water Bottle,Sports & Outdoors,48.92,2.0,0.0,Debit Card,Mobile App,97.84,97.84
ORD105171,2025-05-20,CUST1822,Kathryn Hanna,West,Coffee Maker,Home & Kitchen,205.94,1.0,0.0,Cash on Delivery,Mobile App,205.94,205.94
ORD100694,2025-08-22,CUST1862,Brian Hernandez,West,Dumbbell Set,Sports & Outdoors,90.71,1.0,5.0,PayPal,Online,90.71,86.17
ORD105303,2025-03-02,CUST1298,Andrew Gonzales,North,Cotton T-Shirt,Apparel,106.12,1.0,0.0,UPI,In-Store,106.12,106.12
ORD102763,2025-05-14,CUST1431,William Moreno,Central,Cotton T-Shirt,Apparel,76.18,2.0,0.0,Cash on Delivery,Mobile App,152.36,152.36
ORD104243,2025-12-16,CUST1783,Zachary Santiago,Central,Power Bank,Electronics,406.22,3.0,0.0,Cash on Delivery,In-Store,1218.66,1218.66
ORD104907,2025-08-19,CUST1449,Kimberly Villanueva,North,Denim Jacket,Apparel,20.79,2.0,5.0,Cash on Delivery,Mobile App,41.58,39.5
ORD104198,2025-01-14,CUST1359,Harold Ellis,North,Noise Cancelling Headphones,Electronics,290.94,1.0,20.0,PayPal,In-Store,290.94,232.75
ORD105904,2024-12-05,CUST1796,Michael Washington,North,Ergonomic Chair,Office Supplies,295.31,1.0,10.0,Cash on Delivery,Online,295.31,265.78
ORD102892,2025-02-01,CUST1623,Blake Sosa,West,Air Fryer,Home & Kitchen,46.95,3.0,10.0,UPI,In-Store,140.85,126.76
ORD101378,2025-11-18,CUST1594,James Rodriguez,East,Electric Kettle,Home & Kitchen,169.36,2.0,0.0,Credit Card,Online,338.72,338.72
ORD100569,2024-07-18,CUST1056,Renee Mcdaniel,South,Noise Cancelling Headphones,Electronics,287.45,1.0,5.0,Debit Card,In-Store,287.45,273.08
ORD102977,2024-03-04,CUST1520,Mason Moore,North,Whiteboard,Office Supplies,247.24,3.0,0.0,Debit Card,Mobile App,741.72,741.72
ORD105148,2024-01-07,CUST1101,David Grant,North,Desk Lamp,Office Supplies,17.54,1.0,10.0,UPI,Mobile App,17.54,15.79
ORD103832,2024-07-26,CUST1261,Patricia James,East,Blender,Home & Kitchen,96.97,1.0,10.0,PayPal,In-Store,96.97,87.27
ORD102945,2024-12-23,CUST1451,Colton Terry,Central,Electric Kettle,Home & Kitchen,148.34,1.0,10.0,Credit Card,In-Store,148.34,133.51
ORD101805,2025-12-05,CUST1894,Richard Jenkins,North,Air Fryer,Home & Kitchen,64.45,1.0,0.0,Unknown,Mobile App,64.45,64.45
ORD100609,2025-06-29,CUST1274,Taylor Gentry,North,Yoga Pants,Apparel,105.58,2.0,15.0,UPI,Mobile App,211.16,179.49
ORD102151,2025-08-15,CUST1146,James Little,South,Bluetooth Speaker,Electronics,348.42,3.0,15.0,Debit Card,Mobile App,1045.26,888.47
ORD100489,2024-11-05,CUST1462,Deanna Bartlett,Central,Ergonomic Chair,Office Supplies,102.31,1.0,10.0,PayPal,Online,102.31,92.08
ORD102192,2024-02-01,CUST1226,Heidi Owen,East,Water Bottle,Sports & Outdoors,134.66,2.0,20.0,Cash on Delivery,Mobile App,269.32,215.46
ORD100381,2025-02-19,CUST1184,Jordan Bullock,North,Smartwatch,Electronics,41.66,2.0,0.0,Cash on Delivery,Mobile App,83.32,83.32
ORD104980,2024-02-19,CUST1812,Matthew Rodriguez,West,Rice Cooker,Home & Kitchen,183.34,5.0,15.0,UPI,In-Store,916.7,779.2
ORD102602,2024-04-02,CUST1497,James Chapman,East,Standing Desk,Office Supplies,206.9,1.0,0.0,UPI,Online,206.9,206.9
ORD100305,2024-05-18,CUST1726,Cheryl Gonzales,North,Non-stick Pan Set,Home & Kitchen,184.2,2.0,0.0,Cash on Delivery,Mobile App,368.4,368.4
ORD100502,2025-12-29,CUST1678,Toni Davis,West,Desk Lamp,Office Supplies,202.85,1.0,5.0,UPI,Online,202.85,192.71
ORD100982,2024-03-06,CUST1624,Sarah Watson,Central,Yoga Pants,Apparel,37.87,1.0,5.0,PayPal,In-Store,37.87,35.98
ORD105557,2025-10-25,CUST1280,Cathy Taylor,South,Blender,Home & Kitchen,179.47,1.0,15.0,Cash on Delivery,In-Store,179.47,152.55
ORD101197,2025-03-24,CUST1446,Stacey Snyder,West,Noise Cancelling Headphones,Electronics,103.4,3.0,5.0,UPI,Mobile App,310.2,294.69
ORD100834,2024-07-25,CUST1308,Autumn Key,North,27in Monitor,Electronics,106.99,1.0,10.0,Debit Card,Online,106.99,96.29
ORD101077,2025-02-03,CUST1714,Shari Parker,East,Rice Cooker,Home & Kitchen,50.36,3.0,0.0,Credit Card,Mobile App,151.08,151.08
ORD105319,2025-12-16,CUST1333,Emily Rodriguez,Central,Cotton T-Shirt,Apparel,103.3,1.0,0.0,Cash on Delivery,In-Store,103.3,103.3
ORD102050,2024-07-23,CUST1347,Robin Wheeler,North,27in Monitor,Electronics,296.62,1.0,0.0,UPI,In-Store,296.62,296.62
ORD102438,2024-05-15,CUST1504,Lisa Haynes,North,Wireless Mouse,Electronics,29.73,2.0,0.0,UPI,Online,59.46,59.46
ORD104652,2024-10-05,CUST1069,Jeremiah Reeves,West,Whiteboard,Office Supplies,202.87,1.0,0.0,Credit Card,Mobile App,202.87,202.87
ORD100460,2025-08-09,CUST1232,Benjamin Thompson,Central,Noise Cancelling Headphones,Electronics,246.31,2.0,0.0,PayPal,Mobile App,492.62,492.62
ORD103966,2024-12-09,CUST1435,Sara Cochran,East,Camping Tent,Sports & Outdoors,238.7,2.0,5.0,Debit Card,In-Store,477.4,453.53
ORD104498,2025-10-22,CUST1360,Leslie Powers,South,Air Fryer,Home & Kitchen,126.24,2.0,20.0,Debit Card,In-Store,252.48,201.98
ORD103373,2024-11-23,CUST1214,Rachel Romero,Central,Power Bank,Electronics,310.4,5.0,0.0,UPI,Mobile App,1552.0,1552.0
ORD100501,2024-12-14,CUST1493,Abigail Hill,South,Toaster,Home & Kitchen,138.11,1.0,0.0,Cash on Delivery,In-Store,138.11,138.11
ORD100690,2025-05-31,CUST1504,Lisa Haynes,East,Coffee Maker,Home & Kitchen,30.38,1.0,0.0,Credit Card,In-Store,30.38,30.38
ORD100409,2024-03-02,CUST1101,David Grant,East,Desk Lamp,Office Supplies,112.01,2.0,5.0,PayPal,In-Store,224.02,212.82
ORD101583,2025-03-15,CUST1048,Stacey Russell,West,Whiteboard,Office Supplies,120.26,1.0,0.0,PayPal,In-Store,120.26,120.26
ORD102172,2025-08-15,CUST1858,Mrs. Ashley Mendoza,North,Cotton T-Shirt,Apparel,97.21,1.0,0.0,Debit Card,In-Store,97.21,97.21
ORD100179,2025-10-16,CUST1179,Mary Gomez,South,USB-C Hub,Electronics,30.99,1.0,5.0,UPI,Mobile App,30.99,29.44
ORD101641,2024-09-04,CUST1045,Michael Hoffman,East,Air Fryer,Home & Kitchen,34.74,1.0,10.0,Cash on Delivery,In-Store,34.74,31.27
ORD102200,2024-04-14,CUST1233,Victoria Contreras,East,Wireless Mouse,Electronics,333.67,2.0,0.0,Debit Card,In-Store,667.34,667.34
ORD103434,2025-10-25,CUST1153,Samantha Davis,North,Desk Lamp,Office Supplies,76.74,1.0,0.0,Debit Card,In-Store,76.74,76.74
ORD102198,2024-05-31,CUST1234,Michelle Ho,West,Mechanical Keyboard,Electronics,76.73,4.0,0.0,Cash on Delivery,Online,306.92,306.92
ORD104052,2024-07-17,CUST1323,Adam Jackson,East,Notebook Pack,Office Supplies,65.16,3.0,10.0,Debit Card,Online,195.48,175.93
ORD102129,2025-01-16,CUST1384,Karen Perez,North,Denim Jacket,Apparel,119.57,1.0,15.0,PayPal,Mobile App,119.57,101.63
ORD104801,2025-07-07,CUST1273,Matthew Velez,North,Whiteboard,Office Supplies,319.53,2.0,0.0,Debit Card,In-Store,639.06,639.06
ORD105145,2024-01-08,CUST1590,Christopher Nielsen,South,Power Bank,Electronics,328.83,1.0,0.0,Cash on Delivery,In-Store,328.83,328.83
ORD104212,2024-11-20,CUST1724,Laura Herrera,North,Wool Sweater,Apparel,52.35,1.0,0.0,Cash on Delivery,In-Store,52.35,52.35
ORD103587,2025-07-22,CUST1286,Angela Griffin,Central,Rice Cooker,Home & Kitchen,178.36,2.0,0.0,Cash on Delivery,Mobile App,356.72,356.72
ORD105197,2025-08-13,CUST1631,Kenneth Perez,West,Desk Lamp,Office Supplies,306.28,2.0,0.0,PayPal,Mobile App,612.56,612.56
ORD101280,2025-04-19,CUST1070,Chris Reyes,North,USB-C Hub,Electronics,277.21,2.0,0.0,Cash on Delivery,In-Store,554.42,554.42
ORD105841,2024-06-11,CUST1525,Jordan Clark,East,Running Shoes,Apparel,72.21,1.0,0.0,UPI,Online,72.21,72.21
ORD100935,2025-12-02,CUST1008,Daniel Adams,South,Portable SSD 1TB,Electronics,265.83,3.0,0.0,Debit Card,Mobile App,797.49,797.49
ORD105874,2024-07-27,CUST1313,Kelly Sanchez,Central,27in Monitor,Electronics,287.98,2.0,0.0,UPI,Online,575.96,575.96
ORD103835,2025-06-03,CUST1689,Susan Larson,West,Webcam HD,Electronics,138.78,3.0,0.0,UPI,Mobile App,416.34,416.34
ORD104997,2025-04-05,CUST1236,Stephen Jones,Central,Yoga Mat,Sports & Outdoors,281.28,1.0,20.0,UPI,In-Store,281.28,225.02
ORD102868,2024-12-25,CUST1414,Angela Bradley,West,Bluetooth Speaker,Electronics,43.82,3.0,5.0,UPI,Mobile App,131.46,124.89
ORD101241,2024-09-29,CUST1473,Danielle Bryant,South,Coffee Maker,Home & Kitchen,96.83,1.0,5.0,UPI,Online,96.83,91.99
ORD104163,2025-01-10,CUST1275,Jennifer Simpson DVM,South,Cotton T-Shirt,Apparel,63.97,2.0,0.0,UPI,In-Store,127.94,127.94
ORD105826,2024-02-01,CUST1380,William Patterson,North,Notebook Pack,Office Supplies,88.95,2.0,5.0,PayPal,In-Store,177.9,169.0
ORD102514,2024-06-03,CUST1827,Christopher Garza,North,Running Shoes,Apparel,17.73,1.0,10.0,Debit Card,Online,17.73,15.96
ORD102619,2025-11-04,CUST1025,Shannon Jones,South,Coffee Maker,Home & Kitchen,113.46,4.0,20.0,Credit Card,Online,453.84,363.07
ORD101071,2024-03-21,CUST1524,Andrew Dunn,Central,Power Bank,Electronics,440.16,2.0,20.0,PayPal,In-Store,880.32,704.26
ORD103277,2024-08-26,CUST1254,William Becker,North,Noise Cancelling Headphones,Electronics,146.63,1.0,5.0,UPI,Mobile App,146.63,139.3
ORD103506,2025-05-03,CUST1317,Mark Peck,Central,Blender,Home & Kitchen,149.04,1.0,0.0,UPI,Mobile App,149.04,149.04
ORD101302,2024-10-11,CUST1042,Shawn Baker,West,USB-C Hub,Electronics,101.97,1.0,10.0,Cash on Delivery,In-Store,101.97,91.77
ORD103449,2024-06-01,CUST1378,Frank Campbell MD,South,Ergonomic Chair,Office Supplies,11.62,2.0,0.0,Credit Card,Online,23.24,23.24
ORD103381,2025-12-01,CUST1209,Luis Bullock,West,Electric Kettle,Home & Kitchen,101.49,1.0,5.0,Credit Card,Online,101.49,96.42
ORD102551,2025-03-30,CUST1821,Nathan Watkins,North,Water Bottle,Sports & Outdoors,275.37,3.0,5.0,Cash on Delivery,Online,826.11,784.8
ORD104470,2024-10-31,CUST1149,David Medina,North,Mechanical Keyboard,Electronics,104.07,1.0,0.0,Cash on Delivery,In-Store,104.07,104.07
ORD105399,2024-04-09,CUST1799,James Turner,West,Yoga Pants,Apparel,88.36,5.0,0.0,Debit Card,In-Store,441.8,441.8
ORD102092,2024-07-25,CUST1820,Heather Miller,South,Smartwatch,Electronics,275.21,1.0,10.0,UPI,Mobile App,275.21,247.69
ORD100198,2024-10-16,CUST1245,Melinda Evans,West,Portable SSD 1TB,Electronics,413.64,2.0,5.0,Cash on Delivery,Mobile App,827.28,785.92
ORD100171,2024-07-31,CUST1789,Blake Wu,Central,Electric Kettle,Home & Kitchen,75.8,1.0,0.0,UPI,In-Store,75.8,75.8
ORD104242,2024-10-03,CUST1562,Preston Kim,Central,Power Bank,Electronics,288.45,2.0,0.0,Debit Card,In-Store,576.9,576.9
ORD102295,2024-05-22,CUST1585,Heather Parrish,South,Ergonomic Chair,Office Supplies,313.26,3.0,0.0,PayPal,In-Store,939.78,939.78
ORD102132,2024-04-06,CUST1078,Trevor Fisher,North,Rice Cooker,Home & Kitchen,20.59,1.0,0.0,Cash on Delivery,Online,20.59,20.59
ORD101181,2024-06-30,CUST1614,Jordan Powell,West,27in Monitor,Electronics,439.7,1.0,0.0,Debit Card,Mobile App,439.7,439.7
ORD101111,2024-12-28,CUST1056,Renee Mcdaniel,West,Power Bank,Electronics,192.26,1.0,20.0,Debit Card,In-Store,192.26,153.81
ORD102376,2024-04-03,CUST1718,Phillip Salazar,East,Notebook Pack,Office Supplies,12.49,2.0,15.0,Cash on Delivery,In-Store,24.98,21.23
ORD102234,2025-12-31,CUST1773,Kimberly Young,North,Yoga Pants,Apparel,104.4,1.0,20.0,UPI,Mobile App,104.4,83.52
ORD103935,2024-02-18,CUST1173,Cindy Barnes,West,Rice Cooker,Home & Kitchen,95.2,1.0,0.0,PayPal,Online,95.2,95.2
ORD102627,2025-01-02,CUST1886,Sandra Kennedy,South,Desk Lamp,Office Supplies,301.66,5.0,0.0,Credit Card,In-Store,1508.3,1508.3
ORD102599,2024-02-08,CUST1169,John Boone,South,USB-C Hub,Electronics,217.25,1.0,0.0,PayPal,Online,217.25,217.25
ORD102191,2025-12-22,CUST1597,April Pace,North,Bluetooth Speaker,Electronics,145.27,2.0,0.0,Cash on Delivery,Mobile App,290.54,290.54
ORD105237,2025-02-25,CUST1551,Daniel Goodwin,South,Mechanical Keyboard,Electronics,418.21,1.0,0.0,PayPal,Mobile App,418.21,418.21
ORD102136,2025-04-15,CUST1425,Jessica Ramsey,North,Whiteboard,Office Supplies,140.72,3.0,0.0,UPI,In-Store,422.16,422.16
ORD100805,2025-11-23,CUST1085,Matthew Smith,North,Webcam HD,Electronics,135.79,2.0,15.0,Debit Card,Mobile App,271.58,230.84
ORD104455,2024-04-09,CUST1168,Michelle Schmitt,North,Running Shoes,Apparel,88.85,3.0,0.0,Credit Card,Mobile App,266.55,266.55
ORD104719,2025-03-20,CUST1411,Oscar Parker,West,Portable SSD 1TB,Electronics,39.56,2.0,0.0,Cash on Delivery,In-Store,79.12,79.12
ORD102654,2025-11-30,CUST1040,Sherry Wood,North,Electric Kettle,Home & Kitchen,212.31,3.0,15.0,Cash on Delivery,Online,636.93,541.39
ORD105067,2025-08-01,CUST1503,Michael Harris,North,Water Bottle,Sports & Outdoors,188.63,3.0,0.0,Cash on Delivery,Online,565.89,565.89
ORD104091,2025-07-09,CUST1072,Alicia Gilmore,North,Denim Jacket,Apparel,20.37,3.0,0.0,UPI,Mobile App,61.11,61.11
ORD100893,2025-10-13,CUST1439,Eric Taylor,Central,Noise Cancelling Headphones,Electronics,106.88,2.0,0.0,Debit Card,In-Store,213.76,213.76
ORD104245,2024-07-17,CUST1456,Jeremiah Baker,North,USB-C Hub,Electronics,155.62,3.0,0.0,Cash on Delivery,Online,466.86,466.86
ORD103288,2024-11-03,CUST1143,Terry Coffey,North,Bluetooth Speaker,Electronics,339.56,5.0,0.0,Debit Card,Mobile App,1697.8,1697.8
ORD100416,2024-06-23,CUST1134,David Scott,South,Noise Cancelling Headphones,Electronics,156.48,1.0,0.0,PayPal,In-Store,156.48,156.48
ORD101415,2024-09-11,CUST1510,Sarah Ward,East,Webcam HD,Electronics,433.91,2.0,15.0,UPI,Mobile App,867.82,737.65
ORD104464,2025-01-04,CUST1695,Patricia Anderson,Central,Running Shoes,Apparel,45.33,1.0,0.0,Cash on Delivery,In-Store,45.33,45.33
ORD105869,2024-08-25,CUST1096,Paige Carlson,South,Noise Cancelling Headphones,Electronics,274.9,4.0,20.0,Credit Card,In-Store,1099.6,879.68
ORD105288,2024-11-27,CUST1361,Charles Price,North,Camping Tent,Sports & Outdoors,149.35,2.0,0.0,PayPal,In-Store,298.7,298.7
ORD102940,2025-08-28,CUST1882,John Dillon,South,Wool Sweater,Apparel,36.05,1.0,10.0,Debit Card,Mobile App,36.05,32.44
ORD101763,2025-12-02,CUST1653,Kellie Marsh,South,Rice Cooker,Home & Kitchen,68.91,1.0,0.0,Credit Card,Mobile App,68.91,68.91
ORD100726,2025-08-06,CUST1597,April Pace,East,Denim Jacket,Apparel,93.92,1.0,0.0,UPI,In-Store,93.92,93.92
ORD100930,2025-01-08,CUST1679,Laura Meza,Central,Notebook Pack,Office Supplies,163.89,2.0,0.0,PayPal,In-Store,327.78,327.78
ORD104512,2024-03-14,CUST1390,Katrina Adkins,West,27in Monitor,Electronics,81.21,2.0,10.0,UPI,Online,162.42,146.18
ORD103428,2024-09-14,CUST1127,Jennifer Pena,West,Power Bank,Electronics,318.62,2.0,0.0,Credit Card,Online,637.24,637.24
ORD104419,2025-04-03,CUST1176,Michael Watkins,Central,Ergonomic Chair,Office Supplies,345.67,4.0,5.0,PayPal,Online,1382.68,1313.55
ORD102554,2024-11-09,CUST1304,Kristina Faulkner,North,Toaster,Home & Kitchen,161.66,1.0,0.0,PayPal,In-Store,161.66,161.66
ORD100330,2025-04-12,CUST1262,Jeremy Barnes,North,Denim Jacket,Apparel,114.69,3.0,5.0,PayPal,In-Store,344.07,326.87
ORD105589,2024-12-27,CUST1232,Benjamin Thompson,West,Desk Lamp,Office Supplies,207.63,1.0,0.0,UPI,Mobile App,207.63,207.63
ORD104156,2024-04-08,CUST1898,Brenda Perez,Central,Power Bank,Electronics,391.26,1.0,10.0,PayPal,Online,391.26,352.13
ORD103907,2024-01-25,CUST1024,Crystal Robinson,West,Running Shoes,Apparel,106.65,2.0,0.0,Credit Card,In-Store,213.3,213.3
ORD105306,2024-08-17,CUST1349,Brett Walker,North,Notebook Pack,Office Supplies,100.22,1.0,0.0,UPI,Mobile App,100.22,100.22
ORD104858,2025-10-07,CUST1745,April Johnson,South,Yoga Mat,Sports & Outdoors,121.08,2.0,10.0,UPI,Mobile App,242.16,217.94
ORD101055,2024-10-02,CUST1110,David Davis,West,Air Fryer,Home & Kitchen,214.15,4.0,0.0,UPI,Mobile App,856.6,856.6
ORD105584,2025-03-04,CUST1414,Angela Bradley,East,Yoga Pants,Apparel,89.81,2.0,0.0,UPI,In-Store,179.62,179.62
ORD101339,2024-02-22,CUST1663,Jeffrey Smith,Central,Wireless Mouse,Electronics,88.77,1.0,0.0,Debit Card,Online,88.77,88.77
ORD102944,2025-11-26,CUST1572,Caroline Edwards,East,Bluetooth Speaker,Electronics,127.57,1.0,10.0,Cash on Delivery,Mobile App,127.57,114.81
ORD105787,2024-08-18,CUST1584,Jamie Gray,Central,Mechanical Keyboard,Electronics,60.8,1.0,0.0,Debit Card,In-Store,60.8,60.8
ORD105417,2024-09-18,CUST1691,Sarah Mcfarland,North,Wool Sweater,Apparel,99.61,1.0,10.0,PayPal,Online,99.61,89.65
ORD102029,2024-01-01,CUST1293,Susan Bennett,South,USB-C Hub,Electronics,369.41,3.0,0.0,UPI,In-Store,1108.23,1108.23
ORD100025,2024-03-15,CUST1468,Alicia Roth,West,Cotton T-Shirt,Apparel,40.06,1.0,0.0,Cash on Delivery,Mobile App,40.06,40.06
ORD102117,2025-12-24,CUST1229,Laura Moreno,East,Blender,Home & Kitchen,137.9,1.0,0.0,UPI,Mobile App,137.9,137.9
ORD104441,2025-04-13,CUST1049,Rita Keith,Central,Non-stick Pan Set,Home & Kitchen,82.17,1.0,5.0,UPI,In-Store,82.17,78.06
ORD103887,2024-07-26,CUST1428,James Barnes,Central,Wireless Mouse,Electronics,181.06,2.0,0.0,Credit Card,In-Store,362.12,362.12
ORD104239,2025-12-16,CUST1516,Sheryl Acosta,Central,Non-stick Pan Set,Home & Kitchen,71.41,1.0,15.0,Credit Card,Online,71.41,60.7
ORD104544,2025-12-26,CUST1422,Richard Walker,Central,Electric Kettle,Home & Kitchen,186.75,2.0,0.0,Cash on Delivery,Mobile App,373.5,373.5
ORD100193,2025-07-23,CUST1641,Kelly Cole,North,Cycling Helmet,Sports & Outdoors,75.66,1.0,5.0,PayPal,Mobile App,75.66,71.88
ORD104893,2025-10-19,CUST1854,Faith Johnson,North,Whiteboard,Office Supplies,16.27,4.0,10.0,Credit Card,In-Store,65.08,58.57
ORD104269,2025-09-08,CUST1818,Tina Davis,Central,Ergonomic Chair,Office Supplies,212.75,3.0,5.0,Debit Card,In-Store,638.25,606.34
ORD100632,2025-07-26,CUST1687,Kevin Hall,South,Ergonomic Chair,Office Supplies,11.82,2.0,0.0,Debit Card,In-Store,23.64,23.64
ORD100692,2025-01-17,CUST1801,Joseph Blanchard,North,Denim Jacket,Apparel,46.98,1.0,20.0,Debit Card,Online,46.98,37.58
ORD100040,2024-06-22,CUST1523,Jillian Wilson,East,Whiteboard,Office Supplies,232.6,1.0,0.0,PayPal,Mobile App,232.6,232.6
ORD105499,2025-12-07,CUST1371,Renee Hudson,South,Webcam HD,Electronics,301.39,4.0,10.0,UPI,Mobile App,1205.56,1085.0
ORD102328,2024-01-17,CUST1657,Johnny Peterson,East,Denim Jacket,Apparel,84.77,2.0,0.0,Cash on Delivery,Online,169.54,169.54
ORD100762,2025-05-08,CUST1839,Tammy Thompson,West,Rice Cooker,Home & Kitchen,108.28,2.0,20.0,UPI,In-Store,216.56,173.25
ORD102142,2025-12-02,CUST1654,Barry Taylor,South,Desk Lamp,Office Supplies,313.83,2.0,0.0,PayPal,Online,627.66,627.66
ORD101225,2025-12-03,CUST1003,Abigail Shaffer,North,Denim Jacket,Apparel,111.39,4.0,0.0,Credit Card,Mobile App,445.56,445.56
ORD101123,2024-11-26,CUST1019,Linda Burns,South,Toaster,Home & Kitchen,197.88,1.0,0.0,PayPal,Online,197.88,197.88
ORD105255,2024-01-15,CUST1089,Mary Rogers,West,Whiteboard,Office Supplies,112.19,2.0,0.0,Debit Card,Online,224.38,224.38
ORD101926,2025-03-22,CUST1352,Brent Bowen,East,Rice Cooker,Home & Kitchen,120.04,4.0,0.0,Cash on Delivery,Mobile App,480.16,480.16
ORD103496,2025-10-19,CUST1284,Tyler Mendoza,South,Notebook Pack,Office Supplies,100.94,1.0,0.0,Debit Card,Mobile App,100.94,100.94
ORD103560,2024-01-18,CUST1027,Brent Jordan,Central,Noise Cancelling Headphones,Electronics,91.76,2.0,5.0,Cash on Delivery,Online,183.52,174.34
ORD103793,2025-11-04,CUST1263,Tami Salas,Central,Whiteboard,Office Supplies,195.66,3.0,15.0,Credit Card,In-Store,586.98,498.93
ORD100200,2024-10-29,CUST1593,Kayla Jackson,East,Electric Kettle,Home & Kitchen,168.25,1.0,10.0,PayPal,Online,168.25,151.43
ORD104764,2024-03-27,CUST1122,Mary Grimes,West,Wireless Mouse,Electronics,245.03,1.0,20.0,Cash on Delivery,Online,245.03,196.02
ORD100180,2025-01-27,CUST1254,William Becker,North,Toaster,Home & Kitchen,153.85,1.0,0.0,PayPal,In-Store,153.85,153.85
ORD100579,2025-10-05,CUST1526,Sarah Rivera,West,Non-stick Pan Set,Home & Kitchen,29.74,1.0,0.0,Credit Card,Mobile App,29.74,29.74
ORD102664,2024-05-26,CUST1501,Martin Wise,West,Bluetooth Speaker,Electronics,259.74,1.0,0.0,UPI,Mobile App,259.74,259.74
ORD104216,2025-08-30,CUST1013,Zachary Hicks,South,Ergonomic Chair,Office Supplies,189.73,1.0,0.0,UPI,Mobile App,189.73,189.73
ORD105564,2024-12-14,CUST1036,Cynthia Wilson,Central,27in Monitor,Electronics,448.53,1.0,0.0,PayPal,Online,448.53,448.53
ORD105947,2025-04-30,CUST1076,James Elliott,East,Power Bank,Electronics,259.72,3.0,0.0,Debit Card,Online,779.16,779.16
ORD103834,2025-02-02,CUST1855,Rebecca French,North,Non-stick Pan Set,Home & Kitchen,52.62,5.0,0.0,Unknown,Mobile App,263.1,263.1
ORD100786,2025-08-01,CUST1433,Rebecca Kelly,North,Running Shoes,Apparel,47.63,2.0,0.0,Debit Card,Mobile App,95.26,95.26
ORD103733,2024-08-02,CUST1030,Angela Morton,West,Coffee Maker,Home & Kitchen,78.22,1.0,0.0,Credit Card,Mobile App,78.22,78.22
ORD105247,2024-02-09,CUST1010,Andrew Stewart,East,Mechanical Keyboard,Electronics,184.03,4.0,0.0,UPI,Mobile App,736.12,736.12
ORD105070,2024-08-27,CUST1324,Shannon Davis,West,Wool Sweater,Apparel,110.01,5.0,0.0,PayPal,Online,550.05,550.05
ORD101081,2024-08-10,CUST1418,John Phelps,Central,USB-C Hub,Electronics,350.92,5.0,0.0,Cash on Delivery,In-Store,1754.6,1754.6
ORD104654,2024-08-18,CUST1408,Eddie Mueller,East,Water Bottle,Sports & Outdoors,158.98,1.0,0.0,Credit Card,In-Store,158.98,158.98
ORD101861,2024-11-03,CUST1133,Bob Pitts,West,Yoga Mat,Sports & Outdoors,176.7,1.0,0.0,UPI,Mobile App,176.7,176.7
ORD102297,2025-07-28,CUST1535,Denise Stuart,West,Power Bank,Electronics,103.05,1.0,15.0,UPI,In-Store,103.05,87.59
ORD102463,2024-07-27,CUST1281,Paul Finley,Central,Running Shoes,Apparel,115.27,3.0,0.0,PayPal,Mobile App,345.81,345.81
ORD101843,2024-03-18,CUST1860,Mr. Bryan Mckinney,Central,Power Bank,Electronics,116.41,1.0,5.0,UPI,Mobile App,116.41,110.59
ORD104627,2025-11-13,CUST1611,Lisa Craig,North,Denim Jacket,Apparel,26.97,2.0,0.0,Unknown,In-Store,53.94,53.94
ORD102346,2024-07-19,CUST1212,Jose Allen,South,Dumbbell Set,Sports & Outdoors,168.64,4.0,0.0,Cash on Delivery,In-Store,674.56,674.56
ORD103758,2025-04-02,CUST1704,Lisa Brown,South,Running Shoes,Apparel,51.26,2.0,0.0,Cash on Delivery,Mobile App,102.52,102.52
ORD103668,2025-04-02,CUST1829,Erica Oconnell,East,Blender,Home & Kitchen,48.11,2.0,5.0,Credit Card,Mobile App,96.22,91.41
ORD103414,2025-10-03,CUST1024,Crystal Robinson,South,Dumbbell Set,Sports & Outdoors,268.67,1.0,0.0,Cash on Delivery,In-Store,268.67,268.67
ORD102634,2024-07-16,CUST1866,Keith Villanueva,North,Ergonomic Chair,Office Supplies,38.28,1.0,5.0,PayPal,Mobile App,38.28,36.37
ORD105542,2024-01-29,CUST1274,Taylor Gentry,West,Vacuum Cleaner,Home & Kitchen,195.76,1.0,15.0,Debit Card,Mobile App,195.76,166.4
ORD101172,2025-04-04,CUST1175,Lawrence Perry,East,Air Fryer,Home & Kitchen,112.05,1.0,0.0,Credit Card,In-Store,112.05,112.05
ORD101732,2024-02-21,CUST1390,Katrina Adkins,East,Notebook Pack,Office Supplies,251.66,4.0,10.0,Credit Card,Mobile App,1006.64,905.98
ORD103374,2025-10-13,CUST1237,Patricia Morrow,Central,Webcam HD,Electronics,334.6,1.0,0.0,Cash on Delivery,Mobile App,334.6,334.6
ORD104955,2025-11-03,CUST1319,Megan Drake,East,Yoga Pants,Apparel,111.71,1.0,20.0,Cash on Delivery,Mobile App,111.71,89.37
ORD103730,2025-09-27,CUST1611,Lisa Craig,Central,Webcam HD,Electronics,32.66,1.0,0.0,UPI,In-Store,32.66,32.66
ORD100070,2025-12-06,CUST1449,Kimberly Villanueva,Central,USB-C Hub,Electronics,361.87,2.0,0.0,UPI,In-Store,723.74,723.74
ORD105685,2025-07-21,CUST1417,Christopher Owens,West,USB-C Hub,Electronics,308.01,2.0,0.0,Debit Card,Online,616.02,616.02
ORD100577,2025-12-03,CUST1889,Laura Bruce,East,Coffee Maker,Home & Kitchen,139.78,1.0,0.0,Credit Card,In-Store,139.78,139.78
ORD100520,2025-04-30,CUST1699,Jessica Glass,East,Rice Cooker,Home & Kitchen,169.23,3.0,10.0,Cash on Delivery,In-Store,507.69,456.92
ORD105692,2024-06-12,CUST1335,Linda Mueller,North,Cycling Helmet,Sports & Outdoors,289.61,2.0,10.0,Credit Card,Mobile App,579.22,521.3
ORD101927,2025-02-16,CUST1488,Henry Garner,North,Camping Tent,Sports & Outdoors,251.38,2.0,0.0,Debit Card,In-Store,502.76,502.76
ORD103029,2025-03-31,CUST1464,Ashley Hernandez,South,Rice Cooker,Home & Kitchen,148.39,3.0,0.0,PayPal,Mobile App,445.17,445.17
ORD100296,2025-01-31,CUST1232,Benjamin Thompson,East,Mechanical Keyboard,Electronics,61.43,1.0,5.0,UPI,Mobile App,61.43,58.36
ORD105919,2024-03-10,CUST1504,Lisa Haynes,West,27in Monitor,Electronics,374.36,5.0,0.0,Cash on Delivery,In-Store,1871.8,1871.8
ORD103175,2024-05-25,CUST1117,Michael Martinez,East,Cotton T-Shirt,Apparel,63.07,2.0,0.0,Debit Card,In-Store,126.14,126.14
ORD102934,2025-04-07,CUST1682,Erika Watson PhD,East,Air Fryer,Home & Kitchen,96.28,2.0,0.0,Credit Card,Mobile App,192.56,192.56
ORD100720,2025-09-30,CUST1539,Mary Butler,South,Water Bottle,Sports & Outdoors,143.39,1.0,20.0,Credit Card,Online,143.39,114.71
ORD101824,2024-11-02,CUST1062,Frances Cardenas,North,Coffee Maker,Home & Kitchen,191.12,2.0,15.0,UPI,Online,382.24,324.9
ORD102014,2024-03-15,CUST1393,Austin Baker,West,Blender,Home & Kitchen,53.16,1.0,0.0,Cash on Delivery,Mobile App,53.16,53.16
ORD105569,2025-05-12,CUST1863,Jason Fleming,East,Ergonomic Chair,Office Supplies,112.94,1.0,10.0,UPI,In-Store,112.94,101.65
ORD100314,2025-08-08,CUST1597,April Pace,South,Vacuum Cleaner,Home & Kitchen,71.89,1.0,10.0,PayPal,Mobile App,71.89,64.7
ORD103251,2025-06-26,CUST1301,Sheryl Buck,Central,Non-stick Pan Set,Home & Kitchen,188.58,4.0,10.0,Debit Card,Mobile App,754.32,678.89
ORD105819,2025-11-19,CUST1017,Deborah Mason,South,Wool Sweater,Apparel,36.7,1.0,10.0,Debit Card,Mobile App,36.7,33.03
ORD100559,2025-11-20,CUST1462,Deanna Bartlett,Central,Coffee Maker,Home & Kitchen,114.03,2.0,5.0,Credit Card,Online,228.06,216.66
ORD102061,2024-11-03,CUST1407,John Campbell,West,Coffee Maker,Home & Kitchen,171.69,4.0,0.0,UPI,Mobile App,686.76,686.76
ORD101944,2025-12-12,CUST1827,Christopher Garza,East,Wireless Mouse,Electronics,121.07,1.0,5.0,Cash on Delivery,Online,121.07,115.02
ORD101847,2024-06-01,CUST1051,Courtney Velasquez,West,Webcam HD,Electronics,187.59,1.0,0.0,UPI,Mobile App,187.59,187.59
ORD105850,2025-06-17,CUST1323,Adam Jackson,South,Portable SSD 1TB,Electronics,190.17,1.0,0.0,Cash on Delivery,Mobile App,190.17,190.17
ORD102844,2024-06-10,CUST1474,Madison Martinez,West,USB-C Hub,Electronics,65.74,1.0,5.0,Credit Card,In-Store,65.74,62.45
ORD100003,2024-12-10,CUST1159,Jodi Walker,East,Ergonomic Chair,Office Supplies,267.99,1.0,0.0,UPI,Online,267.99,267.99
ORD100464,2025-09-19,CUST1273,Matthew Velez,Central,Ergonomic Chair,Office Supplies,54.73,1.0,5.0,Debit Card,Online,54.73,51.99
ORD100635,2025-04-11,CUST1569,Danielle Gonzalez,West,USB-C Hub,Electronics,159.11,5.0,15.0,UPI,Online,795.55,676.22
ORD100663,2025-03-24,CUST1723,Ricardo Franklin,East,USB-C Hub,Electronics,387.7,4.0,0.0,Credit Card,Online,1550.8,1550.8
ORD105075,2024-09-10,CUST1893,Heidi Ferguson,South,Bluetooth Speaker,Electronics,296.18,1.0,0.0,Credit Card,In-Store,296.18,296.18
ORD103625,2025-07-16,CUST1299,Donna Cabrera,North,Desk Lamp,Office Supplies,294.88,1.0,0.0,Debit Card,Online,294.88,294.88
ORD105487,2025-07-02,CUST1129,Stacy Freeman,South,27in Monitor,Electronics,390.52,1.0,0.0,PayPal,In-Store,390.52,390.52
ORD104789,2024-12-20,CUST1589,Andrew Berry,West,Portable SSD 1TB,Electronics,82.02,2.0,0.0,PayPal,Mobile App,164.04,164.04
ORD104372,2025-05-11,CUST1331,Henry Pugh MD,North,Cotton T-Shirt,Apparel,106.52,3.0,0.0,Cash on Delivery,Mobile App,319.56,319.56
ORD100155,2024-03-21,CUST1531,Leah Barton,West,Vacuum Cleaner,Home & Kitchen,52.93,1.0,15.0,Cash on Delivery,In-Store,52.93,44.99
ORD104655,2024-01-11,CUST1892,Carol Morris,South,Air Fryer,Home & Kitchen,136.88,5.0,0.0,Debit Card,Mobile App,684.4,684.4
ORD104553,2024-10-28,CUST1421,Krista Davis,South,Coffee Maker,Home & Kitchen,118.11,2.0,0.0,Debit Card,Online,236.22,236.22
ORD102350,2025-08-01,CUST1386,Alejandra Santos,South,Toaster,Home & Kitchen,72.39,1.0,0.0,Cash on Delivery,In-Store,72.39,72.39
ORD104281,2025-04-08,CUST1489,Julie Wilson,East,Electric Kettle,Home & Kitchen,141.75,3.0,0.0,Credit Card,Online,425.25,425.25
ORD103131,2024-11-20,CUST1449,Kimberly Villanueva,South,Ergonomic Chair,Office Supplies,191.54,3.0,10.0,Debit Card,In-Store,574.62,517.16
ORD100611,2025-04-12,CUST1661,Vickie Kennedy,South,Yoga Mat,Sports & Outdoors,194.57,3.0,0.0,UPI,Online,583.71,583.71
ORD101052,2025-10-06,CUST1330,Jennifer Ayala,West,Power Bank,Electronics,162.27,2.0,10.0,Credit Card,Online,324.54,292.09
ORD105928,2024-09-19,CUST1031,Tammy Allison,Central,Electric Kettle,Home & Kitchen,184.18,1.0,0.0,Debit Card,Mobile App,184.18,184.18
ORD104903,2024-12-11,CUST1512,Anna Briggs,East,Ergonomic Chair,Office Supplies,325.04,2.0,0.0,UPI,Online,650.08,650.08
ORD101163,2025-09-28,CUST1654,Barry Taylor,Central,Standing Desk,Office Supplies,117.62,1.0,0.0,Debit Card,In-Store,117.62,117.62
ORD103628,2025-03-18,CUST1089,Mary Rogers,South,Denim Jacket,Apparel,99.27,5.0,0.0,Debit Card,In-Store,496.35,496.35
ORD101276,2024-12-02,CUST1650,Katherine Campos,South,Vacuum Cleaner,Home & Kitchen,88.63,1.0,5.0,Credit Card,In-Store,88.63,84.2
ORD100856,2024-12-08,CUST1795,Christopher Vargas,East,Electric Kettle,Home & Kitchen,96.93,2.0,5.0,Debit Card,In-Store,193.86,184.17
ORD105419,2025-10-31,CUST1383,Kelly Wallace,North,Cycling Helmet,Sports & Outdoors,107.51,1.0,0.0,UPI,Mobile App,107.51,107.51
ORD102750,2024-02-15,CUST1036,Cynthia Wilson,Central,Blender,Home & Kitchen,218.71,3.0,0.0,Debit Card,Mobile App,656.13,656.13
ORD104909,2024-05-07,CUST1760,Dustin Patel,Central,Portable SSD 1TB,Electronics,26.3,2.0,0.0,UPI,Online,52.6,52.6
ORD101173,2024-01-29,CUST1583,Michael Boyd,Central,Blender,Home & Kitchen,32.76,1.0,0.0,UPI,In-Store,32.76,32.76
ORD100396,2025-08-19,CUST1743,Lee Stewart,North,Wireless Mouse,Electronics,338.19,1.0,10.0,PayPal,Online,338.19,304.37
ORD105553,2025-10-07,CUST1172,Kylie Morales,South,Mechanical Keyboard,Electronics,204.53,5.0,10.0,Debit Card,Online,1022.65,920.38
ORD104395,2025-12-21,CUST1596,Kim Goodwin,North,Cycling Helmet,Sports & Outdoors,245.84,1.0,0.0,Credit Card,Mobile App,245.84,245.84
ORD102947,2025-05-01,CUST1830,Donald Todd,North,Toaster,Home & Kitchen,80.59,2.0,10.0,Debit Card,Online,161.18,145.06
ORD104503,2024-10-17,CUST1876,Christie Fox,Central,Coffee Maker,Home & Kitchen,189.22,4.0,0.0,Credit Card,Mobile App,756.88,756.88
ORD104460,2025-10-13,CUST1443,Keith Zuniga,West,Camping Tent,Sports & Outdoors,89.13,1.0,0.0,Debit Card,In-Store,89.13,89.13
ORD100059,2024-07-14,CUST1010,Andrew Stewart,Central,Notebook Pack,Office Supplies,105.08,2.0,0.0,UPI,In-Store,210.16,210.16
ORD101592,2024-09-18,CUST1514,Michael Brown,North,Bluetooth Speaker,Electronics,127.39,2.0,0.0,Unknown,Mobile App,254.78,254.78
ORD105439,2025-07-07,CUST1717,Elizabeth Reese,East,USB-C Hub,Electronics,82.07,4.0,5.0,Cash on Delivery,Online,328.28,311.87
ORD105257,2024-07-15,CUST1238,Michael Cooper,South,USB-C Hub,Electronics,395.5,2.0,0.0,Unknown,Online,791.0,791.0
ORD100558,2025-01-16,CUST1283,Stephanie Padilla,East,27in Monitor,Electronics,161.2,4.0,0.0,UPI,Mobile App,644.8,644.8
ORD105719,2025-09-22,CUST1226,Heidi Owen,West,Wool Sweater,Apparel,114.02,5.0,0.0,Credit Card,In-Store,570.1,570.1
ORD101114,2025-09-13,CUST1498,Joseph Warren,Central,Running Shoes,Apparel,97.03,1.0,0.0,Credit Card,Online,97.03,97.03
ORD103848,2025-07-08,CUST1690,Tammy Cook,East,Wool Sweater,Apparel,70.43,1.0,0.0,Credit Card,Mobile App,70.43,70.43
ORD101741,2024-04-14,CUST1747,Elizabeth Hunter,Central,Desk Lamp,Office Supplies,321.54,1.0,10.0,UPI,Mobile App,321.54,289.39
ORD104780,2024-10-30,CUST1545,Maria Fischer,South,27in Monitor,Electronics,33.89,3.0,5.0,PayPal,Mobile App,101.67,96.59
ORD100299,2025-10-02,CUST1089,Mary Rogers,Central,Blender,Home & Kitchen,186.82,1.0,0.0,PayPal,Mobile App,186.82,186.82
ORD101271,2024-09-17,CUST1106,Dennis Moody,East,Toaster,Home & Kitchen,196.14,5.0,5.0,Debit Card,Mobile App,980.7,931.66
ORD103002,2024-10-03,CUST1723,Ricardo Franklin,North,Blender,Home & Kitchen,200.66,1.0,5.0,UPI,Mobile App,200.66,190.63
ORD105256,2025-03-27,CUST1572,Caroline Edwards,East,Desk Lamp,Office Supplies,81.63,1.0,0.0,Debit Card,In-Store,81.63,81.63
ORD102530,2024-06-16,CUST1171,Christopher Park,East,Blender,Home & Kitchen,152.14,1.0,0.0,Debit Card,Online,152.14,152.14
ORD102046,2024-01-14,CUST1372,Kenneth Farley,East,Camping Tent,Sports & Outdoors,83.48,2.0,0.0,UPI,Online,166.96,166.96
ORD104842,2025-08-26,CUST1580,Travis Hopkins,East,Cycling Helmet,Sports & Outdoors,284.69,1.0,10.0,Credit Card,Online,284.69,256.22
ORD105369,2024-07-23,CUST1671,Patty Allen,Central,Wool Sweater,Apparel,116.1,5.0,0.0,Unknown,In-Store,580.5,580.5
ORD105710,2025-02-05,CUST1343,Catherine Saunders MD,West,Standing Desk,Office Supplies,290.45,1.0,15.0,Cash on Delivery,In-Store,290.45,246.88
ORD102121,2025-06-05,CUST1318,Jennifer Smith,South,Electric Kettle,Home & Kitchen,123.32,2.0,0.0,Credit Card,Online,246.64,246.64
ORD101939,2025-07-13,CUST1740,Anna Evans,South,Cotton T-Shirt,Apparel,80.46,2.0,0.0,Credit Card,In-Store,160.92,160.92
ORD101518,2025-02-16,CUST1118,Anna Gay,West,Blender,Home & Kitchen,30.7,2.0,0.0,Debit Card,Online,61.4,61.4
ORD102103,2024-10-10,CUST1526,Sarah Rivera,Central,Power Bank,Electronics,161.0,2.0,10.0,UPI,Online,322.0,289.8
ORD102039,2025-05-30,CUST1269,Thomas Douglas,Central,Electric Kettle,Home & Kitchen,31.1,1.0,15.0,Credit Card,In-Store,31.1,26.44
ORD103245,2025-09-08,CUST1505,Autumn Wilson,North,Portable SSD 1TB,Electronics,203.85,1.0,20.0,Debit Card,Mobile App,203.85,163.08
ORD102759,2025-10-14,CUST1807,Angelica Jacobs,Central,Portable SSD 1TB,Electronics,437.7,2.0,5.0,PayPal,In-Store,875.4,831.63
ORD102371,2024-03-09,CUST1410,Makayla Steele,Central,Standing Desk,Office Supplies,121.73,4.0,0.0,Debit Card,Mobile App,486.92,486.92
ORD101233,2025-10-09,CUST1390,Katrina Adkins,North,Noise Cancelling Headphones,Electronics,203.33,1.0,20.0,PayPal,Online,203.33,162.66
ORD104595,2025-03-11,CUST1401,Laura Jones,West,Electric Kettle,Home & Kitchen,209.65,3.0,0.0,Cash on Delivery,Mobile App,628.95,628.95
ORD105956,2025-09-25,CUST1276,Tanya Rogers,North,Yoga Mat,Sports & Outdoors,122.27,1.0,0.0,UPI,Mobile App,122.27,122.27
ORD105840,2025-06-03,CUST1494,Jeffrey Jordan,North,USB-C Hub,Electronics,142.84,2.0,5.0,PayPal,In-Store,285.68,271.4
ORD102749,2025-09-12,CUST1399,Gregory Holmes PhD,South,Wool Sweater,Apparel,76.32,4.0,5.0,PayPal,Online,305.28,290.02
ORD100088,2024-08-30,CUST1873,Michael Wells,South,Noise Cancelling Headphones,Electronics,318.38,1.0,0.0,PayPal,Mobile App,318.38,318.38
ORD105143,2024-10-23,CUST1163,Larry Garcia,East,Denim Jacket,Apparel,115.1,1.0,10.0,UPI,Online,115.1,103.59
ORD101006,2025-10-04,CUST1036,Cynthia Wilson,West,Smartwatch,Electronics,159.95,3.0,15.0,Debit Card,Mobile App,479.85,407.87
ORD104769,2024-10-28,CUST1494,Jeffrey Jordan,Central,Mechanical Keyboard,Electronics,108.22,1.0,10.0,Debit Card,In-Store,108.22,97.4
ORD103700,2024-10-23,CUST1158,Kelly Reese,Central,Vacuum Cleaner,Home & Kitchen,199.41,1.0,5.0,Cash on Delivery,In-Store,199.41,189.44
ORD102971,2024-04-17,CUST1242,Matthew Le,West,Standing Desk,Office Supplies,102.1,2.0,0.0,Credit Card,Mobile App,204.2,204.2
ORD100098,2025-10-22,CUST1702,Christina Mills,Central,Denim Jacket,Apparel,61.56,5.0,0.0,UPI,In-Store,307.8,307.8
ORD100214,2024-05-15,CUST1779,Lisa Dixon,South,Non-stick Pan Set,Home & Kitchen,41.31,1.0,0.0,UPI,In-Store,41.31,41.31
ORD103979,2025-07-16,CUST1625,Phillip Dixon,West,Water Bottle,Sports & Outdoors,73.59,1.0,15.0,Cash on Delivery,Mobile App,73.59,62.55
ORD102288,2024-04-16,CUST1663,Jeffrey Smith,South,Noise Cancelling Headphones,Electronics,282.72,1.0,0.0,UPI,In-Store,282.72,282.72
ORD102217,2024-05-22,CUST1329,Haley Davis,South,Whiteboard,Office Supplies,108.98,1.0,5.0,Debit Card,Online,108.98,103.53
ORD102240,2025-04-03,CUST1784,Katelyn Kim,West,Non-stick Pan Set,Home & Kitchen,191.75,1.0,0.0,UPI,Online,191.75,191.75
ORD101148,2025-05-02,CUST1534,Lisa Morris,South,Notebook Pack,Office Supplies,26.63,5.0,20.0,Debit Card,Mobile App,133.15,106.52
ORD103932,2025-07-16,CUST1037,Kevin Mills,Central,Air Fryer,Home & Kitchen,39.24,1.0,0.0,Debit Card,Mobile App,39.24,39.24
ORD102204,2025-10-05,CUST1819,Julian Ponce,East,Ergonomic Chair,Office Supplies,326.14,1.0,0.0,Credit Card,Online,326.14,326.14
ORD102026,2025-08-05,CUST1074,Stephanie Freeman,North,Webcam HD,Electronics,233.57,1.0,5.0,PayPal,In-Store,233.57,221.89
ORD104009,2024-09-15,CUST1310,Elizabeth Ward,North,27in Monitor,Electronics,85.53,3.0,0.0,PayPal,In-Store,256.59,256.59
ORD100716,2024-08-23,CUST1654,Barry Taylor,East,Portable SSD 1TB,Electronics,397.34,4.0,0.0,Debit Card,Online,1589.36,1589.36
ORD103402,2024-11-06,CUST1195,Emily Douglas,North,27in Monitor,Electronics,409.45,1.0,0.0,Credit Card,In-Store,409.45,409.45
ORD104592,2024-12-24,CUST1524,Andrew Dunn,East,Desk Lamp,Office Supplies,253.49,2.0,20.0,UPI,Mobile App,506.98,405.58
ORD104467,2025-09-02,CUST1158,Kelly Reese,Central,Water Bottle,Sports & Outdoors,80.61,1.0,0.0,UPI,Mobile App,80.61,80.61
ORD101183,2025-07-15,CUST1465,Sharon Beard,Central,Coffee Maker,Home & Kitchen,119.53,2.0,0.0,UPI,Online,239.06,239.06
ORD100222,2024-03-16,CUST1433,Rebecca Kelly,West,Denim Jacket,Apparel,81.5,1.0,10.0,Cash on Delivery,In-Store,81.5,73.35
ORD100122,2024-02-04,CUST1078,Trevor Fisher,North,Coffee Maker,Home & Kitchen,82.08,1.0,5.0,Cash on Delivery,In-Store,82.08,77.98
ORD100695,2025-07-23,CUST1850,Joseph Mendoza,South,Smartwatch,Electronics,264.31,1.0,0.0,UPI,Online,264.31,264.31
ORD101492,2024-07-01,CUST1861,Judith Miller,Central,Yoga Pants,Apparel,59.31,1.0,5.0,PayPal,Mobile App,59.31,56.34
ORD101298,2024-10-25,CUST1741,John Martinez,East,Cotton T-Shirt,Apparel,36.47,1.0,10.0,Debit Card,Mobile App,36.47,32.82
ORD101089,2024-09-23,CUST1801,Joseph Blanchard,Central,Desk Lamp,Office Supplies,304.8,5.0,0.0,Cash on Delivery,Online,1524.0,1524.0
ORD105570,2024-06-02,CUST1445,Hayley Buchanan,Central,Whiteboard,Office Supplies,195.25,3.0,10.0,Credit Card,Online,585.75,527.18
ORD102053,2024-04-02,CUST1337,Derrick Adams,South,Webcam HD,Electronics,342.55,5.0,0.0,Credit Card,Mobile App,1712.75,1712.75
ORD103513,2025-03-31,CUST1578,Donna Marshall,Central,Non-stick Pan Set,Home & Kitchen,137.23,1.0,5.0,Credit Card,Mobile App,137.23,130.37
ORD102104,2025-09-29,CUST1739,Matthew Graves,North,27in Monitor,Electronics,96.53,4.0,0.0,Debit Card,In-Store,386.12,386.12
ORD105033,2024-04-15,CUST1764,Michael Vance,North,Vacuum Cleaner,Home & Kitchen,166.85,1.0,20.0,Credit Card,In-Store,166.85,133.48
ORD100892,2024-11-21,CUST1839,Tammy Thompson,West,Noise Cancelling Headphones,Electronics,38.89,1.0,10.0,Cash on Delivery,In-Store,38.89,35.0
ORD105944,2025-02-16,CUST1119,Dr. Jordan Hill PhD,North,USB-C Hub,Electronics,353.12,1.0,5.0,UPI,In-Store,353.12,335.46
ORD100031,2024-12-09,CUST1366,Joshua Jackson,Central,Webcam HD,Electronics,179.98,4.0,0.0,PayPal,Mobile App,719.92,719.92
ORD101141,2025-10-05,CUST1878,Terri Kerr,East,Denim Jacket,Apparel,32.0,1.0,0.0,Cash on Delivery,In-Store,32.0,32.0
ORD101626,2025-03-15,CUST1445,Hayley Buchanan,Central,Blender,Home & Kitchen,104.14,1.0,0.0,Cash on Delivery,Mobile App,104.14,104.14
ORD104566,2024-12-06,CUST1443,Keith Zuniga,Central,Notebook Pack,Office Supplies,85.37,3.0,0.0,PayPal,In-Store,256.11,256.11
ORD102506,2024-03-26,CUST1111,Pamela Thompson,East,Notebook Pack,Office Supplies,280.59,1.0,5.0,PayPal,Mobile App,280.59,266.56
ORD101428,2025-02-05,CUST1635,Patrick Green,South,Whiteboard,Office Supplies,50.7,2.0,5.0,PayPal,Online,101.4,96.33
ORD103122,2025-02-17,CUST1587,Jack Love,West,Dumbbell Set,Sports & Outdoors,139.39,2.0,0.0,Debit Card,In-Store,278.78,278.78
ORD100812,2024-12-28,CUST1468,Alicia Roth,East,Water Bottle,Sports & Outdoors,215.76,1.0,0.0,Cash on Delivery,In-Store,215.76,215.76
ORD104443,2024-07-28,CUST1807,Angelica Jacobs,North,27in Monitor,Electronics,348.19,3.0,15.0,Cash on Delivery,In-Store,1044.57,887.88
ORD105167,2024-12-30,CUST1327,Michelle Sanders,West,Dumbbell Set,Sports & Outdoors,74.7,4.0,0.0,Unknown,In-Store,298.8,298.8
ORD104034,2025-11-27,CUST1658,Amanda Miller,West,Mechanical Keyboard,Electronics,263.36,2.0,5.0,UPI,Mobile App,526.72,500.38
ORD102159,2025-03-15,CUST1597,April Pace,North,Notebook Pack,Office Supplies,217.2,1.0,0.0,Debit Card,Mobile App,217.2,217.2
ORD104722,2024-05-27,CUST1056,Renee Mcdaniel,Central,Rice Cooker,Home & Kitchen,119.05,2.0,20.0,Cash on Delivery,In-Store,238.1,190.48
ORD100729,2024-05-21,CUST1195,Emily Douglas,West,Bluetooth Speaker,Electronics,131.26,2.0,10.0,Cash on Delivery,In-Store,262.52,236.27
ORD100944,2025-10-27,CUST1086,Madison Poole,East,Wireless Mouse,Electronics,221.69,3.0,0.0,Cash on Delivery,Online,665.07,665.07
ORD104283,2024-10-07,CUST1707,Charlotte Mason,North,Coffee Maker,Home & Kitchen,180.76,1.0,5.0,Credit Card,Mobile App,180.76,171.72
ORD104191,2024-08-16,CUST1515,Meghan White,South,Wireless Mouse,Electronics,242.04,4.0,5.0,Credit Card,Mobile App,968.16,919.75
ORD100801,2024-02-05,CUST1575,Stephen Jones,West,Ergonomic Chair,Office Supplies,23.31,2.0,0.0,Credit Card,Mobile App,46.62,46.62
ORD101619,2024-11-18,CUST1835,Justin Lee,Central,Bluetooth Speaker,Electronics,439.26,2.0,5.0,Credit Card,Mobile App,878.52,834.59
ORD105354,2024-10-01,CUST1772,Daniel Benson,South,Toaster,Home & Kitchen,114.39,2.0,0.0,Debit Card,Mobile App,228.78,228.78
ORD105902,2025-06-06,CUST1329,Haley Davis,West,Yoga Pants,Apparel,23.4,2.0,0.0,Credit Card,Online,46.8,46.8
ORD100224,2025-07-30,CUST1662,Kelly King,West,Running Shoes,Apparel,26.48,1.0,5.0,UPI,In-Store,26.48,25.16
ORD104540,2025-10-05,CUST1457,Rhonda Gutierrez,East,Wireless Mouse,Electronics,312.87,1.0,5.0,Credit Card,Mobile App,312.87,297.23
ORD105702,2024-08-12,CUST1598,Jessica Mays,North,Power Bank,Electronics,258.44,2.0,5.0,Cash on Delivery,Mobile App,516.88,491.04
ORD100006,2025-09-15,CUST1699,Jessica Glass,West,Bluetooth Speaker,Electronics,94.13,1.0,5.0,Cash on Delivery,Mobile App,94.13,89.42
ORD103299,2025-09-11,CUST1377,Heather Brown,West,Toaster,Home & Kitchen,23.17,1.0,5.0,Cash on Delivery,Online,23.17,22.01
ORD101043,2025-08-23,CUST1726,Cheryl Gonzales,South,Camping Tent,Sports & Outdoors,200.67,2.0,0.0,PayPal,Mobile App,401.34,401.34
ORD105780,2025-07-31,CUST1738,Thomas Williams,Central,Smartwatch,Electronics,378.54,2.0,20.0,PayPal,Online,757.08,605.66
ORD102044,2024-03-22,CUST1655,Katherine Flores,North,Portable SSD 1TB,Electronics,333.72,5.0,15.0,Credit Card,In-Store,1668.6,1418.31
ORD104404,2024-08-27,CUST1735,Lisa Snyder,North,Dumbbell Set,Sports & Outdoors,224.91,2.0,5.0,Credit Card,Mobile App,449.82,427.33
ORD100173,2024-05-20,CUST1575,Stephen Jones,North,Portable SSD 1TB,Electronics,303.79,2.0,5.0,Cash on Delivery,Online,607.58,577.2
ORD101989,2024-03-20,CUST1432,Joseph Moody,West,Mechanical Keyboard,Electronics,320.15,1.0,10.0,UPI,Mobile App,320.15,288.14
ORD102736,2024-07-03,CUST1698,Kirk Johnson,East,Portable SSD 1TB,Electronics,432.32,1.0,0.0,UPI,Online,432.32,432.32
ORD105918,2025-02-05,CUST1421,Krista Davis,West,Dumbbell Set,Sports & Outdoors,37.64,1.0,0.0,Credit Card,Online,37.64,37.64
ORD101421,2024-05-17,CUST1339,Brian Torres,East,Notebook Pack,Office Supplies,92.09,2.0,10.0,Credit Card,Mobile App,184.18,165.76
ORD100399,2025-01-26,CUST1119,Dr. Jordan Hill PhD,Central,Dumbbell Set,Sports & Outdoors,208.3,4.0,0.0,Debit Card,Mobile App,833.2,833.2
ORD104073,2024-06-07,CUST1271,David Garcia,East,Blender,Home & Kitchen,132.03,2.0,0.0,UPI,In-Store,264.06,264.06
ORD101943,2024-04-26,CUST1873,Michael Wells,West,USB-C Hub,Electronics,369.07,4.0,20.0,Debit Card,In-Store,1476.28,1181.02
ORD101053,2025-07-13,CUST1313,Kelly Sanchez,North,Non-stick Pan Set,Home & Kitchen,87.33,4.0,0.0,Credit Card,In-Store,349.32,349.32
ORD100647,2025-07-18,CUST1302,Megan Floyd,South,USB-C Hub,Electronics,315.83,1.0,5.0,Credit Card,Mobile App,315.83,300.04
ORD102563,2025-09-01,CUST1361,Charles Price,East,Toaster,Home & Kitchen,202.32,1.0,0.0,Debit Card,Online,202.32,202.32
ORD102120,2025-01-01,CUST1692,Karl Murphy,West,Non-stick Pan Set,Home & Kitchen,146.43,2.0,15.0,Credit Card,Mobile App,292.86,248.93
ORD101683,2025-03-19,CUST1756,Brittany Peterson,South,Smartwatch,Electronics,144.36,1.0,15.0,Cash on Delivery,In-Store,144.36,122.71
ORD102366,2025-03-07,CUST1852,Mrs. Maureen Martin DDS,North,Standing Desk,Office Supplies,119.71,4.0,0.0,Credit Card,Mobile App,478.84,478.84
ORD101522,2024-12-24,CUST1717,Elizabeth Reese,North,Blender,Home & Kitchen,50.03,1.0,10.0,Credit Card,Mobile App,50.03,45.03
ORD102353,2024-09-27,CUST1286,Angela Griffin,South,Denim Jacket,Apparel,65.67,1.0,0.0,Debit Card,Mobile App,65.67,65.67
ORD101220,2024-11-05,CUST1752,Andre Terrell,North,Portable SSD 1TB,Electronics,305.25,1.0,5.0,UPI,In-Store,305.25,289.99
ORD104827,2024-10-16,CUST1448,Fernando Lynn,East,Dumbbell Set,Sports & Outdoors,204.2,2.0,5.0,Debit Card,Online,408.4,387.98
ORD103773,2024-12-19,CUST1485,Micheal Parks,East,Vacuum Cleaner,Home & Kitchen,113.62,1.0,5.0,PayPal,Online,113.62,107.94
ORD103421,2024-02-28,CUST1871,Joshua Martin,South,USB-C Hub,Electronics,202.25,1.0,0.0,Debit Card,Mobile App,202.25,202.25
ORD105230,2025-02-27,CUST1150,Kimberly Matthews,West,Air Fryer,Home & Kitchen,111.22,5.0,0.0,PayPal,In-Store,556.1,556.1
ORD101809,2025-01-22,CUST1490,Steve Mason,East,Denim Jacket,Apparel,45.72,3.0,0.0,Cash on Delivery,In-Store,137.16,137.16
ORD100473,2024-02-14,CUST1387,Tamara Jensen,West,Toaster,Home & Kitchen,165.37,5.0,5.0,PayPal,Mobile App,826.85,785.51
ORD103092,2024-09-24,CUST1145,Richard Smith,East,Cotton T-Shirt,Apparel,92.07,1.0,0.0,UPI,Mobile App,92.07,92.07
ORD104025,2025-02-15,CUST1079,Mrs. Marie Harrington DDS,South,Bluetooth Speaker,Electronics,310.44,1.0,0.0,UPI,Online,310.44,310.44
ORD105309,2025-03-04,CUST1680,Megan Park,East,Whiteboard,Office Supplies,207.81,1.0,5.0,Debit Card,Online,207.81,197.42
ORD103678,2025-08-17,CUST1099,John Peterson,North,Standing Desk,Office Supplies,175.12,2.0,10.0,Credit Card,Online,350.24,315.22
ORD104185,2024-02-10,CUST1791,Jose Harrison,Central,Yoga Pants,Apparel,39.94,1.0,10.0,Credit Card,Mobile App,39.94,35.95
ORD102999,2024-01-12,CUST1811,Robert Thompson,North,Denim Jacket,Apparel,79.58,1.0,10.0,Cash on Delivery,In-Store,79.58,71.62
ORD104440,2025-04-21,CUST1583,Michael Boyd,South,Camping Tent,Sports & Outdoors,169.06,4.0,0.0,Debit Card,In-Store,676.24,676.24
ORD105744,2025-04-17,CUST1251,Amber Campbell,East,Water Bottle,Sports & Outdoors,67.45,2.0,15.0,Debit Card,Mobile App,134.9,114.66
ORD103209,2024-01-15,CUST1499,Katherine Christensen MD,Central,Webcam HD,Electronics,249.92,1.0,0.0,Cash on Delivery,Online,249.92,249.92
ORD105489,2024-10-31,CUST1637,Richard Kelly,South,Cotton T-Shirt,Apparel,73.26,1.0,10.0,PayPal,Mobile App,73.26,65.93
ORD104961,2025-02-03,CUST1238,Michael Cooper,North,Desk Lamp,Office Supplies,120.58,2.0,0.0,Cash on Delivery,Online,241.16,241.16
ORD105118,2025-12-27,CUST1730,Susan Hogan,East,Webcam HD,Electronics,267.52,3.0,0.0,Cash on Delivery,Online,802.56,802.56
ORD101658,2024-05-14,CUST1670,Kimberly Gibson,South,Denim Jacket,Apparel,21.21,1.0,0.0,Cash on Delivery,Mobile App,21.21,21.21
ORD100959,2024-04-08,CUST1644,Luke Miller,North,Desk Lamp,Office Supplies,286.7,3.0,20.0,Debit Card,Online,860.1,688.08
ORD105611,2025-04-20,CUST1288,Daniel Aguilar,East,Wool Sweater,Apparel,16.44,1.0,0.0,UPI,In-Store,16.44,16.44
ORD101715,2025-04-26,CUST1322,Shannon Malone,South,Water Bottle,Sports & Outdoors,259.08,1.0,5.0,Cash on Delivery,Mobile App,259.08,246.13
ORD103877,2024-05-28,CUST1637,Richard Kelly,South,USB-C Hub,Electronics,390.87,3.0,10.0,UPI,Mobile App,1172.61,1055.35
ORD104518,2024-04-11,CUST1832,Adam Howe,North,Coffee Maker,Home & Kitchen,32.58,4.0,0.0,Cash on Delivery,In-Store,130.32,130.32
ORD103512,2024-02-29,CUST1683,Joshua Brooks,South,Running Shoes,Apparel,97.84,1.0,0.0,PayPal,Online,97.84,97.84
ORD104752,2024-06-10,CUST1527,Brent Hopkins,North,Cotton T-Shirt,Apparel,117.34,1.0,15.0,UPI,Mobile App,117.34,99.74
ORD103861,2025-04-07,CUST1543,Rebecca Horton,South,Blender,Home & Kitchen,71.19,1.0,0.0,Debit Card,In-Store,71.19,71.19
ORD105280,2025-10-07,CUST1114,Brandon King,West,Rice Cooker,Home & Kitchen,78.54,1.0,20.0,Debit Card,Mobile App,78.54,62.83
ORD100170,2025-11-28,CUST1559,Laura Perez,North,Wool Sweater,Apparel,70.18,1.0,0.0,PayPal,Mobile App,70.18,70.18
ORD105445,2025-03-24,CUST1851,Melissa Russell,West,Noise Cancelling Headphones,Electronics,342.0,5.0,0.0,Credit Card,Mobile App,1710.0,1710.0
ORD104686,2025-07-07,CUST1070,Chris Reyes,Central,Whiteboard,Office Supplies,26.87,1.0,0.0,Debit Card,In-Store,26.87,26.87
ORD102520,2025-04-07,CUST1594,James Rodriguez,South,Wool Sweater,Apparel,94.83,1.0,10.0,UPI,In-Store,94.83,85.35
ORD100858,2025-12-21,CUST1120,Thomas Romero,North,Toaster,Home & Kitchen,68.5,3.0,20.0,Credit Card,Mobile App,205.5,164.4
ORD101909,2025-09-26,CUST1766,Anna Lang,Central,Vacuum Cleaner,Home & Kitchen,198.56,1.0,5.0,Debit Card,Mobile App,198.56,188.63
ORD100223,2025-03-01,CUST1037,Kevin Mills,West,Yoga Pants,Apparel,68.19,4.0,10.0,Cash on Delivery,Mobile App,272.76,245.48
ORD101662,2025-09-01,CUST1352,Brent Bowen,West,Dumbbell Set,Sports & Outdoors,85.0,1.0,10.0,UPI,In-Store,85.0,76.5
ORD102923,2025-07-29,CUST1592,Sharon Jackson DVM,West,Cotton T-Shirt,Apparel,36.59,1.0,15.0,Cash on Delivery,Mobile App,36.59,31.1
ORD101642,2025-08-17,CUST1868,Caitlyn Nichols,West,Denim Jacket,Apparel,90.25,5.0,0.0,PayPal,Online,451.25,451.25
ORD102665,2025-10-31,CUST1325,Karen Williams,North,Wireless Mouse,Electronics,274.2,1.0,10.0,UPI,Mobile App,274.2,246.78
ORD104469,2024-02-01,CUST1324,Shannon Davis,South,Bluetooth Speaker,Electronics,131.83,1.0,20.0,Cash on Delivery,Mobile App,131.83,105.46
ORD105760,2024-01-02,CUST1112,Robert Costa,North,Desk Lamp,Office Supplies,244.89,5.0,15.0,PayPal,Mobile App,1224.45,1040.78
ORD102809,2024-01-16,CUST1832,Adam Howe,North,Smartwatch,Electronics,292.05,2.0,0.0,Debit Card,In-Store,584.1,584.1
ORD104813,2024-10-12,CUST1865,Grant Lucas,West,Yoga Pants,Apparel,79.14,4.0,10.0,UPI,Online,316.56,284.9
ORD105481,2024-10-07,CUST1817,Karen Bradley,South,Cycling Helmet,Sports & Outdoors,108.98,1.0,15.0,Debit Card,Mobile App,108.98,92.63
ORD100530,2024-03-12,CUST1489,Julie Wilson,East,Bluetooth Speaker,Electronics,409.46,2.0,0.0,Credit Card,In-Store,818.92,818.92
ORD100765,2025-08-25,CUST1315,Kelly Combs,South,Toaster,Home & Kitchen,208.06,5.0,5.0,Credit Card,Online,1040.3,988.28
ORD100603,2024-12-11,CUST1889,Laura Bruce,Central,27in Monitor,Electronics,300.44,2.0,0.0,Cash on Delivery,In-Store,600.88,600.88
ORD102739,2024-05-19,CUST1118,Anna Gay,South,Portable SSD 1TB,Electronics,347.36,5.0,15.0,Cash on Delivery,Mobile App,1736.8,1476.28
ORD103344,2025-06-01,CUST1017,Deborah Mason,Central,Yoga Pants,Apparel,105.54,1.0,0.0,Debit Card,In-Store,105.54,105.54
ORD103710,2025-11-20,CUST1399,Gregory Holmes PhD,South,Cycling Helmet,Sports & Outdoors,89.5,1.0,15.0,Debit Card,In-Store,89.5,76.08
ORD100086,2025-08-20,CUST1699,Jessica Glass,Central,Denim Jacket,Apparel,32.85,1.0,0.0,UPI,Mobile App,32.85,32.85
ORD104745,2024-07-13,CUST1509,David Hall,South,Portable SSD 1TB,Electronics,403.24,1.0,5.0,Cash on Delivery,Online,403.24,383.08
ORD103462,2025-12-20,CUST1327,Michelle Sanders,North,Yoga Mat,Sports & Outdoors,208.43,1.0,10.0,Debit Card,In-Store,208.43,187.59
ORD102846,2025-09-20,CUST1226,Heidi Owen,West,Cycling Helmet,Sports & Outdoors,297.71,1.0,5.0,UPI,Mobile App,297.71,282.82
ORD104383,2024-12-19,CUST1488,Henry Garner,East,Notebook Pack,Office Supplies,26.61,2.0,0.0,Cash on Delivery,Mobile App,53.22,53.22
ORD105138,2024-02-19,CUST1112,Robert Costa,North,Vacuum Cleaner,Home & Kitchen,47.26,3.0,10.0,UPI,Mobile App,141.78,127.6
ORD102456,2025-05-30,CUST1614,Jordan Powell,South,Running Shoes,Apparel,113.45,1.0,5.0,UPI,In-Store,113.45,107.78
ORD104362,2025-02-13,CUST1550,Joshua Davis,East,USB-C Hub,Electronics,107.16,2.0,0.0,PayPal,Online,214.32,214.32
ORD100345,2025-09-12,CUST1396,Brittney Murphy,West,Blender,Home & Kitchen,158.36,1.0,0.0,Unknown,In-Store,158.36,158.36
ORD100954,2025-11-05,CUST1725,Danielle Medina,West,Dumbbell Set,Sports & Outdoors,120.44,1.0,15.0,Debit Card,Mobile App,120.44,102.37
ORD101971,2025-03-06,CUST1535,Denise Stuart,West,Camping Tent,Sports & Outdoors,144.41,1.0,0.0,Credit Card,In-Store,144.41,144.41
ORD105934,2024-04-23,CUST1789,Blake Wu,West,Ergonomic Chair,Office Supplies,318.18,1.0,0.0,UPI,In-Store,318.18,318.18
ORD105882,2024-12-29,CUST1520,Mason Moore,East,Webcam HD,Electronics,341.4,1.0,15.0,Cash on Delivery,In-Store,341.4,290.19
ORD105470,2024-12-14,CUST1745,April Johnson,Central,Webcam HD,Electronics,25.19,1.0,0.0,Cash on Delivery,Online,25.19,25.19
ORD100033,2024-12-06,CUST1830,Donald Todd,West,Notebook Pack,Office Supplies,276.01,1.0,0.0,Credit Card,In-Store,276.01,276.01
ORD103418,2024-09-17,CUST1511,Charles Holland,West,Smartwatch,Electronics,169.42,4.0,10.0,PayPal,In-Store,677.68,609.91
ORD104611,2025-08-27,CUST1182,Anita Richard,Central,Rice Cooker,Home & Kitchen,112.5,2.0,0.0,Debit Card,Mobile App,225.0,225.0
ORD105128,2025-01-27,CUST1657,Johnny Peterson,North,Desk Lamp,Office Supplies,133.72,1.0,0.0,UPI,Mobile App,133.72,133.72
ORD103875,2024-07-11,CUST1702,Christina Mills,North,Bluetooth Speaker,Electronics,275.53,2.0,0.0,UPI,In-Store,551.06,551.06
ORD104360,2024-12-15,CUST1004,Gabrielle Davis,East,Ergonomic Chair,Office Supplies,86.41,2.0,15.0,PayPal,Online,172.82,146.9
ORD101962,2024-10-07,CUST1811,Robert Thompson,North,Webcam HD,Electronics,399.35,2.0,0.0,Cash on Delivery,Mobile App,798.7,798.7
ORD104364,2025-02-26,CUST1388,Bryce Blair,East,Water Bottle,Sports & Outdoors,190.57,4.0,20.0,UPI,Online,762.28,609.82
ORD101232,2025-02-16,CUST1815,Gary Myers,Central,Running Shoes,Apparel,87.54,1.0,10.0,UPI,In-Store,87.54,78.79
ORD101851,2025-08-02,CUST1553,Robert Wilson,North,Ergonomic Chair,Office Supplies,232.48,1.0,10.0,Cash on Delivery,In-Store,232.48,209.23
ORD104879,2025-08-01,CUST1808,Cathy Rodriguez,North,Wireless Mouse,Electronics,204.45,1.0,10.0,Debit Card,In-Store,204.45,184.0
ORD100613,2025-12-05,CUST1659,Catherine Huang,South,USB-C Hub,Electronics,37.39,3.0,15.0,Credit Card,Online,112.17,95.34
ORD102657,2024-12-01,CUST1160,Judith Maynard,South,Wool Sweater,Apparel,95.01,1.0,5.0,Credit Card,Mobile App,95.01,90.26
ORD104182,2024-03-17,CUST1508,Maureen Hernandez,North,Camping Tent,Sports & Outdoors,284.75,1.0,0.0,Credit Card,In-Store,284.75,284.75
ORD105789,2025-05-26,CUST1645,Mark Anderson,South,Electric Kettle,Home & Kitchen,219.85,2.0,0.0,Debit Card,Mobile App,439.7,439.7
ORD105715,2025-03-03,CUST1859,Derek Frazier,North,Wireless Mouse,Electronics,424.01,1.0,15.0,PayPal,Mobile App,424.01,360.41
ORD104690,2024-05-29,CUST1268,Jennifer Reed,Central,Portable SSD 1TB,Electronics,119.34,1.0,10.0,UPI,Online,119.34,107.41
ORD104724,2024-06-21,CUST1171,Christopher Park,South,USB-C Hub,Electronics,105.04,1.0,10.0,Cash on Delivery,In-Store,105.04,94.54
ORD102232,2024-09-07,CUST1029,Connor West,North,Webcam HD,Electronics,384.47,2.0,15.0,PayPal,Online,768.94,653.6
ORD100019,2024-04-21,CUST1745,April Johnson,North,Air Fryer,Home & Kitchen,154.67,5.0,0.0,Debit Card,Mobile App,773.35,773.35
ORD105909,2025-10-05,CUST1871,Joshua Martin,West,Webcam HD,Electronics,227.5,1.0,0.0,PayPal,Mobile App,227.5,227.5
ORD105593,2024-10-01,CUST1584,Jamie Gray,South,Ergonomic Chair,Office Supplies,132.36,4.0,10.0,UPI,Online,529.44,476.5
ORD105917,2025-09-24,CUST1184,Jordan Bullock,South,Power Bank,Electronics,299.06,4.0,5.0,UPI,In-Store,1196.24,1136.43
ORD100043,2025-07-24,CUST1530,Richard Love,West,Running Shoes,Apparel,96.73,1.0,0.0,Credit Card,In-Store,96.73,96.73
ORD101945,2024-05-15,CUST1167,Kristina Santiago,Central,Standing Desk,Office Supplies,75.53,1.0,5.0,Cash on Delivery,Online,75.53,71.75
ORD100269,2025-08-21,CUST1139,Crystal Pham,North,Notebook Pack,Office Supplies,118.14,1.0,10.0,Credit Card,Online,118.14,106.33
ORD101746,2025-09-20,CUST1826,Matthew Smith,West,Air Fryer,Home & Kitchen,67.14,1.0,15.0,Credit Card,In-Store,67.14,57.07
ORD102578,2025-03-07,CUST1687,Kevin Hall,Central,Noise Cancelling Headphones,Electronics,76.14,1.0,5.0,UPI,Online,76.14,72.33
ORD102079,2024-10-15,CUST1833,Devin Cole,West,Smartwatch,Electronics,206.58,2.0,0.0,Debit Card,Online,413.16,413.16
ORD101121,2025-09-16,CUST1587,Jack Love,Central,Yoga Mat,Sports & Outdoors,165.15,3.0,15.0,Debit Card,Online,495.45,421.13
ORD102165,2025-12-25,CUST1207,Zachary Brooks,South,Whiteboard,Office Supplies,197.49,1.0,15.0,UPI,In-Store,197.49,167.87
ORD104140,2025-08-14,CUST1644,Luke Miller,Central,Yoga Mat,Sports & Outdoors,144.72,5.0,0.0,Credit Card,In-Store,723.6,723.6
ORD102982,2025-04-06,CUST1030,Angela Morton,East,Wool Sweater,Apparel,27.33,1.0,15.0,PayPal,Mobile App,27.33,23.23
ORD102569,2024-09-09,CUST1100,Jennifer Jones,West,Cotton T-Shirt,Apparel,62.95,1.0,15.0,UPI,Online,62.95,53.51
ORD103826,2025-11-25,CUST1267,Justin Michael,Central,Yoga Pants,Apparel,24.3,3.0,0.0,UPI,In-Store,72.9,72.9
ORD105448,2024-09-18,CUST1243,Travis Wise,West,Whiteboard,Office Supplies,39.46,2.0,0.0,PayPal,Online,78.92,78.92
ORD104342,2025-08-22,CUST1893,Heidi Ferguson,North,Cotton T-Shirt,Apparel,118.13,3.0,0.0,UPI,In-Store,354.39,354.39
ORD103984,2024-10-17,CUST1781,Kevin Garrett,East,Water Bottle,Sports & Outdoors,297.33,1.0,20.0,Cash on Delivery,In-Store,297.33,237.86
ORD104316,2025-05-16,CUST1538,Melissa Morris,North,Desk Lamp,Office Supplies,49.69,2.0,0.0,Debit Card,In-Store,99.38,99.38
ORD102655,2024-07-07,CUST1557,Ronald Johns,South,Portable SSD 1TB,Electronics,122.55,1.0,0.0,Debit Card,Online,122.55,122.55
ORD103620,2025-07-11,CUST1851,Melissa Russell,West,Notebook Pack,Office Supplies,342.54,2.0,15.0,UPI,In-Store,685.08,582.32
ORD104457,2024-09-08,CUST1509,David Hall,West,Desk Lamp,Office Supplies,205.15,1.0,0.0,Unknown,Online,205.15,205.15
ORD103376,2024-04-16,CUST1367,Ashley Wilson,South,Blender,Home & Kitchen,206.5,2.0,5.0,Cash on Delivery,Mobile App,413.0,392.35
ORD101017,2024-08-23,CUST1289,Jose Bryant,East,Whiteboard,Office Supplies,44.86,1.0,0.0,Debit Card,Online,44.86,44.86
ORD105588,2025-07-28,CUST1782,Christopher Taylor,Central,Power Bank,Electronics,43.23,1.0,5.0,PayPal,Online,43.23,41.07
ORD100061,2025-04-09,CUST1338,Richard Ward,Central,Wool Sweater,Apparel,73.11,1.0,0.0,PayPal,Online,73.11,73.11
ORD105677,2025-11-20,CUST1435,Sara Cochran,North,Dumbbell Set,Sports & Outdoors,88.54,1.0,10.0,PayPal,Mobile App,88.54,79.69
ORD105858,2024-02-25,CUST1430,Devin Johnson,Central,Non-stick Pan Set,Home & Kitchen,72.08,4.0,10.0,UPI,Online,288.32,259.49
ORD100360,2025-07-04,CUST1855,Rebecca French,North,Mechanical Keyboard,Electronics,114.58,2.0,0.0,UPI,Mobile App,229.16,229.16
ORD100853,2025-02-03,CUST1150,Kimberly Matthews,Central,Ergonomic Chair,Office Supplies,278.21,3.0,0.0,UPI,Online,834.63,834.63
ORD104515,2025-04-19,CUST1005,Monica Herrera,West,Dumbbell Set,Sports & Outdoors,175.09,3.0,10.0,Cash on Delivery,In-Store,525.27,472.74
ORD101096,2024-06-23,CUST1415,Samuel Howe,East,Power Bank,Electronics,30.13,1.0,0.0,Debit Card,Mobile App,30.13,30.13
ORD100554,2025-10-04,CUST1648,Gregory Fernandez,West,Desk Lamp,Office Supplies,72.88,4.0,0.0,PayPal,Mobile App,291.52,291.52
ORD101698,2025-11-11,CUST1157,Richard Young,Central,USB-C Hub,Electronics,172.1,5.0,10.0,Debit Card,Online,860.5,774.45
ORD103699,2024-06-01,CUST1313,Kelly Sanchez,East,Webcam HD,Electronics,414.07,1.0,0.0,PayPal,In-Store,414.07,414.07
ORD102114,2024-03-31,CUST1647,Joyce Curry,West,Denim Jacket,Apparel,27.02,2.0,10.0,Cash on Delivery,Online,54.04,48.64
ORD100717,2025-01-01,CUST1371,Renee Hudson,South,Non-stick Pan Set,Home & Kitchen,181.45,1.0,0.0,Credit Card,Online,181.45,181.45
ORD101620,2024-07-23,CUST1840,Leslie Nguyen,West,Water Bottle,Sports & Outdoors,77.49,3.0,0.0,Unknown,Online,232.47,232.47
ORD100337,2025-05-22,CUST1517,Arthur Pena,North,Whiteboard,Office Supplies,313.3,2.0,10.0,Credit Card,In-Store,626.6,563.94
ORD102587,2025-08-06,CUST1598,Jessica Mays,East,Noise Cancelling Headphones,Electronics,281.56,5.0,5.0,PayPal,In-Store,1407.8,1337.41
ORD100928,2025-04-30,CUST1608,Lee Ramsey,West,Webcam HD,Electronics,399.53,1.0,0.0,UPI,Online,399.53,399.53
ORD104889,2025-05-28,CUST1140,Patricia Becker,North,Desk Lamp,Office Supplies,182.07,1.0,15.0,Cash on Delivery,Online,182.07,154.76
ORD104352,2024-12-01,CUST1285,Joshua Ruiz,West,USB-C Hub,Electronics,316.23,5.0,15.0,UPI,In-Store,1581.15,1343.98
ORD102040,2024-04-04,CUST1613,Krista Barber,North,Rice Cooker,Home & Kitchen,218.48,1.0,5.0,PayPal,Online,218.48,207.56
ORD103728,2025-06-23,CUST1522,Robert Miller,Central,Dumbbell Set,Sports & Outdoors,231.54,1.0,15.0,PayPal,Mobile App,231.54,196.81
ORD101308,2025-06-20,CUST1447,Rachel Lane,Central,Ergonomic Chair,Office Supplies,194.03,1.0,10.0,Credit Card,In-Store,194.03,174.63
ORD105281,2024-03-12,CUST1227,Jessica Martinez,West,Wireless Mouse,Electronics,46.53,1.0,5.0,PayPal,Online,46.53,44.2
ORD105496,2025-08-29,CUST1591,Nathan Stanley,East,27in Monitor,Electronics,190.83,1.0,0.0,PayPal,Online,190.83,190.83
ORD104118,2025-11-14,CUST1295,Kimberly Patel,Central,Coffee Maker,Home & Kitchen,153.03,1.0,0.0,UPI,Mobile App,153.03,153.03
ORD101484,2025-06-08,CUST1898,Brenda Perez,North,Notebook Pack,Office Supplies,290.45,1.0,5.0,Credit Card,Online,290.45,275.93
ORD104005,2025-04-25,CUST1000,Allison Hill,East,Cycling Helmet,Sports & Outdoors,199.83,1.0,15.0,Credit Card,Online,199.83,169.86
ORD105177,2025-04-07,CUST1129,Stacy Freeman,East,Coffee Maker,Home & Kitchen,26.43,3.0,0.0,Debit Card,Online,79.29,79.29
ORD105628,2024-07-05,CUST1494,Jeffrey Jordan,North,Notebook Pack,Office Supplies,63.23,1.0,10.0,Cash on Delivery,Mobile App,63.23,56.91
ORD104425,2025-08-20,CUST1509,David Hall,East,Water Bottle,Sports & Outdoors,233.66,1.0,0.0,PayPal,Mobile App,233.66,233.66
ORD103261,2024-11-23,CUST1028,Victoria Garcia,North,Ergonomic Chair,Office Supplies,216.83,1.0,0.0,PayPal,Mobile App,216.83,216.83
ORD103604,2025-11-11,CUST1669,Denise Guerra,North,27in Monitor,Electronics,260.7,2.0,0.0,Credit Card,Mobile App,521.4,521.4
ORD103911,2024-08-29,CUST1084,Barbara Riggs,South,Mechanical Keyboard,Electronics,392.87,3.0,15.0,Credit Card,In-Store,1178.61,1001.82
ORD102293,2025-09-09,CUST1444,Mrs. Stacey Davis,East,Blender,Home & Kitchen,84.69,2.0,0.0,UPI,In-Store,169.38,169.38
ORD101087,2024-07-09,CUST1591,Nathan Stanley,Central,Electric Kettle,Home & Kitchen,84.54,1.0,0.0,UPI,Online,84.54,84.54
ORD105329,2024-03-22,CUST1590,Christopher Nielsen,West,Yoga Mat,Sports & Outdoors,60.77,1.0,0.0,Cash on Delivery,In-Store,60.77,60.77
ORD105021,2024-10-31,CUST1662,Kelly King,Central,USB-C Hub,Electronics,84.41,4.0,20.0,Debit Card,Online,337.64,270.11
ORD103550,2025-06-03,CUST1081,Jacob Obrien,South,Vacuum Cleaner,Home & Kitchen,115.49,1.0,0.0,UPI,In-Store,115.49,115.49
ORD103346,2024-01-09,CUST1001,Angie Henderson,South,Cotton T-Shirt,Apparel,32.45,2.0,10.0,Credit Card,Online,64.9,58.41
ORD104680,2025-03-12,CUST1006,Shannon Ray,South,USB-C Hub,Electronics,243.4,1.0,0.0,Credit Card,Mobile App,243.4,243.4
ORD103750,2025-11-06,CUST1455,Martin Hughes,North,Power Bank,Electronics,307.75,1.0,20.0,UPI,Mobile App,307.75,246.2
ORD103050,2024-09-01,CUST1441,Michael Anderson,West,Standing Desk,Office Supplies,206.86,1.0,0.0,Cash on Delivery,Mobile App,206.86,206.86
ORD104134,2025-02-01,CUST1548,Frank Williams,West,Non-stick Pan Set,Home & Kitchen,28.71,2.0,0.0,Debit Card,Mobile App,57.42,57.42
ORD104812,2025-04-28,CUST1681,Kathy Sandoval,East,Toaster,Home & Kitchen,132.43,1.0,0.0,Credit Card,Mobile App,132.43,132.43
ORD105857,2024-08-06,CUST1858,Mrs. Ashley Mendoza,South,Blender,Home & Kitchen,70.49,1.0,5.0,Credit Card,In-Store,70.49,66.97
ORD102882,2025-09-06,CUST1835,Justin Lee,South,Denim Jacket,Apparel,21.25,3.0,5.0,Cash on Delivery,Mobile App,63.75,60.56
ORD103741,2024-06-03,CUST1416,Dillon Jones,Central,Bluetooth Speaker,Electronics,284.78,4.0,0.0,Cash on Delivery,Online,1139.12,1139.12
ORD103893,2025-02-21,CUST1803,Julia Leonard,Central,USB-C Hub,Electronics,90.11,2.0,0.0,PayPal,Online,180.22,180.22
ORD103569,2025-06-12,CUST1881,Jessica Mosley,Central,Air Fryer,Home & Kitchen,101.6,1.0,0.0,UPI,In-Store,101.6,101.6
ORD101507,2025-02-06,CUST1224,Mitchell Jackson,West,Rice Cooker,Home & Kitchen,164.96,1.0,0.0,Credit Card,Mobile App,164.96,164.96
ORD102415,2025-10-25,CUST1522,Robert Miller,East,Coffee Maker,Home & Kitchen,82.39,1.0,5.0,UPI,Mobile App,82.39,78.27
ORD105980,2024-02-26,CUST1115,April Booth,South,Notebook Pack,Office Supplies,124.5,1.0,10.0,Debit Card,Mobile App,124.5,112.05
ORD105987,2025-02-09,CUST1774,Kyle Nguyen,Central,Blender,Home & Kitchen,31.04,4.0,0.0,Debit Card,Online,124.16,124.16
ORD100261,2024-06-02,CUST1372,Kenneth Farley,South,Ergonomic Chair,Office Supplies,24.97,3.0,0.0,Credit Card,Mobile App,74.91,74.91
ORD103661,2025-01-07,CUST1884,Ronnie Roberts,West,Cotton T-Shirt,Apparel,38.75,3.0,10.0,Cash on Delivery,In-Store,116.25,104.62
ORD103161,2024-06-22,CUST1476,Anthony Nash,South,Toaster,Home & Kitchen,192.74,4.0,0.0,PayPal,Online,770.96,770.96
ORD102710,2024-09-24,CUST1560,James Wilson,South,Electric Kettle,Home & Kitchen,110.61,1.0,15.0,Credit Card,Mobile App,110.61,94.02
ORD105645,2024-02-03,CUST1351,Todd Thomas,North,Yoga Pants,Apparel,106.89,1.0,10.0,PayPal,Online,106.89,96.2
ORD104267,2024-07-09,CUST1505,Autumn Wilson,North,Notebook Pack,Office Supplies,81.82,1.0,0.0,Credit Card,Online,81.82,81.82
ORD101255,2024-09-23,CUST1342,Douglas Hartman,North,Bluetooth Speaker,Electronics,242.12,1.0,0.0,PayPal,In-Store,242.12,242.12
ORD104152,2024-06-16,CUST1433,Rebecca Kelly,West,Portable SSD 1TB,Electronics,428.08,4.0,0.0,UPI,Mobile App,1712.32,1712.32
ORD100997,2025-06-05,CUST1741,John Martinez,North,Toaster,Home & Kitchen,77.86,1.0,10.0,Credit Card,Mobile App,77.86,70.07
ORD100487,2024-12-28,CUST1818,Tina Davis,East,Bluetooth Speaker,Electronics,260.95,1.0,15.0,Debit Card,In-Store,260.95,221.81
ORD105117,2024-11-28,CUST1340,Erin Cook,West,USB-C Hub,Electronics,277.92,4.0,0.0,PayPal,Mobile App,1111.68,1111.68
ORD101410,2024-09-08,CUST1002,Cristian Santos,North,Air Fryer,Home & Kitchen,121.43,1.0,5.0,PayPal,Online,121.43,115.36
ORD103602,2025-02-18,CUST1703,Alicia Aguilar,West,Dumbbell Set,Sports & Outdoors,129.75,1.0,0.0,UPI,Mobile App,129.75,129.75
ORD101638,2024-10-18,CUST1518,Krystal Levine,North,Bluetooth Speaker,Electronics,78.57,1.0,5.0,Cash on Delivery,In-Store,78.57,74.64
ORD105460,2025-02-01,CUST1694,George Alvarez,North,Denim Jacket,Apparel,24.45,2.0,5.0,Credit Card,Mobile App,48.9,46.46
ORD104387,2025-12-30,CUST1151,Teresa Ramirez,West,Non-stick Pan Set,Home & Kitchen,122.36,1.0,0.0,PayPal,Online,122.36,122.36
ORD105803,2025-10-12,CUST1394,Lori Mason,Central,Smartwatch,Electronics,378.33,2.0,0.0,Credit Card,In-Store,756.66,756.66
ORD105008,2024-10-12,CUST1586,Brenda Martin,West,USB-C Hub,Electronics,115.73,2.0,10.0,PayPal,Mobile App,231.46,208.31
ORD101266,2024-10-20,CUST1868,Caitlyn Nichols,West,Desk Lamp,Office Supplies,200.04,2.0,10.0,Cash on Delivery,In-Store,400.08,360.07
ORD101251,2025-11-30,CUST1245,Melinda Evans,Central,Desk Lamp,Office Supplies,64.08,3.0,0.0,Credit Card,Mobile App,192.24,192.24
ORD100397,2025-07-26,CUST1416,Dillon Jones,North,Denim Jacket,Apparel,62.75,1.0,0.0,PayPal,In-Store,62.75,62.75
ORD104526,2025-05-19,CUST1042,Shawn Baker,Central,Water Bottle,Sports & Outdoors,255.17,2.0,0.0,UPI,In-Store,510.34,510.34
ORD100774,2024-04-13,CUST1489,Julie Wilson,North,Noise Cancelling Headphones,Electronics,77.99,1.0,0.0,PayPal,Online,77.99,77.99
ORD103213,2024-10-22,CUST1570,Cynthia Mitchell,South,Rice Cooker,Home & Kitchen,91.39,4.0,15.0,Credit Card,Online,365.56,310.73
ORD100486,2025-02-27,CUST1343,Catherine Saunders MD,Central,Standing Desk,Office Supplies,173.71,2.0,0.0,Credit Card,Mobile App,347.42,347.42
ORD103511,2024-05-18,CUST1157,Richard Young,East,Dumbbell Set,Sports & Outdoors,176.22,2.0,10.0,Cash on Delivery,Mobile App,352.44,317.2
ORD101373,2025-08-25,CUST1070,Chris Reyes,West,Dumbbell Set,Sports & Outdoors,38.77,1.0,0.0,UPI,Online,38.77,38.77
ORD105187,2024-07-15,CUST1181,Brian Smith,East,Running Shoes,Apparel,59.47,1.0,0.0,PayPal,In-Store,59.47,59.47
ORD100197,2024-01-16,CUST1310,Elizabeth Ward,East,Power Bank,Electronics,332.83,2.0,20.0,Debit Card,Mobile App,665.66,532.53
ORD101412,2024-10-02,CUST1042,Shawn Baker,East,Cotton T-Shirt,Apparel,47.56,1.0,5.0,Credit Card,In-Store,47.56,45.18
ORD101104,2025-10-20,CUST1737,Anthony Bailey,Central,Cotton T-Shirt,Apparel,74.78,2.0,15.0,Cash on Delivery,In-Store,149.56,127.13
ORD102331,2025-05-10,CUST1695,Patricia Anderson,South,Wool Sweater,Apparel,74.56,1.0,0.0,Credit Card,In-Store,74.56,74.56
ORD102706,2025-07-02,CUST1502,Alicia Norris,South,Standing Desk,Office Supplies,164.37,1.0,10.0,Debit Card,Mobile App,164.37,147.93
ORD104421,2025-09-17,CUST1855,Rebecca French,South,USB-C Hub,Electronics,92.3,1.0,0.0,Debit Card,In-Store,92.3,92.3
ORD105189,2025-05-16,CUST1204,David Davidson,West,Whiteboard,Office Supplies,75.37,1.0,10.0,Cash on Delivery,In-Store,75.37,67.83
ORD101054,2025-01-17,CUST1854,Faith Johnson,West,Desk Lamp,Office Supplies,211.82,2.0,0.0,UPI,Mobile App,423.64,423.64
ORD102003,2025-04-28,CUST1879,Dustin Bell,West,Toaster,Home & Kitchen,207.41,2.0,0.0,Debit Card,Online,414.82,414.82
ORD100447,2024-11-22,CUST1312,Alexis Tran,West,Whiteboard,Office Supplies,325.74,2.0,0.0,Debit Card,In-Store,651.48,651.48
ORD105639,2025-11-07,CUST1437,Carlos Love,East,Wireless Mouse,Electronics,384.11,5.0,0.0,Credit Card,Mobile App,1920.55,1920.55
ORD103909,2025-10-14,CUST1065,Colleen Brock,North,Yoga Mat,Sports & Outdoors,144.39,2.0,0.0,Debit Card,Mobile App,288.78,288.78
ORD100547,2024-07-17,CUST1139,Crystal Pham,North,Camping Tent,Sports & Outdoors,74.26,2.0,0.0,PayPal,Online,148.52,148.52
ORD100971,2025-02-11,CUST1299,Donna Cabrera,South,USB-C Hub,Electronics,211.39,1.0,0.0,Credit Card,Mobile App,211.39,211.39
ORD100831,2025-09-13,CUST1292,Randy Cannon,West,Camping Tent,Sports & Outdoors,23.78,1.0,0.0,Debit Card,In-Store,23.78,23.78
ORD105052,2025-06-19,CUST1717,Elizabeth Reese,West,Standing Desk,Office Supplies,204.38,1.0,0.0,Credit Card,Mobile App,204.38,204.38
ORD101935,2024-11-28,CUST1759,Stephen Garcia,South,Electric Kettle,Home & Kitchen,203.18,1.0,0.0,Debit Card,In-Store,203.18,203.18
ORD103672,2025-06-07,CUST1683,Joshua Brooks,East,Blender,Home & Kitchen,190.81,4.0,0.0,Cash on Delivery,Online,763.24,763.24
ORD103951,2024-04-21,CUST1423,Angela Willis,West,Desk Lamp,Office Supplies,253.35,3.0,0.0,PayPal,In-Store,760.05,760.05
ORD102464,2025-05-12,CUST1409,Dr. Morgan Payne PhD,South,Bluetooth Speaker,Electronics,394.95,1.0,20.0,PayPal,In-Store,394.95,315.96
ORD105525,2025-12-27,CUST1152,Michael Stephens,West,USB-C Hub,Electronics,448.22,1.0,0.0,Credit Card,Mobile App,448.22,448.22
ORD103734,2024-04-03,CUST1863,Jason Fleming,South,Mechanical Keyboard,Electronics,330.69,2.0,0.0,UPI,Online,661.38,661.38
ORD100164,2024-05-11,CUST1696,Christina Gilbert,East,Running Shoes,Apparel,55.57,1.0,5.0,UPI,In-Store,55.57,52.79
ORD104250,2025-01-02,CUST1531,Leah Barton,North,Rice Cooker,Home & Kitchen,40.5,3.0,5.0,Debit Card,In-Store,121.5,115.42
ORD105634,2025-02-27,CUST1658,Amanda Miller,East,Desk Lamp,Office Supplies,79.75,1.0,0.0,Cash on Delivery,In-Store,79.75,79.75
ORD100187,2025-10-18,CUST1787,Dr. Michael Adams DVM,South,Yoga Mat,Sports & Outdoors,296.01,1.0,0.0,UPI,In-Store,296.01,296.01
ORD100156,2025-05-11,CUST1594,James Rodriguez,West,Webcam HD,Electronics,286.13,1.0,0.0,Cash on Delivery,In-Store,286.13,286.13
ORD101679,2025-08-25,CUST1139,Crystal Pham,North,Standing Desk,Office Supplies,48.37,4.0,0.0,PayPal,Online,193.48,193.48
ORD100250,2025-02-25,CUST1643,Shawn Kelley,South,Air Fryer,Home & Kitchen,142.06,1.0,10.0,UPI,Online,142.06,127.85
ORD105502,2024-04-03,CUST1742,Lisa Rodriguez,South,Rice Cooker,Home & Kitchen,29.18,3.0,0.0,PayPal,In-Store,87.54,87.54
ORD101870,2024-05-01,CUST1224,Mitchell Jackson,East,Power Bank,Electronics,371.77,5.0,0.0,Debit Card,In-Store,1858.85,1858.85
ORD101234,2024-10-04,CUST1400,Patricia Johnson,North,Blender,Home & Kitchen,50.21,4.0,0.0,Credit Card,In-Store,200.84,200.84
ORD102733,2024-01-09,CUST1678,Toni Davis,Central,Noise Cancelling Headphones,Electronics,137.5,1.0,15.0,PayPal,In-Store,137.5,116.88
ORD100058,2024-11-28,CUST1344,Sandra Jones,West,Portable SSD 1TB,Electronics,128.64,1.0,0.0,Debit Card,In-Store,128.64,128.64
ORD100011,2025-10-18,CUST1549,Michael Fox,West,Smartwatch,Electronics,390.83,1.0,10.0,PayPal,In-Store,390.83,351.75
ORD105796,2024-12-27,CUST1715,Krystal Moore,Central,Bluetooth Speaker,Electronics,327.81,1.0,0.0,UPI,Mobile App,327.81,327.81
ORD100169,2024-04-03,CUST1893,Heidi Ferguson,North,Bluetooth Speaker,Electronics,202.98,1.0,10.0,Cash on Delivery,Online,202.98,182.68
ORD103613,2024-07-21,CUST1084,Barbara Riggs,West,Dumbbell Set,Sports & Outdoors,295.86,1.0,15.0,Debit Card,Mobile App,295.86,251.48
ORD105194,2024-07-08,CUST1012,Kimberly Burgess,North,Standing Desk,Office Supplies,342.82,4.0,5.0,PayPal,Online,1371.28,1302.72
ORD103211,2024-06-27,CUST1098,Beth Oneill,North,27in Monitor,Electronics,61.57,4.0,5.0,PayPal,Mobile App,246.28,233.97
ORD101314,2024-07-09,CUST1285,Joshua Ruiz,South,Smartwatch,Electronics,421.1,1.0,15.0,PayPal,Online,421.1,357.94
ORD104507,2024-02-28,CUST1295,Kimberly Patel,West,Ergonomic Chair,Office Supplies,221.4,1.0,0.0,UPI,In-Store,221.4,221.4
ORD100909,2025-10-23,CUST1076,James Elliott,Central,Smartwatch,Electronics,143.17,2.0,5.0,UPI,In-Store,286.34,272.02
ORD101307,2025-03-29,CUST1418,John Phelps,South,Yoga Pants,Apparel,104.21,1.0,10.0,UPI,Mobile App,104.21,93.79
ORD101432,2025-02-08,CUST1243,Travis Wise,West,Yoga Mat,Sports & Outdoors,250.92,2.0,0.0,Credit Card,Mobile App,501.84,501.84
ORD103345,2024-12-27,CUST1481,Brian Brown,North,USB-C Hub,Electronics,98.86,1.0,0.0,PayPal,In-Store,98.86,98.86
ORD101566,2025-09-25,CUST1595,Chase Davis,Central,Yoga Pants,Apparel,84.63,2.0,0.0,PayPal,Mobile App,169.26,169.26
ORD105032,2025-11-25,CUST1031,Tammy Allison,East,Wool Sweater,Apparel,107.03,2.0,0.0,Debit Card,Mobile App,214.06,214.06
ORD100873,2024-09-19,CUST1264,Matthew Fox,North,Power Bank,Electronics,179.41,1.0,20.0,UPI,Mobile App,179.41,143.53
ORD102653,2024-06-19,CUST1149,David Medina,Central,Noise Cancelling Headphones,Electronics,431.4,1.0,5.0,Cash on Delivery,Online,431.4,409.83
ORD103301,2024-08-04,CUST1875,Audrey Johnson,East,Toaster,Home & Kitchen,143.79,5.0,5.0,UPI,In-Store,718.95,683.0
ORD104057,2024-01-22,CUST1790,Angela Schultz,North,Cycling Helmet,Sports & Outdoors,217.48,4.0,0.0,Debit Card,Online,869.92,869.92
ORD104286,2025-01-04,CUST1149,David Medina,South,Cotton T-Shirt,Apparel,32.37,1.0,0.0,PayPal,In-Store,32.37,32.37
ORD101488,2025-09-22,CUST1181,Brian Smith,North,Yoga Mat,Sports & Outdoors,93.64,3.0,0.0,Credit Card,Mobile App,280.92,280.92
ORD100891,2024-09-27,CUST1274,Taylor Gentry,South,Dumbbell Set,Sports & Outdoors,14.19,1.0,15.0,UPI,Mobile App,14.19,12.06
ORD101455,2025-09-08,CUST1164,Cindy Hayes,Central,Desk Lamp,Office Supplies,256.5,3.0,5.0,PayPal,Online,769.5,731.02
ORD100051,2025-04-26,CUST1258,Ronald Patel,South,Bluetooth Speaker,Electronics,168.44,4.0,10.0,Cash on Delivery,Online,673.76,606.38
ORD101237,2025-09-18,CUST1700,Ashley Brown,South,Air Fryer,Home & Kitchen,211.37,2.0,5.0,Debit Card,Mobile App,422.74,401.6
ORD101631,2024-10-29,CUST1145,Richard Smith,South,Yoga Mat,Sports & Outdoors,145.26,2.0,0.0,UPI,Mobile App,290.52,290.52
ORD102552,2024-07-06,CUST1810,Richard Ramirez,South,Dumbbell Set,Sports & Outdoors,108.26,4.0,20.0,UPI,Online,433.04,346.43
ORD105078,2024-11-05,CUST1573,Brandy Quinn,Central,Standing Desk,Office Supplies,239.33,2.0,0.0,Cash on Delivery,In-Store,478.66,478.66
ORD104851,2024-07-09,CUST1667,Michael Howard,West,Dumbbell Set,Sports & Outdoors,155.49,2.0,10.0,PayPal,In-Store,310.98,279.88
ORD100555,2025-12-02,CUST1813,Michelle Garcia,West,Noise Cancelling Headphones,Electronics,344.98,2.0,0.0,PayPal,Mobile App,689.96,689.96
ORD101672,2024-08-13,CUST1699,Jessica Glass,West,Webcam HD,Electronics,410.66,2.0,0.0,PayPal,Online,821.32,821.32
ORD103215,2024-04-10,CUST1060,Richard Lawson,Central,Portable SSD 1TB,Electronics,325.82,3.0,15.0,PayPal,Online,977.46,830.84
ORD105784,2024-05-29,CUST1215,James Burgess,South,Vacuum Cleaner,Home & Kitchen,189.87,1.0,0.0,Debit Card,Mobile App,189.87,189.87
ORD104912,2025-02-11,CUST1381,Isaac Miller,North,Running Shoes,Apparel,23.75,2.0,15.0,Credit Card,Online,47.5,40.38
ORD102992,2024-03-01,CUST1601,Adrienne Mills,East,Denim Jacket,Apparel,89.3,4.0,0.0,Debit Card,Mobile App,357.2,357.2
ORD100522,2024-04-09,CUST1472,Samuel Suarez,North,Water Bottle,Sports & Outdoors,108.47,1.0,0.0,Unknown,Online,108.47,108.47
ORD100941,2025-03-28,CUST1098,Beth Oneill,Central,Wool Sweater,Apparel,72.31,1.0,0.0,Cash on Delivery,Mobile App,72.31,72.31
ORD101209,2025-03-29,CUST1442,Patricia Bradley,West,27in Monitor,Electronics,168.52,4.0,0.0,Debit Card,In-Store,674.08,674.08
ORD102517,2024-08-25,CUST1401,Laura Jones,North,Webcam HD,Electronics,411.78,2.0,0.0,Cash on Delivery,Mobile App,823.56,823.56
ORD102976,2025-02-26,CUST1454,Bradley Anthony,Central,Noise Cancelling Headphones,Electronics,327.53,1.0,15.0,PayPal,In-Store,327.53,278.4
ORD100643,2025-03-18,CUST1305,Tammy Boone,West,Toaster,Home & Kitchen,76.99,3.0,0.0,Unknown,Mobile App,230.97,230.97
ORD102592,2024-06-13,CUST1110,David Davis,South,Electric Kettle,Home & Kitchen,23.69,1.0,5.0,Credit Card,In-Store,23.69,22.51
ORD101750,2024-02-01,CUST1199,Kimberly Rodgers,Central,Cotton T-Shirt,Apparel,77.07,2.0,0.0,Unknown,Online,154.14,154.14
ORD100204,2024-10-08,CUST1012,Kimberly Burgess,North,Yoga Pants,Apparel,110.84,2.0,0.0,PayPal,Online,221.68,221.68
ORD105655,2025-02-22,CUST1519,Danielle Reed,North,Camping Tent,Sports & Outdoors,172.17,1.0,0.0,Credit Card,Online,172.17,172.17
ORD105411,2024-09-29,CUST1364,Tracey Wagner,North,Portable SSD 1TB,Electronics,71.48,3.0,20.0,UPI,Online,214.44,171.55
ORD104620,2025-08-06,CUST1237,Patricia Morrow,South,Whiteboard,Office Supplies,105.62,4.0,0.0,UPI,In-Store,422.48,422.48
ORD102012,2025-06-25,CUST1794,Richard King,West,Camping Tent,Sports & Outdoors,135.23,1.0,5.0,Cash on Delivery,Online,135.23,128.47
ORD100082,2024-01-16,CUST1538,Melissa Morris,Central,Power Bank,Electronics,166.1,1.0,15.0,UPI,Mobile App,166.1,141.18
ORD105681,2025-07-22,CUST1045,Michael Hoffman,South,Dumbbell Set,Sports & Outdoors,292.45,1.0,0.0,PayPal,Mobile App,292.45,292.45
ORD105082,2025-08-20,CUST1710,Lori Johns,East,Non-stick Pan Set,Home & Kitchen,133.03,5.0,0.0,UPI,Mobile App,665.15,665.15
ORD105434,2024-09-05,CUST1880,Jill Riddle,Central,Running Shoes,Apparel,56.44,4.0,0.0,Debit Card,Online,225.76,225.76
ORD101738,2025-08-18,CUST1177,Eric Clark,North,Yoga Mat,Sports & Outdoors,61.99,2.0,15.0,PayPal,In-Store,123.98,105.38
ORD104522,2025-02-14,CUST1002,Cristian Santos,Central,Rice Cooker,Home & Kitchen,208.6,3.0,0.0,Debit Card,Mobile App,625.8,625.8
ORD100407,2024-10-03,CUST1234,Michelle Ho,Central,Notebook Pack,Office Supplies,163.25,2.0,10.0,Cash on Delivery,In-Store,326.5,293.85
ORD104731,2025-01-28,CUST1156,Brianna Anderson,East,Ergonomic Chair,Office Supplies,203.25,2.0,0.0,PayPal,Online,406.5,406.5
ORD102688,2024-11-19,CUST1652,Miguel Brewer,Central,Wool Sweater,Apparel,63.9,1.0,15.0,Credit Card,In-Store,63.9,54.32
ORD104476,2024-10-03,CUST1130,Yolanda Francis,West,Power Bank,Electronics,312.81,2.0,5.0,Cash on Delivery,Mobile App,625.62,594.34
ORD104323,2024-10-03,CUST1777,Jean Lane,South,Toaster,Home & Kitchen,84.14,4.0,15.0,PayPal,Online,336.56,286.08
ORD105851,2024-03-30,CUST1688,Misty Mcguire,East,Bluetooth Speaker,Electronics,449.66,1.0,0.0,Debit Card,Mobile App,449.66,449.66
ORD105756,2024-05-25,CUST1347,Robin Wheeler,East,Mechanical Keyboard,Electronics,47.27,3.0,0.0,Unknown,In-Store,141.81,141.81
ORD104525,2024-02-02,CUST1178,Paul Thompson,West,Wool Sweater,Apparel,58.83,3.0,5.0,Cash on Delivery,In-Store,176.49,167.67
ORD104703,2024-12-15,CUST1638,Dustin Welch,South,Denim Jacket,Apparel,53.01,1.0,15.0,PayPal,Online,53.01,45.06
ORD100588,2024-10-15,CUST1732,Krystal Keller,North,Coffee Maker,Home & Kitchen,39.82,2.0,0.0,Cash on Delivery,Online,79.64,79.64
ORD101941,2024-02-03,CUST1833,Devin Cole,West,USB-C Hub,Electronics,352.95,4.0,0.0,Cash on Delivery,Mobile App,1411.8,1411.8
ORD101716,2025-12-10,CUST1080,Cynthia Wells,Central,Vacuum Cleaner,Home & Kitchen,133.01,2.0,0.0,PayPal,Online,266.02,266.02
ORD104059,2025-03-01,CUST1893,Heidi Ferguson,Central,Power Bank,Electronics,250.59,1.0,0.0,Debit Card,In-Store,250.59,250.59
ORD104279,2025-01-22,CUST1692,Karl Murphy,Central,Water Bottle,Sports & Outdoors,56.69,5.0,0.0,Credit Card,In-Store,283.45,283.45
ORD101586,2025-07-22,CUST1031,Tammy Allison,North,Webcam HD,Electronics,299.15,2.0,0.0,Debit Card,Online,598.3,598.3
ORD100394,2025-09-05,CUST1199,Kimberly Rodgers,North,Camping Tent,Sports & Outdoors,196.4,1.0,0.0,Debit Card,Mobile App,196.4,196.4
ORD102242,2024-07-19,CUST1190,Larry Mason,West,Mechanical Keyboard,Electronics,152.99,3.0,0.0,UPI,In-Store,458.97,458.97
ORD103697,2024-09-04,CUST1876,Christie Fox,West,Cycling Helmet,Sports & Outdoors,77.64,2.0,10.0,Debit Card,In-Store,155.28,139.75
ORD105777,2025-08-10,CUST1144,Brenda Levy,North,Cycling Helmet,Sports & Outdoors,96.65,1.0,0.0,Unknown,In-Store,96.65,96.65
ORD102712,2024-05-30,CUST1139,Crystal Pham,East,Camping Tent,Sports & Outdoors,169.18,1.0,0.0,Credit Card,Mobile App,169.18,169.18
ORD100104,2024-05-31,CUST1082,Alexander Collins,Central,Desk Lamp,Office Supplies,243.27,1.0,0.0,Unknown,Mobile App,243.27,243.27
ORD104803,2025-01-28,CUST1807,Angelica Jacobs,West,Noise Cancelling Headphones,Electronics,329.24,2.0,0.0,PayPal,In-Store,658.48,658.48
ORD101195,2025-08-06,CUST1549,Michael Fox,West,Webcam HD,Electronics,431.01,2.0,0.0,Credit Card,In-Store,862.02,862.02
ORD100213,2024-06-06,CUST1075,Rebecca Ramsey,West,Toaster,Home & Kitchen,37.14,2.0,0.0,Debit Card,Mobile App,74.28,74.28
ORD104424,2025-07-04,CUST1437,Carlos Love,Central,Yoga Mat,Sports & Outdoors,228.2,1.0,10.0,Debit Card,In-Store,228.2,205.38
ORD104736,2025-01-26,CUST1889,Laura Bruce,North,Mechanical Keyboard,Electronics,162.42,1.0,0.0,UPI,In-Store,162.42,162.42
ORD104883,2024-07-21,CUST1329,Haley Davis,South,Vacuum Cleaner,Home & Kitchen,63.87,2.0,0.0,Debit Card,Online,127.74,127.74
ORD101685,2024-11-27,CUST1440,Marie Thompson,East,Standing Desk,Office Supplies,85.67,1.0,0.0,Debit Card,In-Store,85.67,85.67
ORD104579,2025-02-27,CUST1547,Justin Anderson,West,Coffee Maker,Home & Kitchen,111.15,1.0,5.0,Credit Card,Mobile App,111.15,105.59
ORD103957,2024-07-25,CUST1782,Christopher Taylor,East,Noise Cancelling Headphones,Electronics,39.44,4.0,10.0,Cash on Delivery,Online,157.76,141.98
ORD103220,2024-08-08,CUST1194,Nathaniel Douglas,West,Non-stick Pan Set,Home & Kitchen,139.61,1.0,0.0,PayPal,In-Store,139.61,139.61
ORD103582,2024-11-19,CUST1647,Joyce Curry,West,Smartwatch,Electronics,393.81,2.0,0.0,Credit Card,Mobile App,787.62,787.62
ORD105604,2025-11-10,CUST1689,Susan Larson,North,Water Bottle,Sports & Outdoors,30.15,1.0,0.0,Unknown,Mobile App,30.15,30.15
ORD103559,2025-07-01,CUST1658,Amanda Miller,West,Notebook Pack,Office Supplies,341.87,3.0,0.0,UPI,Mobile App,1025.61,1025.61
ORD105814,2024-11-26,CUST1016,Patricia Peterson,North,27in Monitor,Electronics,126.7,5.0,15.0,Cash on Delivery,Online,633.5,538.48
ORD104723,2024-12-05,CUST1462,Deanna Bartlett,East,Smartwatch,Electronics,445.62,3.0,5.0,PayPal,Online,1336.86,1270.02
ORD104254,2024-04-29,CUST1202,Vincent Mueller,Central,Desk Lamp,Office Supplies,165.11,2.0,10.0,UPI,In-Store,330.22,297.2
ORD100784,2025-03-23,CUST1657,Johnny Peterson,West,Wool Sweater,Apparel,110.57,2.0,10.0,Debit Card,In-Store,221.14,199.03
ORD100232,2024-05-17,CUST1604,Justin Webb,West,Whiteboard,Office Supplies,68.66,2.0,0.0,Debit Card,In-Store,137.32,137.32
ORD100149,2025-12-21,CUST1268,Jennifer Reed,South,Yoga Mat,Sports & Outdoors,223.87,1.0,10.0,Cash on Delivery,In-Store,223.87,201.48
ORD101019,2024-11-15,CUST1198,Ralph Lee,West,Smartwatch,Electronics,282.07,1.0,10.0,UPI,Mobile App,282.07,253.86
ORD101169,2025-01-07,CUST1267,Justin Michael,Central,Toaster,Home & Kitchen,145.45,4.0,10.0,PayPal,In-Store,581.8,523.62
ORD105550,2025-02-25,CUST1629,Derrick Mullen,South,Smartwatch,Electronics,445.03,2.0,15.0,UPI,Mobile App,890.06,756.55
ORD104265,2025-02-01,CUST1740,Anna Evans,East,Vacuum Cleaner,Home & Kitchen,118.01,1.0,5.0,Debit Card,Online,118.01,112.11
ORD100388,2025-02-22,CUST1704,Lisa Brown,North,Ergonomic Chair,Office Supplies,206.52,1.0,10.0,Debit Card,In-Store,206.52,185.87
ORD104919,2024-03-06,CUST1867,Dwayne Bruce,Central,Webcam HD,Electronics,136.31,1.0,5.0,Credit Card,In-Store,136.31,129.49
ORD102859,2024-09-09,CUST1769,John Bell,North,Water Bottle,Sports & Outdoors,195.89,2.0,0.0,UPI,In-Store,391.78,391.78
ORD103456,2024-07-24,CUST1047,Rebecca Valencia,South,Wireless Mouse,Electronics,434.28,1.0,0.0,Unknown,Mobile App,434.28,434.28
ORD102730,2025-12-10,CUST1717,Elizabeth Reese,North,Cycling Helmet,Sports & Outdoors,43.47,4.0,0.0,Cash on Delivery,In-Store,173.88,173.88
ORD102490,2025-05-19,CUST1877,Tina Daugherty,North,Whiteboard,Office Supplies,12.48,1.0,0.0,Cash on Delivery,Online,12.48,12.48
ORD100272,2025-07-17,CUST1875,Audrey Johnson,North,Webcam HD,Electronics,135.57,5.0,0.0,UPI,Online,677.85,677.85
ORD105277,2025-11-18,CUST1871,Joshua Martin,West,Blender,Home & Kitchen,116.98,2.0,0.0,Debit Card,Online,233.96,233.96
ORD105689,2025-07-08,CUST1152,Michael Stephens,West,Coffee Maker,Home & Kitchen,178.59,1.0,5.0,Debit Card,In-Store,178.59,169.66
ORD105667,2024-02-16,CUST1703,Alicia Aguilar,East,Yoga Pants,Apparel,111.66,4.0,5.0,PayPal,Online,446.64,424.31
ORD100141,2024-05-18,CUST1646,Julie Pitts,Central,Blender,Home & Kitchen,186.08,2.0,0.0,UPI,Online,372.16,372.16
ORD101303,2025-01-10,CUST1010,Andrew Stewart,North,Mechanical Keyboard,Electronics,418.44,2.0,0.0,PayPal,In-Store,836.88,836.88
ORD100700,2024-08-27,CUST1827,Christopher Garza,North,Webcam HD,Electronics,314.24,2.0,10.0,PayPal,Online,628.48,565.63
ORD100758,2024-08-15,CUST1820,Heather Miller,North,Bluetooth Speaker,Electronics,170.66,1.0,5.0,UPI,Mobile App,170.66,162.13
ORD103964,2025-05-07,CUST1601,Adrienne Mills,West,Yoga Pants,Apparel,68.43,1.0,0.0,Debit Card,Mobile App,68.43,68.43
ORD105108,2024-10-05,CUST1002,Cristian Santos,North,Coffee Maker,Home & Kitchen,131.32,3.0,0.0,UPI,In-Store,393.96,393.96
ORD103945,2025-01-21,CUST1639,Logan Sullivan,East,Desk Lamp,Office Supplies,178.42,2.0,0.0,UPI,Online,356.84,356.84
ORD101498,2024-03-05,CUST1754,David Hayes DVM,North,Mechanical Keyboard,Electronics,248.48,3.0,0.0,Cash on Delivery,Online,745.44,745.44
ORD103126,2024-11-18,CUST1215,James Burgess,West,Air Fryer,Home & Kitchen,214.5,3.0,0.0,Debit Card,Online,643.5,643.5
ORD102649,2025-04-11,CUST1479,Judy Robinson,South,Smartwatch,Electronics,363.43,1.0,10.0,Cash on Delivery,Online,363.43,327.09
ORD105883,2025-02-05,CUST1275,Jennifer Simpson DVM,North,Noise Cancelling Headphones,Electronics,306.99,1.0,5.0,Cash on Delivery,Online,306.99,291.64
ORD104161,2024-07-08,CUST1520,Mason Moore,East,Cotton T-Shirt,Apparel,50.73,1.0,5.0,UPI,Online,50.73,48.19
ORD105721,2024-10-24,CUST1199,Kimberly Rodgers,Central,Air Fryer,Home & Kitchen,42.04,5.0,10.0,Debit Card,Mobile App,210.2,189.18
ORD104083,2024-11-16,CUST1240,Travis Stone,East,Running Shoes,Apparel,81.08,3.0,15.0,PayPal,Mobile App,243.24,206.75
ORD103629,2025-05-05,CUST1802,Marissa Nelson,Central,Wireless Mouse,Electronics,88.78,1.0,10.0,Credit Card,In-Store,88.78,79.9
ORD101080,2024-08-04,CUST1099,John Peterson,South,Standing Desk,Office Supplies,137.6,2.0,0.0,Cash on Delivery,In-Store,275.2,275.2
ORD102645,2025-11-09,CUST1436,Anthony Guzman,South,Mechanical Keyboard,Electronics,56.61,3.0,0.0,Credit Card,In-Store,169.83,169.83
ORD102571,2024-08-23,CUST1161,Katherine Browning,South,Notebook Pack,Office Supplies,17.36,2.0,0.0,PayPal,Online,34.72,34.72
ORD105650,2025-09-17,CUST1733,Eric Cross,South,Whiteboard,Office Supplies,149.39,2.0,15.0,UPI,Mobile App,298.78,253.96
ORD103485,2024-12-28,CUST1777,Jean Lane,West,Toaster,Home & Kitchen,213.72,1.0,0.0,Cash on Delivery,Mobile App,213.72,213.72
ORD103481,2025-08-05,CUST1420,Megan Green,Central,Denim Jacket,Apparel,115.95,3.0,10.0,Credit Card,Online,347.85,313.07
ORD105043,2025-03-05,CUST1569,Danielle Gonzalez,South,Portable SSD 1TB,Electronics,143.97,1.0,0.0,UPI,Online,143.97,143.97
ORD100894,2025-08-13,CUST1516,Sheryl Acosta,West,Cycling Helmet,Sports & Outdoors,57.63,1.0,0.0,PayPal,Mobile App,57.63,57.63
ORD103252,2024-04-28,CUST1311,Ryan Rocha,South,Dumbbell Set,Sports & Outdoors,44.75,4.0,0.0,Credit Card,Mobile App,179.0,179.0
ORD103503,2025-07-01,CUST1846,Laura Tran,East,Wireless Mouse,Electronics,121.59,1.0,0.0,Cash on Delivery,In-Store,121.59,121.59
ORD101827,2025-01-30,CUST1088,Samuel Rivas,South,Toaster,Home & Kitchen,38.07,2.0,5.0,Debit Card,Mobile App,76.14,72.33
ORD103590,2025-10-10,CUST1675,Dawn Diaz,Central,Notebook Pack,Office Supplies,73.02,1.0,0.0,UPI,Mobile App,73.02,73.02
ORD104153,2025-04-10,CUST1724,Laura Herrera,South,Camping Tent,Sports & Outdoors,135.64,2.0,0.0,Debit Card,Mobile App,271.28,271.28
ORD102306,2025-03-20,CUST1852,Mrs. Maureen Martin DDS,West,Water Bottle,Sports & Outdoors,200.62,4.0,0.0,PayPal,Mobile App,802.48,802.48
ORD103516,2024-07-29,CUST1885,Justin Ford,North,Rice Cooker,Home & Kitchen,51.06,1.0,15.0,Debit Card,In-Store,51.06,43.4
ORD102669,2025-01-04,CUST1854,Faith Johnson,South,Bluetooth Speaker,Electronics,354.92,3.0,0.0,Cash on Delivery,Mobile App,1064.76,1064.76
ORD103174,2024-06-07,CUST1189,Julie Spencer,South,Water Bottle,Sports & Outdoors,235.58,1.0,20.0,Credit Card,Online,235.58,188.46
ORD105018,2024-06-30,CUST1165,Brandon Simmons,Central,Desk Lamp,Office Supplies,64.75,1.0,5.0,Cash on Delivery,Online,64.75,61.51
ORD102760,2024-10-31,CUST1389,Bradley Tran,West,Dumbbell Set,Sports & Outdoors,79.06,1.0,5.0,PayPal,Mobile App,79.06,75.11
ORD101337,2025-05-13,CUST1121,Richard Adams,North,Toaster,Home & Kitchen,50.81,1.0,0.0,UPI,In-Store,50.81,50.81
ORD103108,2025-08-15,CUST1510,Sarah Ward,North,Wool Sweater,Apparel,101.97,1.0,0.0,PayPal,Mobile App,101.97,101.97
ORD103447,2025-03-02,CUST1219,Stacey Stewart,West,Camping Tent,Sports & Outdoors,145.98,1.0,0.0,Cash on Delivery,In-Store,145.98,145.98
ORD101108,2025-09-16,CUST1105,Doris Hall,South,Standing Desk,Office Supplies,82.49,2.0,5.0,Debit Card,In-Store,164.98,156.73
ORD101062,2024-11-14,CUST1435,Sara Cochran,South,Air Fryer,Home & Kitchen,62.25,1.0,0.0,UPI,Online,62.25,62.25
ORD104633,2024-11-04,CUST1216,Ashley Perkins,West,Ergonomic Chair,Office Supplies,218.8,3.0,0.0,Debit Card,In-Store,656.4,656.4
ORD100229,2024-07-21,CUST1029,Connor West,West,Noise Cancelling Headphones,Electronics,292.65,1.0,10.0,UPI,In-Store,292.65,263.38
ORD105046,2024-01-10,CUST1710,Lori Johns,North,Air Fryer,Home & Kitchen,44.51,1.0,0.0,Credit Card,In-Store,44.51,44.51
ORD104746,2025-02-27,CUST1406,Michael Williams,Central,Wireless Mouse,Electronics,312.2,1.0,0.0,Debit Card,In-Store,312.2,312.2
ORD105951,2024-10-23,CUST1502,Alicia Norris,East,Wool Sweater,Apparel,73.86,1.0,0.0,Credit Card,Mobile App,73.86,73.86
ORD105462,2025-10-30,CUST1014,Rebecca Henderson,Central,Desk Lamp,Office Supplies,246.2,1.0,0.0,Cash on Delivery,In-Store,246.2,246.2
ORD101505,2025-10-17,CUST1874,Tammy Morgan,West,Blender,Home & Kitchen,211.07,2.0,5.0,Cash on Delivery,Mobile App,422.14,401.03
ORD105350,2025-07-09,CUST1749,John Johnson,Central,Coffee Maker,Home & Kitchen,142.96,2.0,0.0,Cash on Delivery,Mobile App,285.92,285.92
ORD100317,2025-04-26,CUST1474,Madison Martinez,South,Notebook Pack,Office Supplies,152.96,4.0,15.0,Cash on Delivery,Mobile App,611.84,520.06
ORD102089,2025-01-02,CUST1408,Eddie Mueller,East,Whiteboard,Office Supplies,148.16,1.0,0.0,PayPal,Online,148.16,148.16
ORD102214,2024-04-23,CUST1726,Cheryl Gonzales,South,Webcam HD,Electronics,242.72,3.0,0.0,PayPal,Online,728.16,728.16
ORD100738,2024-11-13,CUST1133,Bob Pitts,Central,Rice Cooker,Home & Kitchen,168.63,1.0,15.0,UPI,Online,168.63,143.34
ORD105157,2025-09-08,CUST1254,William Becker,Central,Noise Cancelling Headphones,Electronics,134.06,1.0,0.0,PayPal,Online,134.06,134.06
ORD103836,2024-12-26,CUST1103,Marc Lynch,North,Camping Tent,Sports & Outdoors,163.86,1.0,0.0,Cash on Delivery,Mobile App,163.86,163.86
ORD104434,2025-10-22,CUST1356,Jeffrey Smith,East,Whiteboard,Office Supplies,296.73,1.0,15.0,PayPal,Online,296.73,252.22
ORD102842,2025-08-29,CUST1224,Mitchell Jackson,North,Rice Cooker,Home & Kitchen,198.17,2.0,0.0,PayPal,Mobile App,396.34,396.34
ORD103179,2025-01-21,CUST1510,Sarah Ward,East,Ergonomic Chair,Office Supplies,260.36,3.0,0.0,PayPal,Online,781.08,781.08
ORD105750,2025-06-26,CUST1705,Mary Lin,West,Denim Jacket,Apparel,33.4,5.0,10.0,Debit Card,In-Store,167.0,150.3
ORD102363,2024-06-16,CUST1248,Anthony Dougherty,West,Air Fryer,Home & Kitchen,170.86,1.0,0.0,PayPal,In-Store,170.86,170.86
ORD103551,2025-08-29,CUST1340,Erin Cook,North,Coffee Maker,Home & Kitchen,177.09,4.0,0.0,Cash on Delivery,Online,708.36,708.36
ORD103466,2025-06-15,CUST1245,Melinda Evans,South,Coffee Maker,Home & Kitchen,113.27,2.0,20.0,PayPal,In-Store,226.54,181.23
ORD102575,2024-12-23,CUST1353,Ashley Sweeney,Central,Ergonomic Chair,Office Supplies,209.37,3.0,0.0,Unknown,Mobile App,628.11,628.11
ORD104206,2024-02-28,CUST1530,Richard Love,North,Portable SSD 1TB,Electronics,145.89,2.0,0.0,Credit Card,Mobile App,291.78,291.78
ORD101736,2025-04-24,CUST1202,Vincent Mueller,South,Running Shoes,Apparel,37.63,4.0,0.0,Credit Card,Mobile App,150.52,150.52
ORD101124,2024-06-05,CUST1732,Krystal Keller,North,Cotton T-Shirt,Apparel,70.9,2.0,15.0,Debit Card,Online,141.8,120.53
ORD104524,2024-02-11,CUST1044,Sandra Williams,North,Portable SSD 1TB,Electronics,260.72,1.0,15.0,Debit Card,Online,260.72,221.61
ORD102676,2025-06-10,CUST1062,Frances Cardenas,East,27in Monitor,Electronics,110.6,2.0,0.0,UPI,In-Store,221.2,221.2
ORD100301,2025-01-27,CUST1898,Brenda Perez,Central,Cycling Helmet,Sports & Outdoors,236.51,3.0,0.0,Cash on Delivery,Mobile App,709.53,709.53
ORD100483,2025-02-28,CUST1818,Tina Davis,West,Wireless Mouse,Electronics,222.58,3.0,5.0,PayPal,In-Store,667.74,634.35
ORD104478,2024-11-09,CUST1783,Zachary Santiago,South,27in Monitor,Electronics,119.16,1.0,20.0,Cash on Delivery,Online,119.16,95.33
ORD101310,2025-04-25,CUST1388,Bryce Blair,South,Bluetooth Speaker,Electronics,197.17,1.0,5.0,Cash on Delivery,Online,197.17,187.31
ORD104985,2024-03-09,CUST1351,Todd Thomas,North,Portable SSD 1TB,Electronics,448.89,5.0,0.0,Debit Card,Online,2244.45,2244.45
ORD100077,2025-12-23,CUST1733,Eric Cross,Central,Mechanical Keyboard,Electronics,221.12,1.0,0.0,UPI,In-Store,221.12,221.12
ORD104070,2024-10-28,CUST1291,Kimberly Brown,Central,Smartwatch,Electronics,236.98,2.0,0.0,PayPal,Online,473.96,473.96
ORD102409,2024-07-31,CUST1784,Katelyn Kim,North,Portable SSD 1TB,Electronics,174.06,1.0,0.0,Cash on Delivery,Online,174.06,174.06
ORD104159,2025-07-20,CUST1201,Cynthia Wallace,South,Camping Tent,Sports & Outdoors,68.63,5.0,15.0,Debit Card,Online,343.15,291.68
ORD100286,2025-09-18,CUST1186,Justin Riley,South,Wireless Mouse,Electronics,428.23,4.0,5.0,Cash on Delivery,Online,1712.92,1627.27
ORD105745,2025-09-13,CUST1813,Michelle Garcia,Central,USB-C Hub,Electronics,252.56,3.0,5.0,PayPal,In-Store,757.68,719.8
ORD100942,2024-01-28,CUST1028,Victoria Garcia,Central,Wool Sweater,Apparel,52.19,1.0,15.0,UPI,Online,52.19,44.36
ORD104687,2024-11-15,CUST1466,Kara Jackson,East,Denim Jacket,Apparel,83.47,1.0,15.0,UPI,In-Store,83.47,70.95
ORD105096,2024-09-21,CUST1164,Cindy Hayes,North,Wireless Mouse,Electronics,336.58,1.0,0.0,PayPal,In-Store,336.58,336.58
ORD102899,2024-10-10,CUST1231,Michele Lewis,Central,Denim Jacket,Apparel,111.74,2.0,0.0,Unknown,In-Store,223.48,223.48
ORD103296,2025-03-09,CUST1722,Timothy Duke,East,Wireless Mouse,Electronics,297.7,1.0,10.0,PayPal,Mobile App,297.7,267.93
ORD100791,2024-10-16,CUST1400,Patricia Johnson,South,Cotton T-Shirt,Apparel,59.36,1.0,0.0,Debit Card,Mobile App,59.36,59.36
ORD101278,2024-04-04,CUST1486,Sarah Pittman,West,Air Fryer,Home & Kitchen,95.99,5.0,0.0,Unknown,In-Store,479.95,479.95
ORD101929,2024-10-06,CUST1058,Erika Terry,North,Dumbbell Set,Sports & Outdoors,186.74,5.0,10.0,Cash on Delivery,In-Store,933.7,840.33
ORD101728,2024-11-01,CUST1722,Timothy Duke,Central,Yoga Mat,Sports & Outdoors,277.74,2.0,0.0,PayPal,In-Store,555.48,555.48
ORD105822,2024-12-04,CUST1833,Devin Cole,Central,Ergonomic Chair,Office Supplies,103.35,1.0,20.0,UPI,Mobile App,103.35,82.68
ORD105433,2024-04-03,CUST1219,Stacey Stewart,Central,Coffee Maker,Home & Kitchen,165.88,2.0,15.0,PayPal,In-Store,331.76,282.0
ORD101835,2024-10-03,CUST1628,Jamie Garcia,East,Yoga Mat,Sports & Outdoors,176.06,1.0,0.0,PayPal,Online,176.06,176.06
ORD100429,2024-09-11,CUST1380,William Patterson,West,Wireless Mouse,Electronics,271.96,2.0,10.0,Credit Card,Mobile App,543.92,489.53
ORD104637,2025-09-13,CUST1765,Michelle Lambert,North,Bluetooth Speaker,Electronics,52.54,1.0,0.0,PayPal,Online,52.54,52.54
ORD100710,2025-03-14,CUST1464,Ashley Hernandez,South,Noise Cancelling Headphones,Electronics,195.72,2.0,0.0,Cash on Delivery,Online,391.44,391.44
ORD104706,2024-07-02,CUST1838,Dominique Hamilton,North,Yoga Mat,Sports & Outdoors,169.12,2.0,0.0,Debit Card,Online,338.24,338.24
ORD102867,2024-03-24,CUST1125,Matthew Hoover,West,Vacuum Cleaner,Home & Kitchen,108.26,1.0,5.0,Debit Card,Online,108.26,102.85
ORD101855,2025-01-04,CUST1597,April Pace,North,Electric Kettle,Home & Kitchen,202.27,1.0,0.0,UPI,Online,202.27,202.27
ORD103057,2025-10-17,CUST1517,Arthur Pena,North,Power Bank,Electronics,88.86,4.0,0.0,Cash on Delivery,Mobile App,355.44,355.44
ORD103182,2025-01-18,CUST1332,Michelle Miller,Central,Dumbbell Set,Sports & Outdoors,215.87,3.0,0.0,UPI,In-Store,647.61,647.61
ORD102359,2025-02-28,CUST1459,James Nash,South,Standing Desk,Office Supplies,212.77,5.0,10.0,Cash on Delivery,In-Store,1063.85,957.46
ORD104551,2025-11-15,CUST1862,Brian Hernandez,West,Camping Tent,Sports & Outdoors,261.51,1.0,10.0,Credit Card,Online,261.51,235.36
ORD101807,2024-07-04,CUST1700,Ashley Brown,East,Denim Jacket,Apparel,16.01,3.0,0.0,Unknown,In-Store,48.03,48.03
ORD100178,2024-12-04,CUST1197,Susan Davis DDS,East,Rice Cooker,Home & Kitchen,197.85,1.0,10.0,UPI,Mobile App,197.85,178.06
ORD105510,2025-12-08,CUST1096,Paige Carlson,East,Dumbbell Set,Sports & Outdoors,225.33,3.0,15.0,UPI,Online,675.99,574.59
ORD102677,2024-08-20,CUST1600,Angela George,East,Running Shoes,Apparel,28.64,2.0,5.0,UPI,In-Store,57.28,54.42
ORD100383,2024-03-11,CUST1464,Ashley Hernandez,North,Standing Desk,Office Supplies,221.89,2.0,5.0,UPI,Online,443.78,421.59
ORD100797,2025-06-05,CUST1656,Diane Martinez,North,Wool Sweater,Apparel,53.57,1.0,5.0,Cash on Delivery,Mobile App,53.57,50.89
ORD102662,2024-07-30,CUST1312,Alexis Tran,East,Noise Cancelling Headphones,Electronics,285.19,3.0,0.0,PayPal,In-Store,855.57,855.57
ORD104435,2024-03-08,CUST1585,Heather Parrish,North,Portable SSD 1TB,Electronics,302.22,1.0,5.0,UPI,Mobile App,302.22,287.11
ORD103636,2024-04-02,CUST1125,Matthew Hoover,North,Bluetooth Speaker,Electronics,227.12,3.0,5.0,UPI,Online,681.36,647.29
ORD105225,2025-06-10,CUST1587,Jack Love,North,Yoga Mat,Sports & Outdoors,175.79,1.0,5.0,Cash on Delivery,Mobile App,175.79,167.0
ORD103401,2024-02-22,CUST1267,Justin Michael,Central,Smartwatch,Electronics,406.45,4.0,10.0,PayPal,In-Store,1625.8,1463.22
ORD102930,2024-01-29,CUST1117,Michael Martinez,East,Power Bank,Electronics,282.95,2.0,0.0,Credit Card,Online,565.9,565.9
ORD101859,2025-10-06,CUST1490,Steve Mason,Central,Water Bottle,Sports & Outdoors,222.96,3.0,5.0,Debit Card,Online,668.88,635.44
ORD105081,2025-07-12,CUST1878,Terri Kerr,Central,Ergonomic Chair,Office Supplies,280.21,1.0,20.0,Cash on Delivery,Mobile App,280.21,224.17
ORD101156,2024-04-13,CUST1365,Jill Jackson,West,Notebook Pack,Office Supplies,227.69,1.0,0.0,UPI,Online,227.69,227.69
ORD105903,2024-04-19,CUST1680,Megan Park,Central,Yoga Mat,Sports & Outdoors,253.08,3.0,10.0,Debit Card,Mobile App,759.24,683.32
ORD103409,2024-02-05,CUST1879,Dustin Bell,South,Running Shoes,Apparel,60.48,5.0,20.0,Credit Card,Online,302.4,241.92
ORD100781,2025-06-11,CUST1249,Michelle Lee,North,Dumbbell Set,Sports & Outdoors,60.4,1.0,0.0,Credit Card,In-Store,60.4,60.4
ORD101363,2025-02-16,CUST1106,Dennis Moody,West,Non-stick Pan Set,Home & Kitchen,25.96,3.0,10.0,Debit Card,Mobile App,77.88,70.09
ORD102199,2025-08-28,CUST1366,Joshua Jackson,North,Smartwatch,Electronics,143.03,1.0,20.0,Credit Card,Online,143.03,114.42
ORD103186,2025-06-07,CUST1296,Shaun Cannon,West,Mechanical Keyboard,Electronics,114.94,5.0,10.0,PayPal,In-Store,574.7,517.23
ORD100947,2025-02-04,CUST1852,Mrs. Maureen Martin DDS,North,Mechanical Keyboard,Electronics,245.92,1.0,0.0,Credit Card,In-Store,245.92,245.92
ORD101623,2024-03-31,CUST1784,Katelyn Kim,South,Noise Cancelling Headphones,Electronics,171.46,2.0,0.0,Cash on Delivery,Online,342.92,342.92
ORD101400,2025-03-11,CUST1220,Matthew Mitchell,East,Dumbbell Set,Sports & Outdoors,57.33,5.0,20.0,UPI,In-Store,286.65,229.32
ORD105190,2024-09-01,CUST1830,Donald Todd,Central,Portable SSD 1TB,Electronics,397.04,5.0,0.0,PayPal,Mobile App,1985.2,1985.2
ORD100208,2025-12-09,CUST1235,Dr. Cynthia Snyder,Central,Whiteboard,Office Supplies,342.29,5.0,0.0,UPI,In-Store,1711.45,1711.45
ORD104547,2025-10-28,CUST1708,Thomas Torres,South,Cycling Helmet,Sports & Outdoors,63.41,4.0,0.0,Debit Card,Online,253.64,253.64
ORD101605,2024-07-18,CUST1376,Jackie Clements,North,Yoga Pants,Apparel,43.23,2.0,10.0,Cash on Delivery,Online,86.46,77.81
ORD100041,2024-07-22,CUST1317,Mark Peck,West,Yoga Pants,Apparel,50.19,3.0,0.0,Credit Card,Online,150.57,150.57
ORD105795,2025-05-24,CUST1500,Mrs. Alison Wagner,Central,Electric Kettle,Home & Kitchen,220.0,1.0,15.0,Debit Card,Mobile App,220.0,187.0
ORD102630,2025-08-29,CUST1410,Makayla Steele,South,Electric Kettle,Home & Kitchen,206.89,1.0,0.0,Cash on Delivery,In-Store,206.89,206.89
ORD101529,2024-06-25,CUST1380,William Patterson,East,Vacuum Cleaner,Home & Kitchen,144.58,1.0,0.0,PayPal,In-Store,144.58,144.58
ORD104753,2025-11-19,CUST1389,Bradley Tran,West,Noise Cancelling Headphones,Electronics,55.44,3.0,0.0,Cash on Delivery,Online,166.32,166.32
ORD102033,2025-09-26,CUST1266,Courtney Dudley,South,Coffee Maker,Home & Kitchen,165.78,3.0,0.0,PayPal,Online,497.34,497.34
ORD103895,2024-07-23,CUST1673,Brent Hopkins,North,Denim Jacket,Apparel,78.55,1.0,10.0,Debit Card,Mobile App,78.55,70.69
ORD105391,2024-02-01,CUST1128,Michael Santos,South,Yoga Mat,Sports & Outdoors,266.86,1.0,0.0,Debit Card,Mobile App,266.86,266.86
ORD100075,2024-09-30,CUST1778,Susan Torres,East,Electric Kettle,Home & Kitchen,123.69,2.0,0.0,PayPal,In-Store,247.38,247.38
ORD100961,2025-06-13,CUST1582,Heather Harrison,West,Blender,Home & Kitchen,180.32,1.0,0.0,Credit Card,In-Store,180.32,180.32
ORD103489,2025-02-10,CUST1257,Brenda Velazquez,West,Cycling Helmet,Sports & Outdoors,116.85,3.0,0.0,Credit Card,Mobile App,350.55,350.55
ORD101239,2024-05-12,CUST1568,Tara Gamble,East,Cotton T-Shirt,Apparel,81.56,4.0,0.0,Debit Card,In-Store,326.24,326.24
ORD101667,2024-06-11,CUST1370,Heather Page,East,Noise Cancelling Headphones,Electronics,420.19,1.0,0.0,PayPal,In-Store,420.19,420.19
ORD101084,2025-09-25,CUST1193,Rachel Holland,Central,Running Shoes,Apparel,55.25,2.0,5.0,Cash on Delivery,Mobile App,110.5,104.98
ORD104045,2024-05-13,CUST1502,Alicia Norris,South,Webcam HD,Electronics,88.06,3.0,0.0,PayPal,In-Store,264.18,264.18
ORD102744,2024-08-06,CUST1247,Kayla Rodriguez,West,Wireless Mouse,Electronics,80.81,1.0,0.0,Debit Card,Mobile App,80.81,80.81
ORD102918,2024-12-27,CUST1420,Megan Green,South,Desk Lamp,Office Supplies,96.99,1.0,15.0,Credit Card,Mobile App,96.99,82.44
ORD105057,2024-01-22,CUST1856,Susan Cox,Central,Portable SSD 1TB,Electronics,294.02,1.0,10.0,Debit Card,Online,294.02,264.62
ORD103280,2025-03-01,CUST1181,Brian Smith,North,USB-C Hub,Electronics,64.04,1.0,20.0,Debit Card,Mobile App,64.04,51.23
ORD102745,2024-12-26,CUST1305,Tammy Boone,West,Wool Sweater,Apparel,22.08,1.0,0.0,Credit Card,Online,22.08,22.08
ORD101967,2025-04-30,CUST1850,Joseph Mendoza,North,Air Fryer,Home & Kitchen,84.07,1.0,10.0,Debit Card,In-Store,84.07,75.66
ORD101063,2024-12-20,CUST1476,Anthony Nash,East,Noise Cancelling Headphones,Electronics,101.3,1.0,10.0,Credit Card,Mobile App,101.3,91.17
ORD100642,2025-02-12,CUST1182,Anita Richard,North,Ergonomic Chair,Office Supplies,196.03,2.0,0.0,Debit Card,Online,392.06,392.06
ORD104124,2025-12-14,CUST1020,David Bradley,North,Ergonomic Chair,Office Supplies,302.24,1.0,0.0,PayPal,Online,302.24,302.24
ORD104660,2024-11-11,CUST1782,Christopher Taylor,South,USB-C Hub,Electronics,218.62,4.0,10.0,Debit Card,Online,874.48,787.03
ORD100454,2024-09-21,CUST1208,Raven Taylor,South,Coffee Maker,Home & Kitchen,81.02,1.0,0.0,Cash on Delivery,Mobile App,81.02,81.02
ORD104583,2024-12-14,CUST1223,Samantha Gardner,West,Dumbbell Set,Sports & Outdoors,92.49,1.0,10.0,PayPal,Mobile App,92.49,83.24
ORD103736,2024-08-29,CUST1218,Chad Baldwin,Central,Yoga Mat,Sports & Outdoors,65.25,1.0,0.0,UPI,Mobile App,65.25,65.25
ORD100437,2025-12-26,CUST1841,Erika Garcia,South,Coffee Maker,Home & Kitchen,113.61,2.0,0.0,Cash on Delivery,In-Store,227.22,227.22
ORD105523,2024-01-29,CUST1460,Lisa Martinez,West,Camping Tent,Sports & Outdoors,84.22,1.0,0.0,UPI,Online,84.22,84.22
ORD103300,2025-03-20,CUST1349,Brett Walker,North,Webcam HD,Electronics,372.36,1.0,20.0,Debit Card,Mobile App,372.36,297.89
ORD105278,2024-12-29,CUST1005,Monica Herrera,West,Coffee Maker,Home & Kitchen,187.16,3.0,10.0,Debit Card,Mobile App,561.48,505.33
ORD102995,2025-02-26,CUST1492,Mike Maxwell,South,Denim Jacket,Apparel,45.86,2.0,0.0,Credit Card,In-Store,91.72,91.72
ORD101049,2025-01-07,CUST1501,Martin Wise,East,Camping Tent,Sports & Outdoors,294.03,1.0,0.0,Cash on Delivery,In-Store,294.03,294.03
ORD103664,2025-02-18,CUST1182,Anita Richard,North,Running Shoes,Apparel,26.22,1.0,15.0,PayPal,Mobile App,26.22,22.29
ORD103336,2025-01-08,CUST1112,Robert Costa,South,Noise Cancelling Headphones,Electronics,246.45,2.0,5.0,UPI,Online,492.9,468.25
ORD103927,2024-12-24,CUST1436,Anthony Guzman,West,Smartwatch,Electronics,433.4,1.0,10.0,Debit Card,In-Store,433.4,390.06
ORD101536,2025-03-26,CUST1621,Travis Vega,West,Smartwatch,Electronics,27.32,1.0,0.0,UPI,In-Store,27.32,27.32
ORD103955,2024-09-27,CUST1694,George Alvarez,North,Coffee Maker,Home & Kitchen,100.92,4.0,10.0,Cash on Delivery,Mobile App,403.68,363.31
ORD100309,2025-11-29,CUST1885,Justin Ford,South,Standing Desk,Office Supplies,240.42,1.0,10.0,Debit Card,Mobile App,240.42,216.38
ORD103687,2024-02-23,CUST1755,Paula Gentry,Central,Webcam HD,Electronics,392.24,1.0,5.0,UPI,Online,392.24,372.63
ORD101460,2024-02-24,CUST1282,Melissa Brown,West,Noise Cancelling Headphones,Electronics,149.96,1.0,0.0,Debit Card,Mobile App,149.96,149.96
ORD100581,2024-06-15,CUST1421,Krista Davis,South,Blender,Home & Kitchen,22.58,2.0,0.0,Debit Card,Mobile App,45.16,45.16
ORD102030,2025-04-26,CUST1005,Monica Herrera,South,Smartwatch,Electronics,201.79,1.0,5.0,Credit Card,Mobile App,201.79,191.7
ORD105298,2024-04-10,CUST1507,Daniel Fitzpatrick MD,North,Standing Desk,Office Supplies,151.26,3.0,0.0,Debit Card,Online,453.78,453.78
ORD101249,2025-12-31,CUST1535,Denise Stuart,North,Standing Desk,Office Supplies,178.87,4.0,0.0,PayPal,In-Store,715.48,715.48
ORD100811,2025-01-22,CUST1673,Brent Hopkins,North,Wool Sweater,Apparel,65.07,1.0,0.0,PayPal,Online,65.07,65.07
ORD105853,2024-08-27,CUST1143,Terry Coffey,North,Power Bank,Electronics,433.8,3.0,10.0,Cash on Delivery,Online,1301.4,1171.26
ORD100556,2025-09-25,CUST1392,Ryan Fisher,Central,Cycling Helmet,Sports & Outdoors,284.25,2.0,0.0,PayPal,Online,568.5,568.5
ORD103896,2024-07-08,CUST1015,Tricia Valencia,Central,Noise Cancelling Headphones,Electronics,86.92,2.0,0.0,PayPal,Mobile App,173.84,173.84
ORD100707,2024-09-01,CUST1253,Chloe Tran,South,Air Fryer,Home & Kitchen,138.51,2.0,0.0,Credit Card,In-Store,277.02,277.02
ORD104480,2024-07-02,CUST1856,Susan Cox,East,Yoga Mat,Sports & Outdoors,54.19,3.0,10.0,Debit Card,In-Store,162.57,146.31
ORD103716,2025-11-27,CUST1114,Brandon King,Central,Mechanical Keyboard,Electronics,203.53,1.0,0.0,PayPal,Online,203.53,203.53
ORD101448,2024-07-15,CUST1768,Jenna Lyons,South,USB-C Hub,Electronics,350.76,3.0,0.0,Unknown,Mobile App,1052.28,1052.28
ORD100902,2025-12-09,CUST1141,Richard Johnson,North,Standing Desk,Office Supplies,304.74,1.0,0.0,PayPal,In-Store,304.74,304.74
ORD100352,2024-09-14,CUST1565,Andrew Armstrong,Central,Wool Sweater,Apparel,55.69,5.0,0.0,UPI,Online,278.45,278.45
ORD104992,2024-12-08,CUST1851,Melissa Russell,East,Yoga Pants,Apparel,19.87,1.0,10.0,PayPal,Mobile App,19.87,17.88
ORD104748,2024-07-09,CUST1490,Steve Mason,West,Rice Cooker,Home & Kitchen,142.24,1.0,5.0,Cash on Delivery,In-Store,142.24,135.13
ORD104456,2024-09-20,CUST1692,Karl Murphy,South,Standing Desk,Office Supplies,299.63,3.0,0.0,Credit Card,In-Store,898.89,898.89
ORD103928,2024-04-05,CUST1208,Raven Taylor,North,Vacuum Cleaner,Home & Kitchen,47.05,1.0,0.0,Cash on Delivery,Online,47.05,47.05
ORD100513,2025-06-07,CUST1079,Mrs. Marie Harrington DDS,West,Yoga Mat,Sports & Outdoors,82.63,2.0,5.0,PayPal,Mobile App,165.26,157.0
ORD102898,2024-09-05,CUST1295,Kimberly Patel,North,Yoga Pants,Apparel,43.58,4.0,5.0,Credit Card,Online,174.32,165.6
ORD105933,2025-06-08,CUST1080,Cynthia Wells,Central,Running Shoes,Apparel,26.56,4.0,10.0,Debit Card,In-Store,106.24,95.62
ORD103475,2025-06-06,CUST1040,Sherry Wood,South,USB-C Hub,Electronics,79.19,2.0,10.0,Credit Card,Online,158.38,142.54
ORD105092,2024-04-06,CUST1609,Linda Bautista,Central,Electric Kettle,Home & Kitchen,71.91,2.0,0.0,PayPal,In-Store,143.82,143.82
ORD100888,2024-04-11,CUST1718,Phillip Salazar,East,Vacuum Cleaner,Home & Kitchen,189.02,2.0,5.0,Credit Card,Online,378.04,359.14
ORD105406,2024-08-19,CUST1302,Megan Floyd,East,Yoga Pants,Apparel,71.24,1.0,10.0,Credit Card,Mobile App,71.24,64.12
ORD101382,2024-02-03,CUST1062,Frances Cardenas,East,Vacuum Cleaner,Home & Kitchen,107.49,1.0,0.0,Cash on Delivery,In-Store,107.49,107.49
ORD105503,2024-07-05,CUST1315,Kelly Combs,East,Cotton T-Shirt,Apparel,20.69,1.0,20.0,PayPal,In-Store,20.69,16.55
ORD100233,2024-07-09,CUST1588,Karen Mendoza,South,Bluetooth Speaker,Electronics,319.71,2.0,0.0,Cash on Delivery,Mobile App,639.42,639.42
ORD100715,2024-09-12,CUST1872,Theresa Reilly,East,Rice Cooker,Home & Kitchen,158.96,5.0,5.0,UPI,In-Store,794.8,755.06
ORD102018,2024-01-05,CUST1412,Valerie Thomas,North,Electric Kettle,Home & Kitchen,215.21,2.0,0.0,PayPal,In-Store,430.42,430.42
ORD105421,2024-03-25,CUST1138,Melissa Garner,North,Wool Sweater,Apparel,82.9,1.0,5.0,Credit Card,Online,82.9,78.76
ORD103638,2025-01-01,CUST1481,Brian Brown,South,Yoga Mat,Sports & Outdoors,143.06,1.0,5.0,UPI,In-Store,143.06,135.91
ORD102668,2025-09-02,CUST1891,Mark Jones,Central,Notebook Pack,Office Supplies,178.96,1.0,5.0,Credit Card,Online,178.96,170.01
ORD105396,2025-02-25,CUST1172,Kylie Morales,Central,Electric Kettle,Home & Kitchen,52.62,4.0,0.0,UPI,In-Store,210.48,210.48
ORD104453,2024-09-01,CUST1531,Leah Barton,North,Smartwatch,Electronics,423.75,1.0,0.0,Credit Card,Mobile App,423.75,423.75
ORD102254,2025-10-16,CUST1201,Cynthia Wallace,South,Electric Kettle,Home & Kitchen,115.46,1.0,0.0,UPI,Mobile App,115.46,115.46
ORD102547,2025-09-27,CUST1512,Anna Briggs,West,Noise Cancelling Headphones,Electronics,231.31,1.0,10.0,Credit Card,Online,231.31,208.18
ORD102244,2025-08-04,CUST1137,Ian Phillips,West,Running Shoes,Apparel,63.19,1.0,0.0,Debit Card,Online,63.19,63.19
ORD100788,2024-11-12,CUST1035,Kim Brown,West,Vacuum Cleaner,Home & Kitchen,49.17,2.0,5.0,Credit Card,In-Store,98.34,93.42
ORD102491,2024-03-05,CUST1452,Kenneth Larsen,West,Electric Kettle,Home & Kitchen,82.73,2.0,10.0,PayPal,Mobile App,165.46,148.91
ORD101188,2024-02-19,CUST1656,Diane Martinez,East,Water Bottle,Sports & Outdoors,268.92,2.0,0.0,Credit Card,In-Store,537.84,537.84
ORD100053,2025-01-12,CUST1716,Ryan Thomas,Central,USB-C Hub,Electronics,226.26,1.0,0.0,Cash on Delivery,Mobile App,226.26,226.26
ORD100739,2024-05-26,CUST1206,Stacey Arias,West,Cotton T-Shirt,Apparel,76.69,2.0,0.0,UPI,Mobile App,153.38,153.38
ORD104508,2024-04-03,CUST1040,Sherry Wood,South,Air Fryer,Home & Kitchen,97.52,3.0,0.0,Debit Card,Online,292.56,292.56
ORD101482,2025-12-03,CUST1351,Todd Thomas,South,Power Bank,Electronics,98.04,4.0,0.0,Debit Card,Mobile App,392.16,392.16
ORD101650,2024-03-20,CUST1362,Melissa Brewer,North,Denim Jacket,Apparel,98.72,4.0,0.0,UPI,Online,394.88,394.88
ORD101528,2025-07-31,CUST1415,Samuel Howe,North,Cotton T-Shirt,Apparel,18.4,1.0,20.0,UPI,In-Store,18.4,14.72
ORD102876,2024-03-17,CUST1212,Jose Allen,Central,Coffee Maker,Home & Kitchen,140.03,1.0,10.0,PayPal,Mobile App,140.03,126.03
ORD101103,2024-07-21,CUST1452,Kenneth Larsen,North,Yoga Mat,Sports & Outdoors,103.83,2.0,0.0,Cash on Delivery,Online,207.66,207.66
ORD105226,2025-03-26,CUST1779,Lisa Dixon,East,Air Fryer,Home & Kitchen,44.48,3.0,0.0,PayPal,Online,133.44,133.44
ORD100291,2025-10-31,CUST1031,Tammy Allison,Central,Yoga Mat,Sports & Outdoors,109.33,5.0,0.0,UPI,Online,546.65,546.65
ORD100240,2025-06-10,CUST1296,Shaun Cannon,Central,Vacuum Cleaner,Home & Kitchen,139.37,1.0,5.0,Credit Card,Online,139.37,132.4
ORD100125,2024-12-08,CUST1808,Cathy Rodriguez,West,Vacuum Cleaner,Home & Kitchen,97.48,3.0,5.0,Credit Card,Mobile App,292.44,277.82
ORD100572,2025-10-03,CUST1825,Charles Valdez,East,Portable SSD 1TB,Electronics,340.15,1.0,10.0,UPI,Online,340.15,306.14
ORD102434,2025-03-05,CUST1822,Kathryn Hanna,Central,Air Fryer,Home & Kitchen,103.4,2.0,0.0,UPI,Mobile App,206.8,206.8
ORD103256,2024-06-16,CUST1671,Patty Allen,North,Notebook Pack,Office Supplies,73.55,1.0,15.0,Credit Card,Online,73.55,62.52
ORD103439,2025-05-05,CUST1880,Jill Riddle,South,Wool Sweater,Apparel,63.18,1.0,0.0,Debit Card,Mobile App,63.18,63.18
ORD102598,2025-06-18,CUST1199,Kimberly Rodgers,West,Dumbbell Set,Sports & Outdoors,229.32,1.0,0.0,UPI,Online,229.32,229.32
ORD103045,2025-08-14,CUST1260,Paula Lane,North,Air Fryer,Home & Kitchen,188.47,2.0,0.0,UPI,In-Store,376.94,376.94
ORD104181,2024-11-29,CUST1662,Kelly King,North,Bluetooth Speaker,Electronics,286.94,1.0,15.0,PayPal,Mobile App,286.94,243.9
ORD105880,2025-01-21,CUST1167,Kristina Santiago,West,Webcam HD,Electronics,141.44,4.0,15.0,PayPal,Online,565.76,480.9
ORD103168,2025-06-29,CUST1855,Rebecca French,Central,Dumbbell Set,Sports & Outdoors,174.33,2.0,15.0,PayPal,Mobile App,348.66,296.36
ORD105349,2024-10-07,CUST1515,Meghan White,North,Dumbbell Set,Sports & Outdoors,59.34,1.0,0.0,Debit Card,Mobile App,59.34,59.34
ORD100733,2025-11-03,CUST1347,Robin Wheeler,West,Water Bottle,Sports & Outdoors,283.69,1.0,0.0,UPI,Mobile App,283.69,283.69
ORD102871,2024-02-01,CUST1108,Tammy Gonzales,West,Bluetooth Speaker,Electronics,358.8,1.0,20.0,PayPal,In-Store,358.8,287.04
ORD100264,2025-04-20,CUST1757,Briana Wiggins,East,Portable SSD 1TB,Electronics,28.39,1.0,5.0,UPI,Online,28.39,26.97
ORD100713,2024-12-17,CUST1480,Jorge Bates,West,Non-stick Pan Set,Home & Kitchen,82.24,4.0,0.0,Credit Card,Mobile App,328.96,328.96
ORD103218,2025-12-14,CUST1613,Krista Barber,Central,Coffee Maker,Home & Kitchen,157.73,1.0,0.0,PayPal,In-Store,157.73,157.73
ORD101277,2025-06-12,CUST1788,Ashley Olson,West,Wireless Mouse,Electronics,133.71,1.0,0.0,PayPal,Mobile App,133.71,133.71
ORD103171,2024-09-21,CUST1534,Lisa Morris,West,Running Shoes,Apparel,60.27,1.0,20.0,UPI,Mobile App,60.27,48.22
ORD104210,2025-04-22,CUST1706,James Bray,West,Noise Cancelling Headphones,Electronics,329.95,1.0,0.0,UPI,Online,329.95,329.95
ORD104361,2024-03-28,CUST1696,Christina Gilbert,Central,Wool Sweater,Apparel,56.49,1.0,0.0,Debit Card,Mobile App,56.49,56.49
ORD104189,2025-10-17,CUST1784,Katelyn Kim,North,Notebook Pack,Office Supplies,196.56,4.0,0.0,UPI,Online,786.24,786.24
ORD101350,2024-09-02,CUST1738,Thomas Williams,Central,USB-C Hub,Electronics,127.01,2.0,0.0,PayPal,Mobile App,254.02,254.02
ORD105207,2025-01-28,CUST1497,James Chapman,North,Denim Jacket,Apparel,96.24,1.0,10.0,Debit Card,Mobile App,96.24,86.62
ORD102243,2024-05-20,CUST1474,Madison Martinez,East,Running Shoes,Apparel,45.12,1.0,15.0,Cash on Delivery,In-Store,45.12,38.35
ORD100370,2024-05-17,CUST1283,Stephanie Padilla,West,Bluetooth Speaker,Electronics,129.62,1.0,10.0,PayPal,In-Store,129.62,116.66
ORD103520,2024-04-02,CUST1155,Robin Hall,West,Toaster,Home & Kitchen,140.85,1.0,10.0,Debit Card,In-Store,140.85,126.76
ORD101253,2025-08-26,CUST1069,Jeremiah Reeves,West,Vacuum Cleaner,Home & Kitchen,118.45,2.0,0.0,Debit Card,Mobile App,236.9,236.9
ORD102420,2024-11-02,CUST1171,Christopher Park,South,Camping Tent,Sports & Outdoors,170.91,3.0,0.0,Debit Card,Online,512.73,512.73
ORD105652,2025-10-25,CUST1838,Dominique Hamilton,West,Denim Jacket,Apparel,116.4,1.0,10.0,Cash on Delivery,In-Store,116.4,104.76
ORD102802,2024-09-21,CUST1388,Bryce Blair,West,Ergonomic Chair,Office Supplies,276.12,1.0,20.0,UPI,Mobile App,276.12,220.9
ORD101194,2025-05-15,CUST1118,Anna Gay,North,Wool Sweater,Apparel,28.53,2.0,0.0,Cash on Delivery,In-Store,57.06,57.06
ORD102345,2024-04-19,CUST1598,Jessica Mays,Central,Whiteboard,Office Supplies,180.16,3.0,0.0,UPI,In-Store,540.48,540.48
ORD101660,2024-05-13,CUST1224,Mitchell Jackson,West,27in Monitor,Electronics,440.94,1.0,15.0,UPI,In-Store,440.94,374.8
ORD101274,2025-10-15,CUST1845,Greg Tanner,West,Coffee Maker,Home & Kitchen,158.99,1.0,0.0,Debit Card,Online,158.99,158.99
ORD104742,2025-09-02,CUST1216,Ashley Perkins,West,Denim Jacket,Apparel,101.51,2.0,10.0,PayPal,In-Store,203.02,182.72
ORD103770,2024-12-01,CUST1638,Dustin Welch,North,Wireless Mouse,Electronics,161.27,2.0,0.0,PayPal,In-Store,322.54,322.54
ORD100836,2024-05-12,CUST1613,Krista Barber,West,Noise Cancelling Headphones,Electronics,247.6,5.0,0.0,Cash on Delivery,Online,1238.0,1238.0
ORD105380,2024-10-31,CUST1048,Stacey Russell,South,Toaster,Home & Kitchen,53.85,2.0,0.0,Debit Card,In-Store,107.7,107.7
ORD104886,2024-12-17,CUST1680,Megan Park,West,Denim Jacket,Apparel,18.01,3.0,0.0,Debit Card,Online,54.03,54.03
ORD100064,2025-05-05,CUST1587,Jack Love,North,USB-C Hub,Electronics,296.09,3.0,0.0,Debit Card,Online,888.27,888.27
ORD104377,2025-04-25,CUST1851,Melissa Russell,West,27in Monitor,Electronics,217.39,1.0,0.0,UPI,Mobile App,217.39,217.39
ORD103676,2025-08-27,CUST1106,Dennis Moody,East,Power Bank,Electronics,360.23,1.0,20.0,Debit Card,Online,360.23,288.18
ORD102131,2025-10-04,CUST1665,Mr. George Booker DDS,South,Mechanical Keyboard,Electronics,171.79,2.0,0.0,Cash on Delivery,Online,343.58,343.58
ORD102286,2024-05-08,CUST1357,Rebecca Herrera,Central,Camping Tent,Sports & Outdoors,33.21,3.0,5.0,Debit Card,Online,99.63,94.65
ORD101842,2025-12-25,CUST1067,Jessica Meadows,South,Notebook Pack,Office Supplies,163.07,1.0,0.0,Cash on Delivery,Mobile App,163.07,163.07
ORD105582,2024-11-11,CUST1710,Lori Johns,Central,27in Monitor,Electronics,295.8,3.0,0.0,UPI,Online,887.4,887.4
ORD100376,2025-04-10,CUST1397,Brandon Hamilton,East,Bluetooth Speaker,Electronics,124.46,2.0,0.0,Credit Card,Mobile App,248.92,248.92
ORD103596,2024-01-07,CUST1887,Donald Gamble,West,Cotton T-Shirt,Apparel,112.62,4.0,0.0,Cash on Delivery,Mobile App,450.48,450.48
ORD102790,2024-09-08,CUST1406,Michael Williams,Central,Bluetooth Speaker,Electronics,277.37,1.0,5.0,Debit Card,Online,277.37,263.5
ORD103522,2024-11-23,CUST1388,Bryce Blair,East,Blender,Home & Kitchen,196.72,1.0,0.0,UPI,Mobile App,196.72,196.72
ORD102362,2024-09-04,CUST1431,William Moreno,Central,USB-C Hub,Electronics,73.84,1.0,15.0,Cash on Delivery,Mobile App,73.84,62.76
ORD102163,2025-08-18,CUST1224,Mitchell Jackson,East,Wool Sweater,Apparel,58.73,1.0,0.0,Debit Card,In-Store,58.73,58.73
ORD103027,2025-10-24,CUST1459,James Nash,South,Notebook Pack,Office Supplies,50.64,3.0,0.0,UPI,Online,151.92,151.92
ORD101286,2025-11-11,CUST1088,Samuel Rivas,North,Electric Kettle,Home & Kitchen,201.32,4.0,5.0,Cash on Delivery,In-Store,805.28,765.02
ORD103180,2025-05-14,CUST1747,Elizabeth Hunter,South,Portable SSD 1TB,Electronics,38.34,1.0,15.0,PayPal,Online,38.34,32.59
ORD105484,2024-04-01,CUST1770,Bethany Garcia,East,Cycling Helmet,Sports & Outdoors,244.55,3.0,0.0,PayPal,Online,733.65,733.65
ORD103655,2024-04-30,CUST1153,Samantha Davis,North,Air Fryer,Home & Kitchen,98.75,3.0,20.0,Cash on Delivery,In-Store,296.25,237.0
ORD101180,2024-06-25,CUST1879,Dustin Bell,East,Noise Cancelling Headphones,Electronics,155.16,3.0,0.0,Cash on Delivery,In-Store,465.48,465.48
ORD104802,2024-03-09,CUST1687,Kevin Hall,South,Wool Sweater,Apparel,23.35,2.0,20.0,UPI,In-Store,46.7,37.36
ORD103743,2025-02-14,CUST1173,Cindy Barnes,South,Notebook Pack,Office Supplies,137.85,1.0,0.0,Credit Card,In-Store,137.85,137.85
ORD104818,2025-05-02,CUST1657,Johnny Peterson,North,Running Shoes,Apparel,48.64,1.0,0.0,Credit Card,Mobile App,48.64,48.64
ORD105982,2024-02-10,CUST1645,Mark Anderson,Central,Portable SSD 1TB,Electronics,122.12,3.0,0.0,UPI,Mobile App,366.36,366.36
ORD102495,2025-11-04,CUST1077,David Murphy,West,USB-C Hub,Electronics,310.69,5.0,0.0,Debit Card,In-Store,1553.45,1553.45
ORD101753,2025-02-10,CUST1718,Phillip Salazar,East,Notebook Pack,Office Supplies,74.42,2.0,15.0,Debit Card,Online,148.84,126.51
ORD105016,2025-06-28,CUST1637,Richard Kelly,North,Electric Kettle,Home & Kitchen,196.67,2.0,0.0,PayPal,In-Store,393.34,393.34
ORD104111,2025-03-19,CUST1255,Gina Mcmillan,Central,Bluetooth Speaker,Electronics,356.92,2.0,0.0,Debit Card,Mobile App,713.84,713.84
ORD100386,2024-12-24,CUST1808,Cathy Rodriguez,Central,Air Fryer,Home & Kitchen,159.53,1.0,10.0,Cash on Delivery,Online,159.53,143.58
ORD104415,2024-06-11,CUST1372,Kenneth Farley,Central,Mechanical Keyboard,Electronics,442.35,2.0,5.0,Cash on Delivery,In-Store,884.7,840.46
ORD104947,2025-06-22,CUST1848,Danielle Murphy,East,Blender,Home & Kitchen,188.79,3.0,0.0,Cash on Delivery,Mobile App,566.37,566.37
ORD100637,2024-10-17,CUST1357,Rebecca Herrera,Central,Wool Sweater,Apparel,66.76,3.0,0.0,Debit Card,Mobile App,200.28,200.28
ORD100735,2024-02-12,CUST1192,Helen Hardin,South,Wool Sweater,Apparel,117.92,1.0,0.0,UPI,Mobile App,117.92,117.92
ORD101646,2024-06-01,CUST1047,Rebecca Valencia,Central,Ergonomic Chair,Office Supplies,204.25,2.0,0.0,Cash on Delivery,Mobile App,408.5,408.5
ORD100536,2024-02-21,CUST1014,Rebecca Henderson,South,Wool Sweater,Apparel,110.25,2.0,0.0,Credit Card,In-Store,220.5,220.5
ORD104357,2024-05-31,CUST1183,Eric Morgan,West,Electric Kettle,Home & Kitchen,179.45,2.0,0.0,PayPal,In-Store,358.9,358.9
ORD103816,2024-09-26,CUST1502,Alicia Norris,North,Cotton T-Shirt,Apparel,21.39,1.0,5.0,UPI,Online,21.39,20.32
ORD100451,2024-07-14,CUST1433,Rebecca Kelly,North,Notebook Pack,Office Supplies,242.81,2.0,0.0,Cash on Delivery,Mobile App,485.62,485.62
ORD100996,2024-12-29,CUST1075,Rebecca Ramsey,Central,Non-stick Pan Set,Home & Kitchen,138.3,2.0,10.0,UPI,Mobile App,276.6,248.94
ORD103781,2025-01-25,CUST1111,Pamela Thompson,North,Toaster,Home & Kitchen,130.38,1.0,15.0,Credit Card,Mobile App,130.38,110.82
ORD104994,2025-04-29,CUST1644,Luke Miller,South,Power Bank,Electronics,328.17,2.0,0.0,UPI,Mobile App,656.34,656.34
ORD101125,2024-03-11,CUST1553,Robert Wilson,Central,Mechanical Keyboard,Electronics,36.15,2.0,0.0,PayPal,Online,72.3,72.3
ORD102605,2025-11-26,CUST1712,Lori Perez,Central,Mechanical Keyboard,Electronics,380.98,4.0,0.0,Cash on Delivery,Online,1523.92,1523.92
ORD104957,2024-07-12,CUST1048,Stacey Russell,West,Mechanical Keyboard,Electronics,280.08,1.0,0.0,Debit Card,In-Store,280.08,280.08
ORD100485,2024-12-12,CUST1198,Ralph Lee,Central,Cotton T-Shirt,Apparel,56.59,2.0,0.0,UPI,In-Store,113.18,113.18
ORD103260,2024-01-24,CUST1213,Jason Beck,West,Power Bank,Electronics,268.68,1.0,5.0,Credit Card,In-Store,268.68,255.25
ORD104168,2025-02-21,CUST1230,Allison Lopez,Central,Camping Tent,Sports & Outdoors,18.76,1.0,0.0,PayPal,Online,18.76,18.76
ORD101394,2025-03-13,CUST1589,Andrew Berry,North,Standing Desk,Office Supplies,280.55,4.0,0.0,PayPal,In-Store,1122.2,1122.2
ORD104810,2025-07-11,CUST1238,Michael Cooper,East,Standing Desk,Office Supplies,83.33,2.0,0.0,Debit Card,In-Store,166.66,166.66
ORD104332,2024-02-16,CUST1080,Cynthia Wells,Central,Camping Tent,Sports & Outdoors,21.45,3.0,10.0,UPI,Online,64.35,57.92
ORD102848,2024-01-12,CUST1030,Angela Morton,West,Non-stick Pan Set,Home & Kitchen,179.57,3.0,0.0,UPI,Mobile App,538.71,538.71
ORD104692,2025-01-13,CUST1787,Dr. Michael Adams DVM,East,Bluetooth Speaker,Electronics,391.02,5.0,0.0,PayPal,Mobile App,1955.1,1955.1
ORD104656,2024-02-26,CUST1880,Jill Riddle,South,Standing Desk,Office Supplies,321.77,1.0,0.0,PayPal,Online,321.77,321.77
ORD105040,2024-08-29,CUST1867,Dwayne Bruce,South,Smartwatch,Electronics,247.49,2.0,0.0,Cash on Delivery,Mobile App,494.98,494.98
ORD105049,2025-05-25,CUST1521,Erica Rivera,East,Smartwatch,Electronics,90.5,3.0,20.0,Debit Card,In-Store,271.5,217.2
ORD103476,2025-07-22,CUST1044,Sandra Williams,North,Mechanical Keyboard,Electronics,96.33,2.0,10.0,PayPal,Online,192.66,173.39
ORD103375,2024-08-12,CUST1509,David Hall,Central,27in Monitor,Electronics,70.61,2.0,0.0,Debit Card,Online,141.22,141.22
ORD103459,2025-02-20,CUST1498,Joseph Warren,North,Yoga Pants,Apparel,111.26,2.0,15.0,Debit Card,Online,222.52,189.14
ORD104969,2024-04-17,CUST1112,Robert Costa,North,Wool Sweater,Apparel,44.2,2.0,0.0,UPI,In-Store,88.4,88.4
ORD104477,2025-10-22,CUST1886,Sandra Kennedy,North,Camping Tent,Sports & Outdoors,95.82,1.0,0.0,UPI,Online,95.82,95.82
ORD103320,2024-08-28,CUST1322,Shannon Malone,West,Ergonomic Chair,Office Supplies,316.59,1.0,0.0,Cash on Delivery,Mobile App,316.59,316.59
ORD101275,2024-05-01,CUST1068,Paul Larsen,West,Webcam HD,Electronics,76.46,1.0,0.0,PayPal,Mobile App,76.46,76.46
ORD102962,2024-03-25,CUST1251,Amber Campbell,South,Yoga Pants,Apparel,40.71,2.0,10.0,Cash on Delivery,In-Store,81.42,73.28
ORD102281,2024-02-29,CUST1831,Kevin Anderson,South,Toaster,Home & Kitchen,189.0,4.0,0.0,Credit Card,Mobile App,756.0,756.0
ORD104796,2025-01-17,CUST1861,Judith Miller,East,Standing Desk,Office Supplies,105.29,1.0,0.0,Credit Card,Mobile App,105.29,105.29
ORD101228,2024-12-19,CUST1436,Anthony Guzman,West,Power Bank,Electronics,151.11,1.0,0.0,Cash on Delivery,Online,151.11,151.11
ORD102071,2024-06-07,CUST1251,Amber Campbell,Central,Denim Jacket,Apparel,28.05,1.0,0.0,UPI,Mobile App,28.05,28.05
ORD105994,2025-07-26,CUST1764,Michael Vance,Central,Coffee Maker,Home & Kitchen,24.17,5.0,20.0,Debit Card,Mobile App,120.85,96.68
ORD101206,2025-02-01,CUST1751,Kristen Smith,Central,Notebook Pack,Office Supplies,80.75,1.0,0.0,PayPal,In-Store,80.75,80.75
ORD104085,2024-10-04,CUST1697,Thomas Davis,North,Cotton T-Shirt,Apparel,35.44,3.0,0.0,PayPal,Online,106.32,106.32
ORD105420,2025-01-29,CUST1053,Meghan Anthony,Central,Water Bottle,Sports & Outdoors,190.15,1.0,0.0,PayPal,Mobile App,190.15,190.15
ORD101416,2025-09-25,CUST1144,Brenda Levy,South,Whiteboard,Office Supplies,230.23,1.0,5.0,Debit Card,Mobile App,230.23,218.72
ORD102251,2024-12-05,CUST1079,Mrs. Marie Harrington DDS,Central,Camping Tent,Sports & Outdoors,119.77,3.0,0.0,Credit Card,In-Store,359.31,359.31
ORD104079,2025-05-22,CUST1467,Amanda Preston,South,Vacuum Cleaner,Home & Kitchen,43.01,2.0,0.0,Debit Card,Online,86.02,86.02
ORD100820,2024-07-09,CUST1358,Katherine Church,South,Wireless Mouse,Electronics,286.6,1.0,15.0,Credit Card,Online,286.6,243.61
ORD105879,2025-08-12,CUST1869,Rebecca Martin,North,Non-stick Pan Set,Home & Kitchen,66.05,1.0,15.0,Debit Card,In-Store,66.05,56.14
ORD103249,2024-09-07,CUST1618,Austin Schultz,North,Wool Sweater,Apparel,65.81,1.0,0.0,UPI,In-Store,65.81,65.81
ORD102525,2024-11-01,CUST1776,Daniel Taylor,South,Power Bank,Electronics,114.29,2.0,0.0,PayPal,Mobile App,228.58,228.58
ORD105192,2024-08-23,CUST1593,Kayla Jackson,West,USB-C Hub,Electronics,215.09,1.0,0.0,UPI,Online,215.09,215.09
ORD105551,2024-10-21,CUST1800,Joseph Graham,North,Noise Cancelling Headphones,Electronics,267.82,1.0,20.0,UPI,Mobile App,267.82,214.26
ORD102017,2024-09-14,CUST1050,Sharon Cochran,South,Toaster,Home & Kitchen,22.47,1.0,0.0,Debit Card,Online,22.47,22.47
ORD100298,2024-05-09,CUST1216,Ashley Perkins,East,Yoga Pants,Apparel,30.48,4.0,10.0,Credit Card,Mobile App,121.92,109.73
ORD104600,2025-10-13,CUST1155,Robin Hall,South,Blender,Home & Kitchen,158.95,2.0,0.0,Debit Card,In-Store,317.9,317.9
ORD102573,2025-10-25,CUST1279,Margaret Sullivan,South,Ergonomic Chair,Office Supplies,283.35,5.0,0.0,PayPal,In-Store,1416.75,1416.75
ORD100188,2025-07-06,CUST1699,Jessica Glass,South,Dumbbell Set,Sports & Outdoors,141.18,4.0,20.0,PayPal,Online,564.72,451.78
ORD100194,2025-04-29,CUST1188,Jesse Brown,North,Yoga Pants,Apparel,48.47,1.0,10.0,Debit Card,In-Store,48.47,43.62
ORD103866,2024-08-29,CUST1583,Michael Boyd,West,Denim Jacket,Apparel,84.71,3.0,0.0,Cash on Delivery,Online,254.13,254.13
ORD104601,2024-07-21,CUST1871,Joshua Martin,South,Bluetooth Speaker,Electronics,196.71,1.0,0.0,Cash on Delivery,Mobile App,196.71,196.71
ORD105423,2025-11-17,CUST1677,Rebecca Brown,West,Noise Cancelling Headphones,Electronics,202.55,5.0,10.0,UPI,Mobile App,1012.75,911.48
ORD100160,2024-10-24,CUST1144,Brenda Levy,South,Coffee Maker,Home & Kitchen,83.82,1.0,0.0,Cash on Delivery,In-Store,83.82,83.82
ORD103941,2025-03-17,CUST1019,Linda Burns,Central,Denim Jacket,Apparel,100.24,1.0,0.0,UPI,In-Store,100.24,100.24
ORD102324,2025-11-04,CUST1870,Jacob Harris,North,Whiteboard,Office Supplies,322.72,2.0,15.0,Debit Card,Online,645.44,548.62
ORD100933,2025-04-05,CUST1557,Ronald Johns,Central,Dumbbell Set,Sports & Outdoors,195.96,5.0,15.0,Cash on Delivery,Online,979.8,832.83
ORD102718,2025-03-10,CUST1291,Kimberly Brown,Central,Coffee Maker,Home & Kitchen,164.91,1.0,0.0,Cash on Delivery,In-Store,164.91,164.91
ORD105051,2025-09-13,CUST1408,Eddie Mueller,South,Dumbbell Set,Sports & Outdoors,191.86,1.0,0.0,Credit Card,In-Store,191.86,191.86
ORD103259,2025-03-29,CUST1772,Daniel Benson,South,Bluetooth Speaker,Electronics,65.74,1.0,0.0,Credit Card,Online,65.74,65.74
ORD105517,2025-04-22,CUST1845,Greg Tanner,West,Cotton T-Shirt,Apparel,52.16,1.0,10.0,UPI,Online,52.16,46.94
ORD101708,2025-09-08,CUST1236,Stephen Jones,East,Yoga Pants,Apparel,64.83,1.0,0.0,Debit Card,Online,64.83,64.83
ORD102320,2025-06-22,CUST1029,Connor West,North,Denim Jacket,Apparel,94.91,1.0,0.0,UPI,In-Store,94.91,94.91
ORD100777,2025-12-17,CUST1889,Laura Bruce,North,Noise Cancelling Headphones,Electronics,333.22,4.0,0.0,Debit Card,In-Store,1332.88,1332.88
ORD103460,2024-08-25,CUST1405,Courtney Wright,South,Desk Lamp,Office Supplies,21.78,2.0,5.0,PayPal,Mobile App,43.56,41.38
ORD102080,2024-04-13,CUST1263,Tami Salas,West,Desk Lamp,Office Supplies,110.84,1.0,15.0,Debit Card,Mobile App,110.84,94.21
ORD105753,2025-01-16,CUST1762,Tony Brock,West,USB-C Hub,Electronics,147.18,1.0,10.0,Credit Card,Online,147.18,132.46
ORD101407,2025-07-10,CUST1663,Jeffrey Smith,East,27in Monitor,Electronics,229.33,3.0,0.0,Cash on Delivery,Online,687.99,687.99
ORD100477,2025-09-09,CUST1683,Joshua Brooks,North,USB-C Hub,Electronics,48.4,1.0,5.0,Credit Card,Online,48.4,45.98
ORD100102,2025-04-04,CUST1763,Amber Johnson,East,Blender,Home & Kitchen,73.07,1.0,0.0,Cash on Delivery,Mobile App,73.07,73.07
ORD101008,2025-04-03,CUST1727,Louis Brown,East,Standing Desk,Office Supplies,11.09,1.0,0.0,Cash on Delivery,In-Store,11.09,11.09
ORD101593,2024-11-18,CUST1613,Krista Barber,West,Wool Sweater,Apparel,118.76,2.0,0.0,Debit Card,In-Store,237.52,237.52
ORD104684,2024-04-14,CUST1306,Michael Morrison,West,Wool Sweater,Apparel,26.68,1.0,15.0,PayPal,Online,26.68,22.68
ORD105885,2025-12-06,CUST1026,Timothy Duncan,East,Running Shoes,Apparel,45.93,1.0,0.0,Credit Card,In-Store,45.93,45.93
ORD101601,2024-01-04,CUST1809,Tammy Hill,East,Bluetooth Speaker,Electronics,156.47,3.0,0.0,Credit Card,In-Store,469.41,469.41
ORD105285,2024-05-26,CUST1231,Michele Lewis,West,Bluetooth Speaker,Electronics,315.76,2.0,10.0,Credit Card,In-Store,631.52,568.37
ORD105025,2025-09-04,CUST1189,Julie Spencer,East,Electric Kettle,Home & Kitchen,85.55,3.0,0.0,Credit Card,Mobile App,256.65,256.65
ORD103166,2024-10-29,CUST1267,Justin Michael,East,Water Bottle,Sports & Outdoors,273.12,1.0,5.0,Debit Card,Mobile App,273.12,259.46
ORD101088,2024-06-12,CUST1893,Heidi Ferguson,East,Desk Lamp,Office Supplies,180.07,1.0,15.0,Credit Card,Online,180.07,153.06
ORD105537,2024-08-25,CUST1452,Kenneth Larsen,Central,Cotton T-Shirt,Apparel,119.13,3.0,10.0,Debit Card,Online,357.39,321.65
ORD103588,2025-05-22,CUST1776,Daniel Taylor,West,Rice Cooker,Home & Kitchen,43.95,4.0,0.0,UPI,Online,175.8,175.8
ORD102753,2024-06-02,CUST1029,Connor West,East,Cotton T-Shirt,Apparel,34.55,1.0,10.0,UPI,In-Store,34.55,31.1
ORD103715,2025-04-23,CUST1229,Laura Moreno,North,Portable SSD 1TB,Electronics,281.34,1.0,0.0,PayPal,Online,281.34,281.34
ORD105977,2025-02-02,CUST1078,Trevor Fisher,South,Electric Kettle,Home & Kitchen,118.52,1.0,0.0,Credit Card,Online,118.52,118.52
ORD104270,2025-01-12,CUST1018,Mark Lynch,West,Portable SSD 1TB,Electronics,298.46,1.0,15.0,PayPal,Mobile App,298.46,253.69
ORD105910,2025-02-06,CUST1540,James Brown,North,Toaster,Home & Kitchen,206.01,1.0,15.0,Credit Card,Mobile App,206.01,175.11
ORD105480,2025-04-14,CUST1036,Cynthia Wilson,South,Running Shoes,Apparel,89.36,1.0,5.0,UPI,In-Store,89.36,84.89
ORD105135,2025-02-27,CUST1711,Steven Sandoval,Central,Yoga Pants,Apparel,108.74,1.0,0.0,Debit Card,Mobile App,108.74,108.74
ORD104510,2024-06-22,CUST1458,Joseph Camacho,South,27in Monitor,Electronics,437.72,1.0,0.0,UPI,Online,437.72,437.72
ORD103321,2024-03-12,CUST1210,Lisa Henderson,West,Standing Desk,Office Supplies,75.33,1.0,0.0,Cash on Delivery,In-Store,75.33,75.33
ORD105446,2025-12-07,CUST1500,Mrs. Alison Wagner,West,Dumbbell Set,Sports & Outdoors,26.74,2.0,0.0,UPI,Online,53.48,53.48
ORD102691,2024-06-08,CUST1291,Kimberly Brown,West,Portable SSD 1TB,Electronics,126.1,2.0,5.0,Credit Card,Online,252.2,239.59
ORD103305,2024-11-26,CUST1371,Renee Hudson,Central,Water Bottle,Sports & Outdoors,22.96,1.0,10.0,Debit Card,In-Store,22.96,20.66
ORD100899,2024-03-19,CUST1498,Joseph Warren,North,Camping Tent,Sports & Outdoors,124.55,1.0,20.0,UPI,In-Store,124.55,99.64
ORD105232,2024-10-17,CUST1881,Jessica Mosley,Central,Camping Tent,Sports & Outdoors,241.33,3.0,0.0,Debit Card,Online,723.99,723.99
ORD104821,2025-07-17,CUST1618,Austin Schultz,West,Webcam HD,Electronics,239.77,1.0,0.0,UPI,In-Store,239.77,239.77
ORD103292,2024-01-02,CUST1083,Michael Burton,North,Mechanical Keyboard,Electronics,407.67,1.0,0.0,Credit Card,Online,407.67,407.67
ORD104835,2025-05-12,CUST1368,Jeffery Fitzgerald,South,Smartwatch,Electronics,132.96,5.0,0.0,Debit Card,Online,664.8,664.8
ORD105321,2025-12-29,CUST1025,Shannon Jones,West,Standing Desk,Office Supplies,77.22,5.0,5.0,UPI,Mobile App,386.1,366.8
ORD105223,2024-09-08,CUST1390,Katrina Adkins,South,Rice Cooker,Home & Kitchen,48.64,1.0,0.0,Cash on Delivery,Mobile App,48.64,48.64
ORD103717,2024-03-16,CUST1101,David Grant,North,Desk Lamp,Office Supplies,282.96,1.0,0.0,Cash on Delivery,In-Store,282.96,282.96
ORD105626,2024-09-27,CUST1649,Adam Mills,South,Wool Sweater,Apparel,118.58,2.0,0.0,PayPal,Online,237.16,237.16
ORD104876,2025-07-02,CUST1281,Paul Finley,North,Whiteboard,Office Supplies,56.18,1.0,0.0,PayPal,Online,56.18,56.18
ORD103458,2024-10-29,CUST1009,Joel Nelson,West,Desk Lamp,Office Supplies,44.88,1.0,0.0,UPI,Online,44.88,44.88
ORD102707,2024-01-27,CUST1850,Joseph Mendoza,West,Yoga Mat,Sports & Outdoors,127.27,1.0,5.0,Debit Card,In-Store,127.27,120.91
ORD102747,2025-01-20,CUST1339,Brian Torres,West,Non-stick Pan Set,Home & Kitchen,159.39,1.0,0.0,UPI,In-Store,159.39,159.39
ORD104275,2025-09-02,CUST1884,Ronnie Roberts,Central,Whiteboard,Office Supplies,229.93,2.0,10.0,PayPal,In-Store,459.86,413.87
ORD103924,2024-01-04,CUST1010,Andrew Stewart,West,Cycling Helmet,Sports & Outdoors,251.51,2.0,0.0,Cash on Delivery,In-Store,503.02,503.02
ORD101793,2025-11-12,CUST1402,Carol Moore,North,Webcam HD,Electronics,153.78,5.0,0.0,UPI,Mobile App,768.9,768.9
ORD100763,2025-04-09,CUST1389,Bradley Tran,West,Notebook Pack,Office Supplies,212.36,1.0,0.0,Cash on Delivery,Mobile App,212.36,212.36
ORD105469,2025-09-04,CUST1498,Joseph Warren,North,Standing Desk,Office Supplies,187.12,1.0,0.0,PayPal,Mobile App,187.12,187.12
ORD102233,2024-05-26,CUST1714,Shari Parker,Central,Yoga Pants,Apparel,74.28,2.0,0.0,PayPal,Mobile App,148.56,148.56
ORD101090,2024-10-26,CUST1847,Cindy Wells,North,Yoga Pants,Apparel,82.94,2.0,10.0,Credit Card,In-Store,165.88,149.29
ORD103123,2025-06-07,CUST1196,James Conner,Central,Vacuum Cleaner,Home & Kitchen,191.01,1.0,0.0,PayPal,Online,191.01,191.01
ORD105972,2024-06-23,CUST1112,Robert Costa,West,Camping Tent,Sports & Outdoors,95.23,4.0,10.0,Debit Card,In-Store,380.92,342.83
ORD104381,2025-09-14,CUST1797,Samantha Monroe,Central,Whiteboard,Office Supplies,140.94,1.0,15.0,PayPal,In-Store,140.94,119.8
ORD105993,2024-05-28,CUST1278,David Lopez,Central,USB-C Hub,Electronics,289.84,1.0,0.0,UPI,Online,289.84,289.84
ORD105279,2025-07-29,CUST1370,Heather Page,South,Ergonomic Chair,Office Supplies,108.41,1.0,15.0,Debit Card,Mobile App,108.41,92.15
ORD104238,2024-04-07,CUST1643,Shawn Kelley,South,Portable SSD 1TB,Electronics,178.53,1.0,15.0,Cash on Delivery,In-Store,178.53,151.75
ORD104914,2024-01-23,CUST1563,Daniel Francis,East,Running Shoes,Apparel,65.01,1.0,15.0,Credit Card,Online,65.01,55.26
ORD102568,2024-12-21,CUST1810,Richard Ramirez,West,Bluetooth Speaker,Electronics,387.81,2.0,20.0,UPI,Mobile App,775.62,620.5
ORD101207,2025-06-11,CUST1582,Heather Harrison,North,Denim Jacket,Apparel,90.95,1.0,0.0,PayPal,In-Store,90.95,90.95
ORD105914,2024-12-01,CUST1266,Courtney Dudley,East,Dumbbell Set,Sports & Outdoors,186.22,1.0,10.0,UPI,In-Store,186.22,167.6
ORD104629,2025-02-27,CUST1825,Charles Valdez,West,Wireless Mouse,Electronics,216.05,1.0,10.0,Debit Card,Mobile App,216.05,194.45
ORD103080,2025-05-12,CUST1874,Tammy Morgan,West,Ergonomic Chair,Office Supplies,16.96,3.0,0.0,Cash on Delivery,Mobile App,50.88,50.88
ORD104222,2025-07-23,CUST1230,Allison Lopez,West,Wool Sweater,Apparel,119.63,1.0,0.0,Debit Card,Online,119.63,119.63
ORD100177,2025-09-09,CUST1009,Joel Nelson,Central,Standing Desk,Office Supplies,328.45,5.0,0.0,PayPal,In-Store,1642.25,1642.25
ORD103986,2025-01-20,CUST1298,Andrew Gonzales,West,Dumbbell Set,Sports & Outdoors,121.0,1.0,5.0,Cash on Delivery,Online,121.0,114.95
ORD104610,2025-06-03,CUST1705,Mary Lin,Central,Portable SSD 1TB,Electronics,46.89,1.0,0.0,Debit Card,In-Store,46.89,46.89
ORD103073,2025-04-13,CUST1253,Chloe Tran,West,Yoga Pants,Apparel,30.42,1.0,5.0,PayPal,Mobile App,30.42,28.9
ORD101832,2024-08-07,CUST1001,Angie Henderson,West,Bluetooth Speaker,Electronics,434.42,1.0,0.0,Debit Card,In-Store,434.42,434.42
ORD105360,2025-05-23,CUST1000,Allison Hill,West,Running Shoes,Apparel,117.47,2.0,10.0,Debit Card,Online,234.94,211.45
ORD105587,2024-01-14,CUST1313,Kelly Sanchez,West,Webcam HD,Electronics,331.62,1.0,0.0,Cash on Delivery,Mobile App,331.62,331.62
ORD103859,2025-04-17,CUST1689,Susan Larson,Central,Cotton T-Shirt,Apparel,58.3,1.0,0.0,UPI,Online,58.3,58.3
ORD104814,2024-06-15,CUST1413,Jacqueline Villegas,North,Non-stick Pan Set,Home & Kitchen,43.62,3.0,10.0,UPI,Online,130.86,117.77
ORD104604,2024-09-11,CUST1817,Karen Bradley,South,Dumbbell Set,Sports & Outdoors,21.22,1.0,0.0,Debit Card,In-Store,21.22,21.22
ORD101470,2024-02-04,CUST1038,Michael Evans,Central,Vacuum Cleaner,Home & Kitchen,176.67,3.0,15.0,Debit Card,Mobile App,530.01,450.51
ORD100195,2025-02-01,CUST1570,Cynthia Mitchell,East,Standing Desk,Office Supplies,283.96,4.0,0.0,Debit Card,In-Store,1135.84,1135.84
ORD100411,2024-03-21,CUST1793,Mary Carter,South,Yoga Pants,Apparel,33.33,3.0,10.0,PayPal,In-Store,99.99,89.99
ORD104615,2024-07-11,CUST1661,Vickie Kennedy,East,Power Bank,Electronics,62.26,3.0,10.0,Cash on Delivery,In-Store,186.78,168.1
ORD105465,2025-02-22,CUST1231,Michele Lewis,North,Non-stick Pan Set,Home & Kitchen,203.14,5.0,0.0,PayPal,In-Store,1015.7,1015.7
ORD100387,2025-02-22,CUST1612,Penny Gomez MD,Central,Vacuum Cleaner,Home & Kitchen,115.43,1.0,15.0,Credit Card,Mobile App,115.43,98.12
ORD101336,2025-11-09,CUST1638,Dustin Welch,North,Toaster,Home & Kitchen,103.86,1.0,0.0,PayPal,Online,103.86,103.86
ORD101714,2025-01-29,CUST1429,Rachael Howard DDS,Central,Portable SSD 1TB,Electronics,277.06,4.0,0.0,UPI,Mobile App,1108.24,1108.24
ORD101330,2024-09-18,CUST1437,Carlos Love,South,USB-C Hub,Electronics,107.66,2.0,0.0,Debit Card,Online,215.32,215.32
ORD100549,2025-06-18,CUST1088,Samuel Rivas,East,Power Bank,Electronics,409.87,2.0,0.0,Debit Card,Mobile App,819.74,819.74
ORD101389,2024-12-10,CUST1250,Kathleen Davis,South,Yoga Pants,Apparel,74.35,1.0,0.0,Debit Card,Mobile App,74.35,74.35
ORD102019,2024-08-11,CUST1068,Paul Larsen,West,Portable SSD 1TB,Electronics,420.23,1.0,20.0,Debit Card,Online,420.23,336.18
ORD104454,2024-10-24,CUST1822,Kathryn Hanna,South,Coffee Maker,Home & Kitchen,103.08,1.0,10.0,PayPal,Mobile App,103.08,92.77
ORD104472,2025-06-26,CUST1543,Rebecca Horton,North,Camping Tent,Sports & Outdoors,77.12,1.0,0.0,UPI,In-Store,77.12,77.12
ORD100565,2025-01-13,CUST1129,Stacy Freeman,Central,Denim Jacket,Apparel,31.93,1.0,0.0,Cash on Delivery,Mobile App,31.93,31.93
ORD104483,2025-11-12,CUST1399,Gregory Holmes PhD,North,Webcam HD,Electronics,151.12,1.0,0.0,Debit Card,Online,151.12,151.12
ORD105115,2024-02-09,CUST1623,Blake Sosa,Central,Blender,Home & Kitchen,100.87,1.0,5.0,UPI,Mobile App,100.87,95.83
ORD103005,2025-03-10,CUST1766,Anna Lang,Central,Water Bottle,Sports & Outdoors,31.33,2.0,0.0,PayPal,Mobile App,62.66,62.66
ORD104574,2025-06-16,CUST1105,Doris Hall,East,Ergonomic Chair,Office Supplies,168.22,1.0,0.0,UPI,Mobile App,168.22,168.22
ORD105428,2025-11-19,CUST1272,Vanessa Moore,East,Smartwatch,Electronics,107.53,1.0,0.0,Cash on Delivery,Online,107.53,107.53
ORD100339,2025-02-26,CUST1018,Mark Lynch,East,Portable SSD 1TB,Electronics,215.0,1.0,0.0,Cash on Delivery,Online,215.0,215.0
ORD105949,2025-05-22,CUST1182,Anita Richard,East,Whiteboard,Office Supplies,64.34,1.0,10.0,Credit Card,Mobile App,64.34,57.91
ORD104504,2024-01-21,CUST1449,Kimberly Villanueva,South,Yoga Pants,Apparel,79.78,1.0,15.0,Debit Card,Mobile App,79.78,67.81
ORD102082,2025-08-28,CUST1140,Patricia Becker,West,Mechanical Keyboard,Electronics,102.54,1.0,15.0,PayPal,In-Store,102.54,87.16
ORD105700,2025-09-27,CUST1480,Jorge Bates,West,Denim Jacket,Apparel,66.73,4.0,10.0,Debit Card,Mobile App,266.92,240.23
ORD102690,2024-05-21,CUST1783,Zachary Santiago,North,Non-stick Pan Set,Home & Kitchen,156.42,1.0,20.0,UPI,In-Store,156.42,125.14
ORD103549,2024-09-05,CUST1066,Robert Contreras,East,Webcam HD,Electronics,137.18,3.0,15.0,PayPal,Online,411.54,349.81
ORD103738,2025-06-20,CUST1425,Jessica Ramsey,South,Standing Desk,Office Supplies,332.76,2.0,0.0,PayPal,Mobile App,665.52,665.52
ORD100614,2024-04-02,CUST1687,Kevin Hall,South,Webcam HD,Electronics,393.55,4.0,5.0,Debit Card,Online,1574.2,1495.49
ORD102444,2025-06-27,CUST1527,Brent Hopkins,West,Water Bottle,Sports & Outdoors,192.58,1.0,5.0,Cash on Delivery,In-Store,192.58,182.95
ORD103930,2024-06-22,CUST1171,Christopher Park,West,Rice Cooker,Home & Kitchen,79.12,1.0,0.0,Unknown,Mobile App,79.12,79.12
ORD103969,2025-03-24,CUST1000,Allison Hill,Central,Mechanical Keyboard,Electronics,142.7,5.0,0.0,Debit Card,Online,713.5,713.5
ORD104388,2024-04-28,CUST1078,Trevor Fisher,East,Toaster,Home & Kitchen,59.23,1.0,0.0,UPI,In-Store,59.23,59.23
ORD101806,2024-03-10,CUST1831,Kevin Anderson,East,Dumbbell Set,Sports & Outdoors,281.67,2.0,15.0,Debit Card,In-Store,563.34,478.84
ORD100503,2024-04-21,CUST1415,Samuel Howe,East,Wool Sweater,Apparel,49.16,1.0,0.0,Cash on Delivery,In-Store,49.16,49.16
ORD105161,2025-04-23,CUST1399,Gregory Holmes PhD,Central,Vacuum Cleaner,Home & Kitchen,51.1,1.0,0.0,UPI,In-Store,51.1,51.1
ORD105195,2025-01-16,CUST1215,James Burgess,East,Yoga Mat,Sports & Outdoors,66.07,2.0,5.0,Debit Card,In-Store,132.14,125.53
ORD104993,2025-12-10,CUST1557,Ronald Johns,North,USB-C Hub,Electronics,427.87,3.0,0.0,Credit Card,Mobile App,1283.61,1283.61
ORD105725,2024-03-30,CUST1018,Mark Lynch,Central,Wool Sweater,Apparel,29.81,1.0,10.0,UPI,In-Store,29.81,26.83
ORD104487,2024-04-05,CUST1338,Richard Ward,East,Electric Kettle,Home & Kitchen,101.41,5.0,10.0,Cash on Delivery,Online,507.05,456.34
ORD101058,2024-06-06,CUST1092,Alan Phillips,Central,Water Bottle,Sports & Outdoors,100.57,1.0,10.0,PayPal,Online,100.57,90.51
ORD104093,2025-09-26,CUST1465,Sharon Beard,North,Power Bank,Electronics,446.66,1.0,10.0,Cash on Delivery,In-Store,446.66,401.99
ORD105864,2024-02-20,CUST1779,Lisa Dixon,Central,Wool Sweater,Apparel,23.3,3.0,0.0,PayPal,In-Store,69.9,69.9
ORD103319,2025-12-13,CUST1113,Shannon Rivera,Central,Power Bank,Electronics,401.39,1.0,5.0,PayPal,Mobile App,401.39,381.32
ORD102869,2025-09-08,CUST1125,Matthew Hoover,North,Coffee Maker,Home & Kitchen,147.69,4.0,0.0,Debit Card,In-Store,590.76,590.76
ORD104158,2024-10-13,CUST1659,Catherine Huang,Central,Whiteboard,Office Supplies,84.98,2.0,0.0,Debit Card,Mobile App,169.96,169.96
ORD104339,2025-01-24,CUST1319,Megan Drake,South,Water Bottle,Sports & Outdoors,205.06,1.0,0.0,Debit Card,Mobile App,205.06,205.06
ORD102583,2025-04-29,CUST1417,Christopher Owens,South,Noise Cancelling Headphones,Electronics,303.99,1.0,20.0,PayPal,Online,303.99,243.19
ORD100515,2024-06-22,CUST1644,Luke Miller,East,Power Bank,Electronics,343.51,2.0,0.0,PayPal,Mobile App,687.02,687.02
ORD102212,2025-02-11,CUST1655,Katherine Flores,West,Webcam HD,Electronics,107.64,2.0,5.0,PayPal,In-Store,215.28,204.52
ORD102105,2025-01-28,CUST1197,Susan Davis DDS,North,Rice Cooker,Home & Kitchen,78.51,2.0,5.0,Cash on Delivery,Online,157.02,149.17
ORD102931,2025-02-26,CUST1187,Jeremy Turner,North,Mechanical Keyboard,Electronics,167.08,2.0,10.0,UPI,Mobile App,334.16,300.74
ORD100016,2025-08-25,CUST1065,Colleen Brock,North,Water Bottle,Sports & Outdoors,138.17,2.0,0.0,Unknown,Online,276.34,276.34
ORD105878,2024-12-16,CUST1768,Jenna Lyons,North,Standing Desk,Office Supplies,244.08,4.0,20.0,PayPal,Online,976.32,781.06
ORD103822,2025-08-11,CUST1824,Judy Gregory,East,Wool Sweater,Apparel,90.53,4.0,0.0,Credit Card,Mobile App,362.12,362.12
ORD105300,2025-11-30,CUST1288,Daniel Aguilar,West,Mechanical Keyboard,Electronics,46.12,1.0,0.0,Debit Card,In-Store,46.12,46.12
ORD101143,2024-05-03,CUST1781,Kevin Garrett,North,Portable SSD 1TB,Electronics,353.1,1.0,0.0,UPI,Mobile App,353.1,353.1
ORD101785,2025-02-07,CUST1678,Toni Davis,South,Power Bank,Electronics,251.82,1.0,5.0,PayPal,Online,251.82,239.23
ORD101372,2025-02-17,CUST1304,Kristina Faulkner,Central,Yoga Pants,Apparel,106.38,2.0,0.0,Credit Card,In-Store,212.76,212.76
ORD104004,2025-04-09,CUST1423,Angela Willis,North,Blender,Home & Kitchen,216.32,4.0,0.0,Credit Card,Mobile App,865.28,865.28
ORD104351,2025-05-25,CUST1460,Lisa Martinez,West,Notebook Pack,Office Supplies,58.28,1.0,0.0,Debit Card,Mobile App,58.28,58.28
ORD105782,2025-11-27,CUST1000,Allison Hill,East,Non-stick Pan Set,Home & Kitchen,98.04,4.0,0.0,Debit Card,Online,392.16,392.16
ORD100998,2024-04-09,CUST1286,Angela Griffin,East,Wool Sweater,Apparel,54.83,1.0,15.0,UPI,In-Store,54.83,46.61
ORD101786,2025-09-08,CUST1409,Dr. Morgan Payne PhD,East,Wireless Mouse,Electronics,94.71,1.0,0.0,Credit Card,Mobile App,94.71,94.71
ORD104505,2025-05-12,CUST1820,Heather Miller,North,Notebook Pack,Office Supplies,305.28,2.0,10.0,Credit Card,In-Store,610.56,549.5
ORD101502,2025-07-21,CUST1391,Jonathan Wheeler,West,Mechanical Keyboard,Electronics,242.14,3.0,15.0,Credit Card,In-Store,726.42,617.46
ORD101097,2025-05-08,CUST1173,Cindy Barnes,Central,Notebook Pack,Office Supplies,187.93,1.0,15.0,UPI,Online,187.93,159.74
ORD102309,2024-02-02,CUST1369,Scott Miller,South,Wireless Mouse,Electronics,349.34,3.0,20.0,Cash on Delivery,In-Store,1048.02,838.42
ORD105076,2024-02-13,CUST1809,Tammy Hill,East,Vacuum Cleaner,Home & Kitchen,193.3,1.0,0.0,UPI,Online,193.3,193.3
ORD105501,2024-07-04,CUST1723,Ricardo Franklin,South,Bluetooth Speaker,Electronics,246.25,1.0,5.0,Cash on Delivery,In-Store,246.25,233.94
ORD101397,2024-03-05,CUST1442,Patricia Bradley,West,Standing Desk,Office Supplies,134.66,3.0,0.0,Debit Card,In-Store,403.98,403.98
ORD104329,2025-05-18,CUST1550,Joshua Davis,West,Wireless Mouse,Electronics,365.16,3.0,5.0,Credit Card,In-Store,1095.48,1040.71
ORD101399,2025-06-27,CUST1568,Tara Gamble,West,27in Monitor,Electronics,322.37,1.0,15.0,Cash on Delivery,Mobile App,322.37,274.01
ORD104771,2024-10-16,CUST1818,Tina Davis,East,Coffee Maker,Home & Kitchen,180.49,1.0,0.0,PayPal,Mobile App,180.49,180.49
ORD101101,2025-09-15,CUST1181,Brian Smith,South,USB-C Hub,Electronics,318.12,2.0,0.0,PayPal,Online,636.24,636.24
ORD105617,2024-05-13,CUST1532,Jonathan Moreno,South,Standing Desk,Office Supplies,216.08,1.0,10.0,Credit Card,Mobile App,216.08,194.47
ORD100207,2024-06-24,CUST1652,Miguel Brewer,East,Yoga Mat,Sports & Outdoors,38.93,1.0,0.0,UPI,Mobile App,38.93,38.93
ORD103962,2025-10-29,CUST1064,Michael Snyder,North,Electric Kettle,Home & Kitchen,26.84,1.0,0.0,Cash on Delivery,In-Store,26.84,26.84
ORD103148,2024-05-05,CUST1236,Stephen Jones,North,Desk Lamp,Office Supplies,124.36,1.0,0.0,PayPal,Online,124.36,124.36
ORD104433,2025-11-07,CUST1339,Brian Torres,Central,Smartwatch,Electronics,158.09,4.0,0.0,Cash on Delivery,Mobile App,632.36,632.36
ORD105258,2024-08-07,CUST1145,Richard Smith,East,Running Shoes,Apparel,21.26,1.0,0.0,Debit Card,Online,21.26,21.26
ORD102280,2024-07-26,CUST1410,Makayla Steele,East,Cotton T-Shirt,Apparel,44.38,3.0,20.0,Debit Card,Online,133.14,106.51
ORD105790,2025-11-30,CUST1489,Julie Wilson,Central,Wireless Mouse,Electronics,74.2,5.0,0.0,Debit Card,In-Store,371.0,371.0
ORD101553,2025-05-21,CUST1363,Ryan Harvey,East,Cotton T-Shirt,Apparel,110.0,1.0,0.0,Debit Card,Online,110.0,110.0
ORD105519,2024-09-10,CUST1659,Catherine Huang,North,Ergonomic Chair,Office Supplies,39.52,2.0,15.0,Debit Card,In-Store,79.04,67.18
ORD102400,2025-09-07,CUST1562,Preston Kim,West,Ergonomic Chair,Office Supplies,17.39,1.0,5.0,Cash on Delivery,Mobile App,17.39,16.52
ORD102541,2024-07-02,CUST1080,Cynthia Wells,North,Whiteboard,Office Supplies,199.28,1.0,10.0,PayPal,In-Store,199.28,179.35
ORD102758,2025-04-14,CUST1814,Jonathan Delgado,West,Cycling Helmet,Sports & Outdoors,185.85,3.0,0.0,PayPal,Online,557.55,557.55
ORD100826,2024-03-25,CUST1296,Shaun Cannon,North,Cotton T-Shirt,Apparel,60.11,2.0,0.0,Debit Card,Mobile App,120.22,120.22
ORD104033,2024-05-09,CUST1889,Laura Bruce,East,Yoga Mat,Sports & Outdoors,207.51,2.0,10.0,Cash on Delivery,Online,415.02,373.52
ORD102612,2024-05-08,CUST1278,David Lopez,West,Mechanical Keyboard,Electronics,136.64,3.0,0.0,Debit Card,In-Store,409.92,409.92
ORD103712,2025-07-22,CUST1509,David Hall,West,Blender,Home & Kitchen,114.96,2.0,0.0,PayPal,Online,229.92,229.92
ORD100776,2024-02-28,CUST1408,Eddie Mueller,Central,Cotton T-Shirt,Apparel,119.94,3.0,0.0,PayPal,Online,359.82,359.82
ORD100878,2024-04-27,CUST1719,Michael Howard,East,Bluetooth Speaker,Electronics,52.4,1.0,10.0,Credit Card,Mobile App,52.4,47.16
ORD101901,2024-08-20,CUST1613,Krista Barber,North,Rice Cooker,Home & Kitchen,124.52,1.0,10.0,UPI,Online,124.52,112.07
ORD100869,2024-08-25,CUST1095,Tiffany Vaughn,East,Running Shoes,Apparel,45.46,1.0,20.0,Debit Card,Mobile App,45.46,36.37
ORD103285,2024-07-28,CUST1177,Eric Clark,East,Cotton T-Shirt,Apparel,33.69,2.0,0.0,Cash on Delivery,Mobile App,67.38,67.38
ORD104894,2024-05-30,CUST1786,Robert Cruz,East,Yoga Pants,Apparel,105.76,4.0,0.0,Debit Card,Mobile App,423.04,423.04
ORD104449,2025-06-10,CUST1574,Mr. Matthew Miller,Central,Wool Sweater,Apparel,108.51,2.0,0.0,Credit Card,Online,217.02,217.02
ORD102100,2025-04-24,CUST1861,Judith Miller,East,Cycling Helmet,Sports & Outdoors,292.79,1.0,15.0,PayPal,Online,292.79,248.87
ORD100427,2024-09-16,CUST1562,Preston Kim,West,Vacuum Cleaner,Home & Kitchen,207.24,1.0,0.0,PayPal,Online,207.24,207.24
ORD100462,2024-05-01,CUST1570,Cynthia Mitchell,North,Blender,Home & Kitchen,151.25,2.0,0.0,Debit Card,Mobile App,302.5,302.5
ORD104030,2025-01-26,CUST1376,Jackie Clements,West,Wool Sweater,Apparel,29.93,4.0,10.0,Cash on Delivery,In-Store,119.72,107.75
ORD103577,2025-09-29,CUST1895,Rebecca Hansen,East,Cycling Helmet,Sports & Outdoors,181.1,1.0,15.0,UPI,In-Store,181.1,153.94
ORD102087,2025-03-31,CUST1876,Christie Fox,South,Noise Cancelling Headphones,Electronics,106.94,2.0,5.0,UPI,Online,213.88,203.19
ORD105811,2025-04-16,CUST1234,Michelle Ho,West,Coffee Maker,Home & Kitchen,102.24,3.0,15.0,Debit Card,Mobile App,306.72,260.71
ORD103792,2024-03-04,CUST1126,Evelyn Garcia,East,Yoga Pants,Apparel,97.55,5.0,0.0,PayPal,Mobile App,487.75,487.75
ORD102536,2025-04-02,CUST1542,Ashley Parrish,Central,Air Fryer,Home & Kitchen,115.93,3.0,5.0,Credit Card,Mobile App,347.79,330.4
ORD101771,2025-01-29,CUST1893,Heidi Ferguson,East,Standing Desk,Office Supplies,301.65,1.0,0.0,Debit Card,Online,301.65,301.65
ORD103165,2025-11-09,CUST1566,Patrick Swanson,Central,Standing Desk,Office Supplies,23.38,3.0,0.0,Credit Card,Mobile App,70.14,70.14
ORD101479,2025-10-11,CUST1190,Larry Mason,West,Toaster,Home & Kitchen,59.22,1.0,5.0,Cash on Delivery,Mobile App,59.22,56.26
ORD102319,2024-11-21,CUST1866,Keith Villanueva,Central,Electric Kettle,Home & Kitchen,108.45,1.0,0.0,PayPal,In-Store,108.45,108.45
ORD104233,2025-11-23,CUST1158,Kelly Reese,Central,Air Fryer,Home & Kitchen,199.63,1.0,0.0,Debit Card,Mobile App,199.63,199.63
ORD105846,2025-04-20,CUST1145,Richard Smith,North,Bluetooth Speaker,Electronics,286.57,1.0,5.0,UPI,Online,286.57,272.24
ORD104550,2024-12-25,CUST1670,Kimberly Gibson,North,Denim Jacket,Apparel,112.27,2.0,0.0,Cash on Delivery,In-Store,224.54,224.54
ORD105341,2025-06-20,CUST1265,Megan Dillon,North,Toaster,Home & Kitchen,54.81,4.0,5.0,Debit Card,In-Store,219.24,208.28
ORD102428,2024-04-15,CUST1319,Megan Drake,North,Webcam HD,Electronics,393.11,1.0,15.0,PayPal,Mobile App,393.11,334.14
ORD102829,2025-06-11,CUST1584,Jamie Gray,West,Wireless Mouse,Electronics,236.95,3.0,20.0,Cash on Delivery,In-Store,710.85,568.68
ORD100544,2025-04-09,CUST1631,Kenneth Perez,East,Yoga Mat,Sports & Outdoors,197.72,1.0,10.0,Credit Card,Mobile App,197.72,177.95
ORD101656,2024-11-14,CUST1339,Brian Torres,North,Cycling Helmet,Sports & Outdoors,273.68,1.0,20.0,Credit Card,Mobile App,273.68,218.94
ORD100470,2024-02-25,CUST1432,Joseph Moody,South,Noise Cancelling Headphones,Electronics,400.87,3.0,0.0,Debit Card,In-Store,1202.61,1202.61
ORD101020,2024-04-05,CUST1385,Edwin Reyes,South,Notebook Pack,Office Supplies,103.18,1.0,0.0,UPI,Mobile App,103.18,103.18
ORD101875,2025-02-04,CUST1152,Michael Stephens,West,Camping Tent,Sports & Outdoors,159.84,2.0,20.0,Cash on Delivery,In-Store,319.68,255.74
ORD100274,2024-12-05,CUST1828,Robert Simmons,Central,Running Shoes,Apparel,17.29,1.0,0.0,Unknown,Online,17.29,17.29
ORD100846,2025-01-28,CUST1617,Tonya Ellis,West,Toaster,Home & Kitchen,40.05,2.0,0.0,Credit Card,Mobile App,80.1,80.1
ORD103208,2024-10-17,CUST1774,Kyle Nguyen,Central,Wireless Mouse,Electronics,298.36,1.0,0.0,PayPal,Online,298.36,298.36
ORD105314,2024-08-23,CUST1638,Dustin Welch,Central,Noise Cancelling Headphones,Electronics,336.25,1.0,0.0,Debit Card,In-Store,336.25,336.25
ORD101210,2024-07-21,CUST1656,Diane Martinez,East,Denim Jacket,Apparel,43.7,2.0,0.0,PayPal,In-Store,87.4,87.4
ORD104675,2024-03-18,CUST1494,Jeffrey Jordan,South,Electric Kettle,Home & Kitchen,109.12,2.0,10.0,UPI,Mobile App,218.24,196.42
ORD105687,2025-01-24,CUST1551,Daniel Goodwin,South,Cycling Helmet,Sports & Outdoors,260.62,1.0,0.0,PayPal,Online,260.62,260.62
ORD104608,2025-11-09,CUST1280,Cathy Taylor,North,Desk Lamp,Office Supplies,242.51,1.0,5.0,PayPal,Mobile App,242.51,230.38
ORD100967,2024-01-27,CUST1021,Kim Martinez,Central,Wool Sweater,Apparel,65.15,3.0,15.0,Debit Card,Mobile App,195.45,166.13
ORD100235,2025-03-30,CUST1503,Michael Harris,East,Noise Cancelling Headphones,Electronics,434.63,2.0,0.0,Credit Card,Mobile App,869.26,869.26
ORD102143,2024-02-07,CUST1331,Henry Pugh MD,Central,Wireless Mouse,Electronics,36.19,4.0,0.0,PayPal,In-Store,144.76,144.76
ORD101509,2025-04-24,CUST1682,Erika Watson PhD,North,Power Bank,Electronics,99.09,1.0,15.0,UPI,Mobile App,99.09,84.23
ORD102410,2025-06-02,CUST1381,Isaac Miller,North,Ergonomic Chair,Office Supplies,204.13,1.0,0.0,PayPal,Mobile App,204.13,204.13
ORD104486,2024-06-29,CUST1232,Benjamin Thompson,North,Cotton T-Shirt,Apparel,99.2,1.0,15.0,Cash on Delivery,Online,99.2,84.32
ORD100665,2024-12-08,CUST1157,Richard Young,East,Webcam HD,Electronics,325.97,3.0,5.0,Credit Card,Online,977.91,929.01
ORD102626,2024-07-19,CUST1734,Toni Smith,North,Water Bottle,Sports & Outdoors,231.84,2.0,10.0,Cash on Delivery,In-Store,463.68,417.31
ORD102924,2024-08-28,CUST1029,Connor West,South,Noise Cancelling Headphones,Electronics,174.38,1.0,15.0,Credit Card,In-Store,174.38,148.22
ORD103329,2025-07-05,CUST1538,Melissa Morris,Central,Bluetooth Speaker,Electronics,97.2,4.0,0.0,PayPal,In-Store,388.8,388.8
ORD101552,2024-09-30,CUST1680,Megan Park,Central,Noise Cancelling Headphones,Electronics,270.9,5.0,5.0,PayPal,Online,1354.5,1286.77
ORD102768,2025-08-06,CUST1581,Philip Hall,Central,Yoga Pants,Apparel,85.12,1.0,0.0,PayPal,Online,85.12,85.12
ORD104950,2024-06-14,CUST1378,Frank Campbell MD,Central,Noise Cancelling Headphones,Electronics,30.74,2.0,10.0,Credit Card,Mobile App,61.48,55.33
ORD100092,2025-05-08,CUST1850,Joseph Mendoza,East,Smartwatch,Electronics,397.5,1.0,0.0,PayPal,Mobile App,397.5,397.5
ORD102926,2024-09-21,CUST1726,Cheryl Gonzales,Central,Non-stick Pan Set,Home & Kitchen,205.14,2.0,0.0,Cash on Delivery,Online,410.28,410.28
ORD104430,2024-08-17,CUST1112,Robert Costa,North,Blender,Home & Kitchen,25.52,2.0,0.0,Debit Card,Mobile App,51.04,51.04
ORD103063,2024-09-12,CUST1051,Courtney Velasquez,West,Notebook Pack,Office Supplies,170.58,1.0,10.0,Cash on Delivery,Online,170.58,153.52
ORD105643,2024-02-26,CUST1269,Thomas Douglas,Central,Running Shoes,Apparel,52.0,1.0,0.0,Cash on Delivery,Mobile App,52.0,52.0
ORD104196,2025-12-20,CUST1045,Michael Hoffman,West,Electric Kettle,Home & Kitchen,63.71,2.0,0.0,UPI,In-Store,127.42,127.42
ORD103533,2024-03-10,CUST1759,Stephen Garcia,North,Vacuum Cleaner,Home & Kitchen,35.15,1.0,5.0,Debit Card,Mobile App,35.15,33.39
ORD101964,2025-05-03,CUST1198,Ralph Lee,East,Bluetooth Speaker,Electronics,376.91,1.0,0.0,Credit Card,Online,376.91,376.91
ORD100009,2024-08-12,CUST1597,April Pace,West,27in Monitor,Electronics,341.62,2.0,0.0,Debit Card,Mobile App,683.24,683.24
ORD105456,2025-09-08,CUST1249,Michelle Lee,South,Wireless Mouse,Electronics,404.12,2.0,0.0,Cash on Delivery,In-Store,808.24,808.24
ORD102843,2024-10-29,CUST1668,Edward Terry,South,Wool Sweater,Apparel,114.7,2.0,5.0,PayPal,In-Store,229.4,217.93
ORD105761,2025-10-25,CUST1389,Bradley Tran,South,Cycling Helmet,Sports & Outdoors,162.28,3.0,20.0,Credit Card,Mobile App,486.84,389.47
ORD101886,2025-02-22,CUST1636,Gregory Frazier,South,Dumbbell Set,Sports & Outdoors,286.38,3.0,15.0,UPI,Mobile App,859.14,730.27
ORD101686,2025-03-25,CUST1834,Michelle Salazar,North,Webcam HD,Electronics,412.19,2.0,0.0,Credit Card,Online,824.38,824.38
ORD104714,2025-11-23,CUST1291,Kimberly Brown,North,Desk Lamp,Office Supplies,12.24,1.0,0.0,Credit Card,Mobile App,12.24,12.24
ORD101748,2024-06-28,CUST1505,Autumn Wilson,Central,Bluetooth Speaker,Electronics,100.74,1.0,0.0,UPI,In-Store,100.74,100.74
ORD105014,2025-05-05,CUST1164,Cindy Hayes,South,Power Bank,Electronics,285.04,1.0,0.0,Debit Card,Mobile App,285.04,285.04
ORD102111,2024-03-08,CUST1215,James Burgess,Central,Cycling Helmet,Sports & Outdoors,167.75,2.0,0.0,Credit Card,In-Store,335.5,335.5
ORD101046,2024-07-09,CUST1186,Justin Riley,North,Ergonomic Chair,Office Supplies,202.5,1.0,10.0,Credit Card,Online,202.5,182.25
ORD103160,2024-01-15,CUST1202,Vincent Mueller,South,Rice Cooker,Home & Kitchen,209.22,1.0,0.0,Cash on Delivery,Mobile App,209.22,209.22
ORD101288,2025-08-22,CUST1537,Miguel Parks,West,Desk Lamp,Office Supplies,13.81,1.0,5.0,PayPal,Online,13.81,13.12
ORD101263,2024-06-05,CUST1064,Michael Snyder,North,Cycling Helmet,Sports & Outdoors,212.14,1.0,10.0,UPI,Mobile App,212.14,190.93
ORD100217,2025-01-04,CUST1495,Curtis Watson,South,Portable SSD 1TB,Electronics,87.02,1.0,10.0,Debit Card,Mobile App,87.02,78.32
ORD101841,2024-08-26,CUST1670,Kimberly Gibson,Central,Webcam HD,Electronics,359.7,5.0,10.0,Cash on Delivery,Online,1798.5,1618.65
ORD104738,2025-03-18,CUST1144,Brenda Levy,West,Webcam HD,Electronics,444.44,3.0,0.0,PayPal,In-Store,1333.32,1333.32
ORD105961,2025-02-13,CUST1140,Patricia Becker,North,Dumbbell Set,Sports & Outdoors,60.4,2.0,0.0,Credit Card,In-Store,120.8,120.8
ORD105340,2024-01-15,CUST1833,Devin Cole,West,Running Shoes,Apparel,97.44,3.0,0.0,Cash on Delivery,In-Store,292.32,292.32
ORD103725,2024-07-02,CUST1009,Joel Nelson,South,Vacuum Cleaner,Home & Kitchen,145.56,2.0,10.0,UPI,Online,291.12,262.01
ORD105260,2024-04-12,CUST1270,Melissa Taylor,South,Cycling Helmet,Sports & Outdoors,70.08,2.0,0.0,PayPal,In-Store,140.16,140.16
ORD103673,2024-10-14,CUST1746,Mrs. Felicia Castro DDS,West,Denim Jacket,Apparel,69.33,1.0,0.0,Cash on Delivery,Mobile App,69.33,69.33
ORD103363,2025-04-15,CUST1089,Mary Rogers,East,Desk Lamp,Office Supplies,284.4,4.0,0.0,UPI,Online,1137.6,1137.6
ORD105320,2025-07-11,CUST1305,Tammy Boone,East,Blender,Home & Kitchen,189.86,1.0,15.0,Debit Card,Online,189.86,161.38
ORD104278,2025-02-13,CUST1405,Courtney Wright,East,Wireless Mouse,Electronics,124.64,2.0,10.0,Credit Card,Mobile App,249.28,224.35
ORD104817,2025-07-07,CUST1116,Peter Garrett,North,Blender,Home & Kitchen,180.39,4.0,0.0,Cash on Delivery,Online,721.56,721.56
ORD101359,2024-11-12,CUST1783,Zachary Santiago,North,USB-C Hub,Electronics,410.03,1.0,15.0,Cash on Delivery,Mobile App,410.03,348.53
ORD105064,2024-04-23,CUST1150,Kimberly Matthews,East,Air Fryer,Home & Kitchen,121.66,1.0,15.0,Debit Card,In-Store,121.66,103.41
ORD103912,2025-07-18,CUST1712,Lori Perez,South,Rice Cooker,Home & Kitchen,51.34,2.0,10.0,Debit Card,Mobile App,102.68,92.41
ORD104491,2024-07-27,CUST1162,Donald Schultz,Central,Electric Kettle,Home & Kitchen,91.0,2.0,10.0,PayPal,In-Store,182.0,163.8
ORD100499,2024-03-07,CUST1464,Ashley Hernandez,South,Dumbbell Set,Sports & Outdoors,64.81,4.0,0.0,PayPal,In-Store,259.24,259.24
ORD105663,2024-10-01,CUST1252,Stephen Luna,Central,Yoga Pants,Apparel,90.84,1.0,0.0,PayPal,Mobile App,90.84,90.84
ORD100939,2025-09-03,CUST1267,Justin Michael,East,Camping Tent,Sports & Outdoors,245.77,2.0,15.0,Cash on Delivery,In-Store,491.54,417.81
ORD101200,2025-07-14,CUST1570,Cynthia Mitchell,South,Ergonomic Chair,Office Supplies,306.25,1.0,0.0,Credit Card,Online,306.25,306.25
ORD102831,2025-11-24,CUST1482,Stephanie Evans,East,Cotton T-Shirt,Apparel,100.27,1.0,0.0,Cash on Delivery,Mobile App,100.27,100.27
ORD105282,2024-08-08,CUST1073,Sarah Ashley,West,Non-stick Pan Set,Home & Kitchen,214.87,1.0,15.0,PayPal,Mobile App,214.87,182.64
ORD101267,2024-11-24,CUST1564,Traci Camacho,Central,Rice Cooker,Home & Kitchen,128.92,1.0,0.0,PayPal,In-Store,128.92,128.92
ORD104203,2024-12-28,CUST1340,Erin Cook,West,Portable SSD 1TB,Electronics,169.07,4.0,10.0,Debit Card,Online,676.28,608.65
ORD105731,2024-01-27,CUST1838,Dominique Hamilton,Central,Rice Cooker,Home & Kitchen,139.09,1.0,5.0,Debit Card,Online,139.09,132.14
ORD104318,2024-11-30,CUST1325,Karen Williams,Central,Yoga Mat,Sports & Outdoors,196.49,3.0,0.0,Credit Card,Online,589.47,589.47
ORD104854,2025-06-09,CUST1541,Miss Brianna Brown,South,Desk Lamp,Office Supplies,311.25,2.0,0.0,Credit Card,Online,622.5,622.5
ORD103342,2025-07-30,CUST1184,Jordan Bullock,North,Rice Cooker,Home & Kitchen,145.39,1.0,10.0,UPI,In-Store,145.39,130.85
ORD101814,2025-08-07,CUST1336,Misty Hansen,Central,Non-stick Pan Set,Home & Kitchen,107.61,2.0,5.0,Cash on Delivery,Online,215.22,204.46
ORD101069,2025-10-10,CUST1129,Stacy Freeman,North,Wireless Mouse,Electronics,250.79,1.0,10.0,PayPal,In-Store,250.79,225.71
ORD102782,2025-08-27,CUST1692,Karl Murphy,North,Cotton T-Shirt,Apparel,100.0,1.0,5.0,Debit Card,Online,100.0,95.0
ORD101751,2025-05-26,CUST1514,Michael Brown,Central,Water Bottle,Sports & Outdoors,98.99,4.0,10.0,Cash on Delivery,In-Store,395.96,356.36
ORD104306,2024-04-18,CUST1453,Matthew Greene,East,Wool Sweater,Apparel,34.95,2.0,0.0,PayPal,In-Store,69.9,69.9
ORD103432,2025-02-15,CUST1792,Thomas Curry,North,Whiteboard,Office Supplies,222.55,1.0,0.0,UPI,Mobile App,222.55,222.55
ORD101014,2024-01-21,CUST1132,James Thomas,North,Blender,Home & Kitchen,127.2,3.0,5.0,Credit Card,In-Store,381.6,362.52
ORD104068,2024-07-16,CUST1054,Victoria Johnson,West,Smartwatch,Electronics,62.01,2.0,5.0,Cash on Delivery,Mobile App,124.02,117.82
ORD100525,2024-07-08,CUST1579,Victor Holden,West,Yoga Mat,Sports & Outdoors,258.65,1.0,10.0,Debit Card,In-Store,258.65,232.78
ORD100435,2024-07-15,CUST1206,Stacey Arias,North,Coffee Maker,Home & Kitchen,28.76,4.0,0.0,Cash on Delivery,Mobile App,115.04,115.04
ORD102981,2024-07-21,CUST1446,Stacey Snyder,Central,Desk Lamp,Office Supplies,314.77,4.0,0.0,PayPal,In-Store,1259.08,1259.08
ORD105963,2024-04-27,CUST1333,Emily Rodriguez,North,Wireless Mouse,Electronics,55.67,1.0,0.0,Debit Card,In-Store,55.67,55.67
ORD102278,2024-05-11,CUST1737,Anthony Bailey,East,Smartwatch,Electronics,166.56,3.0,0.0,Credit Card,Online,499.68,499.68
ORD105199,2025-05-30,CUST1554,Jaime Lang,Central,Rice Cooker,Home & Kitchen,190.69,2.0,0.0,Cash on Delivery,Mobile App,381.38,381.38
ORD100325,2024-09-18,CUST1384,Karen Perez,West,Whiteboard,Office Supplies,181.58,1.0,15.0,Cash on Delivery,Online,181.58,154.34
ORD101427,2024-12-07,CUST1250,Kathleen Davis,East,Noise Cancelling Headphones,Electronics,72.61,1.0,5.0,UPI,In-Store,72.61,68.98
ORD103538,2024-01-11,CUST1532,Jonathan Moreno,North,Toaster,Home & Kitchen,75.4,1.0,0.0,Credit Card,Mobile App,75.4,75.4
ORD100589,2024-07-08,CUST1375,Jason Hayes,Central,Yoga Mat,Sports & Outdoors,278.18,4.0,5.0,Credit Card,Online,1112.72,1057.08
ORD105845,2025-03-28,CUST1685,William Lewis,North,Wool Sweater,Apparel,113.84,2.0,15.0,Credit Card,In-Store,227.68,193.53
ORD101024,2025-01-08,CUST1037,Kevin Mills,South,Portable SSD 1TB,Electronics,132.11,1.0,0.0,Credit Card,In-Store,132.11,132.11
ORD105208,2025-04-29,CUST1658,Amanda Miller,North,Cotton T-Shirt,Apparel,85.59,3.0,5.0,PayPal,Mobile App,256.77,243.93
ORD104979,2025-01-18,CUST1174,Sophia Moore,South,Yoga Mat,Sports & Outdoors,108.4,4.0,5.0,Credit Card,In-Store,433.6,411.92
ORD100988,2025-10-26,CUST1390,Katrina Adkins,West,Denim Jacket,Apparel,54.78,2.0,10.0,Credit Card,Online,109.56,98.6
ORD105222,2024-07-28,CUST1616,Laura Benson,South,Yoga Mat,Sports & Outdoors,54.8,1.0,15.0,Credit Card,Mobile App,54.8,46.58
ORD104542,2024-09-29,CUST1080,Cynthia Wells,East,Wireless Mouse,Electronics,219.99,1.0,0.0,Debit Card,In-Store,219.99,219.99
ORD103571,2024-05-13,CUST1492,Mike Maxwell,South,Notebook Pack,Office Supplies,108.81,3.0,15.0,Credit Card,In-Store,326.43,277.47
ORD100249,2024-05-16,CUST1140,Patricia Becker,South,Mechanical Keyboard,Electronics,335.57,1.0,0.0,Debit Card,Online,335.57,335.57
ORD103469,2024-09-30,CUST1504,Lisa Haynes,East,Blender,Home & Kitchen,144.58,1.0,15.0,Debit Card,Online,144.58,122.89
ORD100736,2024-03-12,CUST1027,Brent Jordan,North,Yoga Mat,Sports & Outdoors,61.37,2.0,0.0,UPI,In-Store,122.74,122.74
ORD101501,2024-06-07,CUST1495,Curtis Watson,East,Non-stick Pan Set,Home & Kitchen,72.07,5.0,0.0,Credit Card,In-Store,360.35,360.35
ORD103783,2024-11-28,CUST1004,Gabrielle Davis,North,Whiteboard,Office Supplies,188.55,3.0,10.0,Debit Card,In-Store,565.65,509.08
ORD105602,2025-01-16,CUST1263,Tami Salas,East,Bluetooth Speaker,Electronics,330.43,2.0,15.0,Debit Card,In-Store,660.86,561.73
ORD103290,2024-12-11,CUST1248,Anthony Dougherty,South,Whiteboard,Office Supplies,142.35,2.0,10.0,Debit Card,Online,284.7,256.23
ORD102000,2024-03-08,CUST1032,Carmen Smith,East,Portable SSD 1TB,Electronics,398.93,1.0,0.0,UPI,Online,398.93,398.93
ORD102916,2025-03-25,CUST1570,Cynthia Mitchell,East,USB-C Hub,Electronics,96.14,1.0,0.0,UPI,Online,96.14,96.14
ORD105205,2024-08-06,CUST1158,Kelly Reese,West,Wool Sweater,Apparel,103.81,1.0,10.0,Cash on Delivery,In-Store,103.81,93.43
ORD103669,2024-09-09,CUST1572,Caroline Edwards,West,Portable SSD 1TB,Electronics,383.04,1.0,10.0,Debit Card,In-Store,383.04,344.74
ORD103713,2024-01-02,CUST1830,Donald Todd,South,Desk Lamp,Office Supplies,287.75,1.0,5.0,Debit Card,In-Store,287.75,273.36
ORD103507,2025-08-06,CUST1812,Matthew Rodriguez,East,Dumbbell Set,Sports & Outdoors,226.89,1.0,0.0,UPI,Online,226.89,226.89
ORD104016,2024-01-21,CUST1318,Jennifer Smith,East,Standing Desk,Office Supplies,86.91,3.0,15.0,PayPal,In-Store,260.73,221.62
ORD104195,2024-09-08,CUST1400,Patricia Johnson,North,27in Monitor,Electronics,290.53,2.0,15.0,Credit Card,Mobile App,581.06,493.9
ORD105440,2024-03-17,CUST1301,Sheryl Buck,South,Whiteboard,Office Supplies,67.13,3.0,0.0,Unknown,Online,201.39,201.39
ORD105011,2025-02-10,CUST1804,Megan Kaiser,North,Ergonomic Chair,Office Supplies,101.74,4.0,0.0,Debit Card,Online,406.96,406.96
ORD103053,2024-10-05,CUST1161,Katherine Browning,East,Bluetooth Speaker,Electronics,235.36,1.0,0.0,Debit Card,In-Store,235.36,235.36
ORD102099,2024-02-15,CUST1276,Tanya Rogers,North,Ergonomic Chair,Office Supplies,57.72,5.0,0.0,Credit Card,In-Store,288.6,288.6
ORD105368,2024-01-21,CUST1009,Joel Nelson,Central,Webcam HD,Electronics,41.88,2.0,0.0,Credit Card,In-Store,83.76,83.76
ORD100027,2025-11-10,CUST1836,Julie Sims,East,Yoga Pants,Apparel,118.3,3.0,5.0,Debit Card,In-Store,354.9,337.16
ORD105091,2025-03-26,CUST1748,Keith Choi,South,Wireless Mouse,Electronics,174.83,2.0,0.0,Credit Card,Mobile App,349.66,349.66
ORD103314,2024-10-20,CUST1708,Thomas Torres,North,Non-stick Pan Set,Home & Kitchen,219.32,4.0,0.0,Cash on Delivery,Online,877.28,877.28
ORD105984,2025-08-12,CUST1574,Mr. Matthew Miller,East,Whiteboard,Office Supplies,264.69,2.0,15.0,Cash on Delivery,In-Store,529.38,449.97
ORD100191,2025-02-15,CUST1250,Kathleen Davis,West,Mechanical Keyboard,Electronics,277.43,1.0,10.0,Cash on Delivery,Online,277.43,249.69
ORD103188,2024-11-13,CUST1411,Oscar Parker,East,Noise Cancelling Headphones,Electronics,257.92,3.0,5.0,UPI,In-Store,773.76,735.07
ORD102921,2025-10-21,CUST1739,Matthew Graves,North,27in Monitor,Electronics,279.45,1.0,10.0,UPI,Mobile App,279.45,251.5
ORD101869,2024-09-21,CUST1435,Sara Cochran,Central,Non-stick Pan Set,Home & Kitchen,80.04,5.0,0.0,Unknown,Online,400.2,400.2
ORD100094,2025-08-21,CUST1766,Anna Lang,East,Noise Cancelling Headphones,Electronics,30.92,2.0,5.0,PayPal,Online,61.84,58.75
ORD104071,2025-09-24,CUST1297,Austin Wheeler,East,Wool Sweater,Apparel,55.7,1.0,0.0,UPI,In-Store,55.7,55.7
ORD103765,2024-04-30,CUST1651,Adam Brooks,Central,Whiteboard,Office Supplies,179.33,1.0,15.0,Credit Card,Mobile App,179.33,152.43
ORD101213,2024-04-13,CUST1179,Mary Gomez,East,Cotton T-Shirt,Apparel,76.26,3.0,0.0,Debit Card,Online,228.78,228.78
ORD102780,2024-08-17,CUST1514,Michael Brown,North,Standing Desk,Office Supplies,18.81,1.0,0.0,PayPal,Mobile App,18.81,18.81
ORD103040,2024-05-03,CUST1886,Sandra Kennedy,North,Coffee Maker,Home & Kitchen,218.1,3.0,10.0,PayPal,In-Store,654.3,588.87
ORD103900,2025-02-27,CUST1026,Timothy Duncan,North,Power Bank,Electronics,341.43,4.0,0.0,Cash on Delivery,Mobile App,1365.72,1365.72
ORD104941,2024-11-03,CUST1177,Eric Clark,North,Dumbbell Set,Sports & Outdoors,63.24,3.0,0.0,UPI,In-Store,189.72,189.72
ORD104697,2025-07-29,CUST1376,Jackie Clements,South,Yoga Pants,Apparel,34.7,2.0,15.0,Debit Card,In-Store,69.4,58.99
ORD103665,2024-07-04,CUST1842,Kevin Brown,North,Notebook Pack,Office Supplies,251.9,4.0,10.0,Debit Card,Online,1007.6,906.84
ORD105539,2024-05-04,CUST1343,Catherine Saunders MD,Central,Wool Sweater,Apparel,56.05,5.0,5.0,Debit Card,Mobile App,280.25,266.24
ORD105010,2024-02-26,CUST1135,Brooke Alexander,East,Bluetooth Speaker,Electronics,221.97,2.0,0.0,Debit Card,Online,443.94,443.94
ORD101848,2025-02-04,CUST1798,Mark Clark,North,Running Shoes,Apparel,113.1,1.0,10.0,UPI,Mobile App,113.1,101.79
ORD101000,2024-06-18,CUST1101,David Grant,Central,Standing Desk,Office Supplies,156.38,1.0,0.0,PayPal,In-Store,156.38,156.38
ORD104193,2024-11-29,CUST1603,Donald Becker,East,Toaster,Home & Kitchen,148.59,1.0,10.0,Debit Card,In-Store,148.59,133.73
ORD101119,2025-06-08,CUST1061,Steven Flynn,West,Noise Cancelling Headphones,Electronics,206.62,3.0,15.0,Cash on Delivery,In-Store,619.86,526.88
ORD102497,2025-12-03,CUST1219,Stacey Stewart,Central,Vacuum Cleaner,Home & Kitchen,145.84,1.0,0.0,PayPal,In-Store,145.84,145.84
ORD101430,2024-08-08,CUST1834,Michelle Salazar,South,Air Fryer,Home & Kitchen,137.31,3.0,10.0,Cash on Delivery,Online,411.93,370.74
ORD103597,2024-06-09,CUST1713,Erin Daniels,East,Yoga Pants,Apparel,110.0,2.0,0.0,Debit Card,In-Store,220.0,220.0
ORD103405,2025-07-05,CUST1843,James Ellis,West,27in Monitor,Electronics,151.67,1.0,15.0,Credit Card,Mobile App,151.67,128.92
ORD101513,2024-11-05,CUST1206,Stacey Arias,Central,Smartwatch,Electronics,192.6,1.0,0.0,UPI,Mobile App,192.6,192.6
ORD100133,2025-04-05,CUST1781,Kevin Garrett,North,Running Shoes,Apparel,89.7,2.0,0.0,Debit Card,In-Store,179.4,179.4
ORD103865,2024-03-22,CUST1656,Diane Martinez,Central,Dumbbell Set,Sports & Outdoors,100.87,2.0,0.0,PayPal,Online,201.74,201.74
ORD102123,2025-06-30,CUST1838,Dominique Hamilton,West,Smartwatch,Electronics,445.95,1.0,15.0,Credit Card,Mobile App,445.95,379.06
ORD103948,2024-03-28,CUST1830,Donald Todd,East,Electric Kettle,Home & Kitchen,50.06,2.0,5.0,UPI,Online,100.12,95.11
ORD105316,2024-05-14,CUST1812,Matthew Rodriguez,East,Smartwatch,Electronics,268.83,1.0,0.0,UPI,Mobile App,268.83,268.83
ORD103430,2025-01-22,CUST1138,Melissa Garner,Central,Vacuum Cleaner,Home & Kitchen,139.78,1.0,0.0,PayPal,In-Store,139.78,139.78
ORD103471,2025-08-24,CUST1819,Julian Ponce,South,USB-C Hub,Electronics,167.26,1.0,10.0,UPI,Mobile App,167.26,150.53
ORD105284,2025-02-07,CUST1571,Matthew Steele,East,Standing Desk,Office Supplies,314.45,2.0,0.0,UPI,Mobile App,628.9,628.9
ORD101616,2025-07-27,CUST1181,Brian Smith,North,Wireless Mouse,Electronics,220.23,1.0,0.0,PayPal,Online,220.23,220.23
ORD104208,2025-06-16,CUST1355,Charlotte Sandoval,North,Dumbbell Set,Sports & Outdoors,14.77,2.0,0.0,PayPal,Online,29.54,29.54
ORD104678,2024-02-26,CUST1603,Donald Becker,South,Running Shoes,Apparel,93.31,1.0,5.0,Cash on Delivery,Online,93.31,88.64
ORD103612,2024-06-16,CUST1828,Robert Simmons,West,Smartwatch,Electronics,116.13,2.0,5.0,Credit Card,In-Store,232.26,220.65
ORD105453,2025-04-16,CUST1231,Michele Lewis,South,Camping Tent,Sports & Outdoors,275.62,1.0,0.0,PayPal,In-Store,275.62,275.62
ORD103997,2024-01-25,CUST1342,Douglas Hartman,North,Rice Cooker,Home & Kitchen,136.52,1.0,0.0,Cash on Delivery,Mobile App,136.52,136.52
ORD104727,2025-07-09,CUST1732,Krystal Keller,East,Coffee Maker,Home & Kitchen,160.81,2.0,0.0,Debit Card,In-Store,321.62,321.62
ORD101202,2025-07-31,CUST1780,April Castro,North,Air Fryer,Home & Kitchen,182.74,3.0,5.0,Credit Card,Mobile App,548.22,520.81
ORD104982,2024-10-11,CUST1104,Brad Allen,South,Wool Sweater,Apparel,15.95,4.0,20.0,Credit Card,In-Store,63.8,51.04
ORD104708,2024-05-10,CUST1422,Richard Walker,South,USB-C Hub,Electronics,422.58,1.0,10.0,PayPal,In-Store,422.58,380.32
ORD101344,2024-12-11,CUST1813,Michelle Garcia,South,Vacuum Cleaner,Home & Kitchen,78.73,2.0,0.0,Unknown,Online,157.46,157.46
ORD105986,2025-09-13,CUST1632,James Thomas,South,Power Bank,Electronics,129.05,4.0,10.0,Cash on Delivery,Mobile App,516.2,464.58
ORD102810,2025-08-31,CUST1312,Alexis Tran,Central,Water Bottle,Sports & Outdoors,217.21,2.0,10.0,PayPal,In-Store,434.42,390.98
ORD105991,2025-06-28,CUST1847,Cindy Wells,South,Portable SSD 1TB,Electronics,26.32,1.0,0.0,Debit Card,Mobile App,26.32,26.32
ORD104901,2025-10-03,CUST1219,Stacey Stewart,East,Cotton T-Shirt,Apparel,78.05,4.0,5.0,Credit Card,In-Store,312.2,296.59
ORD105179,2025-10-31,CUST1754,David Hayes DVM,East,27in Monitor,Electronics,447.44,4.0,0.0,UPI,Online,1789.76,1789.76
ORD103815,2024-12-12,CUST1781,Kevin Garrett,South,Dumbbell Set,Sports & Outdoors,273.55,1.0,5.0,UPI,Mobile App,273.55,259.87
ORD102028,2025-05-10,CUST1604,Justin Webb,South,Standing Desk,Office Supplies,338.44,1.0,0.0,UPI,Online,338.44,338.44
ORD100348,2025-06-05,CUST1779,Lisa Dixon,South,USB-C Hub,Electronics,239.15,2.0,0.0,UPI,Mobile App,478.3,478.3
ORD102475,2025-02-24,CUST1104,Brad Allen,East,Standing Desk,Office Supplies,344.56,1.0,0.0,Debit Card,Online,344.56,344.56
ORD100587,2024-06-13,CUST1593,Kayla Jackson,North,27in Monitor,Electronics,103.53,1.0,0.0,Cash on Delivery,Online,103.53,103.53
ORD100087,2024-03-16,CUST1693,Nicole Johnston,East,Webcam HD,Electronics,308.41,4.0,0.0,PayPal,Mobile App,1233.64,1233.64
ORD100655,2025-05-22,CUST1442,Patricia Bradley,West,Wool Sweater,Apparel,20.35,1.0,20.0,Cash on Delivery,Mobile App,20.35,16.28
ORD105988,2025-08-11,CUST1072,Alicia Gilmore,Central,Power Bank,Electronics,318.72,1.0,0.0,Unknown,In-Store,318.72,318.72
ORD102644,2025-12-21,CUST1644,Luke Miller,West,Smartwatch,Electronics,143.33,5.0,0.0,UPI,Mobile App,716.65,716.65
ORD101282,2024-09-12,CUST1203,Douglas Reyes,Central,Bluetooth Speaker,Electronics,206.36,2.0,0.0,Unknown,In-Store,412.72,412.72
ORD104109,2024-02-28,CUST1879,Dustin Bell,Central,Blender,Home & Kitchen,153.87,2.0,10.0,UPI,Online,307.74,276.97
ORD102483,2025-12-11,CUST1685,William Lewis,West,Desk Lamp,Office Supplies,225.42,1.0,5.0,PayPal,Online,225.42,214.15
ORD101852,2025-12-27,CUST1323,Adam Jackson,North,Dumbbell Set,Sports & Outdoors,154.74,1.0,15.0,UPI,Online,154.74,131.53
ORD105504,2025-10-06,CUST1347,Robin Wheeler,Central,Running Shoes,Apparel,28.07,1.0,0.0,Cash on Delivery,Online,28.07,28.07
ORD101438,2025-01-12,CUST1841,Erika Garcia,West,Mechanical Keyboard,Electronics,308.49,1.0,0.0,Cash on Delivery,Mobile App,308.49,308.49
ORD101828,2025-11-26,CUST1297,Austin Wheeler,North,Blender,Home & Kitchen,91.41,3.0,0.0,Debit Card,Mobile App,274.23,274.23
ORD102109,2024-02-26,CUST1642,David Manning,West,Wool Sweater,Apparel,48.22,1.0,5.0,Cash on Delivery,In-Store,48.22,45.81
ORD104825,2025-02-21,CUST1451,Colton Terry,East,Mechanical Keyboard,Electronics,141.34,2.0,0.0,Cash on Delivery,In-Store,282.68,282.68
ORD105901,2024-02-18,CUST1340,Erin Cook,West,Yoga Mat,Sports & Outdoors,29.33,1.0,0.0,Credit Card,Online,29.33,29.33
ORD105649,2024-06-27,CUST1335,Linda Mueller,South,Smartwatch,Electronics,265.69,4.0,15.0,Cash on Delivery,Online,1062.76,903.35
ORD102006,2025-11-04,CUST1829,Erica Oconnell,North,Desk Lamp,Office Supplies,316.0,1.0,5.0,Debit Card,Mobile App,316.0,300.2
ORD103586,2025-04-08,CUST1412,Valerie Thomas,North,USB-C Hub,Electronics,393.08,1.0,5.0,Debit Card,Mobile App,393.08,373.43
ORD101157,2025-08-02,CUST1574,Mr. Matthew Miller,North,Denim Jacket,Apparel,77.06,2.0,5.0,Cash on Delivery,Mobile App,154.12,146.41
ORD105085,2025-04-23,CUST1402,Carol Moore,West,Noise Cancelling Headphones,Electronics,270.99,4.0,0.0,Cash on Delivery,Mobile App,1083.96,1083.96
ORD105373,2025-12-23,CUST1058,Erika Terry,North,Air Fryer,Home & Kitchen,33.45,1.0,10.0,Debit Card,Mobile App,33.45,30.11
ORD104268,2025-08-14,CUST1662,Kelly King,West,Water Bottle,Sports & Outdoors,88.63,1.0,5.0,UPI,Mobile App,88.63,84.2
ORD105668,2024-04-10,CUST1134,David Scott,South,Wool Sweater,Apparel,57.66,2.0,10.0,UPI,Online,115.32,103.79
ORD102860,2025-07-16,CUST1552,Michael Griffin,North,Water Bottle,Sports & Outdoors,85.42,1.0,0.0,PayPal,Online,85.42,85.42
ORD103369,2025-10-31,CUST1435,Sara Cochran,Central,Power Bank,Electronics,27.4,4.0,15.0,Debit Card,Mobile App,109.6,93.16
ORD104054,2024-12-15,CUST1215,James Burgess,North,Toaster,Home & Kitchen,180.99,3.0,0.0,UPI,Online,542.97,542.97
ORD104028,2024-02-18,CUST1110,David Davis,Central,Running Shoes,Apparel,76.37,1.0,5.0,Cash on Delivery,In-Store,76.37,72.55
ORD103356,2025-09-05,CUST1163,Larry Garcia,North,Power Bank,Electronics,149.15,2.0,10.0,Debit Card,Mobile App,298.3,268.47
ORD105427,2025-01-25,CUST1894,Richard Jenkins,West,Mechanical Keyboard,Electronics,125.98,1.0,5.0,Cash on Delivery,Mobile App,125.98,119.68
ORD105328,2025-10-10,CUST1720,Jacqueline Christian,Central,Webcam HD,Electronics,68.11,5.0,0.0,Debit Card,Mobile App,340.55,340.55
ORD100847,2024-04-18,CUST1811,Robert Thompson,North,Camping Tent,Sports & Outdoors,83.52,1.0,20.0,PayPal,Mobile App,83.52,66.82
ORD104209,2025-09-05,CUST1319,Megan Drake,Central,Dumbbell Set,Sports & Outdoors,36.3,1.0,0.0,Debit Card,Mobile App,36.3,36.3
ORD100669,2025-10-08,CUST1588,Karen Mendoza,North,USB-C Hub,Electronics,209.48,1.0,0.0,Cash on Delivery,In-Store,209.48,209.48
ORD103731,2024-01-21,CUST1144,Brenda Levy,South,Webcam HD,Electronics,67.64,1.0,0.0,Credit Card,In-Store,67.64,67.64
ORD105266,2024-01-19,CUST1009,Joel Nelson,North,Non-stick Pan Set,Home & Kitchen,193.52,1.0,5.0,Cash on Delivery,Mobile App,193.52,183.84
ORD104063,2025-01-30,CUST1090,Robert Peterson,South,Desk Lamp,Office Supplies,253.93,3.0,0.0,Debit Card,Mobile App,761.79,761.79
ORD103343,2024-07-27,CUST1113,Shannon Rivera,South,Wireless Mouse,Electronics,425.05,1.0,0.0,Cash on Delivery,Online,425.05,425.05
ORD100844,2024-06-29,CUST1189,Julie Spencer,East,Notebook Pack,Office Supplies,60.43,1.0,10.0,UPI,Mobile App,60.43,54.39
ORD105342,2025-05-13,CUST1479,Judy Robinson,West,Ergonomic Chair,Office Supplies,31.63,1.0,0.0,PayPal,Online,31.63,31.63
ORD101724,2025-12-27,CUST1197,Susan Davis DDS,South,Portable SSD 1TB,Electronics,348.72,1.0,0.0,PayPal,In-Store,348.72,348.72
ORD102700,2025-07-30,CUST1434,Suzanne Johnson,West,Denim Jacket,Apparel,57.03,1.0,15.0,Debit Card,Online,57.03,48.48
ORD105816,2024-02-21,CUST1122,Mary Grimes,West,Webcam HD,Electronics,182.27,1.0,5.0,Cash on Delivery,Mobile App,182.27,173.16
ORD104543,2025-01-25,CUST1820,Heather Miller,West,Notebook Pack,Office Supplies,55.57,1.0,0.0,PayPal,Online,55.57,55.57
ORD101702,2025-08-07,CUST1679,Laura Meza,East,Noise Cancelling Headphones,Electronics,99.17,2.0,0.0,UPI,Mobile App,198.34,198.34
ORD102102,2024-07-25,CUST1535,Denise Stuart,Central,Smartwatch,Electronics,407.23,2.0,10.0,Cash on Delivery,Mobile App,814.46,733.01
ORD103243,2024-03-29,CUST1331,Henry Pugh MD,East,Whiteboard,Office Supplies,132.48,2.0,0.0,PayPal,In-Store,264.96,264.96
ORD102047,2025-02-01,CUST1006,Shannon Ray,West,Notebook Pack,Office Supplies,15.59,1.0,0.0,Credit Card,In-Store,15.59,15.59
ORD105307,2024-02-06,CUST1140,Patricia Becker,North,Whiteboard,Office Supplies,276.81,1.0,0.0,PayPal,Online,276.81,276.81
ORD102576,2024-04-22,CUST1730,Susan Hogan,Central,Yoga Pants,Apparel,115.9,4.0,15.0,UPI,In-Store,463.6,394.06
ORD102108,2025-11-26,CUST1175,Lawrence Perry,East,Running Shoes,Apparel,62.28,2.0,0.0,Credit Card,Online,124.56,124.56
ORD100912,2024-12-20,CUST1308,Autumn Key,West,Wireless Mouse,Electronics,54.52,1.0,0.0,Cash on Delivery,In-Store,54.52,54.52
ORD103567,2024-10-22,CUST1789,Blake Wu,East,Cycling Helmet,Sports & Outdoors,281.82,1.0,0.0,Cash on Delivery,Online,281.82,281.82
ORD103804,2024-09-23,CUST1101,David Grant,East,Noise Cancelling Headphones,Electronics,225.68,1.0,0.0,Cash on Delivery,Online,225.68,225.68
ORD103490,2025-10-10,CUST1224,Mitchell Jackson,Central,Electric Kettle,Home & Kitchen,135.32,1.0,0.0,PayPal,Online,135.32,135.32
ORD100593,2024-04-14,CUST1410,Makayla Steele,North,Portable SSD 1TB,Electronics,247.13,2.0,5.0,Debit Card,Online,494.26,469.55
ORD105153,2024-05-22,CUST1897,Tracy Jackson,South,Yoga Pants,Apparel,85.03,2.0,0.0,UPI,In-Store,170.06,170.06
ORD100845,2024-03-12,CUST1703,Alicia Aguilar,North,Webcam HD,Electronics,33.95,1.0,5.0,UPI,Online,33.95,32.25
ORD105854,2025-12-22,CUST1836,Julie Sims,West,Denim Jacket,Apparel,24.77,1.0,15.0,Cash on Delivery,Online,24.77,21.05
ORD103917,2025-07-19,CUST1719,Michael Howard,Central,27in Monitor,Electronics,282.13,2.0,0.0,UPI,Online,564.26,564.26
ORD102392,2025-02-05,CUST1458,Joseph Camacho,Central,27in Monitor,Electronics,364.33,1.0,0.0,PayPal,In-Store,364.33,364.33
ORD104616,2025-02-16,CUST1170,Renee Bruce,North,Yoga Pants,Apparel,89.58,2.0,0.0,Credit Card,Mobile App,179.16,179.16
ORD100696,2025-11-09,CUST1463,Donald Ellis,West,Cotton T-Shirt,Apparel,107.81,4.0,0.0,PayPal,Online,431.24,431.24
ORD100757,2025-02-28,CUST1533,Mr. Thomas Thompson,West,Notebook Pack,Office Supplies,55.65,1.0,10.0,PayPal,Online,55.65,50.08
ORD100832,2024-05-13,CUST1565,Andrew Armstrong,West,Water Bottle,Sports & Outdoors,108.27,1.0,10.0,PayPal,Mobile App,108.27,97.44
ORD100644,2025-05-02,CUST1456,Jeremiah Baker,East,Cotton T-Shirt,Apparel,84.88,3.0,15.0,Cash on Delivery,In-Store,254.64,216.44
ORD101936,2024-05-10,CUST1755,Paula Gentry,North,Yoga Pants,Apparel,100.85,2.0,5.0,Debit Card,In-Store,201.7,191.61
ORD101145,2024-08-15,CUST1145,Richard Smith,North,Coffee Maker,Home & Kitchen,213.26,5.0,10.0,Debit Card,Mobile App,1066.3,959.67
ORD100074,2024-02-01,CUST1885,Justin Ford,Central,Mechanical Keyboard,Electronics,158.67,1.0,0.0,Cash on Delivery,In-Store,158.67,158.67
ORD102323,2024-06-26,CUST1692,Karl Murphy,South,Camping Tent,Sports & Outdoors,275.34,2.0,10.0,Debit Card,In-Store,550.68,495.61
ORD104039,2025-08-10,CUST1241,Denise Weber,North,Webcam HD,Electronics,375.49,3.0,5.0,Cash on Delivery,Mobile App,1126.47,1070.15
ORD100308,2025-01-30,CUST1092,Alan Phillips,West,Cotton T-Shirt,Apparel,32.17,4.0,0.0,Cash on Delivery,Online,128.68,128.68
ORD104027,2025-07-14,CUST1853,Jennifer Clarke,West,Webcam HD,Electronics,121.86,3.0,10.0,PayPal,In-Store,365.58,329.02
ORD101678,2025-01-15,CUST1610,Tara Holmes,North,Vacuum Cleaner,Home & Kitchen,121.61,3.0,0.0,UPI,In-Store,364.83,364.83
ORD100687,2025-02-28,CUST1348,Matthew Williams,North,Smartwatch,Electronics,282.91,1.0,0.0,Cash on Delivery,In-Store,282.91,282.91
ORD104500,2024-06-20,CUST1218,Chad Baldwin,North,Standing Desk,Office Supplies,224.9,2.0,0.0,PayPal,In-Store,449.8,449.8
ORD100026,2025-01-13,CUST1070,Chris Reyes,North,Yoga Mat,Sports & Outdoors,166.84,2.0,15.0,UPI,Mobile App,333.68,283.63
ORD103229,2024-05-23,CUST1528,Jacqueline Rodriguez,South,Bluetooth Speaker,Electronics,90.21,2.0,0.0,Cash on Delivery,Online,180.42,180.42
ORD102917,2025-07-22,CUST1223,Samantha Gardner,Central,Cotton T-Shirt,Apparel,91.84,4.0,10.0,UPI,In-Store,367.36,330.62
ORD104859,2025-08-18,CUST1423,Angela Willis,West,Cotton T-Shirt,Apparel,38.17,2.0,0.0,Credit Card,Online,76.34,76.34
ORD105079,2025-10-02,CUST1828,Robert Simmons,West,Ergonomic Chair,Office Supplies,275.0,2.0,0.0,Debit Card,Mobile App,550.0,550.0
ORD102113,2024-03-22,CUST1701,Robert Torres,Central,Rice Cooker,Home & Kitchen,102.2,2.0,0.0,Cash on Delivery,In-Store,204.4,204.4
ORD103170,2024-02-23,CUST1221,Jessica Ross,West,Electric Kettle,Home & Kitchen,150.62,1.0,0.0,Debit Card,In-Store,150.62,150.62
ORD102341,2025-04-30,CUST1799,James Turner,North,Air Fryer,Home & Kitchen,28.55,1.0,0.0,UPI,Online,28.55,28.55
ORD100353,2024-06-30,CUST1198,Ralph Lee,East,Water Bottle,Sports & Outdoors,229.47,2.0,0.0,Credit Card,Online,458.94,458.94
ORD104749,2025-07-28,CUST1135,Brooke Alexander,South,Running Shoes,Apparel,108.69,1.0,0.0,Cash on Delivery,Online,108.69,108.69
ORD100151,2025-12-18,CUST1728,Ashley Osborne,South,Coffee Maker,Home & Kitchen,130.0,1.0,10.0,PayPal,Mobile App,130.0,117.0
ORD101318,2025-11-01,CUST1247,Kayla Rodriguez,East,Air Fryer,Home & Kitchen,98.76,1.0,15.0,PayPal,In-Store,98.76,83.95
ORD105271,2025-04-20,CUST1870,Jacob Harris,South,Denim Jacket,Apparel,33.39,1.0,5.0,PayPal,Online,33.39,31.72
ORD100904,2024-07-29,CUST1319,Megan Drake,West,Webcam HD,Electronics,433.8,1.0,0.0,UPI,In-Store,433.8,433.8
ORD103883,2024-06-18,CUST1333,Emily Rodriguez,East,Bluetooth Speaker,Electronics,364.01,1.0,15.0,UPI,Online,364.01,309.41
ORD101354,2025-08-16,CUST1836,Julie Sims,South,Bluetooth Speaker,Electronics,379.79,1.0,0.0,PayPal,Online,379.79,379.79
ORD100048,2025-07-13,CUST1551,Daniel Goodwin,South,Air Fryer,Home & Kitchen,208.55,1.0,10.0,Debit Card,In-Store,208.55,187.7
ORD101691,2024-08-28,CUST1699,Jessica Glass,Central,Non-stick Pan Set,Home & Kitchen,213.27,1.0,0.0,Debit Card,Mobile App,213.27,213.27
ORD102098,2024-01-20,CUST1586,Brenda Martin,West,Air Fryer,Home & Kitchen,134.61,1.0,0.0,Cash on Delivery,Mobile App,134.61,134.61
ORD101476,2025-11-29,CUST1408,Eddie Mueller,West,Air Fryer,Home & Kitchen,178.11,2.0,5.0,Debit Card,In-Store,356.22,338.41
ORD103707,2025-04-06,CUST1034,Lauren Daniels,Central,Desk Lamp,Office Supplies,338.43,4.0,0.0,UPI,Online,1353.72,1353.72
ORD100950,2024-01-29,CUST1833,Devin Cole,North,Vacuum Cleaner,Home & Kitchen,98.24,2.0,0.0,Credit Card,Mobile App,196.48,196.48
ORD101135,2024-12-23,CUST1161,Katherine Browning,South,Standing Desk,Office Supplies,320.62,1.0,0.0,Credit Card,In-Store,320.62,320.62
ORD101974,2024-06-21,CUST1079,Mrs. Marie Harrington DDS,South,Water Bottle,Sports & Outdoors,173.38,1.0,10.0,PayPal,In-Store,173.38,156.04
ORD101168,2025-02-28,CUST1494,Jeffrey Jordan,Central,Electric Kettle,Home & Kitchen,49.08,1.0,10.0,Cash on Delivery,Online,49.08,44.17
ORD100799,2024-01-21,CUST1415,Samuel Howe,West,Bluetooth Speaker,Electronics,51.99,4.0,10.0,Cash on Delivery,Mobile App,207.96,187.16
ORD102184,2024-07-27,CUST1809,Tammy Hill,West,Bluetooth Speaker,Electronics,359.56,1.0,0.0,Credit Card,Mobile App,359.56,359.56
ORD103790,2024-06-16,CUST1319,Megan Drake,East,Yoga Pants,Apparel,21.65,4.0,10.0,Cash on Delivery,Mobile App,86.6,77.94
ORD100375,2025-01-02,CUST1753,Richard Parker,Central,Blender,Home & Kitchen,133.27,2.0,10.0,UPI,Online,266.54,239.89
ORD105326,2025-11-15,CUST1411,Oscar Parker,East,Yoga Mat,Sports & Outdoors,278.3,4.0,0.0,Debit Card,Online,1113.2,1113.2
ORD103370,2024-08-05,CUST1870,Jacob Harris,East,Cotton T-Shirt,Apparel,69.34,2.0,0.0,Debit Card,Mobile App,138.68,138.68
ORD102895,2024-11-26,CUST1734,Toni Smith,North,Bluetooth Speaker,Electronics,374.29,1.0,15.0,Debit Card,Online,374.29,318.15
ORD103598,2024-04-17,CUST1500,Mrs. Alison Wagner,West,Webcam HD,Electronics,38.86,2.0,0.0,Debit Card,Online,77.72,77.72
ORD104026,2024-01-02,CUST1336,Misty Hansen,West,Bluetooth Speaker,Electronics,352.8,1.0,0.0,PayPal,Mobile App,352.8,352.8
ORD103437,2025-05-15,CUST1634,Brett Martin,North,Standing Desk,Office Supplies,108.7,3.0,10.0,PayPal,In-Store,326.1,293.49
ORD104290,2025-12-20,CUST1528,Jacqueline Rodriguez,West,Noise Cancelling Headphones,Electronics,372.57,1.0,0.0,Credit Card,Online,372.57,372.57
ORD101072,2024-04-29,CUST1856,Susan Cox,West,Blender,Home & Kitchen,210.07,1.0,15.0,Cash on Delivery,In-Store,210.07,178.56
ORD102623,2024-04-21,CUST1234,Michelle Ho,South,Wool Sweater,Apparel,118.42,4.0,5.0,Credit Card,Online,473.68,450.0
ORD104363,2025-01-22,CUST1806,Manuel Brown,Central,Standing Desk,Office Supplies,157.09,2.0,0.0,UPI,Mobile App,314.18,314.18
ORD101673,2025-06-28,CUST1682,Erika Watson PhD,North,Water Bottle,Sports & Outdoors,284.8,5.0,0.0,Debit Card,In-Store,1424.0,1424.0
ORD103178,2025-11-26,CUST1273,Matthew Velez,West,Denim Jacket,Apparel,76.77,1.0,5.0,UPI,Mobile App,76.77,72.93
ORD101569,2024-09-11,CUST1212,Jose Allen,North,Portable SSD 1TB,Electronics,58.41,2.0,0.0,Debit Card,Online,116.82,116.82
ORD104838,2025-10-25,CUST1145,Richard Smith,West,Portable SSD 1TB,Electronics,404.34,2.0,0.0,Credit Card,Mobile App,808.68,808.68
ORD105540,2024-11-07,CUST1491,Brittany Gay,North,Blender,Home & Kitchen,35.31,1.0,15.0,Debit Card,Online,35.31,30.01
ORD105228,2025-03-24,CUST1114,Brandon King,South,Denim Jacket,Apparel,28.22,2.0,5.0,PayPal,Online,56.44,53.62
ORD104581,2025-12-26,CUST1716,Ryan Thomas,West,Rice Cooker,Home & Kitchen,85.15,1.0,0.0,Debit Card,Online,85.15,85.15
ORD102076,2024-07-09,CUST1014,Rebecca Henderson,East,Power Bank,Electronics,418.55,3.0,10.0,Debit Card,Mobile App,1255.65,1130.08
ORD105601,2024-10-25,CUST1078,Trevor Fisher,West,Webcam HD,Electronics,430.6,1.0,10.0,Credit Card,Mobile App,430.6,387.54
ORD101540,2024-06-25,CUST1067,Jessica Meadows,West,Notebook Pack,Office Supplies,205.22,1.0,0.0,Cash on Delivery,Mobile App,205.22,205.22
ORD102485,2025-11-25,CUST1471,Samantha Robertson,North,Wireless Mouse,Electronics,106.16,3.0,0.0,Credit Card,Online,318.48,318.48
ORD101599,2024-04-05,CUST1193,Rachel Holland,East,Dumbbell Set,Sports & Outdoors,217.88,1.0,0.0,Debit Card,Mobile App,217.88,217.88
ORD105024,2024-01-19,CUST1296,Shaun Cannon,West,Smartwatch,Electronics,92.53,1.0,0.0,Cash on Delivery,Mobile App,92.53,92.53
ORD105960,2025-12-08,CUST1523,Jillian Wilson,South,Noise Cancelling Headphones,Electronics,280.83,2.0,0.0,UPI,Online,561.66,561.66
ORD100843,2025-02-08,CUST1595,Chase Davis,South,Yoga Pants,Apparel,36.65,1.0,5.0,Debit Card,Mobile App,36.65,34.82
ORD103003,2024-02-22,CUST1507,Daniel Fitzpatrick MD,South,Denim Jacket,Apparel,69.04,1.0,0.0,PayPal,In-Store,69.04,69.04
ORD101446,2025-01-02,CUST1415,Samuel Howe,East,Cycling Helmet,Sports & Outdoors,187.68,1.0,0.0,Unknown,In-Store,187.68,187.68
ORD102408,2025-05-06,CUST1023,Jessica Holmes,North,Rice Cooker,Home & Kitchen,103.98,1.0,20.0,PayPal,Online,103.98,83.18
ORD101396,2024-08-19,CUST1062,Frances Cardenas,North,USB-C Hub,Electronics,108.24,1.0,5.0,Credit Card,Online,108.24,102.83
ORD104921,2024-10-09,CUST1153,Samantha Davis,North,Coffee Maker,Home & Kitchen,184.45,1.0,0.0,UPI,In-Store,184.45,184.45
ORD102673,2025-04-04,CUST1109,Kathryn Snyder,Central,Non-stick Pan Set,Home & Kitchen,108.98,2.0,5.0,Cash on Delivery,Online,217.96,207.06
ORD102307,2025-06-04,CUST1537,Miguel Parks,East,USB-C Hub,Electronics,37.45,2.0,0.0,PayPal,Online,74.9,74.9
ORD100974,2024-05-05,CUST1759,Stephen Garcia,East,27in Monitor,Electronics,412.62,3.0,5.0,Debit Card,Online,1237.86,1175.97
ORD100574,2025-01-25,CUST1204,David Davidson,West,Vacuum Cleaner,Home & Kitchen,102.9,2.0,0.0,UPI,Online,205.8,205.8
ORD103242,2024-09-13,CUST1173,Cindy Barnes,Central,Whiteboard,Office Supplies,246.43,5.0,0.0,PayPal,Online,1232.15,1232.15
ORD103113,2024-10-16,CUST1689,Susan Larson,South,Water Bottle,Sports & Outdoors,208.54,1.0,0.0,Credit Card,In-Store,208.54,208.54
ORD101190,2025-10-17,CUST1507,Daniel Fitzpatrick MD,North,USB-C Hub,Electronics,404.25,2.0,0.0,Credit Card,In-Store,808.5,808.5
ORD101061,2025-02-11,CUST1625,Phillip Dixon,South,Power Bank,Electronics,100.72,1.0,5.0,Debit Card,Online,100.72,95.68
ORD100946,2025-12-05,CUST1824,Judy Gregory,Central,USB-C Hub,Electronics,152.88,1.0,0.0,Credit Card,Online,152.88,152.88
ORD100251,2024-05-23,CUST1439,Eric Taylor,West,Mechanical Keyboard,Electronics,84.51,1.0,0.0,Credit Card,Online,84.51,84.51
ORD105605,2025-01-19,CUST1763,Amber Johnson,East,Bluetooth Speaker,Electronics,135.89,2.0,20.0,Debit Card,Mobile App,271.78,217.42
ORD105546,2025-11-22,CUST1443,Keith Zuniga,East,Running Shoes,Apparel,59.34,1.0,0.0,UPI,In-Store,59.34,59.34
ORD104215,2025-04-24,CUST1347,Robin Wheeler,East,Air Fryer,Home & Kitchen,144.1,3.0,0.0,UPI,In-Store,432.3,432.3
ORD101820,2024-11-19,CUST1590,Christopher Nielsen,North,Cycling Helmet,Sports & Outdoors,193.52,1.0,0.0,UPI,In-Store,193.52,193.52
ORD102818,2024-05-21,CUST1213,Jason Beck,East,Toaster,Home & Kitchen,151.69,2.0,0.0,PayPal,In-Store,303.38,303.38
ORD104325,2025-06-09,CUST1109,Kathryn Snyder,Central,Toaster,Home & Kitchen,88.09,2.0,10.0,Credit Card,Mobile App,176.18,158.56
ORD100220,2025-01-08,CUST1836,Julie Sims,South,Wool Sweater,Apparel,116.62,3.0,10.0,Cash on Delivery,Online,349.86,314.87
ORD100792,2024-11-07,CUST1870,Jacob Harris,West,Desk Lamp,Office Supplies,43.09,1.0,15.0,Debit Card,Mobile App,43.09,36.63
ORD104479,2025-07-06,CUST1374,Sandra Juarez,North,Ergonomic Chair,Office Supplies,323.75,1.0,0.0,UPI,Mobile App,323.75,323.75
ORD102965,2025-04-09,CUST1133,Bob Pitts,North,Running Shoes,Apparel,28.04,1.0,5.0,UPI,In-Store,28.04,26.64
ORD102638,2025-06-27,CUST1129,Stacy Freeman,North,Water Bottle,Sports & Outdoors,291.2,2.0,0.0,Debit Card,Online,582.4,582.4
ORD105720,2025-11-29,CUST1006,Shannon Ray,North,Toaster,Home & Kitchen,107.52,5.0,5.0,PayPal,In-Store,537.6,510.72
ORD105572,2024-06-15,CUST1625,Phillip Dixon,Central,Blender,Home & Kitchen,168.03,1.0,5.0,Debit Card,Online,168.03,159.63
ORD103919,2025-02-01,CUST1735,Lisa Snyder,West,Cotton T-Shirt,Apparel,106.06,1.0,20.0,PayPal,Mobile App,106.06,84.85
ORD104959,2025-04-22,CUST1682,Erika Watson PhD,North,Dumbbell Set,Sports & Outdoors,133.09,3.0,0.0,Unknown,Online,399.27,399.27
ORD105202,2025-10-20,CUST1892,Carol Morris,South,Running Shoes,Apparel,112.05,4.0,0.0,UPI,In-Store,448.2,448.2
ORD101613,2024-09-29,CUST1738,Thomas Williams,Central,Wool Sweater,Apparel,20.61,2.0,10.0,Credit Card,Mobile App,41.22,37.1
ORD103693,2024-03-13,CUST1794,Richard King,East,27in Monitor,Electronics,71.26,4.0,0.0,PayPal,In-Store,285.04,285.04
ORD104989,2024-12-13,CUST1568,Tara Gamble,Central,Electric Kettle,Home & Kitchen,84.75,1.0,15.0,Credit Card,Mobile App,84.75,72.04
ORD103281,2025-06-01,CUST1282,Melissa Brown,East,Denim Jacket,Apparel,108.12,1.0,0.0,Credit Card,Mobile App,108.12,108.12
ORD105302,2025-09-05,CUST1400,Patricia Johnson,West,Yoga Pants,Apparel,36.37,4.0,0.0,PayPal,Online,145.48,145.48
ORD104313,2024-12-31,CUST1531,Leah Barton,South,Vacuum Cleaner,Home & Kitchen,112.34,2.0,5.0,UPI,Mobile App,224.68,213.45
ORD101176,2025-10-26,CUST1855,Rebecca French,South,Noise Cancelling Headphones,Electronics,335.41,2.0,0.0,Credit Card,In-Store,670.82,670.82
ORD102529,2025-01-01,CUST1777,Jean Lane,North,Desk Lamp,Office Supplies,33.72,3.0,0.0,Cash on Delivery,Mobile App,101.16,101.16
ORD100972,2025-12-31,CUST1879,Dustin Bell,West,Webcam HD,Electronics,423.81,1.0,0.0,PayPal,Mobile App,423.81,423.81
ORD103645,2024-04-15,CUST1661,Vickie Kennedy,East,Water Bottle,Sports & Outdoors,179.18,1.0,10.0,Debit Card,In-Store,179.18,161.26
ORD102481,2024-08-06,CUST1418,John Phelps,East,Notebook Pack,Office Supplies,293.17,1.0,0.0,Cash on Delivery,In-Store,293.17,293.17
ORD100775,2024-11-12,CUST1497,James Chapman,North,Running Shoes,Apparel,25.17,2.0,0.0,PayPal,In-Store,50.34,50.34
ORD105397,2024-04-05,CUST1186,Justin Riley,West,Yoga Mat,Sports & Outdoors,58.28,2.0,0.0,Cash on Delivery,Mobile App,116.56,116.56
ORD105261,2024-11-10,CUST1515,Meghan White,West,Webcam HD,Electronics,273.58,1.0,5.0,PayPal,In-Store,273.58,259.9
ORD103412,2025-06-11,CUST1765,Michelle Lambert,South,Webcam HD,Electronics,249.0,1.0,0.0,Debit Card,In-Store,249.0,249.0
ORD104705,2025-01-01,CUST1481,Brian Brown,North,Whiteboard,Office Supplies,285.12,2.0,0.0,PayPal,In-Store,570.24,570.24
ORD103701,2024-09-17,CUST1824,Judy Gregory,West,Wool Sweater,Apparel,93.95,1.0,0.0,UPI,Online,93.95,93.95
ORD105673,2024-08-22,CUST1687,Kevin Hall,North,Cycling Helmet,Sports & Outdoors,237.6,1.0,10.0,Credit Card,In-Store,237.6,213.84
ORD100439,2025-10-15,CUST1764,Michael Vance,West,Yoga Pants,Apparel,80.66,1.0,0.0,UPI,Mobile App,80.66,80.66
ORD104850,2024-12-03,CUST1113,Shannon Rivera,East,Blender,Home & Kitchen,157.86,1.0,0.0,UPI,In-Store,157.86,157.86
ORD104256,2025-04-06,CUST1307,Claire Clark,North,Denim Jacket,Apparel,100.61,1.0,5.0,Cash on Delivery,Online,100.61,95.58
ORD102237,2024-09-11,CUST1225,Heather Bolton,South,USB-C Hub,Electronics,232.34,5.0,20.0,PayPal,Mobile App,1161.7,929.36
ORD100457,2025-04-13,CUST1190,Larry Mason,South,Cycling Helmet,Sports & Outdoors,293.26,1.0,0.0,Credit Card,Online,293.26,293.26
ORD103037,2025-11-13,CUST1864,Dorothy Brown,East,Dumbbell Set,Sports & Outdoors,210.8,2.0,10.0,UPI,In-Store,421.6,379.44
ORD104308,2024-05-21,CUST1241,Denise Weber,East,USB-C Hub,Electronics,431.39,1.0,5.0,Cash on Delivery,Online,431.39,409.82
ORD102150,2025-02-19,CUST1046,Sandra Aguilar,East,Wireless Mouse,Electronics,231.5,2.0,5.0,PayPal,In-Store,463.0,439.85
ORD104502,2025-03-25,CUST1556,Austin Santiago,South,Standing Desk,Office Supplies,29.29,2.0,15.0,Cash on Delivery,In-Store,58.58,49.79
ORD104762,2024-12-11,CUST1391,Jonathan Wheeler,North,Vacuum Cleaner,Home & Kitchen,59.59,4.0,0.0,Cash on Delivery,Mobile App,238.36,238.36
ORD102110,2024-11-17,CUST1430,Devin Johnson,North,Desk Lamp,Office Supplies,207.51,2.0,0.0,Cash on Delivery,Online,415.02,415.02
ORD104446,2025-11-04,CUST1362,Melissa Brewer,North,Standing Desk,Office Supplies,179.09,1.0,10.0,Cash on Delivery,In-Store,179.09,161.18
ORD104458,2025-12-06,CUST1877,Tina Daugherty,North,Smartwatch,Electronics,94.4,1.0,0.0,UPI,Mobile App,94.4,94.4
ORD102805,2024-08-13,CUST1508,Maureen Hernandez,Central,Ergonomic Chair,Office Supplies,214.33,1.0,10.0,UPI,Mobile App,214.33,192.9
ORD103791,2024-05-17,CUST1693,Nicole Johnston,East,Bluetooth Speaker,Electronics,239.02,1.0,0.0,PayPal,Online,239.02,239.02
ORD102445,2024-03-16,CUST1638,Dustin Welch,Central,Desk Lamp,Office Supplies,128.18,2.0,10.0,Credit Card,In-Store,256.36,230.72
ORD105613,2025-08-27,CUST1775,Brian Cervantes,East,Bluetooth Speaker,Electronics,354.2,1.0,5.0,Cash on Delivery,In-Store,354.2,336.49
ORD104273,2025-01-15,CUST1034,Lauren Daniels,North,Power Bank,Electronics,234.48,1.0,15.0,Debit Card,Mobile App,234.48,199.31
ORD100440,2025-09-06,CUST1673,Brent Hopkins,South,Running Shoes,Apparel,32.51,1.0,0.0,PayPal,In-Store,32.51,32.51
ORD104061,2024-08-28,CUST1297,Austin Wheeler,Central,Toaster,Home & Kitchen,74.82,5.0,0.0,Cash on Delivery,In-Store,374.1,374.1
ORD100532,2024-02-10,CUST1207,Zachary Brooks,West,Non-stick Pan Set,Home & Kitchen,36.09,1.0,0.0,Debit Card,In-Store,36.09,36.09
ORD105165,2025-06-13,CUST1296,Shaun Cannon,North,Portable SSD 1TB,Electronics,216.0,1.0,5.0,Debit Card,In-Store,216.0,205.2
ORD104200,2025-08-18,CUST1450,Jessica Valdez,West,Yoga Pants,Apparel,81.75,5.0,0.0,Cash on Delivery,Online,408.75,408.75
ORD100258,2025-06-19,CUST1508,Maureen Hernandez,West,USB-C Hub,Electronics,75.76,2.0,0.0,Unknown,Online,151.52,151.52
ORD100618,2025-09-11,CUST1035,Kim Brown,Central,Non-stick Pan Set,Home & Kitchen,184.27,1.0,0.0,Unknown,Mobile App,184.27,184.27
ORD103583,2024-01-15,CUST1215,James Burgess,East,Running Shoes,Apparel,92.57,1.0,0.0,Cash on Delivery,Online,92.57,92.57
ORD104341,2024-07-10,CUST1243,Travis Wise,South,Yoga Mat,Sports & Outdoors,107.08,1.0,15.0,PayPal,In-Store,107.08,91.02
ORD105311,2024-11-02,CUST1639,Logan Sullivan,West,Coffee Maker,Home & Kitchen,205.74,1.0,0.0,UPI,Mobile App,205.74,205.74
ORD104037,2025-08-22,CUST1046,Sandra Aguilar,South,Running Shoes,Apparel,84.78,1.0,0.0,UPI,In-Store,84.78,84.78
ORD102072,2025-02-28,CUST1208,Raven Taylor,East,Standing Desk,Office Supplies,320.63,1.0,15.0,Cash on Delivery,Mobile App,320.63,272.54
ORD102505,2024-02-15,CUST1833,Devin Cole,South,Yoga Pants,Apparel,56.45,1.0,5.0,Debit Card,In-Store,56.45,53.63
ORD102806,2024-07-31,CUST1784,Katelyn Kim,West,Vacuum Cleaner,Home & Kitchen,157.4,2.0,0.0,Cash on Delivery,Online,314.8,314.8
ORD103479,2024-01-26,CUST1289,Jose Bryant,North,Whiteboard,Office Supplies,24.21,1.0,10.0,Credit Card,Mobile App,24.21,21.79
ORD101959,2025-05-11,CUST1407,John Campbell,North,Rice Cooker,Home & Kitchen,47.0,3.0,0.0,Debit Card,In-Store,141.0,141.0
ORD104499,2025-12-29,CUST1588,Karen Mendoza,West,Webcam HD,Electronics,294.3,1.0,5.0,Debit Card,In-Store,294.3,279.58
ORD101503,2024-08-08,CUST1064,Michael Snyder,West,USB-C Hub,Electronics,330.27,5.0,0.0,Debit Card,Mobile App,1651.35,1651.35
ORD101041,2025-01-13,CUST1826,Matthew Smith,West,Wool Sweater,Apparel,33.25,2.0,0.0,Debit Card,Mobile App,66.5,66.5
ORD100046,2025-01-27,CUST1141,Richard Johnson,Central,Webcam HD,Electronics,124.66,1.0,0.0,Debit Card,Online,124.66,124.66
ORD105529,2025-06-10,CUST1047,Rebecca Valencia,Central,Camping Tent,Sports & Outdoors,68.36,1.0,0.0,PayPal,Online,68.36,68.36
ORD100504,2024-05-30,CUST1829,Erica Oconnell,Central,Air Fryer,Home & Kitchen,38.11,3.0,0.0,UPI,Mobile App,114.33,114.33
ORD105066,2025-05-19,CUST1652,Miguel Brewer,Central,Air Fryer,Home & Kitchen,194.66,5.0,5.0,PayPal,Online,973.3,924.63
ORD101074,2024-01-06,CUST1694,George Alvarez,East,Standing Desk,Office Supplies,104.13,2.0,0.0,Credit Card,In-Store,208.26,208.26
ORD103408,2024-10-17,CUST1527,Brent Hopkins,South,Standing Desk,Office Supplies,331.19,2.0,10.0,UPI,In-Store,662.38,596.14
ORD102374,2024-12-04,CUST1096,Paige Carlson,South,Denim Jacket,Apparel,34.41,1.0,15.0,PayPal,In-Store,34.41,29.25
ORD104860,2024-01-05,CUST1005,Monica Herrera,Central,Mechanical Keyboard,Electronics,391.37,4.0,5.0,Debit Card,Online,1565.48,1487.21
ORD101556,2024-04-14,CUST1156,Brianna Anderson,North,Vacuum Cleaner,Home & Kitchen,110.61,1.0,5.0,Debit Card,In-Store,110.61,105.08
ORD103177,2024-09-08,CUST1074,Stephanie Freeman,North,Running Shoes,Apparel,88.27,1.0,10.0,UPI,In-Store,88.27,79.44
ORD104119,2024-10-28,CUST1713,Erin Daniels,West,Smartwatch,Electronics,27.47,1.0,10.0,Debit Card,In-Store,27.47,24.72
ORD102075,2025-06-02,CUST1800,Joseph Graham,Central,Portable SSD 1TB,Electronics,139.86,2.0,10.0,UPI,In-Store,279.72,251.75
ORD104437,2024-11-25,CUST1688,Misty Mcguire,West,Running Shoes,Apparel,112.58,1.0,20.0,UPI,Mobile App,112.58,90.06
ORD101694,2024-06-11,CUST1782,Christopher Taylor,East,Wool Sweater,Apparel,19.78,1.0,0.0,Debit Card,In-Store,19.78,19.78
ORD104691,2025-11-03,CUST1168,Michelle Schmitt,North,Air Fryer,Home & Kitchen,72.07,1.0,0.0,PayPal,Mobile App,72.07,72.07
ORD101044,2024-05-31,CUST1844,Andrew Carroll,North,Noise Cancelling Headphones,Electronics,201.96,2.0,10.0,Credit Card,Online,403.92,363.53
ORD104234,2024-12-02,CUST1489,Julie Wilson,South,Toaster,Home & Kitchen,185.8,1.0,0.0,Unknown,Online,185.8,185.8
ORD100192,2025-11-19,CUST1591,Nathan Stanley,South,Ergonomic Chair,Office Supplies,57.65,5.0,5.0,Debit Card,In-Store,288.25,273.84
ORD103102,2024-08-28,CUST1113,Shannon Rivera,North,Notebook Pack,Office Supplies,296.77,1.0,0.0,PayPal,Mobile App,296.77,296.77
ORD102531,2025-12-26,CUST1023,Jessica Holmes,South,Standing Desk,Office Supplies,219.71,4.0,10.0,UPI,Mobile App,878.84,790.96
ORD102635,2025-07-23,CUST1048,Stacey Russell,Central,Yoga Pants,Apparel,23.6,4.0,5.0,Debit Card,Mobile App,94.4,89.68
ORD103833,2025-10-18,CUST1492,Mike Maxwell,West,Portable SSD 1TB,Electronics,282.71,1.0,0.0,Cash on Delivery,Mobile App,282.71,282.71
ORD102279,2024-01-18,CUST1682,Erika Watson PhD,North,Denim Jacket,Apparel,17.18,1.0,10.0,Cash on Delivery,Online,17.18,15.46
ORD100384,2025-05-02,CUST1620,Gloria Spencer,West,27in Monitor,Electronics,247.15,4.0,0.0,Cash on Delivery,Online,988.6,988.6
ORD105747,2025-05-22,CUST1188,Jesse Brown,South,Whiteboard,Office Supplies,225.37,1.0,0.0,Debit Card,Online,225.37,225.37
ORD103008,2024-01-23,CUST1686,Tammy Moore,Central,Mechanical Keyboard,Electronics,293.42,1.0,15.0,UPI,In-Store,293.42,249.41
ORD104228,2025-10-14,CUST1495,Curtis Watson,South,Non-stick Pan Set,Home & Kitchen,86.81,1.0,10.0,UPI,Mobile App,86.81,78.13
ORD103303,2025-08-19,CUST1875,Audrey Johnson,Central,Webcam HD,Electronics,413.82,2.0,0.0,Cash on Delivery,In-Store,827.64,827.64
ORD103047,2025-05-03,CUST1135,Brooke Alexander,West,Desk Lamp,Office Supplies,199.32,1.0,0.0,Debit Card,In-Store,199.32,199.32
ORD105353,2024-03-21,CUST1777,Jean Lane,West,Standing Desk,Office Supplies,310.17,1.0,0.0,Credit Card,In-Store,310.17,310.17
ORD102271,2025-10-01,CUST1200,James Martin,South,Webcam HD,Electronics,426.61,5.0,10.0,Debit Card,Online,2133.05,1919.74
ORD105438,2024-03-28,CUST1442,Patricia Bradley,North,Webcam HD,Electronics,133.29,3.0,15.0,Cash on Delivery,Mobile App,399.87,339.89
ORD100810,2025-11-25,CUST1185,Craig Morrison,Central,Mechanical Keyboard,Electronics,406.04,1.0,0.0,Cash on Delivery,Mobile App,406.04,406.04
ORD103527,2025-10-25,CUST1829,Erica Oconnell,East,Wool Sweater,Apparel,42.19,1.0,10.0,PayPal,Mobile App,42.19,37.97
ORD102781,2025-06-24,CUST1569,Danielle Gonzalez,Central,Whiteboard,Office Supplies,21.69,2.0,0.0,Cash on Delivery,In-Store,43.38,43.38
ORD101369,2024-01-27,CUST1307,Claire Clark,East,Ergonomic Chair,Office Supplies,341.54,1.0,0.0,PayPal,Online,341.54,341.54
ORD100698,2024-02-01,CUST1666,Ashley Freeman,West,Dumbbell Set,Sports & Outdoors,231.59,2.0,0.0,UPI,Mobile App,463.18,463.18
ORD100271,2024-09-11,CUST1151,Teresa Ramirez,North,Notebook Pack,Office Supplies,290.97,2.0,0.0,UPI,Mobile App,581.94,581.94
ORD102667,2025-10-13,CUST1466,Kara Jackson,Central,Smartwatch,Electronics,422.57,1.0,5.0,PayPal,In-Store,422.57,401.44
ORD103162,2025-12-18,CUST1665,Mr. George Booker DDS,East,Yoga Mat,Sports & Outdoors,25.56,2.0,0.0,PayPal,In-Store,51.12,51.12
ORD103756,2025-04-08,CUST1113,Shannon Rivera,West,Running Shoes,Apparel,42.19,1.0,0.0,PayPal,Mobile App,42.19,42.19
ORD105997,2024-02-03,CUST1843,James Ellis,Central,Rice Cooker,Home & Kitchen,186.69,1.0,0.0,PayPal,In-Store,186.69,186.69
ORD104179,2025-04-13,CUST1736,Kyle Smith,South,Mechanical Keyboard,Electronics,166.16,1.0,0.0,Debit Card,Online,166.16,166.16
ORD103233,2025-11-20,CUST1089,Mary Rogers,West,Camping Tent,Sports & Outdoors,186.56,1.0,10.0,PayPal,Mobile App,186.56,167.9
ORD100467,2024-12-02,CUST1252,Stephen Luna,South,Portable SSD 1TB,Electronics,393.53,1.0,0.0,UPI,Mobile App,393.53,393.53
ORD100699,2024-07-16,CUST1127,Jennifer Pena,North,Noise Cancelling Headphones,Electronics,376.67,1.0,0.0,Debit Card,Mobile App,376.67,376.67
ORD104338,2025-08-07,CUST1201,Cynthia Wallace,East,Bluetooth Speaker,Electronics,163.08,1.0,5.0,Debit Card,Online,163.08,154.93
ORD101393,2024-06-20,CUST1705,Mary Lin,South,Whiteboard,Office Supplies,263.78,4.0,0.0,Credit Card,In-Store,1055.12,1055.12
ORD103838,2024-08-21,CUST1587,Jack Love,Central,Electric Kettle,Home & Kitchen,58.61,1.0,15.0,Debit Card,Mobile App,58.61,49.82
ORD104960,2025-12-27,CUST1626,Robert Mendoza,North,Blender,Home & Kitchen,191.65,5.0,0.0,Cash on Delivery,Online,958.25,958.25
ORD102658,2025-04-07,CUST1633,Dr. Samuel Holmes DDS,North,Running Shoes,Apparel,115.48,4.0,0.0,Debit Card,Online,461.92,461.92
ORD100794,2025-04-30,CUST1057,Lisa Alvarado,West,Denim Jacket,Apparel,54.54,5.0,0.0,Unknown,Online,272.7,272.7
ORD102672,2024-02-16,CUST1610,Tara Holmes,West,Water Bottle,Sports & Outdoors,288.37,3.0,15.0,PayPal,Mobile App,865.11,735.34
ORD103001,2025-10-23,CUST1645,Mark Anderson,West,Whiteboard,Office Supplies,275.71,1.0,20.0,UPI,Mobile App,275.71,220.57
ORD103975,2024-11-15,CUST1196,James Conner,West,Mechanical Keyboard,Electronics,252.68,2.0,0.0,Cash on Delivery,Online,505.36,505.36
ORD101584,2024-07-17,CUST1114,Brandon King,Central,Cotton T-Shirt,Apparel,92.68,3.0,0.0,UPI,In-Store,278.04,278.04
ORD104778,2024-01-02,CUST1485,Micheal Parks,North,Portable SSD 1TB,Electronics,342.55,1.0,0.0,Cash on Delivery,Online,342.55,342.55
ORD100175,2024-10-21,CUST1666,Ashley Freeman,Central,Camping Tent,Sports & Outdoors,129.19,4.0,0.0,Credit Card,Online,516.76,516.76
ORD100275,2024-12-28,CUST1699,Jessica Glass,East,Power Bank,Electronics,209.09,2.0,0.0,Debit Card,In-Store,418.18,418.18
ORD105045,2024-09-10,CUST1322,Shannon Malone,South,Portable SSD 1TB,Electronics,75.01,2.0,0.0,Debit Card,Online,150.02,150.02
ORD100344,2024-02-19,CUST1004,Gabrielle Davis,East,Desk Lamp,Office Supplies,165.51,2.0,0.0,UPI,Mobile App,331.02,331.02
ORD101572,2025-01-07,CUST1322,Shannon Malone,North,Non-stick Pan Set,Home & Kitchen,177.84,1.0,0.0,UPI,In-Store,177.84,177.84
ORD103735,2025-04-06,CUST1094,Jesse Parker,South,Running Shoes,Apparel,118.65,2.0,15.0,Credit Card,In-Store,237.3,201.7
ORD103656,2025-02-03,CUST1083,Michael Burton,North,Yoga Pants,Apparel,30.59,3.0,0.0,Debit Card,In-Store,91.77,91.77
ORD104927,2025-09-14,CUST1113,Shannon Rivera,South,27in Monitor,Electronics,81.99,2.0,20.0,PayPal,Mobile App,163.98,131.18
ORD103203,2025-05-21,CUST1134,David Scott,West,Whiteboard,Office Supplies,311.39,1.0,5.0,Cash on Delivery,Online,311.39,295.82
ORD104693,2025-07-29,CUST1732,Krystal Keller,South,Cotton T-Shirt,Apparel,30.23,1.0,0.0,UPI,Online,30.23,30.23
ORD102213,2024-07-07,CUST1544,Juan Smith,West,Desk Lamp,Office Supplies,302.29,1.0,0.0,Debit Card,In-Store,302.29,302.29
ORD101012,2024-11-26,CUST1062,Frances Cardenas,North,Denim Jacket,Apparel,18.04,1.0,5.0,PayPal,In-Store,18.04,17.14
ORD102009,2025-03-11,CUST1363,Ryan Harvey,South,Blender,Home & Kitchen,188.89,4.0,0.0,Credit Card,Mobile App,755.56,755.56
ORD105833,2025-07-21,CUST1667,Michael Howard,West,Noise Cancelling Headphones,Electronics,235.55,1.0,5.0,PayPal,In-Store,235.55,223.77
ORD100578,2024-05-18,CUST1472,Samuel Suarez,North,Air Fryer,Home & Kitchen,189.06,1.0,0.0,Unknown,In-Store,189.06,189.06
ORD101621,2025-10-31,CUST1717,Elizabeth Reese,Central,Whiteboard,Office Supplies,116.73,1.0,10.0,Cash on Delivery,Mobile App,116.73,105.06
ORD100109,2024-12-24,CUST1229,Laura Moreno,North,Cotton T-Shirt,Apparel,25.88,2.0,10.0,PayPal,Online,51.76,46.58
ORD102164,2025-07-28,CUST1238,Michael Cooper,West,Water Bottle,Sports & Outdoors,278.06,1.0,0.0,UPI,Online,278.06,278.06
ORD101836,2024-05-06,CUST1139,Crystal Pham,East,Standing Desk,Office Supplies,292.59,3.0,10.0,Debit Card,Online,877.77,789.99
ORD102474,2024-09-26,CUST1310,Elizabeth Ward,North,Non-stick Pan Set,Home & Kitchen,136.47,1.0,10.0,Debit Card,Mobile App,136.47,122.82
ORD101689,2024-02-05,CUST1506,Valerie Howard,West,Standing Desk,Office Supplies,269.44,2.0,20.0,Debit Card,In-Store,538.88,431.1
ORD101774,2025-04-17,CUST1357,Rebecca Herrera,East,Denim Jacket,Apparel,25.41,2.0,15.0,Credit Card,Mobile App,50.82,43.2
ORD100625,2024-08-17,CUST1854,Faith Johnson,South,Standing Desk,Office Supplies,38.7,1.0,15.0,Credit Card,Mobile App,38.7,32.9
ORD102354,2024-01-21,CUST1127,Jennifer Pena,North,Smartwatch,Electronics,216.96,1.0,0.0,Credit Card,In-Store,216.96,216.96
ORD104327,2025-02-01,CUST1406,Michael Williams,West,Ergonomic Chair,Office Supplies,137.32,1.0,15.0,Credit Card,Mobile App,137.32,116.72
ORD102287,2024-06-04,CUST1297,Austin Wheeler,East,Dumbbell Set,Sports & Outdoors,155.19,1.0,20.0,Credit Card,Mobile App,155.19,124.15
ORD100183,2024-03-24,CUST1696,Christina Gilbert,Central,Rice Cooker,Home & Kitchen,171.47,3.0,10.0,Cash on Delivery,Mobile App,514.41,462.97
ORD101560,2024-09-11,CUST1000,Allison Hill,North,Standing Desk,Office Supplies,253.01,1.0,0.0,PayPal,In-Store,253.01,253.01
ORD104171,2025-02-15,CUST1755,Paula Gentry,Central,Ergonomic Chair,Office Supplies,264.13,1.0,15.0,UPI,In-Store,264.13,224.51
ORD102565,2025-05-30,CUST1308,Autumn Key,South,Running Shoes,Apparel,60.39,3.0,0.0,PayPal,In-Store,181.17,181.17
ORD103809,2024-03-18,CUST1599,Natalie Juarez,West,Desk Lamp,Office Supplies,303.0,3.0,10.0,Credit Card,Mobile App,909.0,818.1
ORD105804,2025-11-22,CUST1415,Samuel Howe,South,Webcam HD,Electronics,352.16,1.0,5.0,Credit Card,In-Store,352.16,334.55
ORD102498,2025-12-13,CUST1870,Jacob Harris,West,Yoga Mat,Sports & Outdoors,161.98,3.0,10.0,Debit Card,In-Store,485.94,437.35
ORD100281,2025-05-19,CUST1856,Susan Cox,East,Cotton T-Shirt,Apparel,114.49,2.0,20.0,Debit Card,In-Store,228.98,183.18
ORD105856,2024-08-03,CUST1155,Robin Hall,Central,Wool Sweater,Apparel,31.57,1.0,15.0,Debit Card,Online,31.57,26.83
ORD102312,2025-11-23,CUST1112,Robert Costa,East,Running Shoes,Apparel,21.66,1.0,0.0,Credit Card,In-Store,21.66,21.66
ORD103737,2024-06-09,CUST1579,Victor Holden,North,Running Shoes,Apparel,103.35,4.0,0.0,Cash on Delivery,Mobile App,413.4,413.4
ORD104873,2025-04-06,CUST1211,Riley Bryant,West,Cotton T-Shirt,Apparel,67.46,3.0,20.0,Credit Card,In-Store,202.38,161.9
ORD102974,2025-04-09,CUST1268,Jennifer Reed,West,Noise Cancelling Headphones,Electronics,334.37,3.0,10.0,PayPal,Online,1003.11,902.8
ORD105694,2025-04-17,CUST1472,Samuel Suarez,Central,Smartwatch,Electronics,275.49,2.0,0.0,PayPal,Mobile App,550.98,550.98
ORD104874,2025-12-17,CUST1088,Samuel Rivas,South,Noise Cancelling Headphones,Electronics,437.47,2.0,20.0,PayPal,Mobile App,874.94,699.95
ORD104231,2025-12-13,CUST1454,Bradley Anthony,East,Webcam HD,Electronics,302.35,1.0,0.0,PayPal,Mobile App,302.35,302.35
ORD104126,2025-04-06,CUST1507,Daniel Fitzpatrick MD,North,Running Shoes,Apparel,82.24,1.0,0.0,Credit Card,Mobile App,82.24,82.24
ORD100670,2024-05-30,CUST1540,James Brown,South,Vacuum Cleaner,Home & Kitchen,164.31,1.0,5.0,UPI,Mobile App,164.31,156.09
ORD103388,2025-06-14,CUST1694,George Alvarez,Central,Blender,Home & Kitchen,91.09,2.0,10.0,PayPal,Online,182.18,163.96
ORD100021,2024-01-03,CUST1060,Richard Lawson,North,Camping Tent,Sports & Outdoors,59.9,1.0,0.0,PayPal,In-Store,59.9,59.9
ORD105612,2024-06-07,CUST1632,James Thomas,Central,Denim Jacket,Apparel,40.17,1.0,10.0,PayPal,Online,40.17,36.15
ORD105810,2024-08-07,CUST1434,Suzanne Johnson,South,Wool Sweater,Apparel,82.21,1.0,0.0,Credit Card,Online,82.21,82.21
ORD100103,2025-10-20,CUST1533,Mr. Thomas Thompson,West,Smartwatch,Electronics,119.16,2.0,0.0,Credit Card,In-Store,238.32,238.32
ORD100341,2025-04-08,CUST1672,Michael Cannon,East,Desk Lamp,Office Supplies,122.87,3.0,0.0,Debit Card,Online,368.61,368.61
ORD104987,2024-08-16,CUST1882,John Dillon,North,USB-C Hub,Electronics,298.55,4.0,15.0,UPI,In-Store,1194.2,1015.07
ORD102290,2024-06-25,CUST1470,Jeremy Mcintyre,South,Cotton T-Shirt,Apparel,17.58,2.0,15.0,Debit Card,In-Store,35.16,29.89
ORD101115,2024-03-16,CUST1483,Rebekah Greene,Central,Bluetooth Speaker,Electronics,142.32,1.0,0.0,UPI,Online,142.32,142.32
ORD101214,2025-12-07,CUST1716,Ryan Thomas,North,Mechanical Keyboard,Electronics,251.23,2.0,20.0,Debit Card,Online,502.46,401.97
ORD102417,2025-12-19,CUST1282,Melissa Brown,South,Noise Cancelling Headphones,Electronics,170.81,2.0,0.0,Unknown,Online,341.62,341.62
ORD105407,2025-04-10,CUST1362,Melissa Brewer,East,Vacuum Cleaner,Home & Kitchen,41.27,1.0,20.0,Credit Card,In-Store,41.27,33.02
ORD104847,2024-09-20,CUST1827,Christopher Garza,East,Standing Desk,Office Supplies,57.71,5.0,0.0,UPI,In-Store,288.55,288.55
ORD105235,2024-01-25,CUST1633,Dr. Samuel Holmes DDS,North,Whiteboard,Office Supplies,12.33,1.0,0.0,Debit Card,In-Store,12.33,12.33
ORD100226,2024-05-25,CUST1118,Anna Gay,South,Non-stick Pan Set,Home & Kitchen,219.54,1.0,10.0,PayPal,In-Store,219.54,197.59
ORD103852,2024-07-16,CUST1371,Renee Hudson,West,Vacuum Cleaner,Home & Kitchen,112.29,1.0,10.0,Cash on Delivery,Mobile App,112.29,101.06
ORD103185,2024-06-12,CUST1860,Mr. Bryan Mckinney,Central,Denim Jacket,Apparel,36.52,1.0,10.0,Cash on Delivery,Online,36.52,32.87
ORD105196,2025-01-21,CUST1556,Austin Santiago,West,Ergonomic Chair,Office Supplies,52.59,1.0,0.0,PayPal,Mobile App,52.59,52.59
ORD105870,2025-05-29,CUST1403,Jordan Williams,West,Wool Sweater,Apparel,60.9,1.0,20.0,Cash on Delivery,Online,60.9,48.72
ORD102620,2024-02-07,CUST1202,Vincent Mueller,Central,Electric Kettle,Home & Kitchen,150.77,1.0,0.0,Credit Card,Online,150.77,150.77
ORD101651,2025-12-31,CUST1862,Brian Hernandez,North,Denim Jacket,Apparel,15.12,1.0,0.0,Credit Card,Online,15.12,15.12
ORD104970,2025-05-25,CUST1336,Misty Hansen,North,Bluetooth Speaker,Electronics,282.26,3.0,0.0,PayPal,In-Store,846.78,846.78
ORD104101,2024-07-07,CUST1889,Laura Bruce,Central,Rice Cooker,Home & Kitchen,74.09,1.0,0.0,Unknown,In-Store,74.09,74.09
ORD100049,2025-04-23,CUST1741,John Martinez,West,Noise Cancelling Headphones,Electronics,231.4,1.0,0.0,Cash on Delivery,Mobile App,231.4,231.4
ORD101810,2024-09-20,CUST1601,Adrienne Mills,West,Running Shoes,Apparel,118.63,1.0,5.0,UPI,In-Store,118.63,112.7
ORD104650,2025-05-29,CUST1369,Scott Miller,East,Electric Kettle,Home & Kitchen,21.49,2.0,0.0,PayPal,In-Store,42.98,42.98
ORD100718,2024-06-27,CUST1203,Douglas Reyes,South,27in Monitor,Electronics,293.32,4.0,0.0,PayPal,Mobile App,1173.28,1173.28
ORD104948,2024-11-02,CUST1182,Anita Richard,West,Notebook Pack,Office Supplies,325.64,1.0,10.0,Credit Card,Mobile App,325.64,293.08
ORD103974,2025-05-12,CUST1370,Heather Page,West,27in Monitor,Electronics,170.63,1.0,5.0,PayPal,Mobile App,170.63,162.1
ORD103330,2024-05-07,CUST1354,Christopher Moore,East,Yoga Mat,Sports & Outdoors,156.61,1.0,10.0,PayPal,In-Store,156.61,140.95
ORD101418,2025-10-08,CUST1841,Erika Garcia,East,Webcam HD,Electronics,433.33,1.0,0.0,PayPal,In-Store,433.33,433.33
ORD100677,2025-02-16,CUST1378,Frank Campbell MD,North,Wireless Mouse,Electronics,205.58,1.0,5.0,Cash on Delivery,In-Store,205.58,195.3
ORD103891,2025-02-03,CUST1674,John Garcia,West,Coffee Maker,Home & Kitchen,179.62,2.0,15.0,PayPal,In-Store,359.24,305.35
ORD105308,2024-06-26,CUST1603,Donald Becker,North,Running Shoes,Apparel,94.09,1.0,0.0,Debit Card,Mobile App,94.09,94.09
ORD102433,2025-02-20,CUST1605,David Logan,Central,Water Bottle,Sports & Outdoors,46.47,2.0,0.0,Cash on Delivery,In-Store,92.94,92.94
ORD105414,2024-09-01,CUST1713,Erin Daniels,West,Dumbbell Set,Sports & Outdoors,58.82,3.0,10.0,Debit Card,In-Store,176.46,158.81
ORD100113,2025-02-28,CUST1497,James Chapman,East,Power Bank,Electronics,46.15,1.0,5.0,Cash on Delivery,Online,46.15,43.84
ORD102124,2024-11-05,CUST1237,Patricia Morrow,Central,Wool Sweater,Apparel,79.88,2.0,5.0,PayPal,In-Store,159.76,151.77
ORD100153,2025-02-23,CUST1538,Melissa Morris,West,Running Shoes,Apparel,21.9,1.0,0.0,Credit Card,Online,21.9,21.9
ORD103222,2024-06-09,CUST1512,Anna Briggs,East,USB-C Hub,Electronics,95.19,4.0,0.0,Credit Card,Mobile App,380.76,380.76
ORD102081,2025-07-29,CUST1337,Derrick Adams,Central,Yoga Pants,Apparel,99.59,1.0,5.0,Debit Card,In-Store,99.59,94.61
ORD102697,2024-12-14,CUST1379,Pamela Williams,North,Smartwatch,Electronics,320.36,1.0,0.0,Credit Card,Online,320.36,320.36
ORD100755,2024-05-07,CUST1238,Michael Cooper,South,Rice Cooker,Home & Kitchen,96.47,2.0,0.0,UPI,Online,192.94,192.94
ORD100651,2025-11-04,CUST1708,Thomas Torres,West,Air Fryer,Home & Kitchen,98.99,1.0,0.0,Cash on Delivery,Mobile App,98.99,98.99
ORD103155,2024-08-21,CUST1478,Alejandra King,West,Power Bank,Electronics,444.96,1.0,0.0,Debit Card,Mobile App,444.96,444.96
ORD103382,2025-07-26,CUST1356,Jeffrey Smith,North,Toaster,Home & Kitchen,68.47,1.0,15.0,PayPal,Online,68.47,58.2
ORD103926,2024-10-30,CUST1345,David Moore,Central,Desk Lamp,Office Supplies,49.1,4.0,0.0,PayPal,In-Store,196.4,196.4
ORD100017,2025-11-16,CUST1526,Sarah Rivera,Central,Wireless Mouse,Electronics,122.3,4.0,0.0,Cash on Delivery,Online,489.2,489.2
ORD100653,2025-07-05,CUST1862,Brian Hernandez,West,Yoga Mat,Sports & Outdoors,72.26,2.0,5.0,PayPal,In-Store,144.52,137.29
ORD100570,2025-05-17,CUST1524,Andrew Dunn,West,Mechanical Keyboard,Electronics,253.83,1.0,0.0,Cash on Delivery,Mobile App,253.83,253.83
ORD102761,2025-09-30,CUST1191,Mrs. Maria Williams,West,Cotton T-Shirt,Apparel,93.34,1.0,10.0,Debit Card,In-Store,93.34,84.01
ORD101957,2024-10-23,CUST1733,Eric Cross,North,Non-stick Pan Set,Home & Kitchen,194.52,4.0,0.0,PayPal,Online,778.08,778.08
ORD104666,2025-07-27,CUST1464,Ashley Hernandez,South,Yoga Mat,Sports & Outdoors,274.91,3.0,0.0,UPI,In-Store,824.73,824.73
ORD101664,2025-06-27,CUST1596,Kim Goodwin,East,Coffee Maker,Home & Kitchen,113.94,1.0,10.0,Credit Card,In-Store,113.94,102.55
ORD102207,2024-11-22,CUST1610,Tara Holmes,South,Dumbbell Set,Sports & Outdoors,84.17,4.0,5.0,Cash on Delivery,In-Store,336.68,319.85
ORD100822,2025-03-25,CUST1449,Kimberly Villanueva,West,Non-stick Pan Set,Home & Kitchen,105.67,1.0,5.0,PayPal,Mobile App,105.67,100.39
ORD102596,2024-10-25,CUST1030,Angela Morton,West,Notebook Pack,Office Supplies,94.57,1.0,0.0,Unknown,Mobile App,94.57,94.57
ORD105061,2025-02-05,CUST1274,Taylor Gentry,South,Camping Tent,Sports & Outdoors,59.93,1.0,0.0,Cash on Delivery,Online,59.93,59.93
ORD101710,2024-04-28,CUST1709,Harold Garrett,Central,Electric Kettle,Home & Kitchen,208.14,2.0,0.0,UPI,In-Store,416.28,416.28
ORD103871,2025-03-12,CUST1439,Eric Taylor,South,Coffee Maker,Home & Kitchen,198.51,3.0,15.0,UPI,Online,595.53,506.2
ORD100672,2024-04-05,CUST1553,Robert Wilson,Central,Bluetooth Speaker,Electronics,190.75,2.0,0.0,PayPal,Mobile App,381.5,381.5
ORD100066,2025-01-24,CUST1231,Michele Lewis,East,27in Monitor,Electronics,75.34,3.0,10.0,UPI,In-Store,226.02,203.42
ORD103972,2025-04-30,CUST1436,Anthony Guzman,South,Cotton T-Shirt,Apparel,82.27,2.0,0.0,UPI,Mobile App,164.54,164.54
ORD103054,2024-04-12,CUST1201,Cynthia Wallace,South,Cotton T-Shirt,Apparel,62.32,1.0,0.0,UPI,In-Store,62.32,62.32
ORD104001,2024-07-09,CUST1266,Courtney Dudley,South,Whiteboard,Office Supplies,107.0,1.0,0.0,UPI,Online,107.0,107.0
ORD102027,2024-12-24,CUST1508,Maureen Hernandez,West,Wireless Mouse,Electronics,235.89,1.0,20.0,UPI,Online,235.89,188.71
ORD100129,2025-09-24,CUST1038,Michael Evans,West,Mechanical Keyboard,Electronics,240.77,2.0,5.0,UPI,Online,481.54,457.46
ORD104565,2024-08-03,CUST1888,Sheena Burton,West,Webcam HD,Electronics,406.95,3.0,0.0,Debit Card,Online,1220.85,1220.85
ORD100347,2025-01-10,CUST1222,Kathleen Jimenez,Central,Whiteboard,Office Supplies,302.64,2.0,0.0,PayPal,Mobile App,605.28,605.28
ORD103176,2025-05-17,CUST1896,Tammy Mendoza,West,Desk Lamp,Office Supplies,16.71,2.0,15.0,Debit Card,In-Store,33.42,28.41
ORD105561,2025-10-12,CUST1149,David Medina,South,Yoga Pants,Apparel,96.96,1.0,0.0,Cash on Delivery,Mobile App,96.96,96.96
ORD104251,2024-01-27,CUST1611,Lisa Craig,South,Non-stick Pan Set,Home & Kitchen,158.37,1.0,0.0,Debit Card,In-Store,158.37,158.37
ORD105322,2024-08-02,CUST1303,Paul Wells,South,Noise Cancelling Headphones,Electronics,350.64,2.0,0.0,Cash on Delivery,Mobile App,701.28,701.28
ORD102908,2025-07-22,CUST1733,Eric Cross,North,USB-C Hub,Electronics,48.64,1.0,15.0,Debit Card,Online,48.64,41.34
ORD102884,2025-06-15,CUST1811,Robert Thompson,West,Non-stick Pan Set,Home & Kitchen,52.66,1.0,0.0,PayPal,Online,52.66,52.66
ORD100221,2024-10-25,CUST1725,Danielle Medina,North,Yoga Pants,Apparel,33.89,3.0,0.0,Credit Card,In-Store,101.67,101.67
ORD101790,2025-01-01,CUST1660,Ray Ramos,West,Toaster,Home & Kitchen,40.36,4.0,0.0,Credit Card,Mobile App,161.44,161.44
ORD103022,2024-12-04,CUST1891,Mark Jones,West,Water Bottle,Sports & Outdoors,164.56,2.0,15.0,Credit Card,In-Store,329.12,279.75
ORD101550,2025-07-30,CUST1862,Brian Hernandez,West,Wireless Mouse,Electronics,202.98,1.0,0.0,Cash on Delivery,In-Store,202.98,202.98
ORD102157,2025-01-22,CUST1372,Kenneth Farley,North,Webcam HD,Electronics,113.86,2.0,0.0,Credit Card,Online,227.72,227.72
ORD102422,2025-02-27,CUST1772,Daniel Benson,West,Bluetooth Speaker,Electronics,446.65,2.0,15.0,UPI,In-Store,893.3,759.3
ORD105002,2025-12-28,CUST1547,Justin Anderson,South,Wireless Mouse,Electronics,157.32,1.0,10.0,Credit Card,Online,157.32,141.59
ORD101126,2024-05-20,CUST1790,Angela Schultz,South,Denim Jacket,Apparel,46.81,1.0,0.0,UPI,Online,46.81,46.81
ORD105013,2025-09-27,CUST1222,Kathleen Jimenez,East,Wireless Mouse,Electronics,375.24,3.0,0.0,UPI,Mobile App,1125.72,1125.72
ORD105488,2024-03-04,CUST1001,Angie Henderson,East,Desk Lamp,Office Supplies,141.58,1.0,5.0,UPI,Online,141.58,134.5
ORD105472,2024-12-28,CUST1711,Steven Sandoval,Central,Smartwatch,Electronics,333.94,2.0,0.0,PayPal,In-Store,667.88,667.88
ORD103813,2024-01-03,CUST1046,Sandra Aguilar,South,Noise Cancelling Headphones,Electronics,183.74,3.0,10.0,UPI,Online,551.22,496.1
ORD104531,2024-11-03,CUST1658,Amanda Miller,West,Wireless Mouse,Electronics,105.37,2.0,0.0,UPI,In-Store,210.74,210.74
ORD101264,2025-11-03,CUST1590,Christopher Nielsen,South,Air Fryer,Home & Kitchen,119.48,3.0,15.0,PayPal,Mobile App,358.44,304.67
ORD102557,2024-10-01,CUST1051,Courtney Velasquez,West,Power Bank,Electronics,392.26,5.0,5.0,UPI,Mobile App,1961.3,1863.24
ORD105585,2024-04-15,CUST1309,Jennifer Allen,West,Rice Cooker,Home & Kitchen,180.88,5.0,10.0,Cash on Delivery,Mobile App,904.4,813.96
ORD105243,2025-05-07,CUST1076,James Elliott,West,Wireless Mouse,Electronics,448.17,2.0,15.0,Debit Card,Mobile App,896.34,761.89
ORD103768,2024-02-22,CUST1478,Alejandra King,North,Electric Kettle,Home & Kitchen,114.06,2.0,15.0,PayPal,Mobile App,228.12,193.9
ORD104407,2025-02-12,CUST1554,Jaime Lang,North,Running Shoes,Apparel,72.12,4.0,5.0,UPI,Online,288.48,274.06
ORD105741,2024-05-28,CUST1741,John Martinez,Central,Webcam HD,Electronics,418.63,1.0,10.0,PayPal,Online,418.63,376.77
ORD100750,2025-11-11,CUST1098,Beth Oneill,West,Wireless Mouse,Electronics,168.27,1.0,10.0,Debit Card,Online,168.27,151.44
ORD105461,2024-10-22,CUST1613,Krista Barber,South,Wool Sweater,Apparel,19.95,1.0,5.0,Debit Card,Online,19.95,18.95
ORD102325,2024-08-31,CUST1566,Patrick Swanson,South,Power Bank,Electronics,371.76,1.0,0.0,PayPal,Online,371.76,371.76
ORD102629,2024-05-04,CUST1121,Richard Adams,South,Running Shoes,Apparel,65.16,1.0,15.0,PayPal,Online,65.16,55.39
ORD103554,2025-02-20,CUST1056,Renee Mcdaniel,West,Portable SSD 1TB,Electronics,68.84,1.0,10.0,Debit Card,In-Store,68.84,61.96
ORD105730,2025-12-09,CUST1471,Samantha Robertson,East,Webcam HD,Electronics,225.82,1.0,0.0,UPI,Online,225.82,225.82
ORD103349,2024-12-03,CUST1720,Jacqueline Christian,Central,Cycling Helmet,Sports & Outdoors,12.95,3.0,10.0,UPI,Online,38.85,34.97
ORD105253,2024-11-28,CUST1164,Cindy Hayes,East,Wireless Mouse,Electronics,189.43,1.0,0.0,PayPal,Online,189.43,189.43
ORD102382,2024-11-08,CUST1812,Matthew Rodriguez,West,Yoga Pants,Apparel,97.16,1.0,0.0,Debit Card,In-Store,97.16,97.16
ORD101082,2025-05-29,CUST1780,April Castro,West,Bluetooth Speaker,Electronics,292.87,2.0,5.0,UPI,Online,585.74,556.45
ORD102946,2024-10-07,CUST1412,Valerie Thomas,West,Non-stick Pan Set,Home & Kitchen,65.91,1.0,5.0,Credit Card,Online,65.91,62.61
ORD101353,2025-04-19,CUST1849,Stephanie Butler,West,Wireless Mouse,Electronics,198.12,2.0,15.0,Cash on Delivery,Mobile App,396.24,336.8
ORD104591,2025-05-28,CUST1368,Jeffery Fitzgerald,Central,Wireless Mouse,Electronics,210.79,1.0,0.0,UPI,Mobile App,210.79,210.79
ORD102640,2024-07-12,CUST1244,Kathleen Burton,West,Noise Cancelling Headphones,Electronics,136.26,1.0,0.0,Cash on Delivery,Mobile App,136.26,136.26
ORD102275,2024-01-04,CUST1366,Joshua Jackson,South,Yoga Pants,Apparel,111.44,1.0,0.0,Credit Card,In-Store,111.44,111.44
ORD105242,2025-08-17,CUST1730,Susan Hogan,Central,Desk Lamp,Office Supplies,262.71,2.0,5.0,Debit Card,Online,525.42,499.15
ORD104144,2025-08-28,CUST1777,Jean Lane,Central,Desk Lamp,Office Supplies,294.96,1.0,0.0,Credit Card,In-Store,294.96,294.96
ORD100351,2025-02-02,CUST1760,Dustin Patel,East,Ergonomic Chair,Office Supplies,219.48,2.0,5.0,PayPal,Mobile App,438.96,417.01
ORD100897,2024-03-25,CUST1675,Dawn Diaz,South,27in Monitor,Electronics,333.68,3.0,0.0,Credit Card,Mobile App,1001.04,1001.04
ORD101595,2025-06-17,CUST1606,Lisa Cohen,East,Webcam HD,Electronics,81.19,1.0,0.0,Cash on Delivery,Online,81.19,81.19
ORD102785,2024-01-31,CUST1297,Austin Wheeler,East,Yoga Pants,Apparel,24.69,1.0,0.0,Debit Card,Online,24.69,24.69
ORD103763,2024-05-27,CUST1525,Jordan Clark,Central,Wireless Mouse,Electronics,81.42,1.0,0.0,Cash on Delivery,Online,81.42,81.42
ORD105289,2024-12-28,CUST1519,Danielle Reed,South,Running Shoes,Apparel,32.38,2.0,0.0,Cash on Delivery,Mobile App,64.76,64.76
ORD103009,2024-09-26,CUST1556,Austin Santiago,East,Denim Jacket,Apparel,38.5,4.0,0.0,Debit Card,Online,154.0,154.0
ORD101893,2024-04-13,CUST1355,Charlotte Sandoval,South,Whiteboard,Office Supplies,17.89,1.0,10.0,Debit Card,Online,17.89,16.1
ORD101908,2024-08-10,CUST1491,Brittany Gay,South,Noise Cancelling Headphones,Electronics,405.23,3.0,15.0,Credit Card,Mobile App,1215.69,1033.34
ORD104695,2024-09-06,CUST1656,Diane Martinez,South,Running Shoes,Apparel,88.63,1.0,20.0,PayPal,Online,88.63,70.9
ORD102646,2025-12-11,CUST1691,Sarah Mcfarland,West,Wool Sweater,Apparel,23.94,1.0,5.0,UPI,Mobile App,23.94,22.74
ORD104857,2025-03-21,CUST1031,Tammy Allison,East,Portable SSD 1TB,Electronics,370.99,4.0,0.0,PayPal,Mobile App,1483.96,1483.96
ORD103784,2025-03-15,CUST1445,Hayley Buchanan,West,Wireless Mouse,Electronics,35.31,1.0,15.0,UPI,Online,35.31,30.01
ORD102851,2025-03-28,CUST1247,Kayla Rodriguez,South,Portable SSD 1TB,Electronics,186.98,1.0,15.0,Cash on Delivery,Mobile App,186.98,158.93
ORD103897,2025-09-04,CUST1012,Kimberly Burgess,West,Coffee Maker,Home & Kitchen,170.04,1.0,0.0,UPI,Online,170.04,170.04
ORD102378,2024-05-04,CUST1307,Claire Clark,South,Running Shoes,Apparel,109.21,1.0,10.0,Cash on Delivery,Online,109.21,98.29
ORD102139,2024-10-09,CUST1153,Samantha Davis,West,Air Fryer,Home & Kitchen,38.76,3.0,5.0,Credit Card,In-Store,116.28,110.47
ORD101603,2024-01-14,CUST1275,Jennifer Simpson DVM,West,Wireless Mouse,Electronics,210.26,5.0,0.0,UPI,In-Store,1051.3,1051.3
ORD102476,2025-12-11,CUST1414,Angela Bradley,Central,Whiteboard,Office Supplies,100.31,2.0,15.0,Credit Card,In-Store,200.62,170.53
ORD105865,2025-08-28,CUST1443,Keith Zuniga,North,Running Shoes,Apparel,97.83,3.0,0.0,Credit Card,Online,293.49,293.49
ORD101743,2024-03-06,CUST1517,Arthur Pena,West,Dumbbell Set,Sports & Outdoors,56.38,2.0,15.0,PayPal,Mobile App,112.76,95.85
ORD105555,2024-05-27,CUST1755,Paula Gentry,Central,Yoga Mat,Sports & Outdoors,91.19,2.0,15.0,Debit Card,Online,182.38,155.02
ORD104726,2024-01-03,CUST1763,Amber Johnson,West,Whiteboard,Office Supplies,208.81,1.0,0.0,Credit Card,Mobile App,208.81,208.81
ORD100568,2024-02-11,CUST1749,John Johnson,South,Yoga Pants,Apparel,91.5,4.0,0.0,Cash on Delivery,Online,366.0,366.0
ORD104978,2025-06-11,CUST1865,Grant Lucas,South,Cotton T-Shirt,Apparel,24.21,1.0,0.0,Credit Card,Mobile App,24.21,24.21
ORD103313,2025-04-04,CUST1538,Melissa Morris,North,Electric Kettle,Home & Kitchen,60.9,4.0,0.0,Debit Card,Mobile App,243.6,243.6
ORD105012,2025-07-08,CUST1150,Kimberly Matthews,Central,Notebook Pack,Office Supplies,119.67,1.0,15.0,Debit Card,In-Store,119.67,101.72
ORD102979,2024-09-11,CUST1754,David Hayes DVM,North,Coffee Maker,Home & Kitchen,45.24,2.0,5.0,UPI,Mobile App,90.48,85.96
ORD101068,2025-04-02,CUST1365,Jill Jackson,South,Vacuum Cleaner,Home & Kitchen,173.37,1.0,0.0,Unknown,Mobile App,173.37,173.37
ORD105524,2025-05-30,CUST1113,Shannon Rivera,East,Non-stick Pan Set,Home & Kitchen,215.29,1.0,0.0,PayPal,Online,215.29,215.29
ORD101224,2025-11-11,CUST1646,Julie Pitts,Central,Whiteboard,Office Supplies,33.93,2.0,15.0,Credit Card,Online,67.86,57.68
ORD103963,2024-01-15,CUST1317,Mark Peck,North,Portable SSD 1TB,Electronics,347.67,1.0,5.0,UPI,Mobile App,347.67,330.29
ORD101472,2025-04-13,CUST1641,Kelly Cole,South,Yoga Pants,Apparel,81.1,2.0,0.0,Credit Card,Mobile App,162.2,162.2
ORD104475,2024-11-22,CUST1763,Amber Johnson,West,Wireless Mouse,Electronics,199.99,1.0,5.0,PayPal,Online,199.99,189.99
ORD101554,2025-05-11,CUST1594,James Rodriguez,North,Electric Kettle,Home & Kitchen,86.66,1.0,0.0,Unknown,Online,86.66,86.66
ORD105233,2025-07-04,CUST1031,Tammy Allison,East,Portable SSD 1TB,Electronics,277.65,5.0,0.0,Debit Card,In-Store,1388.25,1388.25
ORD103396,2025-04-18,CUST1386,Alejandra Santos,West,Toaster,Home & Kitchen,174.58,2.0,5.0,PayPal,In-Store,349.16,331.7
ORD100211,2024-08-25,CUST1054,Victoria Johnson,North,Standing Desk,Office Supplies,278.77,2.0,0.0,PayPal,Mobile App,557.54,557.54
ORD101727,2025-04-27,CUST1643,Shawn Kelley,North,Notebook Pack,Office Supplies,189.78,2.0,5.0,Cash on Delivery,In-Store,379.56,360.58
ORD101113,2024-06-13,CUST1109,Kathryn Snyder,East,Denim Jacket,Apparel,98.73,2.0,0.0,UPI,Mobile App,197.46,197.46
ORD103989,2025-07-13,CUST1386,Alejandra Santos,East,Webcam HD,Electronics,283.4,2.0,10.0,Credit Card,Mobile App,566.8,510.12
ORD101548,2024-05-21,CUST1266,Courtney Dudley,North,Cycling Helmet,Sports & Outdoors,20.79,3.0,0.0,Credit Card,In-Store,62.37,62.37
ORD103609,2025-03-12,CUST1889,Laura Bruce,South,Denim Jacket,Apparel,30.18,4.0,20.0,Credit Card,Online,120.72,96.58
ORD101187,2024-02-26,CUST1789,Blake Wu,Central,Rice Cooker,Home & Kitchen,141.93,1.0,5.0,Credit Card,Online,141.93,134.83
ORD101035,2024-04-30,CUST1334,Brandon Jordan,East,Wireless Mouse,Electronics,83.21,3.0,0.0,UPI,In-Store,249.63,249.63
ORD102888,2025-10-31,CUST1853,Jennifer Clarke,West,Toaster,Home & Kitchen,138.82,1.0,0.0,PayPal,Online,138.82,138.82
ORD104135,2025-01-03,CUST1036,Cynthia Wilson,Central,Water Bottle,Sports & Outdoors,94.74,1.0,15.0,Debit Card,Online,94.74,80.53
ORD101242,2024-01-04,CUST1252,Stephen Luna,West,Notebook Pack,Office Supplies,252.05,1.0,0.0,Cash on Delivery,In-Store,252.05,252.05
ORD102943,2025-10-25,CUST1258,Ronald Patel,South,Bluetooth Speaker,Electronics,382.83,3.0,15.0,Debit Card,In-Store,1148.49,976.22
ORD102775,2024-01-23,CUST1659,Catherine Huang,East,Standing Desk,Office Supplies,208.13,5.0,10.0,Credit Card,Online,1040.65,936.59
ORD101332,2024-09-21,CUST1871,Joshua Martin,West,Portable SSD 1TB,Electronics,369.97,1.0,0.0,Cash on Delivery,Mobile App,369.97,369.97
ORD104143,2025-08-10,CUST1244,Kathleen Burton,North,Webcam HD,Electronics,102.21,1.0,5.0,Credit Card,In-Store,102.21,97.1
ORD104450,2024-09-29,CUST1213,Jason Beck,Central,Standing Desk,Office Supplies,280.77,2.0,0.0,PayPal,Online,561.54,561.54
ORD101099,2025-07-01,CUST1233,Victoria Contreras,West,Air Fryer,Home & Kitchen,188.0,3.0,10.0,UPI,Mobile App,564.0,507.6
ORD105447,2024-01-14,CUST1016,Patricia Peterson,South,Webcam HD,Electronics,58.69,3.0,0.0,Debit Card,Online,176.07,176.07
ORD101335,2024-10-04,CUST1475,Seth Matthews,North,USB-C Hub,Electronics,260.88,3.0,15.0,Cash on Delivery,In-Store,782.64,665.24
ORD103274,2024-10-01,CUST1706,James Bray,West,Camping Tent,Sports & Outdoors,29.08,4.0,0.0,Cash on Delivery,In-Store,116.32,116.32
ORD103800,2025-10-26,CUST1826,Matthew Smith,East,Mechanical Keyboard,Electronics,236.13,2.0,0.0,UPI,In-Store,472.26,472.26
ORD101013,2025-10-13,CUST1745,April Johnson,North,Rice Cooker,Home & Kitchen,105.04,1.0,0.0,PayPal,In-Store,105.04,105.04
ORD100498,2024-08-17,CUST1481,Brian Brown,West,Portable SSD 1TB,Electronics,66.34,1.0,0.0,Cash on Delivery,In-Store,66.34,66.34
ORD100479,2025-03-13,CUST1839,Tammy Thompson,South,Running Shoes,Apparel,24.78,1.0,0.0,Credit Card,In-Store,24.78,24.78
ORD101775,2025-06-10,CUST1666,Ashley Freeman,East,Air Fryer,Home & Kitchen,101.21,4.0,0.0,Cash on Delivery,Online,404.84,404.84
ORD102381,2024-05-04,CUST1237,Patricia Morrow,East,Dumbbell Set,Sports & Outdoors,184.79,3.0,0.0,Credit Card,Online,554.37,554.37
ORD100408,2024-05-17,CUST1180,Thomas Atkins,North,Standing Desk,Office Supplies,59.59,5.0,0.0,Cash on Delivery,Mobile App,297.95,297.95
ORD101262,2024-04-25,CUST1487,Robert Hines,Central,Camping Tent,Sports & Outdoors,46.65,2.0,0.0,Debit Card,In-Store,93.3,93.3
ORD100804,2025-01-02,CUST1565,Andrew Armstrong,Central,USB-C Hub,Electronics,152.38,3.0,0.0,Cash on Delivery,In-Store,457.14,457.14
ORD100137,2025-05-26,CUST1064,Michael Snyder,West,Mechanical Keyboard,Electronics,45.29,1.0,0.0,Credit Card,Mobile App,45.29,45.29
ORD104717,2024-01-09,CUST1612,Penny Gomez MD,South,Wool Sweater,Apparel,43.65,1.0,5.0,PayPal,Online,43.65,41.47
ORD105381,2024-02-26,CUST1072,Alicia Gilmore,South,USB-C Hub,Electronics,319.49,1.0,15.0,PayPal,Online,319.49,271.57
ORD104635,2025-12-12,CUST1520,Mason Moore,West,Portable SSD 1TB,Electronics,84.45,4.0,5.0,Credit Card,Online,337.8,320.91
ORD100706,2024-11-14,CUST1201,Cynthia Wallace,North,Camping Tent,Sports & Outdoors,293.69,1.0,0.0,Credit Card,Online,293.69,293.69
ORD105549,2025-05-16,CUST1082,Alexander Collins,East,Whiteboard,Office Supplies,125.58,1.0,0.0,Cash on Delivery,In-Store,125.58,125.58
ORD100571,2024-12-19,CUST1381,Isaac Miller,East,Water Bottle,Sports & Outdoors,126.5,2.0,0.0,UPI,Mobile App,253.0,253.0
ORD104804,2025-12-07,CUST1651,Adam Brooks,West,Yoga Pants,Apparel,63.52,2.0,0.0,PayPal,Online,127.04,127.04
ORD101985,2025-03-06,CUST1187,Jeremy Turner,North,Desk Lamp,Office Supplies,248.29,4.0,10.0,UPI,Mobile App,993.16,893.84
ORD104115,2024-10-20,CUST1294,Jenna Anderson DVM,Central,Blender,Home & Kitchen,136.99,2.0,0.0,PayPal,In-Store,273.98,273.98
ORD101384,2025-05-06,CUST1399,Gregory Holmes PhD,South,27in Monitor,Electronics,215.97,2.0,0.0,Debit Card,Online,431.94,431.94
ORD101585,2024-03-27,CUST1751,Kristen Smith,East,Whiteboard,Office Supplies,270.22,2.0,10.0,UPI,Online,540.44,486.4
ORD102447,2025-06-05,CUST1630,Paul Diaz,Central,Vacuum Cleaner,Home & Kitchen,153.08,1.0,0.0,PayPal,Online,153.08,153.08
ORD104831,2025-02-28,CUST1580,Travis Hopkins,North,Ergonomic Chair,Office Supplies,276.33,1.0,0.0,Credit Card,Mobile App,276.33,276.33
ORD103335,2024-12-12,CUST1703,Alicia Aguilar,West,Camping Tent,Sports & Outdoors,262.33,3.0,15.0,PayPal,Mobile App,786.99,668.94
ORD105007,2025-11-07,CUST1695,Patricia Anderson,West,Running Shoes,Apparel,114.66,1.0,10.0,Credit Card,Mobile App,114.66,103.19
ORD102452,2024-06-11,CUST1547,Justin Anderson,West,Denim Jacket,Apparel,77.27,1.0,5.0,Debit Card,Mobile App,77.27,73.41
ORD102793,2024-09-12,CUST1175,Lawrence Perry,West,Smartwatch,Electronics,319.73,2.0,0.0,Credit Card,Mobile App,639.46,639.46
ORD101429,2024-08-19,CUST1111,Pamela Thompson,North,Yoga Mat,Sports & Outdoors,101.63,1.0,0.0,Cash on Delivery,In-Store,101.63,101.63
ORD103990,2024-08-16,CUST1197,Susan Davis DDS,North,Non-stick Pan Set,Home & Kitchen,123.51,1.0,0.0,Cash on Delivery,In-Store,123.51,123.51
ORD104528,2024-06-20,CUST1352,Brent Bowen,West,Coffee Maker,Home & Kitchen,69.02,3.0,0.0,Unknown,Online,207.06,207.06
ORD105005,2025-09-02,CUST1218,Chad Baldwin,South,Desk Lamp,Office Supplies,131.35,1.0,5.0,Cash on Delivery,Mobile App,131.35,124.78
ORD102687,2025-12-11,CUST1500,Mrs. Alison Wagner,South,Vacuum Cleaner,Home & Kitchen,219.2,1.0,10.0,UPI,Mobile App,219.2,197.28
ORD101092,2024-03-16,CUST1337,Derrick Adams,North,Denim Jacket,Apparel,110.86,3.0,5.0,UPI,Online,332.58,315.95
ORD102828,2025-12-31,CUST1769,John Bell,East,Electric Kettle,Home & Kitchen,117.48,3.0,10.0,UPI,Mobile App,352.44,317.2
ORD100591,2025-12-04,CUST1614,Jordan Powell,South,Wireless Mouse,Electronics,59.96,1.0,10.0,UPI,Online,59.96,53.96
ORD101747,2024-04-16,CUST1612,Penny Gomez MD,West,Desk Lamp,Office Supplies,109.06,1.0,0.0,Cash on Delivery,Mobile App,109.06,109.06
ORD100958,2025-03-24,CUST1200,James Martin,East,Rice Cooker,Home & Kitchen,95.53,5.0,0.0,Debit Card,Online,477.65,477.65
ORD102633,2024-03-23,CUST1007,Dr. Sharon James,North,Wireless Mouse,Electronics,164.94,2.0,0.0,Credit Card,Mobile App,329.88,329.88
ORD104257,2024-07-04,CUST1482,Stephanie Evans,East,Power Bank,Electronics,309.12,1.0,0.0,UPI,Online,309.12,309.12
ORD104107,2025-01-03,CUST1051,Courtney Velasquez,South,Dumbbell Set,Sports & Outdoors,272.39,1.0,5.0,UPI,Mobile App,272.39,258.77
ORD104080,2024-10-20,CUST1262,Jeremy Barnes,Central,Vacuum Cleaner,Home & Kitchen,128.13,2.0,0.0,Cash on Delivery,Mobile App,256.26,256.26
ORD103112,2025-11-03,CUST1201,Cynthia Wallace,North,Wireless Mouse,Electronics,339.02,5.0,0.0,Credit Card,Mobile App,1695.1,1695.1
ORD100402,2025-09-25,CUST1854,Faith Johnson,North,Standing Desk,Office Supplies,260.05,4.0,0.0,Credit Card,Online,1040.2,1040.2
ORD101534,2024-06-28,CUST1204,David Davidson,South,Notebook Pack,Office Supplies,132.78,2.0,10.0,Debit Card,Online,265.56,239.0
ORD101116,2025-11-07,CUST1335,Linda Mueller,North,Cycling Helmet,Sports & Outdoors,98.07,1.0,5.0,Cash on Delivery,In-Store,98.07,93.17
ORD104448,2025-08-29,CUST1711,Steven Sandoval,East,Dumbbell Set,Sports & Outdoors,69.73,1.0,10.0,Debit Card,Mobile App,69.73,62.76
ORD104350,2024-02-06,CUST1633,Dr. Samuel Holmes DDS,East,Wool Sweater,Apparel,84.2,1.0,0.0,Debit Card,In-Store,84.2,84.2
ORD102591,2024-08-07,CUST1438,Patricia Mathis,East,Yoga Mat,Sports & Outdoors,219.29,1.0,0.0,UPI,Mobile App,219.29,219.29
ORD103660,2025-11-09,CUST1350,Kathryn Cooper,West,Smartwatch,Electronics,218.52,2.0,0.0,Cash on Delivery,Online,437.04,437.04
ORD100255,2025-12-30,CUST1518,Krystal Levine,North,Running Shoes,Apparel,42.53,1.0,0.0,UPI,In-Store,42.53,42.53
ORD102340,2025-12-24,CUST1767,Pamela Ruiz,East,Dumbbell Set,Sports & Outdoors,297.22,2.0,0.0,UPI,In-Store,594.44,594.44
ORD102190,2025-05-23,CUST1179,Mary Gomez,North,Smartwatch,Electronics,132.64,1.0,10.0,Credit Card,Online,132.64,119.38
ORD105954,2024-01-12,CUST1278,David Lopez,Central,Smartwatch,Electronics,104.97,1.0,0.0,Cash on Delivery,Mobile App,104.97,104.97
ORD103438,2024-09-10,CUST1876,Christie Fox,Central,Water Bottle,Sports & Outdoors,221.52,1.0,0.0,Cash on Delivery,Online,221.52,221.52
ORD101922,2024-05-21,CUST1487,Robert Hines,East,Camping Tent,Sports & Outdoors,283.61,1.0,0.0,Debit Card,Online,283.61,283.61
ORD105450,2024-02-11,CUST1074,Stephanie Freeman,East,Yoga Pants,Apparel,64.55,1.0,0.0,Debit Card,Mobile App,64.55,64.55
ORD104297,2025-01-11,CUST1365,Jill Jackson,East,Coffee Maker,Home & Kitchen,94.63,1.0,10.0,UPI,In-Store,94.63,85.17
ORD105324,2025-02-26,CUST1825,Charles Valdez,South,Standing Desk,Office Supplies,157.34,3.0,0.0,Cash on Delivery,In-Store,472.02,472.02
ORD104141,2025-02-05,CUST1422,Richard Walker,South,Bluetooth Speaker,Electronics,36.15,1.0,5.0,PayPal,Mobile App,36.15,34.34
ORD103078,2024-07-21,CUST1633,Dr. Samuel Holmes DDS,North,Air Fryer,Home & Kitchen,182.71,1.0,15.0,Cash on Delivery,Mobile App,182.71,155.3
ORD104537,2024-03-06,CUST1345,David Moore,Central,Mechanical Keyboard,Electronics,73.09,2.0,0.0,Cash on Delivery,In-Store,146.18,146.18
ORD100267,2024-03-27,CUST1381,Isaac Miller,East,Wireless Mouse,Electronics,416.54,4.0,0.0,Cash on Delivery,Online,1666.16,1666.16
ORD102421,2024-08-19,CUST1894,Richard Jenkins,Central,Power Bank,Electronics,136.54,1.0,5.0,UPI,Mobile App,136.54,129.71
ORD103976,2024-07-05,CUST1273,Matthew Velez,South,Power Bank,Electronics,401.84,1.0,0.0,UPI,In-Store,401.84,401.84
ORD104973,2025-05-17,CUST1835,Justin Lee,East,Camping Tent,Sports & Outdoors,62.64,1.0,0.0,Cash on Delivery,Online,62.64,62.64
ORD104554,2025-04-13,CUST1560,James Wilson,South,Non-stick Pan Set,Home & Kitchen,105.75,1.0,0.0,Debit Card,In-Store,105.75,105.75
ORD102875,2025-07-25,CUST1166,Bradley Reynolds,Central,Vacuum Cleaner,Home & Kitchen,142.06,1.0,10.0,PayPal,Online,142.06,127.85
ORD101425,2025-09-18,CUST1085,Matthew Smith,North,Electric Kettle,Home & Kitchen,27.84,1.0,15.0,UPI,In-Store,27.84,23.66
ORD105458,2025-04-27,CUST1194,Nathaniel Douglas,East,Coffee Maker,Home & Kitchen,168.93,3.0,0.0,Credit Card,Online,506.79,506.79
ORD105872,2024-05-24,CUST1882,John Dillon,East,Rice Cooker,Home & Kitchen,201.7,2.0,10.0,Cash on Delivery,Online,403.4,363.06
ORD103454,2025-08-27,CUST1363,Ryan Harvey,South,Coffee Maker,Home & Kitchen,202.05,3.0,5.0,UPI,Mobile App,606.15,575.84
ORD103129,2024-09-28,CUST1835,Justin Lee,West,Dumbbell Set,Sports & Outdoors,200.35,4.0,0.0,PayPal,In-Store,801.4,801.4
ORD102424,2025-10-15,CUST1794,Richard King,Central,Whiteboard,Office Supplies,287.0,1.0,0.0,Credit Card,In-Store,287.0,287.0
ORD104709,2025-05-15,CUST1854,Faith Johnson,South,Portable SSD 1TB,Electronics,70.22,2.0,5.0,UPI,In-Store,140.44,133.42
ORD100684,2025-10-23,CUST1453,Matthew Greene,East,Wool Sweater,Apparel,39.45,1.0,10.0,Debit Card,Mobile App,39.45,35.51
ORD100118,2024-11-13,CUST1536,Stacey Hunt,South,Notebook Pack,Office Supplies,39.96,3.0,0.0,Debit Card,In-Store,119.88,119.88
ORD100319,2024-03-07,CUST1146,James Little,Central,Water Bottle,Sports & Outdoors,129.85,2.0,0.0,UPI,In-Store,259.7,259.7
ORD102168,2025-07-13,CUST1623,Blake Sosa,West,Blender,Home & Kitchen,79.21,1.0,10.0,Credit Card,In-Store,79.21,71.29
ORD100908,2025-01-29,CUST1238,Michael Cooper,North,Bluetooth Speaker,Electronics,317.52,2.0,5.0,Debit Card,Mobile App,635.04,603.29
ORD104536,2024-03-11,CUST1857,Jacob Wong,North,Mechanical Keyboard,Electronics,176.36,3.0,0.0,Cash on Delivery,In-Store,529.08,529.08
ORD101896,2025-09-29,CUST1563,Daniel Francis,North,Camping Tent,Sports & Outdoors,58.99,5.0,10.0,Credit Card,Online,294.95,265.46
ORD103769,2025-03-11,CUST1163,Larry Garcia,North,Denim Jacket,Apparel,21.06,1.0,10.0,Credit Card,Online,21.06,18.95
ORD101226,2024-07-09,CUST1507,Daniel Fitzpatrick MD,West,Bluetooth Speaker,Electronics,290.82,1.0,5.0,Cash on Delivery,Online,290.82,276.28
ORD101614,2024-01-03,CUST1798,Mark Clark,North,Vacuum Cleaner,Home & Kitchen,94.57,3.0,0.0,Debit Card,Online,283.71,283.71
ORD105969,2024-05-19,CUST1688,Misty Mcguire,Central,Standing Desk,Office Supplies,225.14,1.0,0.0,UPI,In-Store,225.14,225.14
ORD104630,2024-09-28,CUST1667,Michael Howard,East,Running Shoes,Apparel,70.94,1.0,5.0,Cash on Delivery,Mobile App,70.94,67.39
ORD102998,2024-12-04,CUST1094,Jesse Parker,West,Electric Kettle,Home & Kitchen,216.55,2.0,10.0,UPI,In-Store,433.1,389.79
ORD104937,2024-10-06,CUST1434,Suzanne Johnson,West,Air Fryer,Home & Kitchen,75.51,1.0,0.0,Credit Card,In-Store,75.51,75.51
ORD100279,2024-09-03,CUST1102,Joseph Hayes,Central,Desk Lamp,Office Supplies,190.01,3.0,0.0,Credit Card,Online,570.03,570.03
ORD105775,2025-12-03,CUST1813,Michelle Garcia,West,Notebook Pack,Office Supplies,304.73,2.0,0.0,PayPal,In-Store,609.46,609.46
ORD105996,2025-11-21,CUST1026,Timothy Duncan,East,Whiteboard,Office Supplies,176.65,2.0,0.0,Credit Card,Mobile App,353.3,353.3
ORD101050,2025-10-23,CUST1719,Michael Howard,South,Standing Desk,Office Supplies,22.49,3.0,0.0,PayPal,Online,67.47,67.47
ORD104369,2024-01-16,CUST1746,Mrs. Felicia Castro DDS,South,Air Fryer,Home & Kitchen,152.33,2.0,5.0,Debit Card,Online,304.66,289.43
ORD105442,2025-03-28,CUST1530,Richard Love,North,Yoga Mat,Sports & Outdoors,163.57,4.0,10.0,Debit Card,In-Store,654.28,588.85
ORD100659,2025-10-30,CUST1853,Jennifer Clarke,West,Desk Lamp,Office Supplies,54.59,1.0,15.0,UPI,Online,54.59,46.4
ORD101138,2024-04-17,CUST1289,Jose Bryant,North,USB-C Hub,Electronics,120.86,1.0,15.0,PayPal,Online,120.86,102.73
ORD105701,2024-04-30,CUST1155,Robin Hall,West,Camping Tent,Sports & Outdoors,225.49,1.0,0.0,Cash on Delivery,Mobile App,225.49,225.49
ORD105156,2025-11-27,CUST1241,Denise Weber,East,Toaster,Home & Kitchen,194.41,1.0,15.0,Debit Card,Online,194.41,165.25
ORD104094,2025-12-21,CUST1313,Kelly Sanchez,South,Standing Desk,Office Supplies,235.15,1.0,5.0,Debit Card,Mobile App,235.15,223.39
ORD100802,2025-06-15,CUST1307,Claire Clark,West,Smartwatch,Electronics,97.93,5.0,0.0,PayPal,Mobile App,489.65,489.65
ORD104671,2024-07-07,CUST1854,Faith Johnson,North,Cotton T-Shirt,Apparel,44.57,3.0,0.0,PayPal,Mobile App,133.71,133.71
ORD105378,2024-06-20,CUST1367,Ashley Wilson,West,Bluetooth Speaker,Electronics,36.47,1.0,5.0,UPI,Mobile App,36.47,34.65
ORD102195,2024-01-06,CUST1113,Shannon Rivera,West,Wireless Mouse,Electronics,60.28,3.0,10.0,UPI,Mobile App,180.84,162.76
ORD101864,2025-05-18,CUST1170,Renee Bruce,North,Noise Cancelling Headphones,Electronics,104.68,2.0,0.0,Debit Card,Online,209.36,209.36
ORD103757,2025-06-20,CUST1803,Julia Leonard,East,Electric Kettle,Home & Kitchen,59.26,5.0,5.0,Credit Card,Online,296.3,281.48
ORD103357,2025-03-28,CUST1283,Stephanie Padilla,North,Blender,Home & Kitchen,201.86,4.0,5.0,PayPal,Mobile App,807.44,767.07
ORD101954,2024-04-05,CUST1880,Jill Riddle,West,Portable SSD 1TB,Electronics,282.32,1.0,0.0,Debit Card,Mobile App,282.32,282.32
ORD100015,2025-12-07,CUST1552,Michael Griffin,East,Blender,Home & Kitchen,73.01,4.0,10.0,PayPal,In-Store,292.04,262.84
ORD103680,2024-12-02,CUST1062,Frances Cardenas,North,Smartwatch,Electronics,139.76,1.0,10.0,Cash on Delivery,Mobile App,139.76,125.78
ORD100322,2024-12-18,CUST1231,Michele Lewis,West,Whiteboard,Office Supplies,74.8,2.0,5.0,Credit Card,In-Store,149.6,142.12
ORD104317,2024-05-08,CUST1298,Andrew Gonzales,Central,Desk Lamp,Office Supplies,108.0,1.0,0.0,Debit Card,Mobile App,108.0,108.0
ORD100793,2025-05-01,CUST1752,Andre Terrell,North,Portable SSD 1TB,Electronics,148.71,1.0,5.0,Cash on Delivery,Online,148.71,141.27
ORD100403,2025-09-27,CUST1868,Caitlyn Nichols,East,Dumbbell Set,Sports & Outdoors,188.78,3.0,0.0,Cash on Delivery,In-Store,566.34,566.34
ORD101291,2025-02-08,CUST1043,Michelle Harris,South,Notebook Pack,Office Supplies,328.79,3.0,15.0,PayPal,In-Store,986.37,838.41
ORD103114,2025-07-04,CUST1515,Meghan White,East,Whiteboard,Office Supplies,250.79,2.0,15.0,Cash on Delivery,Online,501.58,426.34
ORD102465,2025-03-23,CUST1041,Victoria Valdez,East,Noise Cancelling Headphones,Electronics,399.32,1.0,5.0,PayPal,Mobile App,399.32,379.35
ORD105767,2024-05-24,CUST1046,Sandra Aguilar,West,Denim Jacket,Apparel,101.02,1.0,0.0,Credit Card,In-Store,101.02,101.02
ORD102133,2025-05-06,CUST1857,Jacob Wong,West,Cotton T-Shirt,Apparel,108.58,1.0,0.0,Credit Card,Mobile App,108.58,108.58
ORD105185,2024-09-13,CUST1782,Christopher Taylor,West,Wool Sweater,Apparel,102.22,3.0,0.0,PayPal,Mobile App,306.66,306.66
ORD105737,2025-04-07,CUST1758,Kelly Smith,Central,Wool Sweater,Apparel,87.15,2.0,0.0,Debit Card,In-Store,174.3,174.3
ORD104696,2025-06-17,CUST1187,Jeremy Turner,West,Air Fryer,Home & Kitchen,102.55,2.0,0.0,PayPal,In-Store,205.1,205.1
ORD101186,2024-03-25,CUST1413,Jacqueline Villegas,North,Cotton T-Shirt,Apparel,48.63,1.0,0.0,UPI,Online,48.63,48.63
ORD100289,2025-10-28,CUST1807,Angelica Jacobs,South,Dumbbell Set,Sports & Outdoors,265.95,1.0,15.0,Debit Card,Online,265.95,226.06
ORD105877,2025-04-15,CUST1483,Rebekah Greene,West,Running Shoes,Apparel,44.13,1.0,10.0,UPI,In-Store,44.13,39.72
ORD102836,2025-01-01,CUST1063,Angel Riggs,East,Denim Jacket,Apparel,65.63,2.0,10.0,Debit Card,In-Store,131.26,118.13
ORD105778,2024-08-12,CUST1845,Greg Tanner,Central,Water Bottle,Sports & Outdoors,56.72,5.0,15.0,PayPal,Mobile App,283.6,241.06
ORD100332,2024-04-05,CUST1636,Gregory Frazier,South,USB-C Hub,Electronics,306.93,1.0,0.0,PayPal,Online,306.93,306.93
ORD105636,2025-10-06,CUST1186,Justin Riley,South,Mechanical Keyboard,Electronics,250.86,2.0,0.0,UPI,Mobile App,501.72,501.72
ORD100915,2025-05-12,CUST1076,James Elliott,North,Yoga Mat,Sports & Outdoors,86.79,3.0,0.0,UPI,In-Store,260.37,260.37
ORD105975,2025-09-06,CUST1750,Julia Olsen,South,Water Bottle,Sports & Outdoors,89.65,2.0,0.0,UPI,Online,179.3,179.3
ORD101130,2025-10-29,CUST1856,Susan Cox,South,Toaster,Home & Kitchen,100.06,3.0,0.0,Credit Card,Mobile App,300.18,300.18
ORD101230,2025-11-25,CUST1714,Shari Parker,North,Wool Sweater,Apparel,16.26,2.0,5.0,Cash on Delivery,In-Store,32.52,30.89
ORD105755,2024-05-20,CUST1324,Shannon Davis,North,Cycling Helmet,Sports & Outdoors,269.48,1.0,0.0,PayPal,Mobile App,269.48,269.48
ORD104799,2025-11-19,CUST1561,Mercedes Jones,Central,Dumbbell Set,Sports & Outdoors,107.85,1.0,0.0,Cash on Delivery,Online,107.85,107.85
ORD105922,2025-06-13,CUST1886,Sandra Kennedy,South,Cotton T-Shirt,Apparel,57.87,1.0,0.0,Debit Card,In-Store,57.87,57.87
ORD105799,2025-07-29,CUST1525,Jordan Clark,South,Running Shoes,Apparel,75.72,4.0,10.0,Cash on Delivery,Mobile App,302.88,272.59
ORD101733,2024-11-22,CUST1038,Michael Evans,East,Wool Sweater,Apparel,61.01,1.0,0.0,Debit Card,Mobile App,61.01,61.01
ORD103467,2025-10-31,CUST1775,Brian Cervantes,East,Mechanical Keyboard,Electronics,120.02,3.0,15.0,PayPal,In-Store,360.06,306.05
ORD100905,2024-07-23,CUST1621,Travis Vega,South,Dumbbell Set,Sports & Outdoors,183.74,1.0,0.0,PayPal,Mobile App,183.74,183.74
ORD101177,2024-05-21,CUST1390,Katrina Adkins,South,Noise Cancelling Headphones,Electronics,268.95,4.0,5.0,Debit Card,Online,1075.8,1022.01
ORD100476,2024-11-10,CUST1250,Kathleen Davis,East,Portable SSD 1TB,Electronics,217.84,1.0,15.0,Cash on Delivery,Online,217.84,185.16
ORD100621,2024-06-12,CUST1482,Stephanie Evans,West,Air Fryer,Home & Kitchen,74.81,1.0,10.0,Credit Card,Online,74.81,67.33
ORD105160,2025-05-30,CUST1898,Brenda Perez,East,Wool Sweater,Apparel,88.17,1.0,20.0,Cash on Delivery,In-Store,88.17,70.54
ORD105272,2025-11-07,CUST1102,Joseph Hayes,Central,Bluetooth Speaker,Electronics,80.79,5.0,10.0,Credit Card,Mobile App,403.95,363.56
ORD103044,2025-08-27,CUST1395,Kimberly Hernandez,East,Cotton T-Shirt,Apparel,83.73,1.0,5.0,Credit Card,Online,83.73,79.54
ORD101887,2024-02-03,CUST1678,Toni Davis,East,Notebook Pack,Office Supplies,278.64,1.0,0.0,PayPal,Online,278.64,278.64
ORD100983,2024-02-09,CUST1238,Michael Cooper,North,Portable SSD 1TB,Electronics,79.07,2.0,0.0,Unknown,In-Store,158.14,158.14
ORD105086,2024-12-17,CUST1083,Michael Burton,North,Notebook Pack,Office Supplies,102.67,1.0,0.0,Debit Card,In-Store,102.67,102.67
ORD100326,2024-05-06,CUST1426,Daniel Lopez,North,Running Shoes,Apparel,84.51,2.0,0.0,UPI,Mobile App,169.02,169.02
ORD100148,2025-02-11,CUST1140,Patricia Becker,West,Wool Sweater,Apparel,114.63,1.0,0.0,PayPal,Online,114.63,114.63
ORD100879,2025-05-01,CUST1792,Thomas Curry,East,Portable SSD 1TB,Electronics,86.84,1.0,0.0,UPI,Online,86.84,86.84
ORD101717,2024-07-02,CUST1477,Matthew Palmer,West,Wool Sweater,Apparel,38.39,1.0,0.0,Unknown,Online,38.39,38.39
ORD103163,2024-10-30,CUST1310,Elizabeth Ward,South,Cotton T-Shirt,Apparel,114.7,1.0,0.0,UPI,Online,114.7,114.7
ORD103010,2025-05-16,CUST1209,Luis Bullock,East,Yoga Pants,Apparel,106.14,1.0,0.0,Credit Card,In-Store,106.14,106.14
ORD105979,2024-08-19,CUST1235,Dr. Cynthia Snyder,North,Rice Cooker,Home & Kitchen,38.72,2.0,10.0,UPI,Online,77.44,69.7
ORD104826,2024-07-02,CUST1873,Michael Wells,North,Running Shoes,Apparel,115.17,5.0,10.0,Cash on Delivery,In-Store,575.85,518.26
ORD102853,2024-04-03,CUST1032,Carmen Smith,East,Non-stick Pan Set,Home & Kitchen,59.68,1.0,0.0,Debit Card,Mobile App,59.68,59.68
ORD104300,2025-01-06,CUST1250,Kathleen Davis,East,Wireless Mouse,Electronics,157.76,1.0,0.0,UPI,Online,157.76,157.76
ORD100022,2025-07-09,CUST1059,Stephanie Gilbert,North,Smartwatch,Electronics,306.3,1.0,5.0,PayPal,Online,306.3,290.98
ORD104496,2025-10-16,CUST1098,Beth Oneill,South,Standing Desk,Office Supplies,311.91,2.0,10.0,PayPal,In-Store,623.82,561.44
ORD101940,2024-04-15,CUST1558,Allison Love,North,Notebook Pack,Office Supplies,266.2,3.0,0.0,Debit Card,Mobile App,798.6,798.6
ORD103340,2025-12-17,CUST1319,Megan Drake,East,USB-C Hub,Electronics,297.53,1.0,5.0,Cash on Delivery,In-Store,297.53,282.65
ORD105889,2024-07-08,CUST1065,Colleen Brock,Central,Cotton T-Shirt,Apparel,92.44,1.0,0.0,Cash on Delivery,Mobile App,92.44,92.44
ORD102559,2024-03-27,CUST1054,Victoria Johnson,West,USB-C Hub,Electronics,417.21,1.0,5.0,PayPal,Mobile App,417.21,396.35
ORD100385,2024-01-02,CUST1617,Tonya Ellis,East,Cycling Helmet,Sports & Outdoors,156.96,1.0,0.0,UPI,Mobile App,156.96,156.96
ORD102308,2025-03-16,CUST1307,Claire Clark,North,Noise Cancelling Headphones,Electronics,352.87,2.0,0.0,PayPal,Mobile App,705.74,705.74
ORD102738,2024-12-04,CUST1472,Samuel Suarez,Central,Cycling Helmet,Sports & Outdoors,198.93,1.0,15.0,PayPal,Mobile App,198.93,169.09
ORD104953,2025-09-20,CUST1128,Michael Santos,East,Webcam HD,Electronics,378.95,2.0,5.0,Credit Card,Online,757.9,720.0
ORD104020,2025-09-06,CUST1077,David Murphy,South,Noise Cancelling Headphones,Electronics,218.36,1.0,0.0,Cash on Delivery,Mobile App,218.36,218.36
ORD101100,2024-02-27,CUST1550,Joshua Davis,Central,Bluetooth Speaker,Electronics,240.65,1.0,15.0,Cash on Delivery,Online,240.65,204.55
ORD103006,2025-03-20,CUST1109,Kathryn Snyder,North,Noise Cancelling Headphones,Electronics,414.08,1.0,0.0,PayPal,In-Store,414.08,414.08
ORD101477,2024-05-12,CUST1390,Katrina Adkins,Central,Webcam HD,Electronics,400.28,2.0,10.0,Cash on Delivery,Online,800.56,720.5
ORD104861,2025-01-27,CUST1589,Andrew Berry,North,Wireless Mouse,Electronics,177.55,1.0,10.0,Credit Card,Mobile App,177.55,159.8
ORD100984,2024-12-27,CUST1263,Tami Salas,Central,Running Shoes,Apparel,73.11,1.0,0.0,Credit Card,Mobile App,73.11,73.11
ORD104108,2024-02-25,CUST1395,Kimberly Hernandez,East,Blender,Home & Kitchen,187.53,2.0,0.0,Cash on Delivery,Online,375.06,375.06
ORD100038,2024-10-29,CUST1334,Brandon Jordan,South,Running Shoes,Apparel,90.57,1.0,0.0,Debit Card,In-Store,90.57,90.57
ORD100631,2025-09-12,CUST1482,Stephanie Evans,South,Running Shoes,Apparel,25.0,1.0,15.0,Cash on Delivery,Mobile App,25.0,21.25
ORD103289,2025-10-09,CUST1072,Alicia Gilmore,West,Toaster,Home & Kitchen,207.95,1.0,15.0,UPI,In-Store,207.95,176.76
ORD102746,2025-06-07,CUST1570,Cynthia Mitchell,East,Mechanical Keyboard,Electronics,114.13,2.0,15.0,Credit Card,In-Store,228.26,194.02
ORD101256,2025-01-31,CUST1189,Julie Spencer,West,Power Bank,Electronics,436.29,2.0,0.0,Debit Card,Online,872.58,872.58
ORD101338,2024-11-30,CUST1344,Sandra Jones,South,Wool Sweater,Apparel,60.16,1.0,0.0,Credit Card,Online,60.16,60.16
ORD104408,2025-03-09,CUST1245,Melinda Evans,South,Standing Desk,Office Supplies,281.23,2.0,0.0,Unknown,Online,562.46,562.46
ORD100679,2024-03-02,CUST1217,Carrie Maxwell,East,Denim Jacket,Apparel,116.64,2.0,0.0,Cash on Delivery,In-Store,233.28,233.28
ORD105337,2024-12-15,CUST1711,Steven Sandoval,West,Cycling Helmet,Sports & Outdoors,226.01,1.0,10.0,PayPal,Online,226.01,203.41
ORD102815,2025-04-04,CUST1651,Adam Brooks,North,Wireless Mouse,Electronics,222.68,5.0,5.0,Credit Card,Mobile App,1113.4,1057.73
ORD104202,2025-12-10,CUST1380,William Patterson,East,Coffee Maker,Home & Kitchen,214.82,3.0,0.0,Credit Card,In-Store,644.46,644.46
ORD103519,2025-09-02,CUST1676,Steve Miller PhD,West,Denim Jacket,Apparel,106.08,1.0,20.0,PayPal,In-Store,106.08,84.86
ORD100382,2024-08-12,CUST1888,Sheena Burton,East,Webcam HD,Electronics,427.58,1.0,0.0,Cash on Delivery,Online,427.58,427.58
ORD103394,2025-10-15,CUST1873,Michael Wells,South,Mechanical Keyboard,Electronics,159.64,4.0,0.0,Debit Card,Mobile App,638.56,638.56
ORD101248,2025-08-05,CUST1331,Henry Pugh MD,North,Blender,Home & Kitchen,85.32,3.0,5.0,Cash on Delivery,Online,255.96,243.16
ORD102824,2025-10-27,CUST1160,Judith Maynard,North,Running Shoes,Apparel,81.41,1.0,0.0,Cash on Delivery,Online,81.41,81.41
ORD101098,2024-02-05,CUST1623,Blake Sosa,South,Running Shoes,Apparel,50.95,1.0,10.0,PayPal,In-Store,50.95,45.86
ORD103127,2025-01-23,CUST1655,Katherine Flores,North,Bluetooth Speaker,Electronics,134.58,2.0,0.0,Unknown,Online,269.16,269.16
ORD100433,2025-09-27,CUST1634,Brett Martin,West,Air Fryer,Home & Kitchen,175.18,2.0,15.0,Credit Card,Mobile App,350.36,297.81
ORD103147,2025-11-13,CUST1727,Louis Brown,Central,Dumbbell Set,Sports & Outdoors,123.59,1.0,0.0,Credit Card,In-Store,123.59,123.59
ORD103499,2025-07-25,CUST1759,Stephen Garcia,East,Running Shoes,Apparel,46.0,2.0,0.0,Credit Card,Online,92.0,92.0
ORD104379,2024-05-24,CUST1608,Lee Ramsey,West,Wireless Mouse,Electronics,306.79,1.0,0.0,PayPal,Online,306.79,306.79
ORD102316,2025-11-24,CUST1541,Miss Brianna Brown,South,Notebook Pack,Office Supplies,47.74,1.0,0.0,PayPal,In-Store,47.74,47.74
ORD104682,2024-11-01,CUST1111,Pamela Thompson,East,Bluetooth Speaker,Electronics,187.0,1.0,0.0,PayPal,In-Store,187.0,187.0
ORD103892,2024-12-06,CUST1276,Tanya Rogers,East,Cotton T-Shirt,Apparel,103.73,3.0,10.0,PayPal,In-Store,311.19,280.07
ORD102335,2024-07-29,CUST1619,Harry Nichols,North,Toaster,Home & Kitchen,29.45,2.0,10.0,UPI,Mobile App,58.9,53.01
ORD103698,2025-04-13,CUST1160,Judith Maynard,East,Water Bottle,Sports & Outdoors,233.02,4.0,10.0,PayPal,Mobile App,932.08,838.87
ORD105579,2024-06-26,CUST1869,Rebecca Martin,East,Power Bank,Electronics,29.25,1.0,5.0,Debit Card,Mobile App,29.25,27.79
ORD104347,2024-07-18,CUST1048,Stacey Russell,Central,Rice Cooker,Home & Kitchen,137.06,1.0,0.0,Debit Card,In-Store,137.06,137.06
ORD105287,2024-03-03,CUST1770,Bethany Garcia,East,27in Monitor,Electronics,431.86,1.0,0.0,PayPal,Online,431.86,431.86
ORD100545,2024-11-29,CUST1455,Martin Hughes,Central,Wireless Mouse,Electronics,231.15,1.0,5.0,PayPal,Online,231.15,219.59
ORD104698,2024-12-29,CUST1637,Richard Kelly,North,Portable SSD 1TB,Electronics,143.46,1.0,0.0,PayPal,Online,143.46,143.46
ORD105435,2025-07-17,CUST1232,Benjamin Thompson,South,Smartwatch,Electronics,180.4,1.0,0.0,UPI,In-Store,180.4,180.4
ORD104095,2025-09-16,CUST1623,Blake Sosa,West,Yoga Pants,Apparel,66.17,2.0,0.0,Debit Card,Online,132.34,132.34
ORD105398,2025-07-19,CUST1846,Laura Tran,East,Non-stick Pan Set,Home & Kitchen,197.72,3.0,10.0,PayPal,In-Store,593.16,533.84
ORD103509,2025-09-25,CUST1645,Mark Anderson,Central,Cotton T-Shirt,Apparel,93.57,1.0,0.0,Debit Card,In-Store,93.57,93.57
ORD104137,2025-11-11,CUST1428,James Barnes,East,Blender,Home & Kitchen,59.26,1.0,5.0,PayPal,In-Store,59.26,56.3
ORD102996,2024-09-02,CUST1840,Leslie Nguyen,West,Electric Kettle,Home & Kitchen,173.3,3.0,0.0,PayPal,Mobile App,519.9,519.9
ORD104154,2024-06-13,CUST1169,John Boone,North,Smartwatch,Electronics,91.38,1.0,0.0,Debit Card,Online,91.38,91.38
ORD104319,2024-01-31,CUST1611,Lisa Craig,South,Notebook Pack,Office Supplies,223.48,4.0,0.0,Cash on Delivery,Mobile App,893.92,893.92
ORD104356,2025-05-10,CUST1848,Danielle Murphy,West,USB-C Hub,Electronics,210.98,5.0,0.0,PayPal,Online,1054.9,1054.9
ORD100673,2024-07-11,CUST1247,Kayla Rodriguez,East,Blender,Home & Kitchen,24.68,4.0,10.0,Cash on Delivery,Online,98.72,88.85
ORD101645,2024-12-04,CUST1808,Cathy Rodriguez,West,USB-C Hub,Electronics,306.13,2.0,0.0,Credit Card,Online,612.26,612.26
ORD101462,2024-04-14,CUST1549,Michael Fox,Central,USB-C Hub,Electronics,296.6,4.0,10.0,PayPal,Mobile App,1186.4,1067.76
ORD100722,2025-06-04,CUST1893,Heidi Ferguson,South,Yoga Pants,Apparel,45.89,1.0,0.0,UPI,Online,45.89,45.89
ORD103105,2025-01-14,CUST1753,Richard Parker,East,Yoga Pants,Apparel,110.15,3.0,0.0,Debit Card,Mobile App,330.45,330.45
ORD105394,2024-01-23,CUST1807,Angelica Jacobs,South,Wireless Mouse,Electronics,169.31,1.0,0.0,UPI,In-Store,169.31,169.31
ORD104862,2024-04-04,CUST1855,Rebecca French,Central,Running Shoes,Apparel,45.6,1.0,10.0,Cash on Delivery,Online,45.6,41.04
ORD104312,2025-12-29,CUST1738,Thomas Williams,West,Blender,Home & Kitchen,164.78,1.0,20.0,Cash on Delivery,Online,164.78,131.82
ORD104371,2024-07-19,CUST1389,Bradley Tran,North,Denim Jacket,Apparel,21.87,1.0,0.0,PayPal,In-Store,21.87,21.87
ORD101655,2024-03-09,CUST1618,Austin Schultz,West,Cotton T-Shirt,Apparel,111.3,1.0,15.0,UPI,Mobile App,111.3,94.6
ORD100469,2025-12-06,CUST1040,Sherry Wood,East,Ergonomic Chair,Office Supplies,308.45,1.0,5.0,Credit Card,Online,308.45,293.03
ORD102337,2025-01-19,CUST1249,Michelle Lee,West,Wool Sweater,Apparel,33.11,1.0,0.0,Cash on Delivery,In-Store,33.11,33.11
ORD102610,2024-11-15,CUST1684,Andrew Mitchell,East,Denim Jacket,Apparel,31.44,2.0,0.0,Cash on Delivery,In-Store,62.88,62.88
ORD100143,2025-03-23,CUST1127,Jennifer Pena,West,Bluetooth Speaker,Electronics,391.41,1.0,10.0,UPI,In-Store,391.41,352.27
ORD102814,2024-03-04,CUST1620,Gloria Spencer,Central,27in Monitor,Electronics,374.91,1.0,0.0,Credit Card,Online,374.91,374.91
ORD103110,2024-10-12,CUST1033,Michael Cross,South,Whiteboard,Office Supplies,226.77,1.0,0.0,Cash on Delivery,Online,226.77,226.77
ORD100134,2025-01-17,CUST1054,Victoria Johnson,Central,27in Monitor,Electronics,372.1,4.0,0.0,Credit Card,In-Store,1488.4,1488.4
ORD103521,2024-12-22,CUST1051,Courtney Velasquez,West,Notebook Pack,Office Supplies,142.62,2.0,0.0,UPI,Mobile App,285.24,285.24
ORD104658,2024-08-19,CUST1315,Kelly Combs,East,Desk Lamp,Office Supplies,204.8,5.0,0.0,Cash on Delivery,Mobile App,1024.0,1024.0
ORD105623,2024-12-16,CUST1761,Brian Mullen,Central,Notebook Pack,Office Supplies,285.67,4.0,0.0,Cash on Delivery,Online,1142.68,1142.68
ORD102317,2024-04-06,CUST1598,Jessica Mays,North,Water Bottle,Sports & Outdoors,193.99,1.0,0.0,PayPal,In-Store,193.99,193.99
ORD103202,2025-04-13,CUST1496,Michael Sims,South,Vacuum Cleaner,Home & Kitchen,47.48,2.0,20.0,UPI,Mobile App,94.96,75.97
ORD100493,2024-11-24,CUST1654,Barry Taylor,South,Yoga Mat,Sports & Outdoors,161.93,2.0,15.0,PayPal,In-Store,323.86,275.28
ORD102416,2025-12-26,CUST1560,James Wilson,West,Portable SSD 1TB,Electronics,336.56,1.0,15.0,PayPal,Mobile App,336.56,286.08
ORD103619,2025-09-05,CUST1409,Dr. Morgan Payne PhD,West,Power Bank,Electronics,98.82,5.0,0.0,Debit Card,In-Store,494.1,494.1
ORD104322,2024-04-17,CUST1334,Brandon Jordan,South,Blender,Home & Kitchen,71.67,1.0,15.0,PayPal,Mobile App,71.67,60.92
ORD101464,2025-02-22,CUST1697,Thomas Davis,East,Cycling Helmet,Sports & Outdoors,81.99,1.0,20.0,Debit Card,Mobile App,81.99,65.59
ORD102516,2025-04-07,CUST1353,Ashley Sweeney,North,Portable SSD 1TB,Electronics,59.61,1.0,0.0,Cash on Delivery,In-Store,59.61,59.61
ORD103600,2025-04-13,CUST1457,Rhonda Gutierrez,West,Coffee Maker,Home & Kitchen,136.13,3.0,5.0,Cash on Delivery,Mobile App,408.39,387.97
ORD102484,2025-01-16,CUST1511,Charles Holland,East,Cotton T-Shirt,Apparel,75.05,5.0,15.0,UPI,Online,375.25,318.96
ORD103806,2025-07-30,CUST1757,Briana Wiggins,East,Blender,Home & Kitchen,91.63,4.0,0.0,UPI,Online,366.52,366.52
ORD104199,2024-03-08,CUST1267,Justin Michael,North,Whiteboard,Office Supplies,205.13,1.0,0.0,PayPal,Online,205.13,205.13
ORD100273,2025-02-14,CUST1133,Bob Pitts,West,Standing Desk,Office Supplies,51.29,1.0,0.0,Credit Card,Mobile App,51.29,51.29
ORD105945,2025-08-16,CUST1290,Jennifer Velasquez,East,Desk Lamp,Office Supplies,131.5,1.0,0.0,Credit Card,Online,131.5,131.5
ORD101700,2025-10-02,CUST1544,Juan Smith,Central,Desk Lamp,Office Supplies,303.93,1.0,0.0,UPI,In-Store,303.93,303.93
ORD105375,2024-11-08,CUST1442,Patricia Bradley,West,USB-C Hub,Electronics,353.88,2.0,15.0,UPI,Mobile App,707.76,601.6
ORD103746,2024-06-23,CUST1501,Martin Wise,Central,Mechanical Keyboard,Electronics,266.2,2.0,0.0,Cash on Delivery,In-Store,532.4,532.4
ORD101866,2025-08-04,CUST1528,Jacqueline Rodriguez,West,Wool Sweater,Apparel,62.61,2.0,0.0,Credit Card,In-Store,125.22,125.22
ORD101955,2024-01-08,CUST1753,Richard Parker,North,Notebook Pack,Office Supplies,248.14,2.0,15.0,Cash on Delivery,In-Store,496.28,421.84
ORD102679,2025-12-05,CUST1216,Ashley Perkins,Central,Non-stick Pan Set,Home & Kitchen,159.19,4.0,0.0,Cash on Delivery,Mobile App,636.76,636.76
ORD102961,2025-09-21,CUST1189,Julie Spencer,West,Running Shoes,Apparel,106.14,4.0,0.0,Unknown,In-Store,424.56,424.56
ORD105106,2024-09-29,CUST1173,Cindy Barnes,Central,Rice Cooker,Home & Kitchen,122.61,1.0,5.0,Cash on Delivery,Online,122.61,116.48
ORD102772,2024-03-02,CUST1302,Megan Floyd,East,Running Shoes,Apparel,46.43,4.0,0.0,Credit Card,Mobile App,185.72,185.72
ORD100937,2024-12-24,CUST1051,Courtney Velasquez,West,Portable SSD 1TB,Electronics,154.97,1.0,0.0,Cash on Delivery,Mobile App,154.97,154.97
ORD101823,2025-03-12,CUST1357,Rebecca Herrera,West,Power Bank,Electronics,443.52,1.0,0.0,Credit Card,Mobile App,443.52,443.52
ORD104520,2024-12-02,CUST1632,James Thomas,West,Notebook Pack,Office Supplies,226.41,1.0,10.0,Debit Card,In-Store,226.41,203.77
ORD102845,2025-06-01,CUST1438,Patricia Mathis,West,USB-C Hub,Electronics,292.43,1.0,0.0,PayPal,Mobile App,292.43,292.43
ORD103072,2025-02-04,CUST1525,Jordan Clark,East,Smartwatch,Electronics,299.81,2.0,20.0,Cash on Delivery,In-Store,599.62,479.7
ORD105666,2024-02-18,CUST1147,Terri Murphy,East,Whiteboard,Office Supplies,192.38,1.0,0.0,Credit Card,In-Store,192.38,192.38
ORD102064,2025-05-15,CUST1617,Tonya Ellis,North,Wireless Mouse,Electronics,367.43,1.0,0.0,Debit Card,Online,367.43,367.43
ORD105769,2025-09-16,CUST1848,Danielle Murphy,North,Mechanical Keyboard,Electronics,289.74,1.0,5.0,UPI,Mobile App,289.74,275.25
ORD100580,2025-12-05,CUST1277,Todd Rosales MD,Central,Whiteboard,Office Supplies,119.69,1.0,5.0,Cash on Delivery,Mobile App,119.69,113.71
ORD101873,2025-12-21,CUST1290,Jennifer Velasquez,East,Rice Cooker,Home & Kitchen,84.33,4.0,5.0,UPI,In-Store,337.32,320.45
ORD105664,2025-07-10,CUST1213,Jason Beck,Central,Desk Lamp,Office Supplies,344.48,1.0,0.0,PayPal,Mobile App,344.48,344.48
ORD103650,2025-12-20,CUST1681,Kathy Sandoval,Central,Non-stick Pan Set,Home & Kitchen,51.25,5.0,10.0,PayPal,Online,256.25,230.62
ORD105703,2024-06-14,CUST1841,Erika Garcia,North,Standing Desk,Office Supplies,185.53,2.0,0.0,Cash on Delivery,Online,371.06,371.06
ORD105825,2025-06-01,CUST1014,Rebecca Henderson,East,27in Monitor,Electronics,48.14,1.0,0.0,UPI,In-Store,48.14,48.14
ORD104549,2025-03-17,CUST1393,Austin Baker,West,Air Fryer,Home & Kitchen,164.26,1.0,15.0,Debit Card,Online,164.26,139.62
ORD103244,2024-01-29,CUST1557,Ronald Johns,West,Smartwatch,Electronics,439.38,1.0,0.0,Cash on Delivery,Mobile App,439.38,439.38
ORD105884,2025-08-08,CUST1070,Chris Reyes,North,Electric Kettle,Home & Kitchen,201.03,1.0,0.0,Debit Card,Online,201.03,201.03
ORD100182,2025-05-04,CUST1224,Mitchell Jackson,South,Ergonomic Chair,Office Supplies,227.16,4.0,20.0,Cash on Delivery,In-Store,908.64,726.91
ORD104418,2024-08-23,CUST1108,Tammy Gonzales,North,Running Shoes,Apparel,115.92,1.0,10.0,Debit Card,Mobile App,115.92,104.33
ORD105691,2025-11-06,CUST1170,Renee Bruce,South,27in Monitor,Electronics,188.53,1.0,10.0,UPI,Online,188.53,169.68
ORD102582,2024-04-10,CUST1537,Miguel Parks,East,Wireless Mouse,Electronics,336.39,2.0,0.0,Debit Card,Online,672.78,672.78
ORD100604,2024-11-20,CUST1602,Brian Simmons,South,Noise Cancelling Headphones,Electronics,266.42,4.0,0.0,UPI,In-Store,1065.68,1065.68
ORD102326,2024-10-26,CUST1112,Robert Costa,East,Non-stick Pan Set,Home & Kitchen,108.31,1.0,10.0,PayPal,Mobile App,108.31,97.48
ORD104702,2025-09-25,CUST1729,Kevin Marquez,East,Cotton T-Shirt,Apparel,94.22,1.0,5.0,Cash on Delivery,Online,94.22,89.51
ORD103062,2024-03-04,CUST1394,Lori Mason,South,Ergonomic Chair,Office Supplies,265.25,1.0,0.0,Cash on Delivery,In-Store,265.25,265.25
ORD102959,2025-04-07,CUST1540,James Brown,East,Air Fryer,Home & Kitchen,183.73,1.0,0.0,PayPal,In-Store,183.73,183.73
ORD105533,2025-03-11,CUST1393,Austin Baker,East,27in Monitor,Electronics,205.9,5.0,0.0,Debit Card,Online,1029.5,1029.5
ORD103686,2025-11-26,CUST1615,Kathy Morgan,West,USB-C Hub,Electronics,45.61,2.0,10.0,Credit Card,Online,91.22,82.1
ORD103546,2024-11-20,CUST1016,Patricia Peterson,Central,Power Bank,Electronics,231.9,1.0,5.0,Cash on Delivery,Mobile App,231.9,220.3
ORD104187,2024-12-30,CUST1637,Richard Kelly,East,Vacuum Cleaner,Home & Kitchen,166.6,1.0,0.0,Debit Card,In-Store,166.6,166.6
ORD101508,2025-02-04,CUST1742,Lisa Rodriguez,East,Vacuum Cleaner,Home & Kitchen,135.52,5.0,0.0,Cash on Delivery,In-Store,677.6,677.6
ORD105849,2025-09-17,CUST1867,Dwayne Bruce,East,Whiteboard,Office Supplies,280.02,3.0,0.0,PayPal,Mobile App,840.06,840.06
ORD103502,2024-07-10,CUST1538,Melissa Morris,West,Non-stick Pan Set,Home & Kitchen,29.58,5.0,15.0,PayPal,Mobile App,147.9,125.72
ORD102257,2025-01-29,CUST1582,Heather Harrison,East,Dumbbell Set,Sports & Outdoors,294.51,2.0,5.0,Cash on Delivery,Mobile App,589.02,559.57
ORD101791,2024-02-23,CUST1442,Patricia Bradley,East,Power Bank,Electronics,106.42,1.0,0.0,UPI,Mobile App,106.42,106.42
ORD104401,2024-12-16,CUST1747,Elizabeth Hunter,East,27in Monitor,Electronics,355.16,3.0,15.0,Credit Card,Online,1065.48,905.66
ORD104983,2024-02-19,CUST1431,William Moreno,West,Electric Kettle,Home & Kitchen,107.11,1.0,10.0,Cash on Delivery,Online,107.11,96.4
ORD102140,2025-02-08,CUST1468,Alicia Roth,Central,Power Bank,Electronics,94.79,1.0,0.0,UPI,In-Store,94.79,94.79
ORD103894,2025-01-20,CUST1694,George Alvarez,East,Wool Sweater,Apparel,27.81,2.0,15.0,UPI,Mobile App,55.62,47.28
ORD102073,2025-01-05,CUST1003,Abigail Shaffer,East,Dumbbell Set,Sports & Outdoors,127.72,1.0,0.0,UPI,Online,127.72,127.72
ORD101487,2024-09-29,CUST1016,Patricia Peterson,Central,Coffee Maker,Home & Kitchen,67.63,1.0,20.0,Debit Card,Mobile App,67.63,54.1
ORD101756,2025-08-28,CUST1223,Samantha Gardner,South,Camping Tent,Sports & Outdoors,182.65,1.0,0.0,Cash on Delivery,In-Store,182.65,182.65
ORD103601,2024-12-20,CUST1206,Stacey Arias,North,Power Bank,Electronics,148.05,2.0,0.0,UPI,Online,296.1,296.1
ORD101905,2024-05-04,CUST1190,Larry Mason,North,Webcam HD,Electronics,107.52,3.0,0.0,Credit Card,In-Store,322.56,322.56
ORD100186,2024-02-16,CUST1223,Samantha Gardner,West,Vacuum Cleaner,Home & Kitchen,164.66,1.0,5.0,Credit Card,Mobile App,164.66,156.43
ORD103224,2024-12-16,CUST1649,Adam Mills,West,Wireless Mouse,Electronics,274.9,4.0,20.0,UPI,Mobile App,1099.6,879.68
ORD100093,2025-11-21,CUST1880,Jill Riddle,West,Yoga Mat,Sports & Outdoors,146.88,1.0,5.0,Cash on Delivery,In-Store,146.88,139.54
ORD104385,2025-09-26,CUST1215,James Burgess,North,Non-stick Pan Set,Home & Kitchen,52.09,3.0,0.0,UPI,Mobile App,156.27,156.27
ORD105866,2024-07-29,CUST1309,Jennifer Allen,Central,Yoga Mat,Sports & Outdoors,267.96,4.0,0.0,Credit Card,Online,1071.84,1071.84
ORD104003,2024-09-15,CUST1625,Phillip Dixon,Central,Air Fryer,Home & Kitchen,111.27,5.0,0.0,Credit Card,Online,556.35,556.35
ORD101915,2025-01-20,CUST1370,Heather Page,East,Power Bank,Electronics,183.15,2.0,0.0,Credit Card,Mobile App,366.3,366.3
ORD105087,2025-06-22,CUST1516,Sheryl Acosta,South,Standing Desk,Office Supplies,119.8,4.0,10.0,PayPal,Mobile App,479.2,431.28
ORD100238,2025-03-25,CUST1882,John Dillon,East,Standing Desk,Office Supplies,111.22,5.0,10.0,Credit Card,Online,556.1,500.49
ORD105169,2025-11-16,CUST1105,Doris Hall,Central,27in Monitor,Electronics,327.79,3.0,15.0,PayPal,Mobile App,983.37,835.86
ORD105102,2025-12-27,CUST1398,Mary Thompson,North,Whiteboard,Office Supplies,47.96,1.0,0.0,Credit Card,Mobile App,47.96,47.96
ORD105586,2024-09-18,CUST1433,Rebecca Kelly,North,Yoga Mat,Sports & Outdoors,73.2,1.0,20.0,Debit Card,Mobile App,73.2,58.56
ORD100377,2025-09-01,CUST1385,Edwin Reyes,East,Vacuum Cleaner,Home & Kitchen,186.97,1.0,5.0,Credit Card,Mobile App,186.97,177.62
ORD103169,2025-03-15,CUST1656,Diane Martinez,Central,Mechanical Keyboard,Electronics,48.21,2.0,0.0,Credit Card,Mobile App,96.42,96.42
ORD102021,2025-11-14,CUST1304,Kristina Faulkner,Central,Power Bank,Electronics,254.56,2.0,0.0,Debit Card,In-Store,509.12,509.12
ORD101533,2025-12-30,CUST1252,Stephen Luna,South,Wool Sweater,Apparel,23.87,2.0,0.0,Credit Card,Online,47.74,47.74
ORD105158,2025-12-09,CUST1833,Devin Cole,North,Denim Jacket,Apparel,21.48,2.0,15.0,PayPal,In-Store,42.96,36.52
ORD104389,2024-02-18,CUST1275,Jennifer Simpson DVM,Central,Water Bottle,Sports & Outdoors,183.93,1.0,15.0,Cash on Delivery,Mobile App,183.93,156.34
ORD101910,2025-11-03,CUST1308,Autumn Key,South,Smartwatch,Electronics,388.49,2.0,15.0,Credit Card,Online,776.98,660.43
ORD103840,2025-07-30,CUST1315,Kelly Combs,North,Wireless Mouse,Electronics,365.75,3.0,5.0,Cash on Delivery,Mobile App,1097.25,1042.39
ORD103084,2024-02-10,CUST1021,Kim Martinez,West,USB-C Hub,Electronics,355.25,1.0,0.0,Debit Card,In-Store,355.25,355.25
ORD104962,2025-07-13,CUST1716,Ryan Thomas,South,Mechanical Keyboard,Electronics,117.65,1.0,0.0,Credit Card,Online,117.65,117.65
ORD100490,2025-05-27,CUST1818,Tina Davis,East,Wireless Mouse,Electronics,355.56,4.0,0.0,PayPal,In-Store,1422.24,1422.24
ORD100443,2025-12-07,CUST1022,Lisa Brandt,North,Water Bottle,Sports & Outdoors,13.89,5.0,10.0,Cash on Delivery,Mobile App,69.45,62.5
ORD102724,2024-02-27,CUST1685,William Lewis,West,Toaster,Home & Kitchen,152.62,2.0,5.0,UPI,In-Store,305.24,289.98
ORD102767,2025-03-17,CUST1390,Katrina Adkins,East,Portable SSD 1TB,Electronics,233.68,2.0,0.0,PayPal,In-Store,467.36,467.36
ORD103845,2024-04-27,CUST1828,Robert Simmons,South,Running Shoes,Apparel,47.6,2.0,10.0,Cash on Delivery,In-Store,95.2,85.68
ORD102186,2025-12-14,CUST1139,Crystal Pham,West,USB-C Hub,Electronics,382.16,1.0,15.0,Cash on Delivery,Online,382.16,324.84
ORD100307,2025-04-01,CUST1381,Isaac Miller,West,Whiteboard,Office Supplies,144.96,4.0,0.0,UPI,Mobile App,579.84,579.84
ORD102685,2024-02-25,CUST1727,Louis Brown,Central,Camping Tent,Sports & Outdoors,277.22,2.0,15.0,Cash on Delivery,Mobile App,554.44,471.27
ORD104824,2025-07-17,CUST1334,Brandon Jordan,Central,Blender,Home & Kitchen,56.72,2.0,0.0,Cash on Delivery,In-Store,113.44,113.44
ORD105675,2024-04-08,CUST1298,Andrew Gonzales,West,Vacuum Cleaner,Home & Kitchen,24.96,3.0,20.0,Debit Card,Online,74.88,59.9
ORD103025,2025-08-01,CUST1194,Nathaniel Douglas,North,Yoga Pants,Apparel,67.96,3.0,0.0,Debit Card,In-Store,203.88,203.88
ORD104677,2024-07-18,CUST1028,Victoria Garcia,South,Wool Sweater,Apparel,46.96,2.0,15.0,Debit Card,Mobile App,93.92,79.83
ORD105876,2024-10-06,CUST1035,Kim Brown,North,Camping Tent,Sports & Outdoors,133.25,3.0,10.0,PayPal,Mobile App,399.75,359.78
ORD102625,2024-08-29,CUST1663,Jeffrey Smith,North,Non-stick Pan Set,Home & Kitchen,62.89,1.0,10.0,UPI,Online,62.89,56.6
ORD104943,2025-07-27,CUST1052,Matthew Ross,East,Electric Kettle,Home & Kitchen,21.16,3.0,15.0,Cash on Delivery,Online,63.48,53.96
ORD104311,2024-07-05,CUST1528,Jacqueline Rodriguez,North,Power Bank,Electronics,50.51,1.0,0.0,Debit Card,Online,50.51,50.51
ORD105301,2025-03-06,CUST1305,Tammy Boone,South,Electric Kettle,Home & Kitchen,85.15,1.0,0.0,PayPal,Online,85.15,85.15
ORD103465,2024-06-19,CUST1342,Douglas Hartman,East,Yoga Mat,Sports & Outdoors,211.18,1.0,0.0,Cash on Delivery,Mobile App,211.18,211.18
ORD100246,2024-10-07,CUST1162,Donald Schultz,North,Toaster,Home & Kitchen,60.46,2.0,15.0,PayPal,In-Store,120.92,102.78
ORD103164,2024-12-13,CUST1182,Anita Richard,South,Dumbbell Set,Sports & Outdoors,130.74,1.0,0.0,Credit Card,In-Store,130.74,130.74
ORD104368,2024-09-20,CUST1028,Victoria Garcia,West,Smartwatch,Electronics,64.37,2.0,15.0,Credit Card,In-Store,128.74,109.43
ORD101754,2024-06-23,CUST1509,David Hall,South,Cycling Helmet,Sports & Outdoors,225.43,1.0,0.0,PayPal,Mobile App,225.43,225.43
ORD105598,2024-11-29,CUST1885,Justin Ford,South,27in Monitor,Electronics,256.65,3.0,0.0,Cash on Delivery,In-Store,769.95,769.95
ORD100552,2024-08-11,CUST1749,John Johnson,West,Desk Lamp,Office Supplies,178.4,1.0,0.0,PayPal,Online,178.4,178.4
ORD102025,2025-10-29,CUST1156,Brianna Anderson,South,Coffee Maker,Home & Kitchen,207.29,1.0,10.0,PayPal,Online,207.29,186.56
ORD103953,2025-02-09,CUST1065,Colleen Brock,Central,Dumbbell Set,Sports & Outdoors,262.8,1.0,5.0,PayPal,Mobile App,262.8,249.66
ORD102060,2025-04-23,CUST1711,Steven Sandoval,North,Cotton T-Shirt,Apparel,91.85,1.0,15.0,PayPal,Mobile App,91.85,78.07
ORD104607,2024-03-29,CUST1082,Alexander Collins,South,Mechanical Keyboard,Electronics,235.38,1.0,10.0,PayPal,Online,235.38,211.84
ORD104902,2024-08-17,CUST1240,Travis Stone,West,Noise Cancelling Headphones,Electronics,247.9,1.0,10.0,PayPal,In-Store,247.9,223.11
ORD101494,2024-04-28,CUST1658,Amanda Miller,Central,Yoga Pants,Apparel,82.97,1.0,15.0,PayPal,Online,82.97,70.52
ORD102503,2024-08-30,CUST1111,Pamela Thompson,West,Power Bank,Electronics,29.49,1.0,20.0,UPI,Online,29.49,23.59
ORD103641,2025-02-09,CUST1898,Brenda Perez,Central,Yoga Mat,Sports & Outdoors,252.83,1.0,0.0,Debit Card,In-Store,252.83,252.83
ORD105293,2025-12-07,CUST1329,Haley Davis,North,27in Monitor,Electronics,363.45,1.0,0.0,PayPal,Mobile App,363.45,363.45
ORD105125,2024-10-27,CUST1521,Erica Rivera,East,Portable SSD 1TB,Electronics,107.51,1.0,10.0,PayPal,In-Store,107.51,96.76
ORD103404,2025-02-21,CUST1176,Michael Watkins,South,27in Monitor,Electronics,87.8,2.0,15.0,PayPal,In-Store,175.6,149.26
ORD103391,2024-08-02,CUST1557,Ronald Johns,East,Toaster,Home & Kitchen,170.18,3.0,0.0,Cash on Delivery,Online,510.54,510.54
ORD101690,2025-12-08,CUST1615,Kathy Morgan,South,Cotton T-Shirt,Apparel,89.46,2.0,5.0,UPI,Online,178.92,169.97
ORD104618,2024-04-24,CUST1018,Mark Lynch,South,Power Bank,Electronics,85.91,2.0,15.0,Debit Card,Online,171.82,146.05
ORD104501,2025-03-17,CUST1535,Denise Stuart,North,Rice Cooker,Home & Kitchen,197.24,2.0,15.0,UPI,Online,394.48,335.31
ORD104744,2024-06-08,CUST1331,Henry Pugh MD,West,27in Monitor,Electronics,420.09,4.0,0.0,UPI,Mobile App,1680.36,1680.36
ORD104716,2024-05-06,CUST1583,Michael Boyd,North,Dumbbell Set,Sports & Outdoors,176.02,2.0,20.0,Cash on Delivery,In-Store,352.04,281.63
ORD104294,2025-09-20,CUST1013,Zachary Hicks,East,Cycling Helmet,Sports & Outdoors,206.09,3.0,0.0,Cash on Delivery,Mobile App,618.27,618.27
ORD102440,2024-02-15,CUST1302,Megan Floyd,West,Whiteboard,Office Supplies,167.45,1.0,0.0,Cash on Delivery,Mobile App,167.45,167.45
ORD103844,2025-11-03,CUST1551,Daniel Goodwin,West,Mechanical Keyboard,Electronics,342.42,1.0,0.0,PayPal,In-Store,342.42,342.42
ORD101405,2024-11-25,CUST1559,Laura Perez,East,Yoga Pants,Apparel,30.52,1.0,0.0,PayPal,In-Store,30.52,30.52
ORD102830,2025-02-23,CUST1700,Ashley Brown,East,Wool Sweater,Apparel,66.63,1.0,0.0,UPI,In-Store,66.63,66.63
ORD104602,2024-09-07,CUST1730,Susan Hogan,East,Webcam HD,Electronics,262.35,3.0,15.0,Credit Card,Online,787.05,668.99
ORD105093,2024-11-29,CUST1398,Mary Thompson,East,Whiteboard,Office Supplies,52.78,1.0,10.0,Cash on Delivery,Online,52.78,47.5
ORD101296,2024-11-09,CUST1579,Victor Holden,Central,Cycling Helmet,Sports & Outdoors,159.89,1.0,0.0,PayPal,Mobile App,159.89,159.89
ORD102580,2024-11-09,CUST1471,Samantha Robertson,East,Yoga Pants,Apparel,99.91,2.0,15.0,Debit Card,Mobile App,199.82,169.85
ORD102865,2024-08-28,CUST1398,Mary Thompson,North,Denim Jacket,Apparel,119.66,1.0,0.0,Credit Card,Online,119.66,119.66
ORD100496,2025-02-05,CUST1055,William Wilson,North,Blender,Home & Kitchen,25.8,4.0,0.0,Cash on Delivery,Mobile App,103.2,103.2
ORD100785,2025-08-09,CUST1762,Tony Brock,East,Mechanical Keyboard,Electronics,72.34,1.0,15.0,PayPal,In-Store,72.34,61.49
ORD101993,2025-12-13,CUST1030,Angela Morton,East,Vacuum Cleaner,Home & Kitchen,142.15,1.0,0.0,Debit Card,Online,142.15,142.15
ORD104609,2025-02-09,CUST1326,Amanda Mcfarland,West,Coffee Maker,Home & Kitchen,144.46,1.0,0.0,UPI,Online,144.46,144.46
ORD100730,2025-11-02,CUST1841,Erika Garcia,Central,Webcam HD,Electronics,144.78,1.0,5.0,Cash on Delivery,Online,144.78,137.54
ORD100708,2024-05-07,CUST1640,Eddie Adams,West,Electric Kettle,Home & Kitchen,208.71,3.0,0.0,Credit Card,Online,626.13,626.13
ORD103960,2024-07-27,CUST1568,Tara Gamble,North,Vacuum Cleaner,Home & Kitchen,136.13,2.0,10.0,UPI,Mobile App,272.26,245.03
ORD101112,2024-01-25,CUST1301,Sheryl Buck,West,Ergonomic Chair,Office Supplies,288.3,1.0,10.0,UPI,In-Store,288.3,259.47
ORD100111,2024-03-12,CUST1579,Victor Holden,North,Webcam HD,Electronics,416.65,1.0,5.0,Credit Card,Online,416.65,395.82
ORD102134,2025-08-28,CUST1753,Richard Parker,East,Yoga Pants,Apparel,36.36,1.0,0.0,Unknown,Mobile App,36.36,36.36
ORD101663,2024-01-24,CUST1786,Robert Cruz,East,Toaster,Home & Kitchen,200.62,1.0,0.0,Cash on Delivery,Online,200.62,200.62
ORD103403,2025-05-30,CUST1102,Joseph Hayes,South,Cycling Helmet,Sports & Outdoors,246.24,2.0,0.0,UPI,Mobile App,492.48,492.48
ORD101134,2024-01-27,CUST1636,Gregory Frazier,Central,27in Monitor,Electronics,155.08,2.0,0.0,UPI,Online,310.16,310.16
ORD103184,2024-09-21,CUST1428,James Barnes,East,Mechanical Keyboard,Electronics,333.46,2.0,0.0,Debit Card,Online,666.92,666.92
ORD100167,2025-02-03,CUST1339,Brian Torres,West,Rice Cooker,Home & Kitchen,161.75,1.0,5.0,Credit Card,Mobile App,161.75,153.66
ORD105071,2025-08-29,CUST1546,William Jones,North,Rice Cooker,Home & Kitchen,173.17,2.0,10.0,PayPal,Mobile App,346.34,311.71
ORD101261,2024-05-02,CUST1304,Kristina Faulkner,South,Wool Sweater,Apparel,92.89,1.0,0.0,Unknown,In-Store,92.89,92.89
ORD103863,2024-08-09,CUST1872,Theresa Reilly,West,Whiteboard,Office Supplies,345.92,1.0,10.0,Debit Card,Mobile App,345.92,311.33
ORD103238,2024-05-29,CUST1579,Victor Holden,North,Desk Lamp,Office Supplies,66.16,1.0,10.0,Debit Card,In-Store,66.16,59.54
ORD101223,2024-03-18,CUST1797,Samantha Monroe,North,Ergonomic Chair,Office Supplies,92.61,1.0,0.0,Credit Card,Mobile App,92.61,92.61
ORD101040,2025-08-08,CUST1280,Cathy Taylor,South,Running Shoes,Apparel,82.96,2.0,5.0,UPI,Mobile App,165.92,157.62
ORD103000,2024-04-05,CUST1065,Colleen Brock,Central,Power Bank,Electronics,190.16,1.0,20.0,Cash on Delivery,Online,190.16,152.13
ORD100358,2024-10-16,CUST1395,Kimberly Hernandez,Central,Wireless Mouse,Electronics,315.08,1.0,0.0,Cash on Delivery,In-Store,315.08,315.08
ORD104007,2024-07-04,CUST1068,Paul Larsen,Central,Desk Lamp,Office Supplies,286.92,1.0,0.0,UPI,Mobile App,286.92,286.92
ORD103755,2024-06-30,CUST1743,Lee Stewart,West,Air Fryer,Home & Kitchen,106.69,1.0,0.0,Debit Card,In-Store,106.69,106.69
ORD102545,2025-01-16,CUST1206,Stacey Arias,Central,Non-stick Pan Set,Home & Kitchen,78.47,2.0,0.0,UPI,Online,156.94,156.94
ORD104936,2025-06-17,CUST1350,Kathryn Cooper,South,Smartwatch,Electronics,342.1,1.0,20.0,Cash on Delivery,In-Store,342.1,273.68
ORD105916,2024-08-21,CUST1534,Lisa Morris,East,Electric Kettle,Home & Kitchen,139.37,1.0,0.0,Debit Card,Online,139.37,139.37
ORD103075,2025-02-16,CUST1222,Kathleen Jimenez,South,Mechanical Keyboard,Electronics,66.81,1.0,0.0,Cash on Delivery,Online,66.81,66.81
ORD101403,2024-03-26,CUST1247,Kayla Rodriguez,North,Electric Kettle,Home & Kitchen,179.79,1.0,0.0,Cash on Delivery,Online,179.79,179.79
ORD104331,2024-04-10,CUST1362,Melissa Brewer,South,Blender,Home & Kitchen,198.11,1.0,0.0,Debit Card,In-Store,198.11,198.11
ORD100803,2024-02-08,CUST1620,Gloria Spencer,East,Blender,Home & Kitchen,135.41,2.0,0.0,Credit Card,Online,270.82,270.82
ORD100871,2025-05-24,CUST1580,Travis Hopkins,East,Noise Cancelling Headphones,Electronics,126.62,5.0,5.0,Credit Card,Online,633.1,601.45
ORD100527,2025-05-18,CUST1182,Anita Richard,South,Desk Lamp,Office Supplies,142.12,5.0,0.0,Debit Card,Mobile App,710.6,710.6
ORD103104,2025-09-06,CUST1727,Louis Brown,South,Desk Lamp,Office Supplies,54.36,1.0,0.0,Cash on Delivery,Mobile App,54.36,54.36
ORD103017,2024-01-23,CUST1364,Tracey Wagner,North,Air Fryer,Home & Kitchen,55.11,1.0,0.0,Debit Card,In-Store,55.11,55.11
ORD102194,2024-09-22,CUST1414,Angela Bradley,North,Coffee Maker,Home & Kitchen,111.14,1.0,0.0,Credit Card,In-Store,111.14,111.14
ORD103574,2024-06-11,CUST1060,Richard Lawson,South,Webcam HD,Electronics,425.01,1.0,10.0,Credit Card,In-Store,425.01,382.51
ORD101574,2025-03-04,CUST1874,Tammy Morgan,South,Bluetooth Speaker,Electronics,134.69,1.0,5.0,PayPal,Online,134.69,127.96
ORD105163,2025-09-19,CUST1434,Suzanne Johnson,Central,Webcam HD,Electronics,83.49,1.0,0.0,PayPal,Online,83.49,83.49
ORD103595,2025-01-03,CUST1125,Matthew Hoover,North,Desk Lamp,Office Supplies,254.76,3.0,15.0,Credit Card,Mobile App,764.28,649.64
ORD101521,2024-12-11,CUST1640,Eddie Adams,North,Webcam HD,Electronics,99.86,1.0,0.0,Cash on Delivery,Mobile App,99.86,99.86
ORD103724,2024-11-03,CUST1162,Donald Schultz,West,Portable SSD 1TB,Electronics,176.83,3.0,0.0,UPI,Mobile App,530.49,530.49
ORD105625,2025-06-10,CUST1877,Tina Daugherty,North,Smartwatch,Electronics,103.71,2.0,20.0,Debit Card,Mobile App,207.42,165.94
ORD103444,2025-12-11,CUST1335,Linda Mueller,Central,Toaster,Home & Kitchen,109.85,4.0,10.0,Credit Card,Mobile App,439.4,395.46
ORD103284,2025-05-17,CUST1417,Christopher Owens,West,Mechanical Keyboard,Electronics,407.17,1.0,0.0,Debit Card,In-Store,407.17,407.17
ORD104471,2025-10-09,CUST1165,Brandon Simmons,Central,Rice Cooker,Home & Kitchen,29.86,2.0,0.0,Cash on Delivery,In-Store,59.72,59.72
ORD102574,2024-11-24,CUST1876,Christie Fox,South,Coffee Maker,Home & Kitchen,35.74,2.0,0.0,Credit Card,In-Store,71.48,71.48
ORD102586,2025-04-22,CUST1430,Devin Johnson,East,Cotton T-Shirt,Apparel,61.98,2.0,0.0,Credit Card,Mobile App,123.96,123.96
ORD100674,2024-01-06,CUST1459,James Nash,North,Notebook Pack,Office Supplies,98.32,2.0,0.0,Debit Card,Mobile App,196.64,196.64
ORD103337,2024-09-01,CUST1579,Victor Holden,South,Desk Lamp,Office Supplies,200.29,2.0,0.0,Unknown,Mobile App,400.58,400.58
ORD100139,2025-04-26,CUST1567,Clinton Jensen,West,Yoga Mat,Sports & Outdoors,286.58,2.0,0.0,UPI,In-Store,573.16,573.16
ORD103889,2025-05-06,CUST1871,Joshua Martin,Central,Notebook Pack,Office Supplies,328.65,1.0,5.0,UPI,Online,328.65,312.22
ORD103778,2024-05-06,CUST1849,Stephanie Butler,North,Electric Kettle,Home & Kitchen,102.29,1.0,10.0,Debit Card,Mobile App,102.29,92.06
ORD100987,2024-11-16,CUST1108,Tammy Gonzales,Central,Bluetooth Speaker,Electronics,43.96,4.0,5.0,Cash on Delivery,Mobile App,175.84,167.05
ORD100920,2025-02-13,CUST1525,Jordan Clark,Central,USB-C Hub,Electronics,117.98,1.0,0.0,PayPal,In-Store,117.98,117.98
ORD102621,2024-01-25,CUST1037,Kevin Mills,West,Yoga Mat,Sports & Outdoors,139.4,2.0,0.0,Credit Card,In-Store,278.8,278.8
ORD104284,2024-02-08,CUST1899,Rachel Jones,South,Mechanical Keyboard,Electronics,128.17,3.0,0.0,Cash on Delivery,In-Store,384.51,384.51
ORD102980,2025-07-14,CUST1614,Jordan Powell,South,Portable SSD 1TB,Electronics,51.4,1.0,20.0,Cash on Delivery,Mobile App,51.4,41.12
ORD103011,2024-02-14,CUST1754,David Hayes DVM,North,27in Monitor,Electronics,257.89,1.0,10.0,Debit Card,Online,257.89,232.1
ORD105136,2025-08-10,CUST1157,Richard Young,North,Cotton T-Shirt,Apparel,113.05,1.0,0.0,Debit Card,In-Store,113.05,113.05
ORD102754,2024-08-21,CUST1186,Justin Riley,West,Cotton T-Shirt,Apparel,60.95,1.0,5.0,PayPal,Mobile App,60.95,57.9
ORD102858,2024-07-21,CUST1686,Tammy Moore,West,Cotton T-Shirt,Apparel,24.59,5.0,0.0,UPI,In-Store,122.95,122.95
ORD103066,2024-07-20,CUST1196,James Conner,South,Mechanical Keyboard,Electronics,249.73,5.0,0.0,PayPal,Mobile App,1248.65,1248.65
ORD104868,2024-01-09,CUST1731,Joseph Cruz,North,Vacuum Cleaner,Home & Kitchen,102.35,3.0,0.0,Credit Card,Mobile App,307.05,307.05
ORD100096,2025-07-04,CUST1099,John Peterson,Central,Blender,Home & Kitchen,29.07,1.0,0.0,UPI,In-Store,29.07,29.07
ORD105661,2024-03-21,CUST1742,Lisa Rodriguez,Central,USB-C Hub,Electronics,240.51,1.0,5.0,PayPal,Mobile App,240.51,228.48
ORD101665,2024-07-26,CUST1154,Gavin Zhang,South,Smartwatch,Electronics,374.0,1.0,5.0,UPI,In-Store,374.0,355.3
ORD101246,2025-04-09,CUST1202,Vincent Mueller,South,Portable SSD 1TB,Electronics,347.35,1.0,10.0,Cash on Delivery,Online,347.35,312.62
ORD105610,2024-12-25,CUST1523,Jillian Wilson,Central,Cycling Helmet,Sports & Outdoors,250.07,3.0,0.0,PayPal,Mobile App,750.21,750.21
ORD105791,2025-03-14,CUST1798,Mark Clark,East,Notebook Pack,Office Supplies,22.43,1.0,20.0,PayPal,In-Store,22.43,17.94
ORD104345,2025-02-03,CUST1809,Tammy Hill,East,Bluetooth Speaker,Electronics,129.87,1.0,15.0,UPI,In-Store,129.87,110.39
ORD104829,2024-03-14,CUST1135,Brooke Alexander,South,Toaster,Home & Kitchen,191.51,3.0,0.0,Unknown,Mobile App,574.53,574.53
ORD105727,2025-04-19,CUST1705,Mary Lin,Central,Desk Lamp,Office Supplies,255.8,1.0,15.0,PayPal,Mobile App,255.8,217.43
ORD101466,2025-08-01,CUST1880,Jill Riddle,West,Dumbbell Set,Sports & Outdoors,79.95,1.0,10.0,UPI,Mobile App,79.95,71.96
ORD101094,2024-11-06,CUST1314,Robert Jackson,South,Air Fryer,Home & Kitchen,64.2,1.0,15.0,PayPal,In-Store,64.2,54.57
ORD105939,2025-05-16,CUST1698,Kirk Johnson,East,Rice Cooker,Home & Kitchen,41.65,1.0,0.0,Debit Card,Mobile App,41.65,41.65
ORD102803,2024-09-30,CUST1511,Charles Holland,Central,Dumbbell Set,Sports & Outdoors,157.89,1.0,0.0,Unknown,In-Store,157.89,157.89
ORD103729,2025-05-24,CUST1499,Katherine Christensen MD,East,USB-C Hub,Electronics,388.39,5.0,0.0,UPI,Mobile App,1941.95,1941.95
ORD104384,2024-07-20,CUST1631,Kenneth Perez,Central,Webcam HD,Electronics,62.83,1.0,0.0,Credit Card,Online,62.83,62.83
ORD100488,2025-09-01,CUST1620,Gloria Spencer,Central,Notebook Pack,Office Supplies,344.43,2.0,0.0,PayPal,Mobile App,688.86,688.86
ORD103191,2024-05-17,CUST1531,Leah Barton,East,Yoga Mat,Sports & Outdoors,153.41,1.0,0.0,Cash on Delivery,In-Store,153.41,153.41
ORD102729,2025-01-17,CUST1214,Rachel Romero,North,Notebook Pack,Office Supplies,161.03,1.0,0.0,PayPal,Online,161.03,161.03
ORD102832,2024-02-11,CUST1358,Katherine Church,East,Mechanical Keyboard,Electronics,214.87,2.0,0.0,PayPal,Online,429.74,429.74
ORD103390,2025-03-06,CUST1470,Jeremy Mcintyre,South,Electric Kettle,Home & Kitchen,177.47,2.0,0.0,Credit Card,Mobile App,354.94,354.94
ORD104940,2024-03-05,CUST1139,Crystal Pham,West,Yoga Pants,Apparel,62.2,1.0,10.0,UPI,Online,62.2,55.98
ORD100042,2025-05-21,CUST1735,Lisa Snyder,South,Cycling Helmet,Sports & Outdoors,256.72,1.0,5.0,Debit Card,Mobile App,256.72,243.88
ORD101170,2025-12-20,CUST1329,Haley Davis,Central,Electric Kettle,Home & Kitchen,84.03,1.0,15.0,Cash on Delivery,Mobile App,84.03,71.43
ORD103271,2025-12-02,CUST1132,James Thomas,North,Toaster,Home & Kitchen,112.94,1.0,0.0,Credit Card,In-Store,112.94,112.94
ORD102315,2024-01-06,CUST1471,Samantha Robertson,South,Air Fryer,Home & Kitchen,74.95,3.0,10.0,UPI,Online,224.85,202.36
ORD105065,2024-11-05,CUST1353,Ashley Sweeney,North,Water Bottle,Sports & Outdoors,218.12,2.0,5.0,Debit Card,Online,436.24,414.43
ORD102299,2024-01-24,CUST1281,Paul Finley,West,Running Shoes,Apparel,82.59,1.0,0.0,Cash on Delivery,In-Store,82.59,82.59
ORD105620,2024-05-26,CUST1112,Robert Costa,East,USB-C Hub,Electronics,436.37,1.0,0.0,Cash on Delivery,Online,436.37,436.37
ORD101931,2024-04-07,CUST1813,Michelle Garcia,West,USB-C Hub,Electronics,104.55,4.0,0.0,PayPal,Online,418.2,418.2
ORD101133,2025-11-15,CUST1759,Stephen Garcia,East,Denim Jacket,Apparel,59.02,1.0,10.0,Credit Card,Online,59.02,53.12
ORD100616,2024-08-07,CUST1147,Terri Murphy,Central,Toaster,Home & Kitchen,181.17,2.0,0.0,UPI,In-Store,362.34,362.34
ORD105468,2024-12-29,CUST1323,Adam Jackson,West,Portable SSD 1TB,Electronics,384.45,2.0,0.0,Debit Card,Mobile App,768.9,768.9
ORD103441,2024-11-17,CUST1690,Tammy Cook,West,Cycling Helmet,Sports & Outdoors,261.19,1.0,0.0,PayPal,Online,261.19,261.19
ORD103708,2024-09-19,CUST1377,Heather Brown,West,Bluetooth Speaker,Electronics,448.31,2.0,20.0,Credit Card,Mobile App,896.62,717.3
ORD102273,2024-12-02,CUST1117,Michael Martinez,West,Wireless Mouse,Electronics,348.96,1.0,0.0,Credit Card,Online,348.96,348.96
ORD102526,2024-07-05,CUST1604,Justin Webb,East,Non-stick Pan Set,Home & Kitchen,168.33,1.0,10.0,UPI,Online,168.33,151.5
ORD100119,2025-10-22,CUST1359,Harold Ellis,East,Ergonomic Chair,Office Supplies,183.56,1.0,10.0,Debit Card,Online,183.56,165.2
ORD103134,2025-11-12,CUST1046,Sandra Aguilar,West,Smartwatch,Electronics,37.86,1.0,15.0,Cash on Delivery,Mobile App,37.86,32.18
ORD103639,2024-12-05,CUST1324,Shannon Davis,Central,Mechanical Keyboard,Electronics,267.14,2.0,0.0,Credit Card,Mobile App,534.28,534.28
ORD100165,2024-02-09,CUST1512,Anna Briggs,North,Notebook Pack,Office Supplies,199.66,1.0,0.0,PayPal,In-Store,199.66,199.66
ORD105098,2025-02-21,CUST1466,Kara Jackson,East,Portable SSD 1TB,Electronics,371.99,2.0,0.0,Cash on Delivery,In-Store,743.98,743.98
ORD100854,2024-12-27,CUST1186,Justin Riley,North,Noise Cancelling Headphones,Electronics,432.82,1.0,10.0,UPI,In-Store,432.82,389.54
ORD104920,2025-02-10,CUST1628,Jamie Garcia,South,Toaster,Home & Kitchen,71.93,1.0,0.0,UPI,In-Store,71.93,71.93
ORD101720,2025-09-09,CUST1405,Courtney Wright,South,Webcam HD,Electronics,358.86,3.0,5.0,Cash on Delivery,Online,1076.58,1022.75
ORD105532,2025-08-21,CUST1359,Harold Ellis,West,USB-C Hub,Electronics,330.69,5.0,15.0,Cash on Delivery,Mobile App,1653.45,1405.43
ORD101164,2024-04-24,CUST1172,Kylie Morales,Central,Portable SSD 1TB,Electronics,174.0,3.0,0.0,PayPal,Mobile App,522.0,522.0
ORD102470,2025-01-04,CUST1766,Anna Lang,East,Power Bank,Electronics,182.58,1.0,0.0,Credit Card,In-Store,182.58,182.58
ORD101760,2024-04-25,CUST1523,Jillian Wilson,North,Ergonomic Chair,Office Supplies,332.92,1.0,5.0,Cash on Delivery,Online,332.92,316.27
ORD105559,2025-03-28,CUST1528,Jacqueline Rodriguez,North,Air Fryer,Home & Kitchen,163.6,2.0,0.0,Credit Card,In-Store,327.2,327.2
ORD104410,2024-03-13,CUST1147,Terri Murphy,West,Wireless Mouse,Electronics,307.01,1.0,0.0,PayPal,Mobile App,307.01,307.01
ORD103812,2024-07-21,CUST1702,Christina Mills,South,Water Bottle,Sports & Outdoors,64.1,2.0,15.0,Debit Card,Online,128.2,108.97
ORD100057,2025-08-29,CUST1476,Anthony Nash,South,USB-C Hub,Electronics,336.86,5.0,0.0,Debit Card,Online,1684.3,1684.3
ORD103294,2025-04-18,CUST1144,Brenda Levy,South,Yoga Mat,Sports & Outdoors,171.61,4.0,0.0,UPI,Mobile App,686.44,686.44
ORD104571,2025-05-14,CUST1007,Dr. Sharon James,North,Wool Sweater,Apparel,20.26,1.0,15.0,Debit Card,Mobile App,20.26,17.22
ORD103922,2024-01-22,CUST1649,Adam Mills,Central,Cycling Helmet,Sports & Outdoors,278.4,1.0,0.0,Credit Card,In-Store,278.4,278.4
ORD104689,2024-05-22,CUST1244,Kathleen Burton,North,Rice Cooker,Home & Kitchen,66.15,1.0,10.0,UPI,Online,66.15,59.54
ORD102804,2025-03-10,CUST1362,Melissa Brewer,Central,Water Bottle,Sports & Outdoors,193.98,1.0,5.0,Debit Card,Online,193.98,184.28
ORD103068,2024-12-03,CUST1579,Victor Holden,East,Power Bank,Electronics,67.03,1.0,0.0,PayPal,Mobile App,67.03,67.03
ORD105548,2025-01-11,CUST1716,Ryan Thomas,Central,Vacuum Cleaner,Home & Kitchen,181.66,1.0,0.0,UPI,Mobile App,181.66,181.66
ORD103880,2024-03-08,CUST1890,Brandy Martin,North,Desk Lamp,Office Supplies,147.84,1.0,20.0,PayPal,In-Store,147.84,118.27
ORD104786,2024-07-19,CUST1799,James Turner,North,Notebook Pack,Office Supplies,179.48,1.0,5.0,UPI,Online,179.48,170.51
ORD100219,2025-02-11,CUST1321,Judy Sanchez,West,Blender,Home & Kitchen,80.09,2.0,0.0,PayPal,Mobile App,160.18,160.18
ORD102347,2025-11-14,CUST1779,Lisa Dixon,West,Ergonomic Chair,Office Supplies,66.4,1.0,20.0,Credit Card,In-Store,66.4,53.12
ORD102218,2025-03-29,CUST1632,James Thomas,Central,USB-C Hub,Electronics,282.17,1.0,5.0,UPI,In-Store,282.17,268.06
ORD102370,2025-12-20,CUST1619,Harry Nichols,Central,Vacuum Cleaner,Home & Kitchen,202.93,1.0,15.0,UPI,Mobile App,202.93,172.49
ORD103354,2025-04-07,CUST1705,Mary Lin,South,Standing Desk,Office Supplies,62.8,1.0,0.0,Cash on Delivery,Mobile App,62.8,62.8
ORD102675,2024-12-22,CUST1817,Karen Bradley,Central,Cotton T-Shirt,Apparel,116.64,2.0,10.0,Debit Card,Online,233.28,209.95
ORD104763,2025-08-27,CUST1144,Brenda Levy,East,Power Bank,Electronics,286.12,1.0,0.0,Credit Card,Online,286.12,286.12
ORD104225,2024-03-30,CUST1355,Charlotte Sandoval,West,Power Bank,Electronics,249.32,2.0,0.0,Debit Card,In-Store,498.64,498.64
ORD100174,2025-11-28,CUST1734,Toni Smith,North,Smartwatch,Electronics,120.91,1.0,0.0,Credit Card,Mobile App,120.91,120.91
ORD105535,2024-03-29,CUST1838,Dominique Hamilton,West,Electric Kettle,Home & Kitchen,35.99,1.0,10.0,Debit Card,Online,35.99,32.39
ORD105860,2024-07-29,CUST1568,Tara Gamble,South,Cycling Helmet,Sports & Outdoors,286.21,1.0,0.0,Credit Card,In-Store,286.21,286.21
ORD100980,2024-09-13,CUST1370,Heather Page,North,Cycling Helmet,Sports & Outdoors,97.2,2.0,0.0,Cash on Delivery,Online,194.4,194.4
ORD100128,2025-05-12,CUST1349,Brett Walker,South,Wool Sweater,Apparel,68.39,1.0,15.0,Debit Card,Online,68.39,58.13
ORD100938,2024-03-23,CUST1442,Patricia Bradley,South,Cycling Helmet,Sports & Outdoors,56.65,1.0,5.0,Credit Card,In-Store,56.65,53.82
ORD100297,2025-05-29,CUST1874,Tammy Morgan,South,Wool Sweater,Apparel,75.14,1.0,10.0,Cash on Delivery,Mobile App,75.14,67.63
ORD105123,2025-07-05,CUST1615,Kathy Morgan,Central,Non-stick Pan Set,Home & Kitchen,121.13,1.0,5.0,Credit Card,In-Store,121.13,115.07
ORD105017,2025-04-16,CUST1271,David Garcia,North,Wireless Mouse,Electronics,191.26,1.0,0.0,PayPal,In-Store,191.26,191.26
ORD104915,2025-10-11,CUST1319,Megan Drake,South,Smartwatch,Electronics,272.61,1.0,0.0,Debit Card,In-Store,272.61,272.61
ORD102032,2025-07-25,CUST1619,Harry Nichols,Central,Running Shoes,Apparel,43.14,1.0,10.0,Cash on Delivery,Online,43.14,38.83
ORD100546,2024-03-16,CUST1384,Karen Perez,South,Notebook Pack,Office Supplies,87.45,1.0,15.0,UPI,Online,87.45,74.33
ORD100584,2025-12-11,CUST1227,Jessica Martinez,West,Notebook Pack,Office Supplies,68.55,1.0,0.0,Debit Card,In-Store,68.55,68.55
ORD105912,2024-07-30,CUST1255,Gina Mcmillan,North,Noise Cancelling Headphones,Electronics,68.95,1.0,0.0,PayPal,Online,68.95,68.95
ORD101174,2024-12-04,CUST1713,Erin Daniels,East,Denim Jacket,Apparel,118.55,1.0,5.0,Cash on Delivery,In-Store,118.55,112.62
ORD103483,2024-09-30,CUST1052,Matthew Ross,South,Cotton T-Shirt,Apparel,74.43,3.0,0.0,Cash on Delivery,In-Store,223.29,223.29
ORD102927,2025-08-13,CUST1705,Mary Lin,Central,Electric Kettle,Home & Kitchen,204.28,1.0,0.0,UPI,In-Store,204.28,204.28
ORD102936,2024-04-16,CUST1635,Patrick Green,Central,Whiteboard,Office Supplies,202.41,5.0,20.0,PayPal,In-Store,1012.05,809.64
ORD103380,2025-04-17,CUST1563,Daniel Francis,West,Water Bottle,Sports & Outdoors,16.81,1.0,0.0,Debit Card,Online,16.81,16.81
ORD100510,2025-01-28,CUST1565,Andrew Armstrong,East,Cycling Helmet,Sports & Outdoors,279.93,2.0,10.0,Debit Card,In-Store,559.86,503.87
ORD105251,2025-05-19,CUST1174,Sophia Moore,Central,Yoga Pants,Apparel,115.5,1.0,10.0,Cash on Delivery,Mobile App,115.5,103.95
ORD104260,2025-02-26,CUST1198,Ralph Lee,North,Webcam HD,Electronics,406.55,2.0,10.0,Debit Card,Mobile App,813.1,731.79
ORD105907,2024-12-13,CUST1552,Michael Griffin,East,Noise Cancelling Headphones,Electronics,52.29,2.0,10.0,Credit Card,Online,104.58,94.12
ORD102448,2024-06-21,CUST1747,Elizabeth Hunter,West,Notebook Pack,Office Supplies,301.32,2.0,0.0,Cash on Delivery,In-Store,602.64,602.64
ORD101819,2024-01-24,CUST1590,Christopher Nielsen,Central,Portable SSD 1TB,Electronics,379.57,1.0,0.0,Cash on Delivery,Mobile App,379.57,379.57
ORD102205,2025-05-24,CUST1227,Jessica Martinez,South,Smartwatch,Electronics,311.51,4.0,10.0,Cash on Delivery,Mobile App,1246.04,1121.44
ORD102127,2025-11-16,CUST1615,Kathy Morgan,South,Mechanical Keyboard,Electronics,175.9,4.0,15.0,UPI,Online,703.6,598.06
ORD103589,2025-03-03,CUST1458,Joseph Camacho,North,Camping Tent,Sports & Outdoors,122.2,4.0,0.0,PayPal,In-Store,488.8,488.8
ORD104971,2024-12-06,CUST1445,Hayley Buchanan,East,Yoga Pants,Apparel,35.55,1.0,0.0,Cash on Delivery,Online,35.55,35.55
ORD100877,2024-04-20,CUST1087,Robert Medina,West,Portable SSD 1TB,Electronics,224.11,2.0,0.0,UPI,In-Store,448.22,448.22
ORD103359,2025-11-13,CUST1725,Danielle Medina,South,Wool Sweater,Apparel,26.39,2.0,15.0,Debit Card,Mobile App,52.78,44.86
ORD101972,2025-03-14,CUST1838,Dominique Hamilton,North,Standing Desk,Office Supplies,278.61,2.0,0.0,UPI,In-Store,557.22,557.22
ORD104892,2025-04-12,CUST1233,Victoria Contreras,North,Air Fryer,Home & Kitchen,178.48,1.0,0.0,Credit Card,In-Store,178.48,178.48
ORD102935,2025-11-21,CUST1442,Patricia Bradley,North,Running Shoes,Apparel,19.73,1.0,0.0,PayPal,Mobile App,19.73,19.73
ORD103971,2025-02-21,CUST1816,Jared Luna,Central,Yoga Pants,Apparel,59.7,1.0,0.0,UPI,Online,59.7,59.7
ORD104649,2025-06-15,CUST1558,Allison Love,South,Standing Desk,Office Supplies,293.16,1.0,0.0,Cash on Delivery,Mobile App,293.16,293.16
ORD101106,2024-07-05,CUST1450,Jessica Valdez,East,Camping Tent,Sports & Outdoors,110.25,2.0,0.0,PayPal,Mobile App,220.5,220.5
ORD103918,2025-02-04,CUST1663,Jeffrey Smith,South,Wool Sweater,Apparel,52.86,1.0,0.0,Credit Card,Online,52.86,52.86
ORD103331,2025-10-19,CUST1501,Martin Wise,West,Air Fryer,Home & Kitchen,169.72,2.0,0.0,Credit Card,Mobile App,339.44,339.44
ORD101038,2024-07-14,CUST1573,Brandy Quinn,East,Dumbbell Set,Sports & Outdoors,233.97,1.0,15.0,Debit Card,Mobile App,233.97,198.87
ORD101676,2024-10-04,CUST1577,Kimberly Valdez,South,Notebook Pack,Office Supplies,331.98,1.0,0.0,Cash on Delivery,Mobile App,331.98,331.98
ORD103803,2024-01-07,CUST1465,Sharon Beard,West,Water Bottle,Sports & Outdoors,55.11,1.0,0.0,Credit Card,In-Store,55.11,55.11
ORD104560,2025-10-14,CUST1089,Mary Rogers,North,Noise Cancelling Headphones,Electronics,146.39,2.0,0.0,PayPal,In-Store,292.78,292.78
ORD101695,2025-10-09,CUST1571,Matthew Steele,North,Wireless Mouse,Electronics,233.84,1.0,0.0,Unknown,In-Store,233.84,233.84
ORD100001,2025-07-12,CUST1692,Karl Murphy,North,Running Shoes,Apparel,92.86,1.0,10.0,UPI,Online,92.86,83.57
ORD103904,2025-04-28,CUST1067,Jessica Meadows,East,Cotton T-Shirt,Apparel,33.54,2.0,10.0,Debit Card,Mobile App,67.08,60.37
ORD104409,2025-08-29,CUST1535,Denise Stuart,East,Denim Jacket,Apparel,51.61,4.0,0.0,UPI,Online,206.44,206.44
ORD105363,2025-05-06,CUST1532,Jonathan Moreno,South,Denim Jacket,Apparel,30.06,1.0,10.0,Credit Card,In-Store,30.06,27.05
ORD101580,2024-04-23,CUST1077,David Murphy,West,Noise Cancelling Headphones,Electronics,361.82,3.0,0.0,Credit Card,Online,1085.46,1085.46
ORD105437,2024-07-10,CUST1618,Austin Schultz,West,Mechanical Keyboard,Electronics,424.19,2.0,5.0,PayPal,Mobile App,848.38,805.96
ORD103868,2024-12-21,CUST1612,Penny Gomez MD,West,Portable SSD 1TB,Electronics,277.51,1.0,0.0,Cash on Delivery,Online,277.51,277.51
ORD100748,2025-11-06,CUST1656,Diane Martinez,Central,Smartwatch,Electronics,116.87,2.0,5.0,UPI,Mobile App,233.74,222.05
ORD100964,2024-03-01,CUST1342,Douglas Hartman,East,Vacuum Cleaner,Home & Kitchen,150.65,1.0,15.0,Cash on Delivery,Mobile App,150.65,128.05
ORD102835,2025-05-05,CUST1278,David Lopez,North,Non-stick Pan Set,Home & Kitchen,37.31,2.0,0.0,Debit Card,In-Store,74.62,74.62
ORD104588,2025-01-12,CUST1867,Dwayne Bruce,East,Noise Cancelling Headphones,Electronics,212.26,2.0,0.0,Debit Card,Mobile App,424.52,424.52
ORD103152,2025-05-16,CUST1141,Richard Johnson,North,Blender,Home & Kitchen,35.96,5.0,0.0,Debit Card,Online,179.8,179.8
ORD102473,2025-05-02,CUST1344,Sandra Jones,East,Yoga Pants,Apparel,94.73,3.0,5.0,UPI,In-Store,284.19,269.98
ORD101486,2024-06-26,CUST1207,Zachary Brooks,North,Webcam HD,Electronics,62.49,1.0,0.0,Debit Card,In-Store,62.49,62.49
ORD105022,2025-12-19,CUST1024,Crystal Robinson,South,Wireless Mouse,Electronics,432.85,4.0,20.0,Debit Card,Online,1731.4,1385.12
ORD100682,2024-11-12,CUST1579,Victor Holden,East,Bluetooth Speaker,Electronics,53.71,1.0,0.0,UPI,Mobile App,53.71,53.71
ORD100209,2024-11-18,CUST1033,Michael Cross,East,Mechanical Keyboard,Electronics,315.88,1.0,0.0,Debit Card,Mobile App,315.88,315.88
ORD104517,2025-03-06,CUST1604,Justin Webb,South,USB-C Hub,Electronics,179.19,2.0,15.0,Credit Card,In-Store,358.38,304.62
ORD102215,2025-08-21,CUST1288,Daniel Aguilar,South,Dumbbell Set,Sports & Outdoors,184.9,1.0,10.0,UPI,Online,184.9,166.41
ORD103993,2024-12-16,CUST1041,Victoria Valdez,West,Bluetooth Speaker,Electronics,165.4,1.0,0.0,Cash on Delivery,In-Store,165.4,165.4
ORD103115,2024-05-23,CUST1758,Kelly Smith,West,Denim Jacket,Apparel,117.37,3.0,0.0,Credit Card,In-Store,352.11,352.11
ORD103857,2025-04-15,CUST1443,Keith Zuniga,East,Air Fryer,Home & Kitchen,106.37,1.0,10.0,Cash on Delivery,Online,106.37,95.73
ORD100639,2025-08-27,CUST1124,Reginald Williams,West,Ergonomic Chair,Office Supplies,311.71,1.0,0.0,Credit Card,In-Store,311.71,311.71
ORD103493,2025-12-21,CUST1627,Joyce Martinez,South,USB-C Hub,Electronics,224.75,1.0,10.0,PayPal,In-Store,224.75,202.28
ORD104577,2024-05-07,CUST1692,Karl Murphy,North,Cycling Helmet,Sports & Outdoors,82.84,1.0,20.0,PayPal,In-Store,82.84,66.27
ORD100369,2025-02-08,CUST1710,Lori Johns,West,27in Monitor,Electronics,160.06,1.0,5.0,PayPal,In-Store,160.06,152.06
ORD103882,2024-09-14,CUST1150,Kimberly Matthews,Central,USB-C Hub,Electronics,371.72,1.0,0.0,Credit Card,Mobile App,371.72,371.72
ORD101818,2025-07-03,CUST1770,Bethany Garcia,North,USB-C Hub,Electronics,333.6,2.0,0.0,Credit Card,Mobile App,667.2,667.2
ORD102725,2024-07-11,CUST1871,Joshua Martin,West,27in Monitor,Electronics,212.34,1.0,0.0,Cash on Delivery,Online,212.34,212.34
ORD100414,2025-12-18,CUST1677,Rebecca Brown,North,Wool Sweater,Apparel,58.47,1.0,0.0,Debit Card,Online,58.47,58.47
ORD104299,2024-04-18,CUST1176,Michael Watkins,North,Blender,Home & Kitchen,24.5,1.0,0.0,Debit Card,Mobile App,24.5,24.5
ORD105213,2025-10-10,CUST1715,Krystal Moore,East,Yoga Pants,Apparel,99.63,3.0,5.0,Credit Card,Online,298.89,283.95
ORD102178,2024-03-04,CUST1271,David Garcia,East,Mechanical Keyboard,Electronics,144.61,3.0,0.0,UPI,In-Store,433.83,433.83
ORD102837,2024-09-21,CUST1236,Stephen Jones,North,Desk Lamp,Office Supplies,214.16,1.0,0.0,Cash on Delivery,In-Store,214.16,214.16
ORD100420,2025-07-28,CUST1382,Cynthia Rios,West,Noise Cancelling Headphones,Electronics,364.14,2.0,0.0,Debit Card,Online,728.28,728.28
ORD100747,2025-03-27,CUST1693,Nicole Johnston,North,Webcam HD,Electronics,77.76,2.0,0.0,Debit Card,Mobile App,155.52,155.52
ORD102461,2024-10-14,CUST1654,Barry Taylor,East,Ergonomic Chair,Office Supplies,39.19,2.0,0.0,Cash on Delivery,In-Store,78.38,78.38
ORD101361,2024-12-27,CUST1364,Tracey Wagner,West,Rice Cooker,Home & Kitchen,122.16,1.0,10.0,Debit Card,Mobile App,122.16,109.94
ORD103364,2025-03-24,CUST1547,Justin Anderson,West,Cotton T-Shirt,Apparel,85.49,1.0,0.0,Debit Card,Online,85.49,85.49
ORD103805,2024-07-26,CUST1630,Paul Diaz,East,Electric Kettle,Home & Kitchen,131.42,2.0,0.0,Cash on Delivery,Mobile App,262.84,262.84
ORD102094,2024-03-03,CUST1524,Andrew Dunn,North,Power Bank,Electronics,151.78,4.0,5.0,PayPal,Mobile App,607.12,576.76
ORD103424,2024-12-30,CUST1863,Jason Fleming,East,Cotton T-Shirt,Apparel,41.97,2.0,10.0,Credit Card,Online,83.94,75.55
ORD100821,2025-11-03,CUST1499,Katherine Christensen MD,North,Electric Kettle,Home & Kitchen,36.95,2.0,0.0,UPI,In-Store,73.9,73.9
ORD101916,2025-01-13,CUST1805,Joseph Jennings,North,Desk Lamp,Office Supplies,64.66,2.0,0.0,UPI,In-Store,129.32,129.32
ORD101670,2024-09-29,CUST1568,Tara Gamble,West,Noise Cancelling Headphones,Electronics,307.82,4.0,5.0,Credit Card,Mobile App,1231.28,1169.72
ORD104923,2025-12-29,CUST1612,Penny Gomez MD,South,Whiteboard,Office Supplies,104.28,4.0,0.0,UPI,In-Store,417.12,417.12
ORD103423,2024-10-15,CUST1574,Mr. Matthew Miller,West,Standing Desk,Office Supplies,175.36,2.0,0.0,Debit Card,In-Store,350.72,350.72
ORD102752,2025-07-12,CUST1893,Heidi Ferguson,North,Dumbbell Set,Sports & Outdoors,162.61,5.0,10.0,UPI,Mobile App,813.05,731.74
ORD103762,2024-12-21,CUST1896,Tammy Mendoza,South,Toaster,Home & Kitchen,170.66,1.0,10.0,UPI,Mobile App,170.66,153.59
ORD101029,2025-04-30,CUST1168,Michelle Schmitt,Central,Non-stick Pan Set,Home & Kitchen,205.42,2.0,0.0,UPI,Online,410.84,410.84
ORD101630,2025-09-06,CUST1028,Victoria Garcia,West,Water Bottle,Sports & Outdoors,42.86,1.0,5.0,Debit Card,Online,42.86,40.72
ORD101147,2024-06-04,CUST1863,Jason Fleming,Central,Coffee Maker,Home & Kitchen,156.08,2.0,15.0,Cash on Delivery,In-Store,312.16,265.34
ORD102137,2024-02-02,CUST1284,Tyler Mendoza,West,Coffee Maker,Home & Kitchen,20.3,5.0,0.0,Debit Card,Online,101.5,101.5
ORD103923,2025-11-21,CUST1200,James Martin,West,Denim Jacket,Apparel,85.73,4.0,10.0,UPI,Mobile App,342.92,308.63
ORD104881,2024-11-01,CUST1631,Kenneth Perez,North,Running Shoes,Apparel,60.6,1.0,10.0,PayPal,In-Store,60.6,54.54
ORD101546,2025-12-19,CUST1240,Travis Stone,South,Running Shoes,Apparel,81.24,2.0,0.0,Cash on Delivery,Mobile App,162.48,162.48
ORD104432,2024-12-02,CUST1134,David Scott,North,Vacuum Cleaner,Home & Kitchen,138.02,1.0,5.0,Cash on Delivery,Mobile App,138.02,131.12
ORD105159,2024-09-04,CUST1601,Adrienne Mills,East,Wireless Mouse,Electronics,179.52,1.0,15.0,Credit Card,Mobile App,179.52,152.59
ORD105641,2024-07-07,CUST1827,Christopher Garza,Central,Vacuum Cleaner,Home & Kitchen,145.89,3.0,5.0,PayPal,Mobile App,437.67,415.79
ORD100596,2024-07-02,CUST1694,George Alvarez,Central,Blender,Home & Kitchen,25.94,2.0,0.0,PayPal,Online,51.88,51.88
ORD104932,2024-09-16,CUST1708,Thomas Torres,West,Bluetooth Speaker,Electronics,321.67,2.0,0.0,UPI,Mobile App,643.34,643.34
ORD103563,2024-11-07,CUST1518,Krystal Levine,East,Power Bank,Electronics,359.27,3.0,5.0,PayPal,Mobile App,1077.81,1023.92
ORD102864,2024-08-25,CUST1305,Tammy Boone,North,Toaster,Home & Kitchen,180.44,5.0,10.0,Cash on Delivery,In-Store,902.2,811.98
ORD103235,2024-01-25,CUST1468,Alicia Roth,West,Electric Kettle,Home & Kitchen,151.85,2.0,5.0,UPI,Mobile App,303.7,288.52
ORD100295,2025-04-21,CUST1045,Michael Hoffman,South,Wool Sweater,Apparel,34.41,4.0,0.0,PayPal,Mobile App,137.64,137.64
ORD103616,2024-07-31,CUST1156,Brianna Anderson,Central,USB-C Hub,Electronics,221.28,2.0,5.0,Cash on Delivery,In-Store,442.56,420.43
ORD101030,2025-04-14,CUST1710,Lori Johns,West,Mechanical Keyboard,Electronics,447.16,1.0,0.0,Credit Card,Mobile App,447.16,447.16
ORD102125,2024-08-25,CUST1025,Shannon Jones,East,Vacuum Cleaner,Home & Kitchen,72.68,5.0,15.0,UPI,Mobile App,363.4,308.89
ORD101449,2024-06-17,CUST1041,Victoria Valdez,East,Power Bank,Electronics,363.42,1.0,15.0,Debit Card,Online,363.42,308.91
ORD101142,2025-06-10,CUST1286,Angela Griffin,East,Electric Kettle,Home & Kitchen,110.64,1.0,5.0,PayPal,Online,110.64,105.11
ORD102248,2025-12-08,CUST1808,Cathy Rodriguez,East,27in Monitor,Electronics,204.72,1.0,0.0,UPI,In-Store,204.72,204.72
ORD104314,2024-09-23,CUST1159,Jodi Walker,South,Portable SSD 1TB,Electronics,249.66,2.0,10.0,Cash on Delivery,In-Store,499.32,449.39
ORD102522,2025-05-10,CUST1865,Grant Lucas,South,Ergonomic Chair,Office Supplies,194.08,5.0,0.0,Cash on Delivery,Mobile App,970.4,970.4
ORD102450,2025-07-31,CUST1220,Matthew Mitchell,West,Yoga Pants,Apparel,52.63,1.0,5.0,Debit Card,Online,52.63,50.0
ORD101297,2025-12-05,CUST1805,Joseph Jennings,West,Cotton T-Shirt,Apparel,42.71,1.0,0.0,PayPal,Mobile App,42.71,42.71
ORD101657,2025-10-02,CUST1301,Sheryl Buck,East,Portable SSD 1TB,Electronics,94.07,1.0,0.0,Debit Card,Online,94.07,94.07
ORD100244,2024-10-01,CUST1844,Andrew Carroll,South,Cotton T-Shirt,Apparel,104.26,3.0,0.0,PayPal,In-Store,312.78,312.78
ORD105331,2025-09-22,CUST1151,Teresa Ramirez,Central,Notebook Pack,Office Supplies,18.88,2.0,0.0,PayPal,Mobile App,37.76,37.76
ORD102873,2024-12-30,CUST1382,Cynthia Rios,West,Yoga Pants,Apparel,27.17,4.0,0.0,Cash on Delivery,Online,108.68,108.68
ORD105137,2025-04-20,CUST1074,Stephanie Freeman,North,Bluetooth Speaker,Electronics,444.37,5.0,20.0,UPI,Online,2221.85,1777.48
ORD102939,2024-03-05,CUST1563,Daniel Francis,Central,Toaster,Home & Kitchen,121.68,2.0,0.0,Cash on Delivery,In-Store,243.36,243.36
ORD101027,2025-03-21,CUST1009,Joel Nelson,East,Smartwatch,Electronics,232.06,2.0,0.0,PayPal,Mobile App,464.12,464.12
ORD104396,2025-06-01,CUST1824,Judy Gregory,Central,Ergonomic Chair,Office Supplies,175.81,3.0,0.0,PayPal,Online,527.43,527.43
ORD105168,2025-07-21,CUST1353,Ashley Sweeney,South,Water Bottle,Sports & Outdoors,278.05,2.0,5.0,Debit Card,Mobile App,556.1,528.29
ORD102048,2024-02-15,CUST1849,Stephanie Butler,South,Yoga Mat,Sports & Outdoors,125.29,1.0,0.0,Cash on Delivery,Mobile App,125.29,125.29
ORD103666,2025-08-12,CUST1060,Richard Lawson,West,Denim Jacket,Apparel,69.99,1.0,15.0,Cash on Delivery,Online,69.99,59.49
ORD102849,2025-05-21,CUST1228,Amanda Hernandez,South,Wool Sweater,Apparel,81.98,3.0,20.0,Credit Card,In-Store,245.94,196.75
ORD103642,2024-10-27,CUST1435,Sara Cochran,Central,Cycling Helmet,Sports & Outdoors,54.01,1.0,15.0,Credit Card,Online,54.01,45.91
ORD102197,2024-05-24,CUST1497,James Chapman,West,Dumbbell Set,Sports & Outdoors,129.84,2.0,0.0,UPI,Online,259.68,259.68
ORD105651,2025-04-08,CUST1634,Brett Martin,Central,Cotton T-Shirt,Apparel,61.1,5.0,0.0,UPI,In-Store,305.5,305.5
ORD103744,2025-05-18,CUST1799,James Turner,South,Cotton T-Shirt,Apparel,84.61,2.0,10.0,PayPal,Online,169.22,152.3
ORD104877,2024-04-21,CUST1692,Karl Murphy,East,27in Monitor,Electronics,293.18,1.0,0.0,PayPal,Online,293.18,293.18
ORD101247,2025-01-19,CUST1145,Richard Smith,East,Air Fryer,Home & Kitchen,44.78,3.0,0.0,UPI,Mobile App,134.34,134.34
ORD105132,2025-02-07,CUST1763,Amber Johnson,North,Whiteboard,Office Supplies,120.4,2.0,0.0,PayPal,Online,240.8,240.8
ORD101898,2024-08-06,CUST1645,Mark Anderson,North,Portable SSD 1TB,Electronics,348.82,2.0,10.0,PayPal,Mobile App,697.64,627.88
ORD104662,2025-07-04,CUST1626,Robert Mendoza,West,Yoga Mat,Sports & Outdoors,237.44,4.0,15.0,PayPal,In-Store,949.76,807.3
ORD103087,2025-08-14,CUST1579,Victor Holden,East,Portable SSD 1TB,Electronics,184.36,2.0,0.0,UPI,Online,368.72,368.72
ORD101526,2024-03-28,CUST1453,Matthew Greene,North,27in Monitor,Electronics,261.95,1.0,10.0,Cash on Delivery,Online,261.95,235.76
ORD101149,2024-03-09,CUST1751,Kristen Smith,West,Yoga Mat,Sports & Outdoors,33.56,2.0,5.0,UPI,Online,67.12,63.76
ORD102751,2024-02-08,CUST1772,Daniel Benson,East,Power Bank,Electronics,254.67,3.0,15.0,Credit Card,Online,764.01,649.41
ORD100395,2024-12-27,CUST1282,Melissa Brown,Central,Wireless Mouse,Electronics,177.89,2.0,10.0,UPI,Mobile App,355.78,320.2
ORD105155,2025-08-02,CUST1159,Jodi Walker,North,USB-C Hub,Electronics,220.52,2.0,5.0,Debit Card,Online,441.04,418.99
ORD104069,2025-02-21,CUST1835,Justin Lee,Central,Mechanical Keyboard,Electronics,296.53,1.0,5.0,UPI,Mobile App,296.53,281.7
ORD103585,2025-01-29,CUST1267,Justin Michael,South,Yoga Pants,Apparel,25.07,1.0,15.0,PayPal,In-Store,25.07,21.31
ORD103200,2025-06-09,CUST1047,Rebecca Valencia,North,Running Shoes,Apparel,63.72,2.0,5.0,Cash on Delivery,Online,127.44,121.07
ORD100495,2024-11-14,CUST1250,Kathleen Davis,West,Non-stick Pan Set,Home & Kitchen,74.21,4.0,0.0,PayPal,Mobile App,296.84,296.84
ORD101701,2025-07-29,CUST1790,Angela Schultz,South,27in Monitor,Electronics,27.68,2.0,0.0,Credit Card,Mobile App,55.36,55.36
ORD105334,2024-06-11,CUST1073,Sarah Ashley,West,Coffee Maker,Home & Kitchen,130.4,1.0,0.0,UPI,Online,130.4,130.4
ORD105925,2024-07-18,CUST1336,Misty Hansen,North,Cycling Helmet,Sports & Outdoors,194.33,3.0,15.0,Credit Card,Mobile App,582.99,495.54
ORD105020,2024-11-28,CUST1557,Ronald Johns,West,Wireless Mouse,Electronics,54.62,1.0,0.0,Credit Card,Online,54.62,54.62
ORD100107,2024-04-05,CUST1093,Kara Schmidt,Central,Vacuum Cleaner,Home & Kitchen,94.86,1.0,10.0,PayPal,Online,94.86,85.37
ORD105888,2025-07-01,CUST1484,Jason Price,South,Mechanical Keyboard,Electronics,221.02,5.0,5.0,Credit Card,Mobile App,1105.1,1049.84
ORD103839,2025-04-20,CUST1767,Pamela Ruiz,North,Portable SSD 1TB,Electronics,165.02,1.0,0.0,Credit Card,Online,165.02,165.02
ORD100432,2025-04-05,CUST1070,Chris Reyes,South,Yoga Pants,Apparel,51.5,2.0,0.0,PayPal,Mobile App,103.0,103.0
ORD102528,2025-05-23,CUST1147,Terri Murphy,East,Air Fryer,Home & Kitchen,171.37,1.0,0.0,Debit Card,Mobile App,171.37,171.37
ORD100734,2024-04-12,CUST1157,Richard Young,North,Non-stick Pan Set,Home & Kitchen,137.39,2.0,20.0,Cash on Delivery,Mobile App,274.78,219.82
ORD103767,2025-06-30,CUST1424,Carl Stein,Central,Wireless Mouse,Electronics,120.69,3.0,0.0,UPI,Online,362.07,362.07
ORD101591,2025-06-04,CUST1617,Tonya Ellis,West,Standing Desk,Office Supplies,288.61,4.0,0.0,Cash on Delivery,Online,1154.44,1154.44
ORD103977,2025-08-24,CUST1340,Erin Cook,East,Denim Jacket,Apparel,27.66,1.0,10.0,Credit Card,In-Store,27.66,24.89
ORD105743,2024-08-14,CUST1229,Laura Moreno,North,Cotton T-Shirt,Apparel,65.31,1.0,0.0,Credit Card,In-Store,65.31,65.31
ORD101240,2025-05-15,CUST1832,Adam Howe,East,Whiteboard,Office Supplies,340.19,1.0,10.0,Credit Card,In-Store,340.19,306.17
ORD101582,2024-05-10,CUST1526,Sarah Rivera,South,Non-stick Pan Set,Home & Kitchen,214.74,2.0,0.0,Cash on Delivery,Mobile App,429.48,429.48
ORD105768,2025-10-30,CUST1815,Gary Myers,North,Cycling Helmet,Sports & Outdoors,201.1,1.0,0.0,PayPal,Mobile App,201.1,201.1
ORD105733,2025-12-18,CUST1694,George Alvarez,Central,Yoga Pants,Apparel,62.44,2.0,0.0,Cash on Delivery,Mobile App,124.88,124.88
ORD103992,2024-12-03,CUST1301,Sheryl Buck,West,Whiteboard,Office Supplies,80.82,1.0,0.0,Credit Card,Online,80.82,80.82
ORD100453,2024-05-31,CUST1248,Anthony Dougherty,North,Denim Jacket,Apparel,94.56,3.0,15.0,PayPal,Online,283.68,241.13
ORD102228,2025-10-25,CUST1088,Samuel Rivas,East,Dumbbell Set,Sports & Outdoors,31.27,1.0,10.0,Cash on Delivery,Online,31.27,28.14
ORD105640,2024-11-28,CUST1428,James Barnes,South,Coffee Maker,Home & Kitchen,148.03,2.0,0.0,PayPal,Mobile App,296.06,296.06
ORD102393,2025-12-03,CUST1432,Joseph Moody,East,Non-stick Pan Set,Home & Kitchen,20.01,1.0,15.0,UPI,Mobile App,20.01,17.01
ORD103983,2024-04-01,CUST1507,Daniel Fitzpatrick MD,West,Blender,Home & Kitchen,131.05,5.0,5.0,UPI,Online,655.25,622.49
ORD104190,2025-01-29,CUST1529,Ashley Carr,East,Standing Desk,Office Supplies,16.54,1.0,0.0,Cash on Delivery,Online,16.54,16.54
ORD102546,2024-09-22,CUST1050,Sharon Cochran,West,Cycling Helmet,Sports & Outdoors,74.26,2.0,10.0,Cash on Delivery,Online,148.52,133.67
ORD104853,2025-01-31,CUST1133,Bob Pitts,North,Desk Lamp,Office Supplies,282.14,3.0,0.0,PayPal,Mobile App,846.42,846.42
ORD101609,2025-01-24,CUST1850,Joseph Mendoza,East,Non-stick Pan Set,Home & Kitchen,110.91,5.0,15.0,Credit Card,Mobile App,554.55,471.37
ORD103555,2025-07-08,CUST1840,Leslie Nguyen,Central,Camping Tent,Sports & Outdoors,264.51,1.0,5.0,UPI,Online,264.51,251.28
ORD103584,2025-07-12,CUST1235,Dr. Cynthia Snyder,North,Dumbbell Set,Sports & Outdoors,288.26,4.0,15.0,Cash on Delivery,Online,1153.04,980.08
ORD100962,2025-12-21,CUST1848,Danielle Murphy,Central,Power Bank,Electronics,254.73,1.0,0.0,Debit Card,In-Store,254.73,254.73
ORD102303,2025-05-22,CUST1417,Christopher Owens,South,Yoga Mat,Sports & Outdoors,244.35,3.0,5.0,UPI,Mobile App,733.05,696.4
ORD100993,2024-07-21,CUST1589,Andrew Berry,South,Webcam HD,Electronics,170.17,1.0,0.0,UPI,Online,170.17,170.17
ORD100365,2024-12-01,CUST1663,Jeffrey Smith,Central,Camping Tent,Sports & Outdoors,97.84,4.0,0.0,Cash on Delivery,Online,391.36,391.36
ORD102686,2025-02-03,CUST1688,Misty Mcguire,East,Desk Lamp,Office Supplies,133.72,3.0,0.0,Cash on Delivery,Online,401.16,401.16
ORD104157,2025-03-29,CUST1830,Donald Todd,Central,Bluetooth Speaker,Electronics,417.89,1.0,0.0,Cash on Delivery,Mobile App,417.89,417.89
ORD100835,2025-04-04,CUST1355,Charlotte Sandoval,Central,Noise Cancelling Headphones,Electronics,258.96,1.0,15.0,Credit Card,In-Store,258.96,220.12
ORD104911,2025-01-06,CUST1182,Anita Richard,West,Blender,Home & Kitchen,146.23,3.0,0.0,Debit Card,Mobile App,438.69,438.69
ORD103514,2025-11-05,CUST1187,Jeremy Turner,South,Air Fryer,Home & Kitchen,162.63,2.0,0.0,PayPal,Mobile App,325.26,325.26
ORD104088,2024-08-31,CUST1014,Rebecca Henderson,Central,Toaster,Home & Kitchen,147.99,2.0,15.0,UPI,In-Store,295.98,251.58
ORD104710,2024-04-12,CUST1361,Charles Price,West,Running Shoes,Apparel,95.41,5.0,10.0,UPI,Mobile App,477.05,429.34
ORD105352,2025-02-22,CUST1542,Ashley Parrish,West,Notebook Pack,Office Supplies,254.42,5.0,10.0,PayPal,In-Store,1272.1,1144.89
ORD103671,2024-01-16,CUST1876,Christie Fox,South,USB-C Hub,Electronics,155.13,1.0,0.0,Debit Card,In-Store,155.13,155.13
ORD105333,2024-10-02,CUST1636,Gregory Frazier,Central,USB-C Hub,Electronics,241.83,4.0,0.0,Cash on Delivery,Online,967.32,967.32
ORD101426,2024-08-01,CUST1010,Andrew Stewart,South,Yoga Mat,Sports & Outdoors,144.97,2.0,15.0,Credit Card,Mobile App,289.94,246.45
ORD102911,2025-11-30,CUST1099,John Peterson,North,Cotton T-Shirt,Apparel,43.48,1.0,10.0,Debit Card,Online,43.48,39.13
ORD104704,2024-01-22,CUST1430,Devin Johnson,Central,Water Bottle,Sports & Outdoors,30.19,1.0,15.0,UPI,Mobile App,30.19,25.66
ORD102894,2025-05-17,CUST1161,Katherine Browning,South,Dumbbell Set,Sports & Outdoors,151.14,1.0,10.0,PayPal,Online,151.14,136.03
ORD104406,2025-04-17,CUST1540,James Brown,Central,Noise Cancelling Headphones,Electronics,307.69,2.0,15.0,Cash on Delivery,Online,615.38,523.07
ORD101268,2025-05-21,CUST1833,Devin Cole,West,Noise Cancelling Headphones,Electronics,183.15,5.0,5.0,UPI,In-Store,915.75,869.96
ORD102321,2024-09-03,CUST1617,Tonya Ellis,East,Power Bank,Electronics,289.11,1.0,10.0,Debit Card,Mobile App,289.11,260.2
ORD102119,2024-04-13,CUST1452,Kenneth Larsen,North,Camping Tent,Sports & Outdoors,109.44,2.0,0.0,Debit Card,Online,218.88,218.88
ORD104116,2024-03-08,CUST1664,Lauren Vazquez,North,Noise Cancelling Headphones,Electronics,115.1,1.0,0.0,Cash on Delivery,In-Store,115.1,115.1
ORD105937,2025-07-14,CUST1272,Vanessa Moore,Central,Desk Lamp,Office Supplies,335.27,1.0,20.0,PayPal,Mobile App,335.27,268.22
ORD103543,2024-03-17,CUST1514,Michael Brown,West,Denim Jacket,Apparel,31.4,3.0,0.0,Debit Card,Online,94.2,94.2
ORD101834,2025-05-22,CUST1816,Jared Luna,East,Bluetooth Speaker,Electronics,362.55,4.0,0.0,Cash on Delivery,Mobile App,1450.2,1450.2
ORD104321,2024-06-07,CUST1179,Mary Gomez,Central,Webcam HD,Electronics,69.34,1.0,0.0,Cash on Delivery,In-Store,69.34,69.34
ORD100608,2025-11-18,CUST1639,Logan Sullivan,South,Desk Lamp,Office Supplies,235.58,1.0,0.0,Debit Card,Online,235.58,235.58
ORD100634,2024-09-26,CUST1289,Jose Bryant,West,Dumbbell Set,Sports & Outdoors,263.04,3.0,15.0,PayPal,Mobile App,789.12,670.75
ORD103659,2025-08-31,CUST1189,Julie Spencer,North,Mechanical Keyboard,Electronics,312.4,1.0,0.0,UPI,In-Store,312.4,312.4
ORD102482,2024-01-19,CUST1454,Bradley Anthony,South,Running Shoes,Apparel,96.55,1.0,0.0,PayPal,In-Store,96.55,96.55
ORD100023,2025-09-01,CUST1871,Joshua Martin,North,Portable SSD 1TB,Electronics,238.71,3.0,0.0,Debit Card,In-Store,716.13,716.13
ORD100404,2024-02-03,CUST1489,Julie Wilson,North,Vacuum Cleaner,Home & Kitchen,99.58,3.0,15.0,UPI,Mobile App,298.74,253.93
ORD100906,2025-10-22,CUST1419,Amanda Huff,East,Desk Lamp,Office Supplies,66.86,1.0,0.0,Cash on Delivery,In-Store,66.86,66.86
ORD103580,2024-07-07,CUST1892,Carol Morris,South,Wireless Mouse,Electronics,247.69,1.0,5.0,Cash on Delivery,Mobile App,247.69,235.31
ORD105716,2024-11-04,CUST1023,Jessica Holmes,East,Non-stick Pan Set,Home & Kitchen,54.72,4.0,5.0,UPI,Online,218.88,207.94
ORD100436,2024-03-13,CUST1226,Heidi Owen,South,Desk Lamp,Office Supplies,188.78,2.0,5.0,Debit Card,Mobile App,377.56,358.68
ORD100817,2024-02-22,CUST1526,Sarah Rivera,South,Cycling Helmet,Sports & Outdoors,272.29,1.0,0.0,UPI,Online,272.29,272.29
ORD102449,2025-01-05,CUST1748,Keith Choi,East,Power Bank,Electronics,327.3,1.0,0.0,Unknown,Online,327.3,327.3
ORD104513,2024-04-12,CUST1063,Angel Riggs,North,Bluetooth Speaker,Electronics,359.24,3.0,10.0,Debit Card,Online,1077.72,969.95
ORD100500,2024-04-19,CUST1105,Doris Hall,East,Blender,Home & Kitchen,76.45,1.0,0.0,Credit Card,In-Store,76.45,76.45
ORD105632,2025-03-05,CUST1364,Tracey Wagner,Central,Mechanical Keyboard,Electronics,212.18,2.0,15.0,Debit Card,Online,424.36,360.71
ORD100917,2024-10-30,CUST1231,Michele Lewis,South,Rice Cooker,Home & Kitchen,152.25,5.0,0.0,PayPal,Mobile App,761.25,761.25
ORD102181,2024-02-10,CUST1897,Tracy Jackson,West,Dumbbell Set,Sports & Outdoors,275.8,5.0,5.0,Debit Card,Online,1379.0,1310.05
ORD101953,2025-05-11,CUST1529,Ashley Carr,South,USB-C Hub,Electronics,67.66,2.0,15.0,UPI,Mobile App,135.32,115.02
ORD100759,2024-05-24,CUST1053,Meghan Anthony,East,Rice Cooker,Home & Kitchen,145.96,1.0,5.0,Debit Card,Online,145.96,138.66
ORD103774,2025-02-01,CUST1089,Mary Rogers,East,Power Bank,Electronics,342.12,1.0,0.0,PayPal,Online,342.12,342.12
ORD103714,2024-10-19,CUST1843,James Ellis,Central,Vacuum Cleaner,Home & Kitchen,72.84,1.0,10.0,PayPal,Online,72.84,65.56
ORD102379,2024-11-21,CUST1027,Brent Jordan,Central,Blender,Home & Kitchen,97.11,1.0,5.0,Cash on Delivery,In-Store,97.11,92.25
ORD100523,2025-06-21,CUST1012,Kimberly Burgess,North,Blender,Home & Kitchen,82.65,1.0,0.0,UPI,In-Store,82.65,82.65
ORD104301,2024-04-28,CUST1224,Mitchell Jackson,North,Standing Desk,Office Supplies,30.59,1.0,0.0,Credit Card,In-Store,30.59,30.59
ORD100724,2025-10-15,CUST1274,Taylor Gentry,Central,Bluetooth Speaker,Electronics,248.33,1.0,5.0,Cash on Delivery,Mobile App,248.33,235.91
ORD100994,2024-02-04,CUST1103,Marc Lynch,Central,Noise Cancelling Headphones,Electronics,136.93,2.0,0.0,Credit Card,Mobile App,273.86,273.86
ORD101319,2024-05-19,CUST1068,Paul Larsen,North,USB-C Hub,Electronics,326.84,2.0,20.0,UPI,Mobile App,653.68,522.94
ORD102122,2024-08-20,CUST1104,Brad Allen,West,Webcam HD,Electronics,402.3,5.0,10.0,PayPal,Online,2011.5,1810.35
ORD101822,2025-08-21,CUST1124,Reginald Williams,North,Bluetooth Speaker,Electronics,107.94,2.0,5.0,Debit Card,Mobile App,215.88,205.09
ORD101128,2024-08-02,CUST1528,Jacqueline Rodriguez,Central,Running Shoes,Apparel,24.75,1.0,0.0,UPI,Mobile App,24.75,24.75
ORD100702,2024-09-22,CUST1763,Amber Johnson,North,Power Bank,Electronics,310.67,2.0,0.0,Debit Card,Mobile App,621.34,621.34
ORD101918,2024-11-21,CUST1221,Jessica Ross,South,Desk Lamp,Office Supplies,190.73,2.0,0.0,Debit Card,Mobile App,381.46,381.46
ORD105511,2024-07-19,CUST1305,Tammy Boone,East,Wool Sweater,Apparel,105.53,4.0,15.0,UPI,In-Store,422.12,358.8
ORD105254,2024-10-07,CUST1025,Shannon Jones,South,Cycling Helmet,Sports & Outdoors,159.98,5.0,10.0,Credit Card,In-Store,799.9,719.91
ORD101244,2025-09-03,CUST1254,William Becker,West,Wireless Mouse,Electronics,337.59,1.0,10.0,Credit Card,In-Store,337.59,303.83
ORD101946,2025-08-16,CUST1092,Alan Phillips,West,Electric Kettle,Home & Kitchen,44.49,3.0,0.0,PayPal,Mobile App,133.47,133.47
ORD101969,2024-01-13,CUST1805,Joseph Jennings,North,Standing Desk,Office Supplies,301.51,2.0,0.0,Cash on Delivery,In-Store,603.02,603.02
ORD101001,2024-05-24,CUST1237,Patricia Morrow,Central,Blender,Home & Kitchen,77.7,4.0,5.0,Cash on Delivery,Mobile App,310.8,295.26
ORD102910,2025-09-03,CUST1364,Tracey Wagner,South,Mechanical Keyboard,Electronics,31.47,1.0,0.0,PayPal,In-Store,31.47,31.47
ORD105838,2025-10-15,CUST1771,Jennifer Gutierrez,North,Water Bottle,Sports & Outdoors,133.78,4.0,10.0,Cash on Delivery,Mobile App,535.12,481.61
ORD100236,2025-05-22,CUST1799,James Turner,East,27in Monitor,Electronics,149.14,1.0,0.0,Credit Card,Mobile App,149.14,149.14
ORD104822,2024-11-02,CUST1562,Preston Kim,South,Vacuum Cleaner,Home & Kitchen,107.44,1.0,0.0,Cash on Delivery,Online,107.44,107.44
ORD102063,2025-04-30,CUST1763,Amber Johnson,West,Air Fryer,Home & Kitchen,94.85,1.0,5.0,Credit Card,Mobile App,94.85,90.11
ORD104944,2024-06-02,CUST1186,Justin Riley,East,Portable SSD 1TB,Electronics,297.58,3.0,0.0,Debit Card,In-Store,892.74,892.74
ORD100886,2025-04-11,CUST1716,Ryan Thomas,East,Non-stick Pan Set,Home & Kitchen,23.24,4.0,0.0,PayPal,In-Store,92.96,92.96
ORD102689,2024-07-12,CUST1289,Jose Bryant,North,Electric Kettle,Home & Kitchen,97.58,1.0,0.0,Unknown,Mobile App,97.58,97.58
ORD101772,2025-02-16,CUST1646,Julie Pitts,South,Desk Lamp,Office Supplies,316.04,1.0,20.0,UPI,Online,316.04,252.83
ORD100646,2024-03-22,CUST1297,Austin Wheeler,West,Denim Jacket,Apparel,112.72,2.0,0.0,UPI,In-Store,225.44,225.44
ORD103938,2025-11-19,CUST1011,Jennifer Rocha,West,Smartwatch,Electronics,312.38,1.0,0.0,Cash on Delivery,In-Store,312.38,312.38
ORD102770,2025-11-09,CUST1706,James Bray,West,Vacuum Cleaner,Home & Kitchen,199.51,2.0,0.0,Debit Card,Online,399.02,399.02
ORD100883,2024-11-20,CUST1331,Henry Pugh MD,East,Whiteboard,Office Supplies,77.51,2.0,5.0,UPI,Online,155.02,147.27
ORD101493,2024-02-10,CUST1871,Joshua Martin,South,Yoga Mat,Sports & Outdoors,245.98,1.0,0.0,PayPal,In-Store,245.98,245.98
ORD102180,2025-07-29,CUST1039,Kristine Garcia,Central,Running Shoes,Apparel,19.99,1.0,0.0,UPI,In-Store,19.99,19.99
ORD101208,2025-04-08,CUST1111,Pamela Thompson,South,Wool Sweater,Apparel,54.36,1.0,0.0,Cash on Delivery,In-Store,54.36,54.36
ORD101260,2024-06-12,CUST1746,Mrs. Felicia Castro DDS,South,Running Shoes,Apparel,114.41,4.0,5.0,PayPal,Online,457.64,434.76
ORD100073,2024-10-22,CUST1421,Krista Davis,Central,Toaster,Home & Kitchen,86.66,2.0,0.0,Unknown,Mobile App,173.32,173.32
ORD102500,2024-10-13,CUST1549,Michael Fox,East,Wool Sweater,Apparel,102.94,2.0,10.0,Credit Card,In-Store,205.88,185.29
ORD102604,2024-08-28,CUST1250,Kathleen Davis,North,Cotton T-Shirt,Apparel,71.35,3.0,15.0,PayPal,In-Store,214.05,181.94
ORD102260,2025-02-13,CUST1289,Jose Bryant,West,Camping Tent,Sports & Outdoors,178.61,2.0,0.0,Credit Card,In-Store,357.22,357.22
ORD101821,2025-05-07,CUST1320,Manuel King,West,Denim Jacket,Apparel,101.43,1.0,10.0,UPI,Mobile App,101.43,91.29
ORD101463,2025-09-13,CUST1803,Julia Leonard,West,Dumbbell Set,Sports & Outdoors,61.43,2.0,10.0,UPI,Online,122.86,110.57
ORD104058,2025-03-31,CUST1094,Jesse Parker,Central,Non-stick Pan Set,Home & Kitchen,156.28,3.0,0.0,UPI,Mobile App,468.84,468.84
ORD101581,2025-01-30,CUST1354,Christopher Moore,South,Electric Kettle,Home & Kitchen,167.08,4.0,5.0,Cash on Delivery,Online,668.32,634.9
ORD103183,2025-06-02,CUST1280,Cathy Taylor,East,USB-C Hub,Electronics,148.45,2.0,0.0,Debit Card,Mobile App,296.9,296.9
ORD103568,2024-02-06,CUST1705,Mary Lin,North,27in Monitor,Electronics,226.08,1.0,0.0,Cash on Delivery,In-Store,226.08,226.08
ORD102216,2024-08-06,CUST1463,Donald Ellis,South,Whiteboard,Office Supplies,285.06,1.0,0.0,Debit Card,Mobile App,285.06,285.06
ORD104756,2025-10-02,CUST1239,Amy Martinez,Central,USB-C Hub,Electronics,224.22,1.0,15.0,PayPal,Mobile App,224.22,190.59
ORD101417,2025-12-01,CUST1774,Kyle Nguyen,South,Cotton T-Shirt,Apparel,57.8,1.0,10.0,Cash on Delivery,In-Store,57.8,52.02
ORD101437,2024-08-27,CUST1417,Christopher Owens,South,Desk Lamp,Office Supplies,275.28,1.0,0.0,Cash on Delivery,Mobile App,275.28,275.28
ORD103212,2024-12-17,CUST1501,Martin Wise,West,Denim Jacket,Apparel,94.43,1.0,0.0,UPI,Online,94.43,94.43
ORD101559,2024-09-11,CUST1600,Angela George,Central,Coffee Maker,Home & Kitchen,37.84,1.0,15.0,Cash on Delivery,Mobile App,37.84,32.16
ORD104815,2024-02-26,CUST1382,Cynthia Rios,South,Power Bank,Electronics,39.31,2.0,0.0,PayPal,In-Store,78.62,78.62
ORD104733,2024-03-17,CUST1325,Karen Williams,Central,Electric Kettle,Home & Kitchen,91.59,4.0,5.0,Debit Card,Online,366.36,348.04
ORD105068,2024-02-23,CUST1769,John Bell,North,Desk Lamp,Office Supplies,295.55,3.0,15.0,Credit Card,Mobile App,886.65,753.65
ORD105773,2024-02-23,CUST1193,Rachel Holland,South,Blender,Home & Kitchen,28.66,1.0,0.0,PayPal,In-Store,28.66,28.66
ORD104639,2025-11-22,CUST1891,Mark Jones,West,Wool Sweater,Apparel,29.95,1.0,15.0,PayPal,Online,29.95,25.46
ORD101252,2024-11-23,CUST1891,Mark Jones,West,Standing Desk,Office Supplies,172.76,1.0,0.0,UPI,Online,172.76,172.76
ORD102601,2025-02-16,CUST1344,Sandra Jones,Central,Smartwatch,Electronics,386.61,1.0,0.0,Cash on Delivery,Online,386.61,386.61
ORD102235,2024-05-22,CUST1215,James Burgess,Central,Wool Sweater,Apparel,58.34,2.0,15.0,Credit Card,In-Store,116.68,99.18
ORD102263,2025-06-14,CUST1168,Michelle Schmitt,South,Denim Jacket,Apparel,41.78,1.0,0.0,PayPal,In-Store,41.78,41.78
ORD102148,2024-12-04,CUST1514,Michael Brown,East,Coffee Maker,Home & Kitchen,122.77,1.0,0.0,Cash on Delivery,In-Store,122.77,122.77
ORD103032,2024-06-01,CUST1890,Brandy Martin,South,Vacuum Cleaner,Home & Kitchen,164.54,1.0,0.0,PayPal,Mobile App,164.54,164.54
ORD101292,2025-10-12,CUST1416,Dillon Jones,West,Electric Kettle,Home & Kitchen,169.72,1.0,5.0,Cash on Delivery,Mobile App,169.72,161.23
ORD102786,2024-03-19,CUST1028,Victoria Garcia,East,27in Monitor,Electronics,140.78,3.0,20.0,Cash on Delivery,In-Store,422.34,337.87
ORD102504,2024-04-06,CUST1651,Adam Brooks,East,Notebook Pack,Office Supplies,10.88,1.0,0.0,Credit Card,In-Store,10.88,10.88
ORD100158,2024-03-15,CUST1415,Samuel Howe,East,Cycling Helmet,Sports & Outdoors,95.43,5.0,0.0,Debit Card,In-Store,477.15,477.15
ORD102380,2025-12-29,CUST1247,Kayla Rodriguez,West,Power Bank,Electronics,277.29,1.0,0.0,Cash on Delivery,Mobile App,277.29,277.29
ORD101290,2024-03-15,CUST1489,Julie Wilson,East,Running Shoes,Apparel,30.34,1.0,0.0,Debit Card,Mobile App,30.34,30.34
ORD101661,2024-05-13,CUST1042,Shawn Baker,South,Standing Desk,Office Supplies,246.45,1.0,0.0,UPI,In-Store,246.45,246.45
ORD105133,2025-07-03,CUST1021,Kim Martinez,North,Power Bank,Electronics,215.6,2.0,0.0,Credit Card,Online,431.2,431.2
ORD103884,2025-06-19,CUST1789,Blake Wu,South,Water Bottle,Sports & Outdoors,17.47,1.0,0.0,PayPal,Mobile App,17.47,17.47
ORD102170,2025-09-20,CUST1097,Adrian Ferguson,West,Toaster,Home & Kitchen,31.79,2.0,0.0,UPI,Mobile App,63.58,63.58
ORD105430,2025-02-11,CUST1851,Melissa Russell,Central,Wool Sweater,Apparel,101.38,1.0,20.0,Debit Card,Online,101.38,81.1
ORD102169,2024-01-30,CUST1711,Steven Sandoval,North,27in Monitor,Electronics,311.37,2.0,0.0,UPI,Online,622.74,622.74
ORD101991,2025-08-03,CUST1082,Alexander Collins,East,Power Bank,Electronics,272.08,3.0,5.0,Debit Card,In-Store,816.24,775.43
ORD104711,2025-02-28,CUST1363,Ryan Harvey,South,27in Monitor,Electronics,410.21,2.0,10.0,Credit Card,Online,820.42,738.38
ORD103347,2025-12-27,CUST1785,Stephanie Dominguez,West,Standing Desk,Office Supplies,169.38,1.0,0.0,UPI,Online,169.38,169.38
ORD105595,2024-10-20,CUST1406,Michael Williams,South,Wireless Mouse,Electronics,310.0,1.0,0.0,Cash on Delivery,Online,310.0,310.0
ORD105690,2025-01-06,CUST1574,Mr. Matthew Miller,North,Yoga Mat,Sports & Outdoors,98.09,1.0,0.0,Debit Card,In-Store,98.09,98.09
ORD101451,2024-02-27,CUST1067,Jessica Meadows,Central,Yoga Pants,Apparel,50.16,5.0,0.0,PayPal,Online,250.8,250.8
ORD102023,2025-08-05,CUST1128,Michael Santos,Central,Coffee Maker,Home & Kitchen,144.48,1.0,15.0,Cash on Delivery,Online,144.48,122.81
ORD102177,2025-03-05,CUST1487,Robert Hines,Central,Running Shoes,Apparel,35.44,1.0,15.0,Debit Card,Mobile App,35.44,30.12
ORD101457,2024-06-17,CUST1209,Luis Bullock,North,Toaster,Home & Kitchen,41.74,2.0,10.0,Credit Card,Mobile App,83.48,75.13
ORD105493,2024-02-13,CUST1139,Crystal Pham,West,Cotton T-Shirt,Apparel,32.92,1.0,10.0,Debit Card,In-Store,32.92,29.63
ORD100865,2024-06-15,CUST1028,Victoria Garcia,North,Desk Lamp,Office Supplies,76.21,1.0,0.0,Credit Card,Online,76.21,76.21
ORD105908,2024-02-27,CUST1628,Jamie Garcia,South,Electric Kettle,Home & Kitchen,212.11,2.0,20.0,Debit Card,Mobile App,424.22,339.38
ORD101797,2024-01-07,CUST1547,Justin Anderson,Central,Yoga Pants,Apparel,60.89,1.0,0.0,Credit Card,Online,60.89,60.89
ORD102970,2025-12-05,CUST1367,Ashley Wilson,East,Water Bottle,Sports & Outdoors,97.63,1.0,0.0,Debit Card,Mobile App,97.63,97.63
ORD104667,2024-04-27,CUST1543,Rebecca Horton,North,Cotton T-Shirt,Apparel,80.02,2.0,20.0,Credit Card,In-Store,160.04,128.03
ORD102466,2025-12-14,CUST1767,Pamela Ruiz,North,Desk Lamp,Office Supplies,225.22,1.0,0.0,PayPal,Mobile App,225.22,225.22
ORD104779,2025-06-07,CUST1713,Erin Daniels,North,Smartwatch,Electronics,94.96,1.0,0.0,Credit Card,Mobile App,94.96,94.96
ORD102211,2024-02-29,CUST1601,Adrienne Mills,East,Coffee Maker,Home & Kitchen,205.29,1.0,0.0,Unknown,Mobile App,205.29,205.29
ORD101742,2025-03-01,CUST1270,Melissa Taylor,North,Wool Sweater,Apparel,48.72,1.0,0.0,Debit Card,Mobile App,48.72,48.72
ORD101635,2025-05-19,CUST1448,Fernando Lynn,West,Yoga Pants,Apparel,42.26,2.0,0.0,UPI,Mobile App,84.52,84.52
ORD101414,2024-05-07,CUST1258,Ronald Patel,North,Wireless Mouse,Electronics,138.82,1.0,10.0,Cash on Delivery,Mobile App,138.82,124.94
ORD101324,2024-10-29,CUST1655,Katherine Flores,North,Electric Kettle,Home & Kitchen,112.66,1.0,15.0,PayPal,In-Store,112.66,95.76
ORD102794,2025-07-17,CUST1144,Brenda Levy,Central,Blender,Home & Kitchen,124.92,4.0,5.0,PayPal,In-Store,499.68,474.7
ORD105863,2024-02-28,CUST1477,Matthew Palmer,North,Running Shoes,Apparel,70.49,4.0,0.0,UPI,Online,281.96,281.96
ORD104398,2025-11-21,CUST1311,Ryan Rocha,North,USB-C Hub,Electronics,273.69,1.0,0.0,UPI,Online,273.69,273.69
ORD102659,2024-09-03,CUST1462,Deanna Bartlett,North,Blender,Home & Kitchen,61.6,1.0,0.0,Debit Card,Mobile App,61.6,61.6
ORD103539,2024-12-25,CUST1412,Valerie Thomas,East,Yoga Mat,Sports & Outdoors,163.58,1.0,10.0,PayPal,Mobile App,163.58,147.22
ORD102144,2025-07-16,CUST1699,Jessica Glass,South,27in Monitor,Electronics,378.49,3.0,0.0,Debit Card,Online,1135.47,1135.47
ORD101535,2025-03-15,CUST1457,Rhonda Gutierrez,East,Noise Cancelling Headphones,Electronics,102.23,2.0,0.0,UPI,Online,204.46,204.46
ORD105830,2024-01-30,CUST1802,Marissa Nelson,South,Power Bank,Electronics,259.8,1.0,0.0,PayPal,Online,259.8,259.8
ORD104481,2024-03-19,CUST1596,Kim Goodwin,East,Power Bank,Electronics,177.98,5.0,5.0,Cash on Delivery,Online,889.9,845.4
ORD100830,2024-12-25,CUST1275,Jennifer Simpson DVM,North,Rice Cooker,Home & Kitchen,32.27,1.0,0.0,Debit Card,In-Store,32.27,32.27
ORD104728,2024-12-08,CUST1708,Thomas Torres,East,USB-C Hub,Electronics,98.0,1.0,0.0,Debit Card,In-Store,98.0,98.0
ORD103026,2025-12-18,CUST1309,Jennifer Allen,West,27in Monitor,Electronics,27.77,1.0,0.0,Credit Card,Mobile App,27.77,27.77
ORD104097,2025-12-15,CUST1374,Sandra Juarez,South,Noise Cancelling Headphones,Electronics,59.7,2.0,0.0,Cash on Delivery,In-Store,119.4,119.4
ORD100303,2025-05-18,CUST1318,Jennifer Smith,West,Vacuum Cleaner,Home & Kitchen,199.41,1.0,0.0,Credit Card,Online,199.41,199.41
ORD100441,2025-07-30,CUST1331,Henry Pugh MD,West,Cotton T-Shirt,Apparel,103.71,1.0,5.0,UPI,Mobile App,103.71,98.52
ORD105522,2024-03-16,CUST1559,Laura Perez,North,Electric Kettle,Home & Kitchen,119.33,5.0,5.0,Credit Card,Online,596.65,566.82
ORD105766,2024-04-28,CUST1564,Traci Camacho,East,Running Shoes,Apparel,56.58,1.0,10.0,Credit Card,Mobile App,56.58,50.92
ORD103383,2025-02-19,CUST1448,Fernando Lynn,South,Mechanical Keyboard,Electronics,58.01,1.0,10.0,UPI,Online,58.01,52.21
ORD104082,2024-10-26,CUST1033,Michael Cross,East,Webcam HD,Electronics,66.95,2.0,5.0,UPI,Online,133.9,127.2
ORD100108,2025-03-09,CUST1362,Melissa Brewer,West,Yoga Pants,Apparel,115.45,2.0,15.0,Credit Card,In-Store,230.9,196.26
ORD100052,2024-09-10,CUST1772,Daniel Benson,Central,Water Bottle,Sports & Outdoors,76.58,1.0,0.0,Credit Card,Mobile App,76.58,76.58
ORD104665,2025-07-11,CUST1716,Ryan Thomas,East,Wireless Mouse,Electronics,329.1,4.0,10.0,UPI,In-Store,1316.4,1184.76
ORD103461,2025-04-23,CUST1845,Greg Tanner,South,Noise Cancelling Headphones,Electronics,140.9,1.0,0.0,Cash on Delivery,Online,140.9,140.9
ORD104000,2024-09-02,CUST1125,Matthew Hoover,North,Whiteboard,Office Supplies,154.12,2.0,0.0,Credit Card,Mobile App,308.24,308.24
ORD100446,2025-03-20,CUST1789,Blake Wu,South,Cotton T-Shirt,Apparel,18.92,3.0,0.0,Credit Card,Online,56.76,56.76
ORD102905,2025-11-26,CUST1477,Matthew Palmer,South,USB-C Hub,Electronics,79.51,1.0,20.0,Debit Card,Mobile App,79.51,63.61
ORD104252,2024-04-08,CUST1292,Randy Cannon,South,Standing Desk,Office Supplies,274.29,1.0,0.0,PayPal,In-Store,274.29,274.29
ORD101792,2024-07-27,CUST1031,Tammy Allison,Central,Yoga Mat,Sports & Outdoors,164.88,1.0,0.0,Credit Card,Online,164.88,164.88
ORD100827,2025-03-15,CUST1717,Elizabeth Reese,North,Smartwatch,Electronics,104.42,1.0,0.0,Credit Card,Mobile App,104.42,104.42
ORD103633,2024-04-05,CUST1886,Sandra Kennedy,Central,Whiteboard,Office Supplies,303.03,1.0,20.0,Debit Card,Mobile App,303.03,242.42
ORD103138,2024-10-24,CUST1360,Leslie Powers,West,Standing Desk,Office Supplies,178.93,2.0,15.0,UPI,Online,357.86,304.18
ORD103287,2024-02-19,CUST1703,Alicia Aguilar,South,Coffee Maker,Home & Kitchen,179.39,1.0,15.0,UPI,Mobile App,179.39,152.48
ORD105370,2025-03-21,CUST1163,Larry Garcia,South,Air Fryer,Home & Kitchen,36.96,2.0,0.0,UPI,In-Store,73.92,73.92
ORD101883,2025-01-09,CUST1340,Erin Cook,North,Notebook Pack,Office Supplies,140.16,5.0,0.0,Debit Card,Mobile App,700.8,700.8
ORD104201,2024-05-17,CUST1624,Sarah Watson,South,Notebook Pack,Office Supplies,217.84,2.0,0.0,Credit Card,In-Store,435.68,435.68
ORD105732,2024-06-12,CUST1363,Ryan Harvey,West,Portable SSD 1TB,Electronics,242.93,2.0,0.0,UPI,Online,485.86,485.86
ORD102451,2025-02-27,CUST1834,Michelle Salazar,South,Wool Sweater,Apparel,66.81,3.0,5.0,PayPal,In-Store,200.43,190.41
ORD100800,2025-12-12,CUST1185,Craig Morrison,West,Coffee Maker,Home & Kitchen,170.7,1.0,15.0,Cash on Delivery,In-Store,170.7,145.1
ORD105234,2024-10-08,CUST1582,Heather Harrison,West,Ergonomic Chair,Office Supplies,69.31,1.0,10.0,UPI,Mobile App,69.31,62.38
ORD105292,2025-02-22,CUST1739,Matthew Graves,North,USB-C Hub,Electronics,150.88,1.0,0.0,Debit Card,In-Store,150.88,150.88
ORD100772,2024-04-22,CUST1498,Joseph Warren,West,Noise Cancelling Headphones,Electronics,97.52,1.0,0.0,Debit Card,Online,97.52,97.52
ORD104865,2024-11-08,CUST1054,Victoria Johnson,Central,Camping Tent,Sports & Outdoors,46.88,1.0,0.0,PayPal,Online,46.88,46.88
ORD105413,2024-07-05,CUST1392,Ryan Fisher,North,Ergonomic Chair,Office Supplies,150.23,1.0,10.0,UPI,Mobile App,150.23,135.21
ORD104237,2024-08-11,CUST1014,Rebecca Henderson,South,Blender,Home & Kitchen,110.86,3.0,0.0,Cash on Delivery,Mobile App,332.58,332.58
ORD100320,2025-08-13,CUST1779,Lisa Dixon,East,Denim Jacket,Apparel,47.91,1.0,10.0,UPI,Online,47.91,43.12
ORD102423,2025-06-10,CUST1008,Daniel Adams,South,27in Monitor,Electronics,63.32,1.0,0.0,PayPal,In-Store,63.32,63.32
ORD100808,2025-01-21,CUST1280,Cathy Taylor,North,Cotton T-Shirt,Apparel,110.47,3.0,0.0,Debit Card,In-Store,331.41,331.41
ORD102550,2025-08-30,CUST1348,Matthew Williams,West,Notebook Pack,Office Supplies,205.62,3.0,0.0,PayPal,Mobile App,616.86,616.86
ORD101294,2024-11-30,CUST1856,Susan Cox,Central,Webcam HD,Electronics,222.42,3.0,0.0,UPI,Mobile App,667.26,667.26
ORD103491,2024-01-16,CUST1127,Jennifer Pena,East,Wool Sweater,Apparel,69.07,1.0,5.0,UPI,In-Store,69.07,65.62
ORD103561,2024-01-17,CUST1296,Shaun Cannon,East,Denim Jacket,Apparel,57.5,1.0,0.0,PayPal,Mobile App,57.5,57.5
ORD102715,2024-09-25,CUST1779,Lisa Dixon,Central,Denim Jacket,Apparel,63.95,2.0,10.0,PayPal,Online,127.9,115.11
ORD104913,2025-09-16,CUST1274,Taylor Gentry,East,Yoga Pants,Apparel,23.05,1.0,10.0,Cash on Delivery,Online,23.05,20.74
ORD103649,2025-09-09,CUST1480,Jorge Bates,West,27in Monitor,Electronics,182.73,2.0,0.0,Credit Card,Mobile App,365.46,365.46
ORD104056,2025-10-14,CUST1264,Matthew Fox,West,Wireless Mouse,Electronics,256.24,4.0,5.0,Credit Card,Mobile App,1024.96,973.71
ORD105330,2025-09-20,CUST1327,Michelle Sanders,North,Non-stick Pan Set,Home & Kitchen,51.86,2.0,0.0,UPI,In-Store,103.72,103.72
ORD101450,2025-01-31,CUST1056,Renee Mcdaniel,Central,Smartwatch,Electronics,209.56,1.0,0.0,Credit Card,Online,209.56,209.56
ORD100329,2024-01-14,CUST1338,Richard Ward,North,Blender,Home & Kitchen,27.88,1.0,0.0,Credit Card,Mobile App,27.88,27.88
ORD103789,2024-01-15,CUST1587,Jack Love,Central,Blender,Home & Kitchen,121.1,2.0,0.0,UPI,Mobile App,242.2,242.2
ORD100662,2024-12-14,CUST1498,Joseph Warren,North,Notebook Pack,Office Supplies,156.41,2.0,0.0,Credit Card,Mobile App,312.82,312.82
ORD105573,2024-11-15,CUST1199,Kimberly Rodgers,North,Vacuum Cleaner,Home & Kitchen,113.79,2.0,0.0,Credit Card,Mobile App,227.58,227.58
ORD104081,2025-12-17,CUST1110,David Davis,West,Wireless Mouse,Electronics,306.93,4.0,0.0,PayPal,In-Store,1227.72,1227.72
ORD100890,2024-05-07,CUST1200,James Martin,East,Noise Cancelling Headphones,Electronics,115.05,3.0,15.0,UPI,In-Store,345.15,293.38
ORD102622,2024-08-25,CUST1458,Joseph Camacho,South,Mechanical Keyboard,Electronics,426.55,3.0,0.0,Cash on Delivery,In-Store,1279.65,1279.65
ORD104447,2024-09-24,CUST1720,Jacqueline Christian,West,Toaster,Home & Kitchen,136.71,1.0,0.0,Cash on Delivery,In-Store,136.71,136.71
ORD100379,2024-01-05,CUST1370,Heather Page,North,Mechanical Keyboard,Electronics,243.68,1.0,5.0,UPI,In-Store,243.68,231.5
ORD103874,2024-07-03,CUST1202,Vincent Mueller,North,Rice Cooker,Home & Kitchen,55.33,5.0,0.0,Cash on Delivery,In-Store,276.65,276.65
ORD104597,2024-08-16,CUST1382,Cynthia Rios,East,Webcam HD,Electronics,345.84,1.0,10.0,Debit Card,Mobile App,345.84,311.26
ORD100091,2024-10-29,CUST1134,David Scott,East,Wireless Mouse,Electronics,156.3,1.0,0.0,UPI,Online,156.3,156.3
ORD102838,2024-08-12,CUST1805,Joseph Jennings,South,Denim Jacket,Apparel,96.2,3.0,10.0,Debit Card,Online,288.6,259.74
ORD103500,2024-10-16,CUST1659,Catherine Huang,West,Wool Sweater,Apparel,64.22,1.0,0.0,PayPal,Online,64.22,64.22
ORD105296,2024-10-11,CUST1785,Stephanie Dominguez,North,Coffee Maker,Home & Kitchen,147.77,1.0,20.0,UPI,In-Store,147.77,118.22
ORD103196,2025-12-14,CUST1327,Michelle Sanders,South,Wool Sweater,Apparel,52.13,2.0,0.0,Debit Card,Mobile App,104.26,104.26
ORD104908,2024-10-27,CUST1230,Allison Lopez,North,USB-C Hub,Electronics,105.08,2.0,10.0,Cash on Delivery,In-Store,210.16,189.14
ORD104459,2025-03-03,CUST1008,Daniel Adams,South,Vacuum Cleaner,Home & Kitchen,100.81,1.0,5.0,Cash on Delivery,Online,100.81,95.77
ORD101980,2024-12-25,CUST1863,Jason Fleming,North,Portable SSD 1TB,Electronics,46.77,2.0,5.0,PayPal,In-Store,93.54,88.86
ORD105259,2025-01-13,CUST1830,Donald Todd,West,Air Fryer,Home & Kitchen,107.33,1.0,10.0,Credit Card,Mobile App,107.33,96.6
ORD101166,2024-10-27,CUST1865,Grant Lucas,Central,Bluetooth Speaker,Electronics,251.45,1.0,20.0,Credit Card,In-Store,251.45,201.16
ORD100973,2025-02-24,CUST1106,Dennis Moody,West,27in Monitor,Electronics,248.91,1.0,0.0,Cash on Delivery,In-Store,248.91,248.91
ORD102893,2025-02-13,CUST1276,Tanya Rogers,North,Smartwatch,Electronics,194.58,1.0,10.0,Cash on Delivery,Mobile App,194.58,175.12
ORD100364,2025-04-02,CUST1546,William Jones,North,Portable SSD 1TB,Electronics,187.1,3.0,0.0,Unknown,In-Store,561.3,561.3
ORD104605,2025-05-08,CUST1821,Nathan Watkins,West,Standing Desk,Office Supplies,115.85,1.0,0.0,UPI,Online,115.85,115.85
ORD101334,2024-02-22,CUST1741,John Martinez,East,Desk Lamp,Office Supplies,174.35,1.0,20.0,PayPal,In-Store,174.35,139.48
ORD103443,2024-05-01,CUST1315,Kelly Combs,South,Wool Sweater,Apparel,48.63,1.0,10.0,Cash on Delivery,In-Store,48.63,43.77
ORD105089,2025-01-30,CUST1294,Jenna Anderson DVM,West,Blender,Home & Kitchen,68.28,3.0,0.0,Debit Card,Mobile App,204.84,204.84
ORD105978,2024-12-26,CUST1387,Tamara Jensen,West,Dumbbell Set,Sports & Outdoors,84.65,4.0,0.0,Credit Card,In-Store,338.6,338.6
ORD105941,2025-04-15,CUST1183,Eric Morgan,West,Coffee Maker,Home & Kitchen,44.51,5.0,0.0,Debit Card,In-Store,222.55,222.55
ORD100333,2024-06-19,CUST1819,Julian Ponce,South,Noise Cancelling Headphones,Electronics,433.98,1.0,0.0,Credit Card,Online,433.98,433.98
ORD105267,2025-01-13,CUST1156,Brianna Anderson,East,Portable SSD 1TB,Electronics,430.29,2.0,0.0,Debit Card,Mobile App,860.58,860.58
ORD105219,2025-09-05,CUST1845,Greg Tanner,North,Air Fryer,Home & Kitchen,73.71,2.0,5.0,Debit Card,In-Store,147.42,140.05
ORD102189,2025-03-09,CUST1339,Brian Torres,Central,Air Fryer,Home & Kitchen,35.23,1.0,0.0,Debit Card,In-Store,35.23,35.23
ORD105711,2024-12-14,CUST1870,Jacob Harris,Central,Coffee Maker,Home & Kitchen,74.63,3.0,0.0,PayPal,Online,223.89,223.89
ORD102841,2025-01-10,CUST1215,James Burgess,East,Camping Tent,Sports & Outdoors,208.65,2.0,0.0,Credit Card,Online,417.3,417.3
ORD105175,2025-02-19,CUST1782,Christopher Taylor,South,Desk Lamp,Office Supplies,151.94,1.0,0.0,Debit Card,Mobile App,151.94,151.94
ORD101356,2024-09-11,CUST1813,Michelle Garcia,Central,Whiteboard,Office Supplies,329.57,1.0,10.0,Credit Card,In-Store,329.57,296.61
ORD103898,2025-07-14,CUST1219,Stacey Stewart,South,Wireless Mouse,Electronics,316.8,1.0,0.0,Cash on Delivery,Mobile App,316.8,316.8
ORD101037,2025-03-21,CUST1123,Kimberly Gibson,West,Noise Cancelling Headphones,Electronics,263.21,1.0,5.0,Debit Card,Online,263.21,250.05
ORD101506,2024-07-27,CUST1876,Christie Fox,Central,USB-C Hub,Electronics,163.17,1.0,15.0,PayPal,In-Store,163.17,138.69
ORD103929,2024-10-31,CUST1726,Cheryl Gonzales,East,Denim Jacket,Apparel,42.41,1.0,0.0,Debit Card,Online,42.41,42.41
ORD105295,2025-02-28,CUST1633,Dr. Samuel Holmes DDS,Central,Denim Jacket,Apparel,93.91,2.0,10.0,Cash on Delivery,Mobile App,187.82,169.04
ORD104782,2025-10-06,CUST1682,Erika Watson PhD,West,Bluetooth Speaker,Electronics,28.07,1.0,0.0,Credit Card,In-Store,28.07,28.07
ORD102043,2025-05-03,CUST1694,George Alvarez,East,Denim Jacket,Apparel,30.41,1.0,0.0,PayPal,Mobile App,30.41,30.41
ORD100068,2024-10-25,CUST1705,Mary Lin,North,27in Monitor,Electronics,98.87,1.0,5.0,PayPal,Mobile App,98.87,93.93
ORD100629,2024-09-25,CUST1029,Connor West,North,Webcam HD,Electronics,333.85,1.0,0.0,UPI,Online,333.85,333.85
ORD105249,2025-07-27,CUST1780,April Castro,North,Non-stick Pan Set,Home & Kitchen,141.38,1.0,0.0,Credit Card,Mobile App,141.38,141.38
ORD101212,2024-08-06,CUST1207,Zachary Brooks,Central,Wireless Mouse,Electronics,165.89,1.0,10.0,Credit Card,In-Store,165.89,149.3
ORD102419,2024-02-03,CUST1544,Juan Smith,North,Blender,Home & Kitchen,33.42,1.0,0.0,PayPal,In-Store,33.42,33.42
ORD103879,2024-01-05,CUST1246,Mr. Lawrence Edwards,West,Electric Kettle,Home & Kitchen,158.82,1.0,0.0,PayPal,Mobile App,158.82,158.82
ORD102878,2024-10-03,CUST1397,Brandon Hamilton,South,Non-stick Pan Set,Home & Kitchen,97.07,2.0,0.0,Debit Card,In-Store,194.14,194.14
ORD102158,2024-11-07,CUST1341,Ernest Oconnell,South,Power Bank,Electronics,133.02,3.0,0.0,UPI,In-Store,399.06,399.06
ORD103024,2024-02-05,CUST1025,Shannon Jones,West,Non-stick Pan Set,Home & Kitchen,145.62,2.0,0.0,Credit Card,In-Store,291.24,291.24
ORD102322,2025-09-22,CUST1033,Michael Cross,North,Running Shoes,Apparel,60.76,1.0,10.0,Cash on Delivery,Online,60.76,54.68
ORD104188,2025-12-27,CUST1248,Anthony Dougherty,West,Running Shoes,Apparel,30.61,1.0,0.0,Cash on Delivery,In-Store,30.61,30.61
ORD104367,2025-10-23,CUST1308,Autumn Key,Central,Cotton T-Shirt,Apparel,30.53,1.0,0.0,Cash on Delivery,In-Store,30.53,30.53
ORD103936,2025-10-08,CUST1813,Michelle Garcia,Central,Ergonomic Chair,Office Supplies,230.58,5.0,20.0,Debit Card,In-Store,1152.9,922.32
ORD104324,2024-10-26,CUST1074,Stephanie Freeman,North,Blender,Home & Kitchen,176.42,1.0,0.0,UPI,Online,176.42,176.42
ORD103442,2024-10-03,CUST1467,Amanda Preston,East,USB-C Hub,Electronics,367.17,4.0,5.0,UPI,Mobile App,1468.68,1395.25
ORD103515,2024-02-15,CUST1835,Justin Lee,North,Wool Sweater,Apparel,59.47,2.0,0.0,PayPal,Online,118.94,118.94
ORD101360,2024-10-03,CUST1067,Jessica Meadows,North,USB-C Hub,Electronics,396.12,3.0,10.0,Credit Card,In-Store,1188.36,1069.52
ORD101057,2025-04-16,CUST1469,William Ramos,West,Air Fryer,Home & Kitchen,214.07,1.0,0.0,Debit Card,Online,214.07,214.07
ORD103780,2024-11-18,CUST1673,Brent Hopkins,West,Electric Kettle,Home & Kitchen,213.58,1.0,0.0,Cash on Delivery,In-Store,213.58,213.58
ORD105558,2025-12-06,CUST1383,Kelly Wallace,South,Wireless Mouse,Electronics,127.21,1.0,20.0,Cash on Delivery,Mobile App,127.21,101.77
ORD105823,2025-01-21,CUST1808,Cathy Rodriguez,North,Denim Jacket,Apparel,76.4,1.0,0.0,Unknown,Mobile App,76.4,76.4
ORD101726,2024-04-27,CUST1109,Kathryn Snyder,North,Power Bank,Electronics,119.96,1.0,0.0,UPI,In-Store,119.96,119.96
ORD100374,2025-09-20,CUST1678,Toni Davis,South,Standing Desk,Office Supplies,168.0,2.0,0.0,Cash on Delivery,Online,336.0,336.0
ORD103283,2024-11-02,CUST1646,Julie Pitts,North,Power Bank,Electronics,166.29,2.0,5.0,PayPal,In-Store,332.58,315.95
ORD102443,2025-12-05,CUST1446,Stacey Snyder,East,Mechanical Keyboard,Electronics,294.69,5.0,0.0,Credit Card,Online,1473.45,1473.45
ORD104737,2024-12-31,CUST1071,John Brown,Central,Vacuum Cleaner,Home & Kitchen,203.24,1.0,15.0,UPI,Mobile App,203.24,172.75
ORD102740,2025-04-09,CUST1445,Hayley Buchanan,West,Dumbbell Set,Sports & Outdoors,298.48,4.0,0.0,Unknown,Mobile App,1193.92,1193.92
ORD104175,2024-07-15,CUST1449,Kimberly Villanueva,North,Webcam HD,Electronics,133.88,1.0,0.0,PayPal,Mobile App,133.88,133.88
ORD101453,2025-03-27,CUST1017,Deborah Mason,West,Denim Jacket,Apparel,20.28,1.0,15.0,PayPal,In-Store,20.28,17.24
ORD102284,2025-10-20,CUST1174,Sophia Moore,West,Wool Sweater,Apparel,58.8,1.0,0.0,Credit Card,Online,58.8,58.8
ORD103482,2024-09-21,CUST1458,Joseph Camacho,South,Yoga Mat,Sports & Outdoors,58.3,5.0,10.0,Credit Card,Online,291.5,262.35
ORD101703,2024-03-15,CUST1326,Amanda Mcfarland,East,Coffee Maker,Home & Kitchen,82.77,1.0,0.0,Credit Card,In-Store,82.77,82.77
ORD105215,2025-10-27,CUST1795,Christopher Vargas,East,Non-stick Pan Set,Home & Kitchen,190.44,3.0,15.0,Cash on Delivery,Online,571.32,485.62
ORD105030,2024-01-08,CUST1361,Charles Price,West,Noise Cancelling Headphones,Electronics,375.11,2.0,20.0,Credit Card,In-Store,750.22,600.18
ORD105315,2025-07-26,CUST1262,Jeremy Barnes,South,Wireless Mouse,Electronics,32.85,3.0,0.0,Debit Card,Mobile App,98.55,98.55
ORD102532,2024-12-15,CUST1670,Kimberly Gibson,North,Water Bottle,Sports & Outdoors,215.82,2.0,0.0,UPI,In-Store,431.64,431.64
ORD100507,2025-08-27,CUST1240,Travis Stone,Central,Smartwatch,Electronics,373.82,1.0,0.0,PayPal,Mobile App,373.82,373.82
ORD105262,2024-01-17,CUST1057,Lisa Alvarado,North,Desk Lamp,Office Supplies,222.91,2.0,0.0,Credit Card,Mobile App,445.82,445.82
ORD100361,2024-02-25,CUST1038,Michael Evans,East,Ergonomic Chair,Office Supplies,263.94,1.0,0.0,PayPal,Mobile App,263.94,263.94
ORD103109,2024-05-12,CUST1824,Judy Gregory,South,Denim Jacket,Apparel,80.77,3.0,0.0,Cash on Delivery,Online,242.31,242.31
ORD101682,2024-03-22,CUST1145,Richard Smith,South,Coffee Maker,Home & Kitchen,119.14,2.0,15.0,Cash on Delivery,In-Store,238.28,202.54
ORD104645,2025-08-08,CUST1636,Gregory Frazier,West,Whiteboard,Office Supplies,345.11,1.0,10.0,Credit Card,In-Store,345.11,310.6
ORD100881,2025-03-14,CUST1094,Jesse Parker,South,Toaster,Home & Kitchen,124.96,2.0,15.0,PayPal,Online,249.92,212.43
ORD101934,2025-03-27,CUST1873,Michael Wells,South,Portable SSD 1TB,Electronics,103.0,4.0,0.0,PayPal,In-Store,412.0,412.0
ORD103867,2025-12-27,CUST1524,Andrew Dunn,North,Ergonomic Chair,Office Supplies,309.88,3.0,0.0,Unknown,Online,929.64,929.64
ORD102227,2024-02-29,CUST1728,Ashley Osborne,East,Yoga Mat,Sports & Outdoors,204.98,5.0,0.0,UPI,Mobile App,1024.9,1024.9
ORD105454,2025-11-18,CUST1287,Stephanie Harris,East,Non-stick Pan Set,Home & Kitchen,181.73,1.0,15.0,PayPal,In-Store,181.73,154.47
ORD102314,2024-04-12,CUST1192,Helen Hardin,West,27in Monitor,Electronics,375.35,3.0,0.0,Debit Card,Mobile App,1126.05,1126.05
ORD100619,2025-12-02,CUST1371,Renee Hudson,West,Camping Tent,Sports & Outdoors,84.86,1.0,15.0,Debit Card,In-Store,84.86,72.13
ORD101817,2024-06-12,CUST1435,Sara Cochran,West,Water Bottle,Sports & Outdoors,278.53,3.0,0.0,UPI,Mobile App,835.59,835.59
ORD100582,2025-07-18,CUST1866,Keith Villanueva,West,27in Monitor,Electronics,362.92,2.0,0.0,Credit Card,In-Store,725.84,725.84
ORD103070,2025-08-14,CUST1710,Lori Johns,North,Vacuum Cleaner,Home & Kitchen,42.03,1.0,10.0,Cash on Delivery,Online,42.03,37.83
ORD102406,2025-01-18,CUST1802,Marissa Nelson,West,Cycling Helmet,Sports & Outdoors,275.47,2.0,0.0,PayPal,Mobile App,550.94,550.94
ORD101600,2025-07-03,CUST1805,Joseph Jennings,North,Bluetooth Speaker,Electronics,301.2,2.0,0.0,Cash on Delivery,Mobile App,602.4,602.4
ORD103942,2024-04-13,CUST1013,Zachary Hicks,West,Running Shoes,Apparel,76.08,2.0,10.0,Credit Card,Mobile App,152.16,136.94
ORD100855,2025-05-24,CUST1392,Ryan Fisher,North,Wool Sweater,Apparel,78.18,2.0,0.0,UPI,Mobile App,156.36,156.36
ORD100210,2025-11-24,CUST1854,Faith Johnson,East,Noise Cancelling Headphones,Electronics,419.77,1.0,10.0,PayPal,In-Store,419.77,377.79
ORD103086,2024-02-28,CUST1724,Laura Herrera,South,Denim Jacket,Apparel,85.82,2.0,0.0,UPI,Mobile App,171.64,171.64
ORD102296,2024-02-27,CUST1538,Melissa Morris,West,Coffee Maker,Home & Kitchen,126.88,1.0,0.0,PayPal,Online,126.88,126.88
ORD100907,2025-11-03,CUST1251,Amber Campbell,West,Coffee Maker,Home & Kitchen,55.98,1.0,0.0,Debit Card,In-Store,55.98,55.98
ORD104541,2025-12-12,CUST1427,Danielle Phillips,Central,Toaster,Home & Kitchen,192.7,4.0,10.0,Credit Card,In-Store,770.8,693.72
ORD100795,2024-09-03,CUST1250,Kathleen Davis,West,Water Bottle,Sports & Outdoors,182.9,5.0,0.0,PayPal,Mobile App,914.5,914.5
ORD102792,2025-02-19,CUST1864,Dorothy Brown,North,Yoga Pants,Apparel,59.19,1.0,0.0,Cash on Delivery,In-Store,59.19,59.19
ORD104589,2024-11-08,CUST1056,Renee Mcdaniel,East,Coffee Maker,Home & Kitchen,169.87,3.0,0.0,Unknown,Online,509.61,509.61
ORD105270,2024-09-04,CUST1874,Tammy Morgan,South,Wireless Mouse,Electronics,263.68,3.0,15.0,Cash on Delivery,Mobile App,791.04,672.38
ORD101688,2025-09-10,CUST1122,Mary Grimes,Central,Webcam HD,Electronics,104.18,1.0,0.0,Cash on Delivery,Mobile App,104.18,104.18
ORD103298,2025-11-06,CUST1489,Julie Wilson,South,Whiteboard,Office Supplies,67.95,1.0,5.0,Cash on Delivery,Online,67.95,64.55
ORD102508,2024-02-24,CUST1610,Tara Holmes,Central,Webcam HD,Electronics,80.54,3.0,0.0,Credit Card,Mobile App,241.62,241.62
ORD100181,2024-11-10,CUST1683,Joshua Brooks,West,Power Bank,Electronics,29.86,2.0,0.0,Cash on Delivery,Mobile App,59.72,59.72
ORD105200,2024-05-02,CUST1189,Julie Spencer,South,Toaster,Home & Kitchen,210.06,1.0,10.0,Credit Card,In-Store,210.06,189.05
ORD100852,2024-10-04,CUST1356,Jeffrey Smith,South,Noise Cancelling Headphones,Electronics,88.84,2.0,15.0,PayPal,In-Store,177.68,151.03
ORD104788,2025-03-09,CUST1715,Krystal Moore,North,Denim Jacket,Apparel,22.17,2.0,10.0,Cash on Delivery,In-Store,44.34,39.91
ORD104988,2024-08-26,CUST1815,Gary Myers,Central,Ergonomic Chair,Office Supplies,275.49,1.0,0.0,Credit Card,In-Store,275.49,275.49
ORD105152,2024-08-12,CUST1145,Richard Smith,South,Desk Lamp,Office Supplies,346.39,3.0,10.0,Debit Card,Mobile App,1039.17,935.25
ORD105312,2025-08-29,CUST1467,Amanda Preston,West,Air Fryer,Home & Kitchen,27.37,1.0,10.0,Debit Card,Mobile App,27.37,24.63
ORD104891,2025-09-20,CUST1108,Tammy Gonzales,East,Dumbbell Set,Sports & Outdoors,31.02,1.0,0.0,PayPal,Mobile App,31.02,31.02
ORD105952,2025-12-04,CUST1487,Robert Hines,East,Water Bottle,Sports & Outdoors,90.13,3.0,0.0,Credit Card,In-Store,270.39,270.39
ORD105578,2025-03-23,CUST1884,Ronnie Roberts,North,USB-C Hub,Electronics,429.7,1.0,0.0,PayPal,Mobile App,429.7,429.7
ORD103572,2024-03-07,CUST1755,Paula Gentry,East,Bluetooth Speaker,Electronics,317.59,3.0,0.0,Cash on Delivery,In-Store,952.77,952.77
ORD100900,2025-09-13,CUST1675,Dawn Diaz,North,Dumbbell Set,Sports & Outdoors,244.86,1.0,5.0,Credit Card,In-Store,244.86,232.62
ORD104846,2024-11-13,CUST1262,Jeremy Barnes,North,Desk Lamp,Office Supplies,183.22,1.0,15.0,Debit Card,Online,183.22,155.74
ORD103753,2024-04-23,CUST1356,Jeffrey Smith,Central,Portable SSD 1TB,Electronics,208.78,1.0,10.0,Cash on Delivery,Online,208.78,187.9
ORD102489,2024-08-06,CUST1276,Tanya Rogers,North,Toaster,Home & Kitchen,29.1,1.0,10.0,PayPal,Online,29.1,26.19
ORD101857,2025-12-09,CUST1276,Tanya Rogers,Central,Vacuum Cleaner,Home & Kitchen,164.04,1.0,15.0,Cash on Delivery,In-Store,164.04,139.43
ORD100606,2025-02-15,CUST1304,Kristina Faulkner,South,Running Shoes,Apparel,103.24,2.0,20.0,Cash on Delivery,Mobile App,206.48,165.18
ORD101348,2024-11-30,CUST1460,Lisa Martinez,West,Portable SSD 1TB,Electronics,221.99,5.0,0.0,UPI,Mobile App,1109.95,1109.95
ORD102403,2024-07-19,CUST1690,Tammy Cook,South,Toaster,Home & Kitchen,169.44,2.0,20.0,UPI,Mobile App,338.88,271.1
ORD102716,2024-09-24,CUST1631,Kenneth Perez,North,Water Bottle,Sports & Outdoors,35.96,1.0,5.0,Cash on Delivery,In-Store,35.96,34.16
ORD105110,2025-08-04,CUST1885,Justin Ford,Central,Running Shoes,Apparel,113.26,1.0,0.0,Cash on Delivery,Mobile App,113.26,113.26
ORD105317,2025-11-27,CUST1743,Lee Stewart,East,Portable SSD 1TB,Electronics,230.43,2.0,10.0,Cash on Delivery,Online,460.86,414.77
ORD101610,2024-11-17,CUST1369,Scott Miller,North,Whiteboard,Office Supplies,135.3,1.0,0.0,Credit Card,In-Store,135.3,135.3
ORD103015,2025-04-15,CUST1822,Kathryn Hanna,East,Standing Desk,Office Supplies,46.97,2.0,15.0,UPI,Online,93.94,79.85
ORD103207,2024-03-09,CUST1392,Ryan Fisher,North,Bluetooth Speaker,Electronics,40.5,1.0,0.0,Credit Card,In-Store,40.5,40.5
ORD100838,2025-05-30,CUST1809,Tammy Hill,North,Denim Jacket,Apparel,34.33,1.0,0.0,Cash on Delivery,In-Store,34.33,34.33
ORD104405,2024-06-12,CUST1640,Eddie Adams,North,Desk Lamp,Office Supplies,47.75,2.0,15.0,UPI,Mobile App,95.5,81.18
ORD100163,2024-02-22,CUST1374,Sandra Juarez,West,Coffee Maker,Home & Kitchen,106.19,4.0,0.0,Debit Card,In-Store,424.76,424.76
ORD104303,2024-05-09,CUST1024,Crystal Robinson,East,Yoga Pants,Apparel,29.5,1.0,0.0,Unknown,Mobile App,29.5,29.5
ORD102084,2025-07-13,CUST1059,Stephanie Gilbert,East,Camping Tent,Sports & Outdoors,71.05,2.0,0.0,PayPal,Online,142.1,142.1
ORD103125,2024-06-07,CUST1277,Todd Rosales MD,South,Portable SSD 1TB,Electronics,49.17,1.0,0.0,UPI,Mobile App,49.17,49.17
ORD100753,2025-08-05,CUST1104,Brad Allen,South,Running Shoes,Apparel,22.07,1.0,10.0,Credit Card,Mobile App,22.07,19.86
ORD102833,2025-02-02,CUST1059,Stephanie Gilbert,South,Ergonomic Chair,Office Supplies,73.21,5.0,0.0,PayPal,In-Store,366.05,366.05
ORD101622,2025-04-24,CUST1816,Jared Luna,South,Whiteboard,Office Supplies,251.87,2.0,5.0,Cash on Delivery,Mobile App,503.74,478.55
ORD104253,2024-04-04,CUST1341,Ernest Oconnell,East,Blender,Home & Kitchen,191.5,4.0,0.0,Credit Card,In-Store,766.0,766.0
ORD100857,2025-01-04,CUST1061,Steven Flynn,North,Wireless Mouse,Electronics,179.02,1.0,15.0,Debit Card,In-Store,179.02,152.17
ORD105892,2024-12-21,CUST1349,Brett Walker,North,Blender,Home & Kitchen,146.78,2.0,5.0,Cash on Delivery,In-Store,293.56,278.88
ORD102593,2025-01-18,CUST1680,Megan Park,North,Portable SSD 1TB,Electronics,311.15,1.0,0.0,Unknown,In-Store,311.15,311.15
ORD101961,2024-11-03,CUST1172,Kylie Morales,North,Bluetooth Speaker,Electronics,28.66,1.0,10.0,Cash on Delivery,In-Store,28.66,25.79
ORD105955,2024-06-18,CUST1480,Jorge Bates,West,Cotton T-Shirt,Apparel,116.71,4.0,15.0,UPI,Online,466.84,396.81
ORD104694,2025-01-31,CUST1117,Michael Martinez,West,Air Fryer,Home & Kitchen,160.13,1.0,15.0,Credit Card,Mobile App,160.13,136.11
ORD100004,2025-01-22,CUST1127,Jennifer Pena,West,Non-stick Pan Set,Home & Kitchen,140.75,3.0,0.0,Unknown,Mobile App,422.25,422.25
ORD102666,2024-12-05,CUST1856,Susan Cox,North,Wool Sweater,Apparel,25.37,2.0,0.0,Debit Card,Mobile App,50.74,50.74
ORD105191,2024-12-06,CUST1169,John Boone,South,Standing Desk,Office Supplies,342.4,5.0,0.0,Debit Card,In-Store,1712.0,1712.0
ORD101376,2025-06-24,CUST1682,Erika Watson PhD,East,Standing Desk,Office Supplies,177.5,1.0,0.0,Debit Card,In-Store,177.5,177.5
ORD105621,2025-06-03,CUST1120,Thomas Romero,West,Yoga Pants,Apparel,42.13,1.0,5.0,PayPal,In-Store,42.13,40.02
ORD103231,2024-08-07,CUST1314,Robert Jackson,North,Toaster,Home & Kitchen,29.01,1.0,0.0,UPI,Online,29.01,29.01
ORD102405,2024-11-16,CUST1401,Laura Jones,North,Toaster,Home & Kitchen,54.61,1.0,0.0,Cash on Delivery,Mobile App,54.61,54.61
ORD101285,2024-03-30,CUST1432,Joseph Moody,East,Coffee Maker,Home & Kitchen,103.72,1.0,0.0,PayPal,In-Store,103.72,103.72
ORD105728,2024-05-23,CUST1551,Daniel Goodwin,East,Camping Tent,Sports & Outdoors,228.02,2.0,5.0,Debit Card,In-Store,456.04,433.24
ORD105074,2024-03-21,CUST1457,Rhonda Gutierrez,East,Portable SSD 1TB,Electronics,164.28,1.0,0.0,Credit Card,Online,164.28,164.28
ORD104839,2025-02-12,CUST1616,Laura Benson,South,Webcam HD,Electronics,191.76,2.0,0.0,Credit Card,Mobile App,383.52,383.52
ORD101325,2025-05-05,CUST1488,Henry Garner,Central,Dumbbell Set,Sports & Outdoors,34.5,1.0,0.0,PayPal,Online,34.5,34.5
ORD101712,2025-07-30,CUST1278,David Lopez,East,Cotton T-Shirt,Apparel,103.43,3.0,20.0,PayPal,In-Store,310.29,248.23
ORD102797,2024-11-14,CUST1449,Kimberly Villanueva,South,Cycling Helmet,Sports & Outdoors,16.89,1.0,0.0,PayPal,Mobile App,16.89,16.89
ORD103306,2024-03-18,CUST1767,Pamela Ruiz,West,Water Bottle,Sports & Outdoors,173.32,2.0,0.0,PayPal,Mobile App,346.64,346.64
ORD102361,2025-05-26,CUST1658,Amanda Miller,North,Smartwatch,Electronics,440.66,1.0,10.0,UPI,In-Store,440.66,396.59
ORD104065,2024-08-15,CUST1745,April Johnson,West,Notebook Pack,Office Supplies,229.01,3.0,5.0,Credit Card,Mobile App,687.03,652.68
ORD102885,2025-08-07,CUST1859,Derek Frazier,West,Cycling Helmet,Sports & Outdoors,233.38,1.0,0.0,Cash on Delivery,In-Store,233.38,233.38
ORD105603,2024-08-04,CUST1193,Rachel Holland,Central,Yoga Mat,Sports & Outdoors,150.11,2.0,0.0,Debit Card,In-Store,300.22,300.22
ORD105471,2025-07-07,CUST1100,Jennifer Jones,East,Electric Kettle,Home & Kitchen,21.09,2.0,5.0,Credit Card,Mobile App,42.18,40.07
ORD101454,2024-05-20,CUST1687,Kevin Hall,West,Portable SSD 1TB,Electronics,401.31,2.0,0.0,Cash on Delivery,Online,802.62,802.62
ORD105006,2024-09-22,CUST1350,Kathryn Cooper,Central,Noise Cancelling Headphones,Electronics,125.31,1.0,5.0,Cash on Delivery,Mobile App,125.31,119.04
ORD102570,2024-04-13,CUST1235,Dr. Cynthia Snyder,North,27in Monitor,Electronics,292.36,3.0,0.0,Debit Card,In-Store,877.08,877.08
ORD100124,2025-03-25,CUST1253,Chloe Tran,West,Notebook Pack,Office Supplies,344.01,1.0,10.0,Cash on Delivery,Online,344.01,309.61
ORD102357,2024-04-14,CUST1634,Brett Martin,West,Notebook Pack,Office Supplies,345.87,1.0,0.0,Credit Card,In-Store,345.87,345.87
ORD104376,2025-03-17,CUST1869,Rebecca Martin,East,Dumbbell Set,Sports & Outdoors,43.96,1.0,0.0,Credit Card,In-Store,43.96,43.96
ORD104623,2025-09-19,CUST1229,Laura Moreno,West,Wool Sweater,Apparel,79.32,2.0,0.0,Debit Card,Mobile App,158.64,158.64
ORD105477,2025-11-10,CUST1432,Joseph Moody,Central,Water Bottle,Sports & Outdoors,114.13,3.0,0.0,Debit Card,Online,342.39,342.39
ORD105792,2024-11-15,CUST1111,Pamela Thompson,West,Yoga Pants,Apparel,80.91,2.0,0.0,Cash on Delivery,In-Store,161.82,161.82
ORD102298,2024-04-14,CUST1200,James Martin,West,Running Shoes,Apparel,80.78,2.0,0.0,Debit Card,In-Store,161.56,161.56
ORD101516,2025-04-26,CUST1590,Christopher Nielsen,North,Smartwatch,Electronics,106.96,2.0,0.0,Cash on Delivery,In-Store,213.92,213.92
ORD101433,2024-02-26,CUST1197,Susan Davis DDS,Central,Running Shoes,Apparel,93.37,1.0,15.0,Debit Card,In-Store,93.37,79.36
ORD102819,2024-03-07,CUST1530,Richard Love,Central,Portable SSD 1TB,Electronics,429.0,1.0,5.0,UPI,Online,429.0,407.55
ORD105211,2025-05-25,CUST1403,Jordan Williams,North,Dumbbell Set,Sports & Outdoors,189.74,1.0,10.0,Credit Card,Mobile App,189.74,170.77
ORD102266,2025-02-03,CUST1668,Edward Terry,West,Cycling Helmet,Sports & Outdoors,96.24,1.0,0.0,Cash on Delivery,Online,96.24,96.24
ORD100649,2024-10-31,CUST1426,Daniel Lopez,South,Desk Lamp,Office Supplies,71.05,1.0,15.0,UPI,Mobile App,71.05,60.39
ORD100293,2025-08-11,CUST1437,Carlos Love,North,Power Bank,Electronics,258.61,1.0,0.0,UPI,Online,258.61,258.61
ORD103004,2025-05-29,CUST1845,Greg Tanner,South,Cotton T-Shirt,Apparel,85.96,1.0,10.0,Credit Card,Online,85.96,77.36
ORD100050,2024-07-05,CUST1138,Melissa Garner,North,Noise Cancelling Headphones,Electronics,276.55,2.0,15.0,UPI,In-Store,553.1,470.14
ORD105943,2024-03-22,CUST1267,Justin Michael,Central,Mechanical Keyboard,Electronics,34.47,2.0,0.0,PayPal,In-Store,68.94,68.94
ORD105286,2025-08-10,CUST1219,Stacey Stewart,South,Non-stick Pan Set,Home & Kitchen,88.65,1.0,10.0,Cash on Delivery,In-Store,88.65,79.79
ORD103323,2025-03-23,CUST1834,Michelle Salazar,Central,Cotton T-Shirt,Apparel,81.39,1.0,0.0,UPI,In-Store,81.39,81.39
ORD103858,2025-03-17,CUST1480,Jorge Bates,West,Mechanical Keyboard,Electronics,220.55,3.0,0.0,Credit Card,Mobile App,661.65,661.65
ORD100034,2024-08-21,CUST1840,Leslie Nguyen,East,Dumbbell Set,Sports & Outdoors,76.06,3.0,10.0,Debit Card,In-Store,228.18,205.36
ORD103051,2025-10-12,CUST1333,Emily Rodriguez,West,Portable SSD 1TB,Electronics,183.75,3.0,20.0,UPI,Mobile App,551.25,441.0
ORD100884,2024-08-05,CUST1461,Beth Henderson,South,Non-stick Pan Set,Home & Kitchen,42.72,5.0,15.0,Cash on Delivery,Online,213.6,181.56
ORD105441,2024-09-02,CUST1056,Renee Mcdaniel,North,Noise Cancelling Headphones,Electronics,337.79,3.0,0.0,Credit Card,In-Store,1013.37,1013.37
ORD103679,2024-10-03,CUST1400,Patricia Johnson,North,Bluetooth Speaker,Electronics,244.88,1.0,0.0,PayPal,Online,244.88,244.88
ORD104735,2024-07-22,CUST1184,Jordan Bullock,South,Camping Tent,Sports & Outdoors,146.7,1.0,10.0,UPI,Online,146.7,132.03
ORD102821,2024-09-03,CUST1596,Kim Goodwin,West,Noise Cancelling Headphones,Electronics,134.56,1.0,15.0,Cash on Delivery,In-Store,134.56,114.38
ORD104184,2025-11-19,CUST1417,Christopher Owens,South,Yoga Pants,Apparel,28.47,3.0,0.0,Cash on Delivery,Mobile App,85.41,85.41
ORD104555,2024-02-27,CUST1598,Jessica Mays,West,Cycling Helmet,Sports & Outdoors,74.14,4.0,0.0,PayPal,Mobile App,296.56,296.56
ORD101452,2025-10-06,CUST1792,Thomas Curry,North,Power Bank,Electronics,56.09,2.0,0.0,Cash on Delivery,In-Store,112.18,112.18
ORD104423,2025-08-20,CUST1865,Grant Lucas,Central,Coffee Maker,Home & Kitchen,136.01,1.0,5.0,Cash on Delivery,In-Store,136.01,129.21
ORD103495,2024-01-19,CUST1303,Paul Wells,East,Dumbbell Set,Sports & Outdoors,35.23,5.0,0.0,UPI,Mobile App,176.15,176.15
ORD105726,2025-07-12,CUST1081,Jacob Obrien,West,Camping Tent,Sports & Outdoors,147.33,1.0,10.0,Cash on Delivery,In-Store,147.33,132.6
ORD100866,2025-06-08,CUST1275,Jennifer Simpson DVM,Central,Cotton T-Shirt,Apparel,34.71,1.0,0.0,Cash on Delivery,In-Store,34.71,34.71
ORD103041,2025-09-16,CUST1543,Rebecca Horton,West,Power Bank,Electronics,421.84,2.0,10.0,Credit Card,Online,843.68,759.31
ORD103225,2025-07-20,CUST1123,Kimberly Gibson,South,Dumbbell Set,Sports & Outdoors,266.8,1.0,0.0,UPI,Mobile App,266.8,266.8
ORD104534,2025-12-17,CUST1806,Manuel Brown,North,Notebook Pack,Office Supplies,113.11,4.0,20.0,Credit Card,Online,452.44,361.95
ORD100868,2024-01-25,CUST1826,Matthew Smith,East,Running Shoes,Apparel,49.79,4.0,10.0,UPI,In-Store,199.16,179.24
ORD105631,2025-03-14,CUST1029,Connor West,West,Electric Kettle,Home & Kitchen,150.39,2.0,10.0,Debit Card,Online,300.78,270.7
ORD104897,2024-01-16,CUST1689,Susan Larson,East,Portable SSD 1TB,Electronics,340.41,2.0,5.0,Debit Card,Online,680.82,646.78
ORD104585,2024-01-09,CUST1088,Samuel Rivas,North,Vacuum Cleaner,Home & Kitchen,78.63,4.0,0.0,Cash on Delivery,Mobile App,314.52,314.52
ORD104230,2024-06-03,CUST1447,Rachel Lane,North,Ergonomic Chair,Office Supplies,292.53,2.0,0.0,Cash on Delivery,Mobile App,585.06,585.06
ORD105336,2025-09-24,CUST1815,Gary Myers,West,Air Fryer,Home & Kitchen,57.88,1.0,10.0,PayPal,Online,57.88,52.09
ORD105868,2025-01-14,CUST1701,Robert Torres,Central,Notebook Pack,Office Supplies,170.38,5.0,0.0,Debit Card,Mobile App,851.9,851.9
ORD103477,2024-05-02,CUST1838,Dominique Hamilton,Central,Vacuum Cleaner,Home & Kitchen,130.76,3.0,10.0,UPI,Mobile App,392.28,353.05
ORD101340,2024-06-18,CUST1585,Heather Parrish,West,Bluetooth Speaker,Electronics,313.46,4.0,0.0,PayPal,Online,1253.84,1253.84
ORD103906,2024-05-23,CUST1181,Brian Smith,West,Portable SSD 1TB,Electronics,249.33,1.0,10.0,PayPal,Mobile App,249.33,224.4
ORD104337,2024-04-22,CUST1035,Kim Brown,East,Webcam HD,Electronics,258.86,2.0,0.0,Debit Card,In-Store,517.72,517.72
ORD103214,2025-08-13,CUST1222,Kathleen Jimenez,West,Dumbbell Set,Sports & Outdoors,135.26,1.0,10.0,Debit Card,Mobile App,135.26,121.73
ORD105129,2024-11-29,CUST1027,Brent Jordan,North,Running Shoes,Apparel,71.68,3.0,0.0,Debit Card,Online,215.04,215.04
ORD100380,2024-09-06,CUST1853,Jennifer Clarke,East,Desk Lamp,Office Supplies,239.58,1.0,0.0,Cash on Delivery,Mobile App,239.58,239.58
ORD100889,2025-03-30,CUST1557,Ronald Johns,West,Yoga Pants,Apparel,112.91,1.0,0.0,Credit Card,Mobile App,112.91,112.91
ORD102383,2024-03-11,CUST1195,Emily Douglas,North,Noise Cancelling Headphones,Electronics,311.17,2.0,0.0,Cash on Delivery,Mobile App,622.34,622.34
ORD105113,2025-03-14,CUST1135,Brooke Alexander,East,Yoga Mat,Sports & Outdoors,83.21,1.0,0.0,UPI,Online,83.21,83.21
ORD101110,2024-12-28,CUST1313,Kelly Sanchez,South,Webcam HD,Electronics,225.59,3.0,0.0,PayPal,In-Store,676.77,676.77
ORD100367,2025-07-16,CUST1871,Joshua Martin,North,27in Monitor,Electronics,287.18,1.0,10.0,Cash on Delivery,Online,287.18,258.46
ORD103295,2024-03-27,CUST1662,Kelly King,North,Wool Sweater,Apparel,68.05,1.0,0.0,PayPal,Online,68.05,68.05
ORD101473,2024-07-19,CUST1458,Joseph Camacho,Central,Running Shoes,Apparel,52.48,1.0,0.0,Debit Card,Online,52.48,52.48
ORD105873,2024-07-21,CUST1807,Angelica Jacobs,North,Wool Sweater,Apparel,71.05,2.0,0.0,Cash on Delivery,Mobile App,142.1,142.1
ORD101826,2024-02-03,CUST1247,Kayla Rodriguez,South,Yoga Pants,Apparel,90.67,1.0,10.0,PayPal,Mobile App,90.67,81.6
ORD103682,2024-11-17,CUST1023,Jessica Holmes,West,Yoga Mat,Sports & Outdoors,190.96,1.0,10.0,PayPal,Online,190.96,171.86
ORD103786,2025-06-22,CUST1863,Jason Fleming,North,Non-stick Pan Set,Home & Kitchen,61.03,5.0,5.0,Debit Card,Online,305.15,289.89
ORD103322,2025-03-08,CUST1141,Richard Johnson,South,Air Fryer,Home & Kitchen,112.9,1.0,10.0,UPI,In-Store,112.9,101.61
ORD100691,2025-08-23,CUST1019,Linda Burns,North,Portable SSD 1TB,Electronics,260.08,1.0,0.0,Debit Card,Mobile App,260.08,260.08
ORD101499,2025-03-01,CUST1092,Alan Phillips,North,Yoga Mat,Sports & Outdoors,192.55,2.0,0.0,Debit Card,Online,385.1,385.1
ORD101881,2025-03-15,CUST1383,Kelly Wallace,Central,Blender,Home & Kitchen,25.87,4.0,0.0,PayPal,Online,103.48,103.48
ORD104374,2025-10-21,CUST1774,Kyle Nguyen,Central,Coffee Maker,Home & Kitchen,154.86,1.0,5.0,Credit Card,In-Store,154.86,147.12
ORD104511,2024-02-01,CUST1481,Brian Brown,Central,Wireless Mouse,Electronics,437.03,2.0,0.0,UPI,Online,874.06,874.06
ORD105563,2024-09-05,CUST1045,Michael Hoffman,South,Cotton T-Shirt,Apparel,87.04,5.0,15.0,Debit Card,Online,435.2,369.92
ORD100444,2025-08-19,CUST1271,David Garcia,South,Yoga Pants,Apparel,31.25,1.0,0.0,PayPal,In-Store,31.25,31.25
ORD100989,2024-02-22,CUST1867,Dwayne Bruce,East,Yoga Pants,Apparel,81.18,2.0,15.0,Cash on Delivery,Mobile App,162.36,138.01
ORD100008,2025-02-09,CUST1217,Carrie Maxwell,Central,Coffee Maker,Home & Kitchen,62.2,4.0,5.0,UPI,Online,248.8,236.36
ORD101422,2024-08-09,CUST1244,Kathleen Burton,Central,Running Shoes,Apparel,45.42,2.0,0.0,PayPal,Online,90.84,90.84
ORD101007,2024-05-14,CUST1751,Kristen Smith,North,Electric Kettle,Home & Kitchen,154.67,1.0,0.0,Credit Card,Mobile App,154.67,154.67
ORD100130,2024-08-31,CUST1373,Wendy Camacho,East,Power Bank,Electronics,368.84,1.0,5.0,Cash on Delivery,In-Store,368.84,350.4
ORD103622,2024-08-30,CUST1289,Jose Bryant,West,Camping Tent,Sports & Outdoors,232.57,5.0,0.0,PayPal,Mobile App,1162.85,1162.85
ORD103881,2025-09-16,CUST1516,Sheryl Acosta,East,Standing Desk,Office Supplies,63.41,4.0,10.0,Credit Card,In-Store,253.64,228.28
ORD100201,2025-10-19,CUST1781,Kevin Garrett,West,Electric Kettle,Home & Kitchen,119.86,2.0,10.0,UPI,Online,239.72,215.75
ORD105290,2025-10-13,CUST1485,Micheal Parks,South,Bluetooth Speaker,Electronics,342.17,3.0,0.0,PayPal,Mobile App,1026.51,1026.51
ORD105776,2025-04-08,CUST1074,Stephanie Freeman,West,Vacuum Cleaner,Home & Kitchen,208.12,1.0,10.0,Cash on Delivery,In-Store,208.12,187.31
ORD101073,2024-08-08,CUST1383,Kelly Wallace,South,Cycling Helmet,Sports & Outdoors,160.04,3.0,5.0,UPI,In-Store,480.12,456.11
ORD100742,2024-06-10,CUST1245,Melinda Evans,West,Camping Tent,Sports & Outdoors,213.17,1.0,15.0,Cash on Delivery,In-Store,213.17,181.19
ORD102639,2025-10-15,CUST1492,Mike Maxwell,Central,Coffee Maker,Home & Kitchen,125.25,5.0,0.0,Debit Card,Online,626.25,626.25
ORD101888,2024-11-16,CUST1149,David Medina,East,Mechanical Keyboard,Electronics,367.67,1.0,0.0,Debit Card,In-Store,367.67,367.67
ORD100992,2025-02-21,CUST1250,Kathleen Davis,Central,Noise Cancelling Headphones,Electronics,122.65,3.0,10.0,Debit Card,Mobile App,367.95,331.16
ORD102036,2024-02-10,CUST1785,Stephanie Dominguez,South,Ergonomic Chair,Office Supplies,241.53,2.0,15.0,PayPal,Mobile App,483.06,410.6
ORD104625,2025-01-22,CUST1551,Daniel Goodwin,Central,Coffee Maker,Home & Kitchen,211.92,1.0,0.0,Debit Card,Online,211.92,211.92
ORD105574,2025-03-22,CUST1004,Gabrielle Davis,West,Webcam HD,Electronics,116.1,2.0,0.0,UPI,In-Store,232.2,232.2
ORD100123,2024-06-03,CUST1619,Harry Nichols,West,Air Fryer,Home & Kitchen,109.95,3.0,0.0,UPI,Online,329.85,329.85
ORD105476,2024-03-06,CUST1471,Samantha Robertson,East,Electric Kettle,Home & Kitchen,181.5,2.0,10.0,Debit Card,Online,363.0,326.7
ORD103853,2024-06-04,CUST1629,Derrick Mullen,North,Vacuum Cleaner,Home & Kitchen,36.72,1.0,0.0,Credit Card,Mobile App,36.72,36.72
ORD101374,2024-08-07,CUST1083,Michael Burton,North,Non-stick Pan Set,Home & Kitchen,101.2,1.0,0.0,Cash on Delivery,Mobile App,101.2,101.2
ORD104497,2025-04-21,CUST1218,Chad Baldwin,West,Notebook Pack,Office Supplies,11.64,1.0,10.0,Credit Card,Mobile App,11.64,10.48
ORD100828,2024-05-15,CUST1152,Michael Stephens,East,Whiteboard,Office Supplies,71.6,5.0,0.0,PayPal,Online,358.0,358.0
ORD103398,2024-07-12,CUST1584,Jamie Gray,South,Wool Sweater,Apparel,93.97,2.0,20.0,Cash on Delivery,Online,187.94,150.35
ORD101796,2024-10-22,CUST1398,Mary Thompson,East,Water Bottle,Sports & Outdoors,138.6,1.0,0.0,PayPal,In-Store,138.6,138.6
ORD101175,2025-01-01,CUST1054,Victoria Johnson,Central,Smartwatch,Electronics,441.58,2.0,10.0,Credit Card,Mobile App,883.16,794.84
ORD103272,2025-04-22,CUST1494,Jeffrey Jordan,South,USB-C Hub,Electronics,360.81,1.0,15.0,Credit Card,Online,360.81,306.69
ORD102907,2025-05-22,CUST1553,Robert Wilson,North,Toaster,Home & Kitchen,95.94,1.0,0.0,Cash on Delivery,In-Store,95.94,95.94
ORD101977,2024-10-01,CUST1320,Manuel King,Central,Running Shoes,Apparel,77.54,1.0,0.0,UPI,Mobile App,77.54,77.54
ORD104836,2025-10-11,CUST1562,Preston Kim,North,Denim Jacket,Apparel,107.76,1.0,10.0,UPI,Mobile App,107.76,96.98
ORD102499,2025-10-25,CUST1211,Riley Bryant,South,Camping Tent,Sports & Outdoors,159.23,1.0,5.0,Credit Card,Mobile App,159.23,151.27
ORD101874,2025-07-06,CUST1829,Erica Oconnell,South,Air Fryer,Home & Kitchen,39.1,2.0,0.0,Cash on Delivery,Online,78.2,78.2
ORD104304,2025-02-16,CUST1712,Lori Perez,East,Rice Cooker,Home & Kitchen,142.52,2.0,0.0,UPI,Mobile App,285.04,285.04
ORD105935,2025-01-21,CUST1822,Kathryn Hanna,West,Coffee Maker,Home & Kitchen,125.16,2.0,0.0,UPI,Online,250.32,250.32
ORD101265,2024-01-02,CUST1240,Travis Stone,West,Portable SSD 1TB,Electronics,111.15,1.0,5.0,Credit Card,Mobile App,111.15,105.59
ORD100127,2024-10-05,CUST1658,Amanda Miller,North,Noise Cancelling Headphones,Electronics,79.8,2.0,10.0,Cash on Delivery,Online,159.6,143.64
ORD105828,2025-07-06,CUST1664,Lauren Vazquez,West,Ergonomic Chair,Office Supplies,128.44,1.0,10.0,Debit Card,Online,128.44,115.6
ORD105127,2025-01-08,CUST1874,Tammy Morgan,South,Desk Lamp,Office Supplies,106.42,4.0,0.0,Credit Card,Mobile App,425.68,425.68
ORD103532,2025-03-06,CUST1482,Stephanie Evans,East,Mechanical Keyboard,Electronics,115.16,1.0,10.0,Credit Card,Online,115.16,103.64
ORD102162,2024-09-09,CUST1161,Katherine Browning,East,Non-stick Pan Set,Home & Kitchen,132.54,1.0,0.0,Cash on Delivery,Online,132.54,132.54
ORD103248,2024-02-16,CUST1081,Jacob Obrien,North,Denim Jacket,Apparel,86.28,1.0,0.0,Credit Card,Mobile App,86.28,86.28
ORD103689,2024-10-29,CUST1541,Miss Brianna Brown,West,Noise Cancelling Headphones,Electronics,133.32,1.0,10.0,Cash on Delivery,In-Store,133.32,119.99
ORD103644,2024-11-28,CUST1293,Susan Bennett,Central,Noise Cancelling Headphones,Electronics,191.14,1.0,0.0,Debit Card,Online,191.14,191.14
ORD103385,2024-01-14,CUST1243,Travis Wise,West,Notebook Pack,Office Supplies,21.39,2.0,5.0,Credit Card,In-Store,42.78,40.64
ORD102909,2024-03-25,CUST1861,Judith Miller,West,Blender,Home & Kitchen,99.23,1.0,0.0,PayPal,Online,99.23,99.23
ORD103994,2024-07-21,CUST1457,Rhonda Gutierrez,Central,27in Monitor,Electronics,49.4,2.0,15.0,Credit Card,Mobile App,98.8,83.98
ORD102116,2024-02-18,CUST1037,Kevin Mills,West,Ergonomic Chair,Office Supplies,321.24,1.0,15.0,Debit Card,Online,321.24,273.05
ORD103082,2025-12-27,CUST1770,Bethany Garcia,North,Whiteboard,Office Supplies,211.49,1.0,10.0,Cash on Delivery,Mobile App,211.49,190.34
ORD101543,2024-07-06,CUST1780,April Castro,South,Air Fryer,Home & Kitchen,117.0,2.0,0.0,Cash on Delivery,Mobile App,234.0,234.0
ORD103702,2025-07-04,CUST1576,Kevin Sullivan,North,Air Fryer,Home & Kitchen,84.33,1.0,0.0,UPI,Online,84.33,84.33
ORD105250,2025-04-25,CUST1424,Carl Stein,Central,Rice Cooker,Home & Kitchen,177.51,3.0,0.0,Cash on Delivery,In-Store,532.53,532.53
ORD101860,2024-08-24,CUST1265,Megan Dillon,South,Air Fryer,Home & Kitchen,201.57,2.0,0.0,Cash on Delivery,Online,403.14,403.14
ORD101048,2025-02-27,CUST1143,Terry Coffey,South,Standing Desk,Office Supplies,115.57,1.0,5.0,Debit Card,In-Store,115.57,109.79
ORD101379,2025-08-11,CUST1283,Stephanie Padilla,North,Yoga Mat,Sports & Outdoors,222.6,2.0,0.0,Debit Card,Mobile App,445.2,445.2
ORD101769,2024-12-29,CUST1563,Daniel Francis,Central,Cotton T-Shirt,Apparel,100.01,1.0,10.0,Debit Card,In-Store,100.01,90.01
ORD100885,2024-07-14,CUST1221,Jessica Ross,North,27in Monitor,Electronics,203.57,2.0,0.0,Cash on Delivery,Online,407.14,407.14
ORD103747,2024-12-10,CUST1306,Michael Morrison,West,Notebook Pack,Office Supplies,311.78,1.0,15.0,Cash on Delivery,In-Store,311.78,265.01
ORD105383,2025-09-09,CUST1489,Julie Wilson,North,Whiteboard,Office Supplies,249.07,3.0,0.0,UPI,In-Store,747.21,747.21
ORD101766,2025-09-19,CUST1602,Brian Simmons,East,Ergonomic Chair,Office Supplies,40.62,3.0,5.0,Cash on Delivery,Online,121.86,115.77
ORD104587,2025-05-25,CUST1897,Tracy Jackson,Central,Toaster,Home & Kitchen,93.34,3.0,0.0,Debit Card,Mobile App,280.02,280.02
ORD103766,2025-07-31,CUST1872,Theresa Reilly,South,Noise Cancelling Headphones,Electronics,162.11,1.0,10.0,Credit Card,Online,162.11,145.9
ORD100575,2024-01-03,CUST1229,Laura Moreno,East,Notebook Pack,Office Supplies,293.76,1.0,0.0,PayPal,Mobile App,293.76,293.76
ORD103378,2024-09-09,CUST1778,Susan Torres,North,Yoga Pants,Apparel,80.61,3.0,10.0,UPI,Mobile App,241.83,217.65
ORD104492,2024-07-11,CUST1399,Gregory Holmes PhD,South,Toaster,Home & Kitchen,169.07,1.0,0.0,Cash on Delivery,Online,169.07,169.07
ORD105154,2024-09-11,CUST1400,Patricia Johnson,West,Webcam HD,Electronics,246.45,2.0,0.0,PayPal,In-Store,492.9,492.9
ORD102942,2025-08-20,CUST1394,Lori Mason,West,Cotton T-Shirt,Apparel,92.21,2.0,5.0,UPI,Mobile App,184.42,175.2
ORD104017,2025-01-07,CUST1589,Andrew Berry,South,Desk Lamp,Office Supplies,143.87,1.0,10.0,UPI,In-Store,143.87,129.48
ORD101368,2025-01-23,CUST1712,Lori Perez,Central,Mechanical Keyboard,Electronics,48.34,1.0,0.0,PayPal,In-Store,48.34,48.34
ORD101349,2025-05-13,CUST1256,Andrew Reeves,Central,Power Bank,Electronics,393.96,1.0,0.0,PayPal,Online,393.96,393.96
ORD103856,2025-10-26,CUST1063,Angel Riggs,South,Cycling Helmet,Sports & Outdoors,32.25,4.0,15.0,PayPal,Online,129.0,109.65
ORD102437,2025-10-08,CUST1031,Tammy Allison,South,Toaster,Home & Kitchen,187.13,2.0,0.0,Cash on Delivery,Mobile App,374.26,374.26
ORD105490,2025-09-03,CUST1277,Todd Rosales MD,South,Dumbbell Set,Sports & Outdoors,108.52,1.0,5.0,UPI,Mobile App,108.52,103.09
ORD102430,2024-12-30,CUST1340,Erin Cook,North,Mechanical Keyboard,Electronics,150.68,1.0,15.0,Credit Card,Online,150.68,128.08
ORD100392,2025-09-06,CUST1843,James Ellis,North,Running Shoes,Apparel,31.88,5.0,0.0,Credit Card,In-Store,159.4,159.4
ORD105443,2025-07-01,CUST1764,Michael Vance,South,Wireless Mouse,Electronics,402.7,2.0,0.0,PayPal,Mobile App,805.4,805.4
ORD103688,2024-02-20,CUST1531,Leah Barton,East,Cotton T-Shirt,Apparel,97.26,1.0,0.0,PayPal,Online,97.26,97.26
ORD105749,2025-01-05,CUST1573,Brandy Quinn,East,Noise Cancelling Headphones,Electronics,143.05,5.0,20.0,Credit Card,In-Store,715.25,572.2
ORD105648,2024-09-23,CUST1068,Paul Larsen,North,Non-stick Pan Set,Home & Kitchen,200.45,1.0,0.0,Cash on Delivery,Online,200.45,200.45
ORD104599,2025-06-18,CUST1791,Jose Harrison,East,Power Bank,Electronics,94.95,2.0,0.0,Cash on Delivery,In-Store,189.9,189.9
ORD100990,2025-01-05,CUST1248,Anthony Dougherty,Central,Vacuum Cleaner,Home & Kitchen,59.0,2.0,10.0,PayPal,Mobile App,118.0,106.2
ORD105875,2024-11-26,CUST1705,Mary Lin,West,Non-stick Pan Set,Home & Kitchen,77.12,1.0,0.0,Debit Card,In-Store,77.12,77.12
ORD104783,2025-02-15,CUST1397,Brandon Hamilton,West,Desk Lamp,Office Supplies,33.98,1.0,5.0,PayPal,In-Store,33.98,32.28
ORD102755,2025-04-08,CUST1665,Mr. George Booker DDS,East,Cotton T-Shirt,Apparel,65.44,1.0,0.0,Credit Card,Online,65.44,65.44
ORD102171,2024-05-05,CUST1212,Jose Allen,West,Yoga Mat,Sports & Outdoors,172.11,1.0,0.0,UPI,Online,172.11,172.11
ORD105429,2024-07-31,CUST1877,Tina Daugherty,East,Portable SSD 1TB,Electronics,153.35,5.0,0.0,PayPal,Online,766.75,766.75
ORD103640,2024-10-13,CUST1125,Matthew Hoover,Central,Dumbbell Set,Sports & Outdoors,171.25,5.0,0.0,Debit Card,In-Store,856.25,856.25
ORD104263,2024-05-01,CUST1514,Michael Brown,East,Yoga Pants,Apparel,109.46,1.0,0.0,Credit Card,Online,109.46,109.46
ORD101203,2024-08-31,CUST1460,Lisa Martinez,South,Desk Lamp,Office Supplies,328.65,2.0,15.0,Cash on Delivery,In-Store,657.3,558.7
ORD101023,2025-04-29,CUST1412,Valerie Thomas,South,Denim Jacket,Apparel,105.81,1.0,0.0,Unknown,Online,105.81,105.81
ORD102863,2025-06-07,CUST1153,Samantha Davis,West,Electric Kettle,Home & Kitchen,120.67,1.0,0.0,Cash on Delivery,Mobile App,120.67,120.67
ORD100880,2024-10-07,CUST1085,Matthew Smith,South,Wireless Mouse,Electronics,429.87,2.0,0.0,PayPal,Mobile App,859.74,859.74
ORD104066,2025-10-19,CUST1370,Heather Page,South,Portable SSD 1TB,Electronics,89.15,2.0,5.0,PayPal,Mobile App,178.3,169.38
ORD100283,2025-06-22,CUST1792,Thomas Curry,West,Bluetooth Speaker,Electronics,50.31,1.0,0.0,Credit Card,In-Store,50.31,50.31
ORD100423,2024-10-15,CUST1190,Larry Mason,North,Wool Sweater,Apparel,34.72,1.0,20.0,UPI,Mobile App,34.72,27.78
ORD101951,2024-11-06,CUST1004,Gabrielle Davis,West,Power Bank,Electronics,205.93,1.0,5.0,Cash on Delivery,In-Store,205.93,195.63
ORD102488,2024-09-02,CUST1809,Tammy Hill,South,Yoga Pants,Apparel,59.54,1.0,0.0,PayPal,Mobile App,59.54,59.54
ORD101549,2024-01-12,CUST1519,Danielle Reed,South,Water Bottle,Sports & Outdoors,162.32,2.0,0.0,Credit Card,Online,324.64,324.64
ORD103350,2025-11-02,CUST1727,Louis Brown,Central,Yoga Pants,Apparel,50.16,4.0,0.0,Cash on Delivery,Online,200.64,200.64
ORD105038,2025-08-13,CUST1474,Madison Martinez,West,Water Bottle,Sports & Outdoors,13.83,2.0,0.0,Credit Card,In-Store,27.66,27.66
ORD101680,2024-06-10,CUST1253,Chloe Tran,South,Vacuum Cleaner,Home & Kitchen,30.53,2.0,10.0,Credit Card,In-Store,61.06,54.95
ORD103742,2024-02-20,CUST1621,Travis Vega,East,Notebook Pack,Office Supplies,280.87,5.0,0.0,PayPal,Mobile App,1404.35,1404.35
ORD103607,2024-07-06,CUST1012,Kimberly Burgess,West,Notebook Pack,Office Supplies,207.13,1.0,0.0,UPI,In-Store,207.13,207.13
ORD104924,2024-04-16,CUST1633,Dr. Samuel Holmes DDS,North,27in Monitor,Electronics,86.53,1.0,5.0,UPI,In-Store,86.53,82.2
ORD105672,2025-06-02,CUST1676,Steve Miller PhD,West,Cotton T-Shirt,Apparel,56.38,1.0,0.0,PayPal,Mobile App,56.38,56.38
ORD105356,2024-11-27,CUST1044,Sandra Williams,South,Toaster,Home & Kitchen,83.91,3.0,10.0,Cash on Delivery,Mobile App,251.73,226.56
ORD100002,2025-03-05,CUST1665,Mr. George Booker DDS,East,27in Monitor,Electronics,123.88,2.0,10.0,Cash on Delivery,In-Store,247.76,222.98
ORD103657,2025-12-06,CUST1126,Evelyn Garcia,West,27in Monitor,Electronics,245.62,1.0,0.0,Credit Card,In-Store,245.62,245.62
ORD104653,2024-07-10,CUST1470,Jeremy Mcintyre,South,Cycling Helmet,Sports & Outdoors,283.8,3.0,0.0,Unknown,Mobile App,851.4,851.4
ORD104612,2025-05-16,CUST1001,Angie Henderson,West,Yoga Pants,Apparel,97.71,1.0,5.0,Credit Card,Online,97.71,92.82
ORD101692,2024-10-21,CUST1622,Derek Perez,Central,Wool Sweater,Apparel,38.82,2.0,0.0,UPI,Mobile App,77.64,77.64
ORD103901,2024-07-22,CUST1137,Ian Phillips,North,Vacuum Cleaner,Home & Kitchen,72.21,3.0,10.0,UPI,In-Store,216.63,194.97
ORD100612,2025-08-03,CUST1573,Brandy Quinn,South,27in Monitor,Electronics,36.77,3.0,20.0,Credit Card,Online,110.31,88.25
ORD100013,2025-05-15,CUST1000,Allison Hill,West,Bluetooth Speaker,Electronics,349.07,2.0,5.0,PayPal,In-Store,698.14,663.23
ORD102783,2024-06-04,CUST1211,Riley Bryant,West,Denim Jacket,Apparel,48.7,5.0,0.0,UPI,Mobile App,243.5,243.5
ORD105335,2025-01-29,CUST1055,William Wilson,East,Denim Jacket,Apparel,84.26,1.0,0.0,Unknown,In-Store,84.26,84.26
ORD100184,2024-12-01,CUST1549,Michael Fox,East,Coffee Maker,Home & Kitchen,32.35,2.0,0.0,UPI,Online,64.7,64.7
ORD102769,2024-03-25,CUST1576,Kevin Sullivan,West,Water Bottle,Sports & Outdoors,270.21,1.0,10.0,PayPal,Mobile App,270.21,243.19
ORD103042,2025-04-29,CUST1537,Miguel Parks,Central,Coffee Maker,Home & Kitchen,104.88,2.0,0.0,Cash on Delivery,Online,209.76,209.76
ORD101219,2025-04-04,CUST1717,Elizabeth Reese,North,Air Fryer,Home & Kitchen,117.92,4.0,0.0,PayPal,Online,471.68,471.68
ORD100425,2024-09-13,CUST1185,Craig Morrison,North,USB-C Hub,Electronics,48.82,3.0,0.0,Credit Card,Online,146.46,146.46
ORD105457,2024-09-13,CUST1844,Andrew Carroll,East,Noise Cancelling Headphones,Electronics,321.66,2.0,10.0,UPI,In-Store,643.32,578.99
ORD101527,2024-06-11,CUST1350,Kathryn Cooper,West,Blender,Home & Kitchen,45.3,1.0,0.0,Credit Card,Online,45.3,45.3
ORD101752,2025-03-06,CUST1699,Jessica Glass,Central,Portable SSD 1TB,Electronics,33.84,1.0,0.0,Credit Card,Mobile App,33.84,33.84
ORD102988,2024-05-04,CUST1328,Jasmine Mosley,West,Portable SSD 1TB,Electronics,62.74,4.0,0.0,Unknown,In-Store,250.96,250.96
ORD100199,2024-11-23,CUST1480,Jorge Bates,East,Vacuum Cleaner,Home & Kitchen,91.93,4.0,10.0,PayPal,In-Store,367.72,330.95
ORD100465,2024-07-07,CUST1729,Kevin Marquez,North,Cotton T-Shirt,Apparel,23.34,3.0,5.0,UPI,In-Store,70.02,66.52
ORD103593,2024-11-14,CUST1675,Dawn Diaz,West,Dumbbell Set,Sports & Outdoors,204.99,1.0,5.0,PayPal,Online,204.99,194.74
ORD104832,2025-01-18,CUST1395,Kimberly Hernandez,West,Blender,Home & Kitchen,56.8,1.0,20.0,Cash on Delivery,In-Store,56.8,45.44
ORD105332,2024-07-20,CUST1101,David Grant,West,Camping Tent,Sports & Outdoors,29.1,2.0,0.0,UPI,Online,58.2,58.2
ORD101371,2025-07-08,CUST1861,Judith Miller,North,27in Monitor,Electronics,272.45,1.0,10.0,Credit Card,Mobile App,272.45,245.2
ORD105141,2025-10-14,CUST1073,Sarah Ashley,Central,Power Bank,Electronics,236.93,1.0,5.0,PayPal,Online,236.93,225.08
ORD103097,2025-06-29,CUST1027,Brent Jordan,South,Notebook Pack,Office Supplies,275.7,2.0,0.0,Credit Card,Online,551.4,551.4
ORD105815,2024-05-16,CUST1543,Rebecca Horton,South,Standing Desk,Office Supplies,227.58,1.0,5.0,Cash on Delivery,In-Store,227.58,216.2
ORD100813,2024-03-30,CUST1312,Alexis Tran,Central,Noise Cancelling Headphones,Electronics,246.25,2.0,5.0,UPI,In-Store,492.5,467.88
ORD100562,2024-12-17,CUST1343,Catherine Saunders MD,Central,Wireless Mouse,Electronics,395.51,1.0,0.0,PayPal,In-Store,395.51,395.51
ORD104819,2024-07-16,CUST1531,Leah Barton,Central,Air Fryer,Home & Kitchen,154.35,1.0,20.0,Debit Card,Online,154.35,123.48
ORD104274,2024-11-11,CUST1762,Tony Brock,West,Yoga Mat,Sports & Outdoors,115.34,1.0,0.0,Cash on Delivery,Mobile App,115.34,115.34
ORD100362,2025-02-02,CUST1443,Keith Zuniga,East,27in Monitor,Electronics,412.17,1.0,0.0,Cash on Delivery,Online,412.17,412.17
ORD100521,2025-10-14,CUST1099,John Peterson,East,Portable SSD 1TB,Electronics,187.35,1.0,15.0,UPI,Mobile App,187.35,159.25
ORD104977,2024-04-11,CUST1895,Rebecca Hansen,South,Toaster,Home & Kitchen,83.11,1.0,0.0,UPI,Mobile App,83.11,83.11
ORD103662,2025-04-09,CUST1471,Samantha Robertson,North,Electric Kettle,Home & Kitchen,99.08,2.0,5.0,Cash on Delivery,Mobile App,198.16,188.25
ORD105771,2025-01-02,CUST1228,Amanda Hernandez,South,Denim Jacket,Apparel,57.02,2.0,0.0,Cash on Delivery,In-Store,114.04,114.04
ORD101589,2025-02-09,CUST1527,Brent Hopkins,North,Water Bottle,Sports & Outdoors,256.16,4.0,0.0,Cash on Delivery,In-Store,1024.64,1024.64
ORD104870,2025-05-07,CUST1706,James Bray,West,Camping Tent,Sports & Outdoors,105.63,2.0,0.0,Debit Card,Mobile App,211.26,211.26
ORD105204,2025-08-01,CUST1423,Angela Willis,South,Notebook Pack,Office Supplies,44.46,2.0,0.0,PayPal,Mobile App,88.92,88.92
ORD100911,2025-02-16,CUST1472,Samuel Suarez,Central,Air Fryer,Home & Kitchen,77.01,2.0,0.0,Cash on Delivery,Mobile App,154.02,154.02
ORD104946,2024-01-24,CUST1171,Christopher Park,North,USB-C Hub,Electronics,233.21,3.0,0.0,Debit Card,Online,699.63,699.63
ORD101868,2025-04-15,CUST1791,Jose Harrison,East,Denim Jacket,Apparel,113.05,2.0,5.0,Cash on Delivery,Online,226.1,214.8
ORD100697,2024-10-01,CUST1623,Blake Sosa,West,Non-stick Pan Set,Home & Kitchen,23.17,2.0,0.0,UPI,Mobile App,46.34,46.34
ORD101558,2025-06-23,CUST1404,Cassidy Horne,North,Electric Kettle,Home & Kitchen,142.82,4.0,0.0,Cash on Delivery,Online,571.28,571.28
ORD104578,2025-10-03,CUST1328,Jasmine Mosley,North,Wool Sweater,Apparel,59.42,1.0,0.0,PayPal,Online,59.42,59.42
ORD103652,2025-05-09,CUST1033,Michael Cross,South,Yoga Pants,Apparel,52.64,2.0,5.0,Debit Card,Mobile App,105.28,100.02
ORD101681,2025-04-13,CUST1225,Heather Bolton,East,Notebook Pack,Office Supplies,82.59,3.0,0.0,Unknown,Online,247.77,247.77
ORD102225,2025-01-07,CUST1642,David Manning,Central,Standing Desk,Office Supplies,56.48,1.0,0.0,PayPal,In-Store,56.48,56.48
ORD100703,2024-09-15,CUST1694,George Alvarez,Central,Notebook Pack,Office Supplies,75.23,2.0,0.0,UPI,Online,150.46,150.46
ORD103440,2025-02-15,CUST1481,Brian Brown,South,Air Fryer,Home & Kitchen,152.66,3.0,0.0,Cash on Delivery,Online,457.98,457.98
ORD103093,2024-09-08,CUST1845,Greg Tanner,Central,Desk Lamp,Office Supplies,305.25,5.0,5.0,Cash on Delivery,Online,1526.25,1449.94
ORD103417,2024-02-01,CUST1354,Christopher Moore,North,Blender,Home & Kitchen,143.31,1.0,5.0,UPI,In-Store,143.31,136.14
ORD103255,2024-03-18,CUST1182,Anita Richard,South,Noise Cancelling Headphones,Electronics,308.08,1.0,0.0,Debit Card,Mobile App,308.08,308.08
ORD102016,2025-12-28,CUST1569,Danielle Gonzalez,East,Denim Jacket,Apparel,48.66,2.0,0.0,Cash on Delivery,Online,97.32,97.32
ORD105410,2025-12-12,CUST1535,Denise Stuart,East,Desk Lamp,Office Supplies,80.09,3.0,0.0,Cash on Delivery,In-Store,240.27,240.27
ORD103553,2024-11-06,CUST1585,Heather Parrish,South,Bluetooth Speaker,Electronics,258.97,1.0,0.0,Unknown,In-Store,258.97,258.97
ORD104006,2025-04-07,CUST1403,Jordan Williams,West,Yoga Pants,Apparel,37.63,3.0,20.0,UPI,Mobile App,112.89,90.31
ORD101812,2025-12-22,CUST1348,Matthew Williams,Central,Air Fryer,Home & Kitchen,126.26,1.0,0.0,Cash on Delivery,In-Store,126.26,126.26
ORD101579,2024-01-14,CUST1454,Bradley Anthony,North,Yoga Pants,Apparel,28.42,4.0,15.0,PayPal,In-Store,113.68,96.63
ORD103795,2025-02-28,CUST1432,Joseph Moody,East,Mechanical Keyboard,Electronics,117.03,2.0,10.0,PayPal,Mobile App,234.06,210.65
ORD105221,2025-06-14,CUST1289,Jose Bryant,North,Rice Cooker,Home & Kitchen,99.68,2.0,20.0,PayPal,Online,199.36,159.49
ORD100934,2025-08-16,CUST1316,Ryan Hall,South,Bluetooth Speaker,Electronics,402.4,1.0,0.0,PayPal,Mobile App,402.4,402.4
ORD103771,2025-05-28,CUST1163,Larry Garcia,South,Air Fryer,Home & Kitchen,128.39,1.0,0.0,Credit Card,In-Store,128.39,128.39
ORD101986,2024-08-11,CUST1519,Danielle Reed,East,Running Shoes,Apparel,79.5,3.0,0.0,PayPal,Mobile App,238.5,238.5
ORD101999,2025-09-05,CUST1117,Michael Martinez,Central,Yoga Pants,Apparel,24.78,1.0,0.0,UPI,Mobile App,24.78,24.78
ORD103028,2024-08-17,CUST1565,Andrew Armstrong,North,Notebook Pack,Office Supplies,159.88,1.0,15.0,Cash on Delivery,Mobile App,159.88,135.9
ORD105552,2025-11-10,CUST1832,Adam Howe,North,Noise Cancelling Headphones,Electronics,274.82,1.0,15.0,PayPal,In-Store,274.82,233.6
ORD103690,2024-10-15,CUST1619,Harry Nichols,Central,Non-stick Pan Set,Home & Kitchen,101.26,1.0,0.0,Debit Card,In-Store,101.26,101.26
ORD101117,2025-01-04,CUST1756,Brittany Peterson,West,Denim Jacket,Apparel,96.07,1.0,0.0,UPI,Mobile App,96.07,96.07
ORD104086,2024-06-19,CUST1609,Linda Bautista,West,Yoga Mat,Sports & Outdoors,201.22,1.0,10.0,Credit Card,In-Store,201.22,181.1
ORD100654,2025-05-04,CUST1496,Michael Sims,North,Noise Cancelling Headphones,Electronics,34.27,1.0,0.0,Debit Card,In-Store,34.27,34.27
ORD103038,2025-06-02,CUST1137,Ian Phillips,West,Desk Lamp,Office Supplies,276.86,1.0,5.0,Credit Card,Online,276.86,263.02
ORD105188,2024-10-31,CUST1415,Samuel Howe,West,Water Bottle,Sports & Outdoors,267.98,1.0,0.0,Credit Card,Mobile App,267.98,267.98
ORD101326,2024-11-08,CUST1061,Steven Flynn,North,Smartwatch,Electronics,95.53,5.0,0.0,PayPal,Online,477.65,477.65
ORD102932,2025-02-07,CUST1884,Ronnie Roberts,North,Mechanical Keyboard,Electronics,136.16,2.0,10.0,UPI,In-Store,272.32,245.09
ORD103241,2025-02-09,CUST1387,Tamara Jensen,North,Vacuum Cleaner,Home & Kitchen,139.9,2.0,15.0,Cash on Delivery,In-Store,279.8,237.83
ORD100056,2025-03-19,CUST1842,Kevin Brown,North,Non-stick Pan Set,Home & Kitchen,33.79,2.0,0.0,UPI,Mobile App,67.58,67.58
ORD105770,2025-11-24,CUST1627,Joyce Martinez,West,Portable SSD 1TB,Electronics,439.79,1.0,10.0,UPI,Online,439.79,395.81
ORD105959,2025-04-07,CUST1742,Lisa Rodriguez,North,Ergonomic Chair,Office Supplies,32.69,2.0,0.0,Credit Card,In-Store,65.38,65.38
ORD105528,2024-12-18,CUST1660,Ray Ramos,North,Denim Jacket,Apparel,62.4,2.0,15.0,UPI,Online,124.8,106.08
ORD105518,2025-12-24,CUST1506,Valerie Howard,South,Noise Cancelling Headphones,Electronics,361.32,1.0,0.0,PayPal,Mobile App,361.32,361.32
ORD105913,2025-04-23,CUST1549,Michael Fox,South,Yoga Pants,Apparel,30.11,2.0,0.0,Cash on Delivery,In-Store,60.22,60.22
ORD101036,2024-06-19,CUST1619,Harry Nichols,South,Desk Lamp,Office Supplies,130.7,3.0,10.0,PayPal,Mobile App,392.1,352.89
ORD101920,2024-05-31,CUST1540,James Brown,West,Power Bank,Electronics,98.42,1.0,0.0,Debit Card,Mobile App,98.42,98.42
ORD100528,2025-03-28,CUST1658,Amanda Miller,East,Rice Cooker,Home & Kitchen,41.69,2.0,0.0,Credit Card,Online,83.38,83.38
ORD100752,2024-08-13,CUST1398,Mary Thompson,West,Bluetooth Speaker,Electronics,162.43,1.0,0.0,PayPal,Mobile App,162.43,162.43
ORD102256,2025-03-22,CUST1495,Curtis Watson,South,Portable SSD 1TB,Electronics,360.88,2.0,10.0,PayPal,Mobile App,721.76,649.58
ORD105042,2025-04-12,CUST1502,Alicia Norris,Central,Whiteboard,Office Supplies,112.67,1.0,10.0,UPI,In-Store,112.67,101.4
ORD100287,2024-03-31,CUST1171,Christopher Park,South,Camping Tent,Sports & Outdoors,107.38,1.0,5.0,PayPal,In-Store,107.38,102.01
ORD101312,2024-08-12,CUST1490,Steve Mason,Central,Webcam HD,Electronics,173.0,1.0,0.0,Cash on Delivery,Mobile App,173.0,173.0
ORD103480,2025-06-14,CUST1349,Brett Walker,South,Ergonomic Chair,Office Supplies,246.26,4.0,20.0,UPI,Mobile App,985.04,788.03
ORD105180,2024-09-03,CUST1892,Carol Morris,South,Ergonomic Chair,Office Supplies,278.75,2.0,0.0,UPI,Mobile App,557.5,557.5
ORD100368,2025-11-02,CUST1365,Jill Jackson,East,Mechanical Keyboard,Electronics,131.54,1.0,0.0,PayPal,Mobile App,131.54,131.54
ORD104798,2024-01-17,CUST1580,Travis Hopkins,West,Noise Cancelling Headphones,Electronics,171.5,1.0,5.0,PayPal,Online,171.5,162.92
ORD100478,2025-07-29,CUST1609,Linda Bautista,West,USB-C Hub,Electronics,93.57,1.0,5.0,UPI,Mobile App,93.57,88.89
ORD104917,2024-04-11,CUST1812,Matthew Rodriguez,East,Camping Tent,Sports & Outdoors,280.88,1.0,20.0,Credit Card,In-Store,280.88,224.7
ORD103634,2025-03-26,CUST1312,Alexis Tran,South,USB-C Hub,Electronics,149.42,3.0,20.0,Debit Card,In-Store,448.26,358.61
ORD105635,2025-05-29,CUST1697,Thomas Davis,East,Running Shoes,Apparel,28.38,2.0,0.0,Credit Card,In-Store,56.76,56.76
ORD101287,2024-08-25,CUST1118,Anna Gay,North,Wool Sweater,Apparel,22.02,3.0,0.0,Unknown,Online,66.06,66.06
ORD105566,2024-12-19,CUST1764,Michael Vance,Central,Smartwatch,Electronics,357.53,2.0,20.0,Cash on Delivery,Online,715.06,572.05
ORD103739,2025-09-07,CUST1277,Todd Rosales MD,South,Wool Sweater,Apparel,20.57,4.0,0.0,PayPal,In-Store,82.28,82.28
ORD105495,2025-12-20,CUST1152,Michael Stephens,South,Electric Kettle,Home & Kitchen,77.76,2.0,0.0,PayPal,In-Store,155.52,155.52
ORD104192,2025-07-29,CUST1590,Christopher Nielsen,Central,Denim Jacket,Apparel,35.05,3.0,0.0,Debit Card,In-Store,105.15,105.15
ORD100617,2025-01-05,CUST1324,Shannon Davis,West,Power Bank,Electronics,48.77,2.0,0.0,PayPal,Online,97.54,97.54
ORD103820,2024-12-19,CUST1607,Samantha Ruiz,South,Cotton T-Shirt,Apparel,82.55,1.0,10.0,Cash on Delivery,In-Store,82.55,74.3
ORD105718,2025-12-15,CUST1814,Jonathan Delgado,North,Non-stick Pan Set,Home & Kitchen,108.24,2.0,0.0,Credit Card,Mobile App,216.48,216.48
ORD103425,2024-09-08,CUST1569,Danielle Gonzalez,Central,Wireless Mouse,Electronics,247.16,2.0,0.0,Unknown,Mobile App,494.32,494.32
ORD102904,2025-05-20,CUST1147,Terri Murphy,East,Dumbbell Set,Sports & Outdoors,73.4,2.0,0.0,Debit Card,In-Store,146.8,146.8
ORD101858,2024-04-03,CUST1549,Michael Fox,West,Wireless Mouse,Electronics,80.85,1.0,5.0,UPI,Mobile App,80.85,76.81
ORD104975,2025-05-29,CUST1558,Allison Love,South,Portable SSD 1TB,Electronics,221.93,1.0,0.0,Unknown,Online,221.93,221.93
ORD104232,2025-11-16,CUST1030,Angela Morton,South,Electric Kettle,Home & Kitchen,32.03,1.0,0.0,Credit Card,Mobile App,32.03,32.03
ORD103610,2025-09-20,CUST1330,Jennifer Ayala,South,Toaster,Home & Kitchen,45.07,1.0,15.0,UPI,Mobile App,45.07,38.31
ORD102703,2025-12-03,CUST1564,Traci Camacho,South,Rice Cooker,Home & Kitchen,198.81,4.0,5.0,Debit Card,Mobile App,795.24,755.48
ORD105989,2025-11-15,CUST1300,Victoria Boyd,Central,Yoga Mat,Sports & Outdoors,294.47,1.0,10.0,UPI,In-Store,294.47,265.02
ORD100072,2025-08-22,CUST1284,Tyler Mendoza,North,Water Bottle,Sports & Outdoors,177.96,3.0,0.0,UPI,Online,533.88,533.88
ORD100771,2025-12-14,CUST1001,Angie Henderson,North,Noise Cancelling Headphones,Electronics,322.08,1.0,0.0,UPI,Mobile App,322.08,322.08
ORD105390,2024-01-08,CUST1475,Seth Matthews,East,Blender,Home & Kitchen,120.47,2.0,10.0,Cash on Delivery,In-Store,240.94,216.85
ORD101654,2024-04-06,CUST1171,Christopher Park,East,Power Bank,Electronics,399.31,2.0,10.0,Cash on Delivery,Online,798.62,718.76
ORD102958,2024-02-15,CUST1501,Martin Wise,East,Rice Cooker,Home & Kitchen,21.8,4.0,5.0,UPI,Mobile App,87.2,82.84
ORD102202,2024-05-10,CUST1536,Stacey Hunt,North,Bluetooth Speaker,Electronics,431.51,2.0,0.0,Credit Card,Online,863.02,863.02
ORD104177,2024-08-10,CUST1379,Pamela Williams,North,Vacuum Cleaner,Home & Kitchen,157.01,1.0,10.0,Cash on Delivery,Mobile App,157.01,141.31
ORD101937,2024-11-01,CUST1356,Jeffrey Smith,Central,Mechanical Keyboard,Electronics,93.03,2.0,5.0,Cash on Delivery,In-Store,186.06,176.76
ORD105059,2024-06-01,CUST1004,Gabrielle Davis,West,Standing Desk,Office Supplies,222.79,1.0,5.0,Debit Card,Online,222.79,211.65
ORD102584,2025-08-28,CUST1642,David Manning,North,Non-stick Pan Set,Home & Kitchen,206.52,4.0,0.0,UPI,Mobile App,826.08,826.08
ORD104845,2025-03-17,CUST1162,Donald Schultz,North,Non-stick Pan Set,Home & Kitchen,35.46,1.0,20.0,Debit Card,In-Store,35.46,28.37
ORD101222,2024-11-22,CUST1824,Judy Gregory,Central,Webcam HD,Electronics,138.34,4.0,5.0,Credit Card,Online,553.36,525.69
ORD101749,2024-05-27,CUST1877,Tina Daugherty,North,Standing Desk,Office Supplies,84.91,1.0,0.0,Debit Card,In-Store,84.91,84.91
ORD100595,2025-04-10,CUST1523,Jillian Wilson,Central,Noise Cancelling Headphones,Electronics,176.34,2.0,0.0,PayPal,In-Store,352.68,352.68
ORD104631,2024-06-10,CUST1043,Michelle Harris,West,Camping Tent,Sports & Outdoors,74.56,1.0,5.0,Debit Card,In-Store,74.56,70.83
ORD100290,2025-01-19,CUST1350,Kathryn Cooper,Central,Air Fryer,Home & Kitchen,78.98,1.0,0.0,Credit Card,Mobile App,78.98,78.98
ORD104741,2024-11-28,CUST1217,Carrie Maxwell,North,Mechanical Keyboard,Electronics,342.43,1.0,0.0,PayPal,Mobile App,342.43,342.43
ORD103818,2025-06-26,CUST1167,Kristina Santiago,West,Denim Jacket,Apparel,21.23,2.0,20.0,Debit Card,Online,42.46,33.97
ORD100172,2024-05-29,CUST1838,Dominique Hamilton,East,Vacuum Cleaner,Home & Kitchen,77.56,2.0,0.0,PayPal,Mobile App,155.12,155.12
ORD102774,2024-10-18,CUST1804,Megan Kaiser,West,Notebook Pack,Office Supplies,242.29,1.0,0.0,PayPal,Online,242.29,242.29
ORD100903,2025-02-13,CUST1446,Stacey Snyder,South,Coffee Maker,Home & Kitchen,89.71,2.0,0.0,PayPal,Online,179.42,179.42
ORD102429,2025-06-11,CUST1104,Brad Allen,Central,Electric Kettle,Home & Kitchen,215.61,3.0,0.0,UPI,Online,646.83,646.83
ORD103081,2024-12-20,CUST1283,Stephanie Padilla,Central,Camping Tent,Sports & Outdoors,93.69,1.0,0.0,Credit Card,In-Store,93.69,93.69
ORD104887,2024-09-08,CUST1377,Heather Brown,West,Bluetooth Speaker,Electronics,252.25,2.0,0.0,PayPal,Mobile App,504.5,504.5
ORD105475,2024-10-30,CUST1838,Dominique Hamilton,Central,Yoga Mat,Sports & Outdoors,237.21,1.0,0.0,UPI,Online,237.21,237.21
ORD101445,2024-12-18,CUST1847,Cindy Wells,West,Yoga Pants,Apparel,29.54,4.0,0.0,Credit Card,Online,118.16,118.16
ORD100633,2024-05-25,CUST1727,Louis Brown,North,Portable SSD 1TB,Electronics,420.39,4.0,0.0,PayPal,Online,1681.56,1681.56
ORD100142,2025-07-10,CUST1527,Brent Hopkins,South,Wireless Mouse,Electronics,361.22,4.0,0.0,Credit Card,Mobile App,1444.88,1444.88
ORD103830,2025-05-22,CUST1327,Michelle Sanders,North,Running Shoes,Apparel,34.16,1.0,0.0,Cash on Delivery,Mobile App,34.16,34.16
ORD101236,2024-05-24,CUST1488,Henry Garner,Central,Yoga Mat,Sports & Outdoors,113.77,1.0,5.0,UPI,Online,113.77,108.08
ORD100239,2024-07-30,CUST1169,John Boone,West,Power Bank,Electronics,317.88,3.0,5.0,Credit Card,Mobile App,953.64,905.96
ORD102966,2025-02-13,CUST1366,Joshua Jackson,North,Wireless Mouse,Electronics,432.74,3.0,10.0,Credit Card,Online,1298.22,1168.4
ORD100666,2024-06-24,CUST1349,Brett Walker,Central,Toaster,Home & Kitchen,173.84,1.0,0.0,PayPal,Mobile App,173.84,173.84
ORD101800,2024-04-07,CUST1567,Clinton Jensen,West,Denim Jacket,Apparel,79.84,2.0,0.0,PayPal,Online,159.68,159.68
ORD102651,2025-12-28,CUST1466,Kara Jackson,North,Coffee Maker,Home & Kitchen,34.7,1.0,0.0,Debit Card,In-Store,34.7,34.7
ORD100931,2025-12-03,CUST1495,Curtis Watson,Central,Yoga Pants,Apparel,96.33,3.0,0.0,Credit Card,Online,288.99,288.99
ORD102372,2024-10-27,CUST1672,Michael Cannon,North,Toaster,Home & Kitchen,110.56,1.0,0.0,Debit Card,In-Store,110.56,110.56
ORD101644,2025-04-15,CUST1188,Jesse Brown,North,27in Monitor,Electronics,443.78,1.0,0.0,Debit Card,Mobile App,443.78,443.78
ORD101902,2025-08-25,CUST1207,Zachary Brooks,Central,Coffee Maker,Home & Kitchen,175.84,1.0,5.0,UPI,In-Store,175.84,167.05
ORD101803,2024-10-29,CUST1761,Brian Mullen,Central,Cotton T-Shirt,Apparel,96.1,1.0,15.0,UPI,Online,96.1,81.68
ORD102567,2024-08-24,CUST1201,Cynthia Wallace,East,Non-stick Pan Set,Home & Kitchen,182.28,1.0,0.0,UPI,Mobile App,182.28,182.28
ORD101925,2024-01-10,CUST1439,Eric Taylor,South,Toaster,Home & Kitchen,168.44,5.0,20.0,PayPal,In-Store,842.2,673.76
ORD104964,2024-12-04,CUST1512,Anna Briggs,North,Smartwatch,Electronics,283.34,2.0,5.0,Credit Card,In-Store,566.68,538.35
ORD100036,2024-11-17,CUST1610,Tara Holmes,South,Water Bottle,Sports & Outdoors,63.43,5.0,0.0,Cash on Delivery,Online,317.15,317.15
ORD105521,2024-06-28,CUST1794,Richard King,North,Portable SSD 1TB,Electronics,232.54,2.0,0.0,UPI,In-Store,465.08,465.08
ORD100768,2024-04-04,CUST1012,Kimberly Burgess,Central,Denim Jacket,Apparel,41.7,2.0,0.0,UPI,In-Store,83.4,83.4
ORD103422,2025-05-12,CUST1252,Stephen Luna,South,Power Bank,Electronics,51.93,4.0,10.0,PayPal,Online,207.72,186.95
ORD102390,2025-05-07,CUST1440,Marie Thompson,East,Whiteboard,Office Supplies,229.32,2.0,0.0,PayPal,In-Store,458.64,458.64
ORD102333,2025-10-23,CUST1006,Shannon Ray,North,Yoga Mat,Sports & Outdoors,85.24,1.0,0.0,Cash on Delivery,Online,85.24,85.24
ORD100850,2024-04-25,CUST1703,Alicia Aguilar,South,Noise Cancelling Headphones,Electronics,87.64,2.0,15.0,Credit Card,Online,175.28,148.99
ORD102377,2025-05-21,CUST1291,Kimberly Brown,West,Cotton T-Shirt,Apparel,58.74,1.0,0.0,Cash on Delivery,Mobile App,58.74,58.74
ORD104178,2024-04-28,CUST1829,Erica Oconnell,West,Non-stick Pan Set,Home & Kitchen,27.78,1.0,0.0,PayPal,Mobile App,27.78,27.78
ORD103637,2024-08-06,CUST1688,Misty Mcguire,North,Toaster,Home & Kitchen,40.85,2.0,0.0,Credit Card,Mobile App,81.7,81.7
ORD103643,2025-04-10,CUST1828,Robert Simmons,West,Vacuum Cleaner,Home & Kitchen,100.07,1.0,0.0,Cash on Delivery,Online,100.07,100.07
ORD104160,2025-09-16,CUST1748,Keith Choi,South,Wool Sweater,Apparel,68.39,4.0,15.0,Debit Card,Online,273.56,232.53
ORD101185,2025-12-20,CUST1539,Mary Butler,West,Yoga Pants,Apparel,25.37,2.0,5.0,UPI,Mobile App,50.74,48.2
ORD100601,2024-02-16,CUST1062,Frances Cardenas,Central,Toaster,Home & Kitchen,143.39,1.0,0.0,PayPal,In-Store,143.39,143.39
ORD100044,2025-05-31,CUST1627,Joyce Martinez,East,Portable SSD 1TB,Electronics,308.72,5.0,10.0,Cash on Delivery,In-Store,1543.6,1389.24
ORD101816,2024-02-12,CUST1473,Danielle Bryant,Central,Smartwatch,Electronics,104.7,2.0,0.0,Cash on Delivery,In-Store,209.4,209.4
ORD104640,2025-05-02,CUST1759,Stephen Garcia,North,Wireless Mouse,Electronics,29.45,1.0,0.0,Cash on Delivery,In-Store,29.45,29.45
ORD105751,2024-11-21,CUST1000,Allison Hill,South,Power Bank,Electronics,76.49,1.0,0.0,UPI,Online,76.49,76.49
ORD103145,2025-11-28,CUST1726,Cheryl Gonzales,West,Ergonomic Chair,Office Supplies,68.92,2.0,15.0,Debit Card,In-Store,137.84,117.16
ORD103326,2024-03-27,CUST1784,Katelyn Kim,East,Coffee Maker,Home & Kitchen,52.16,2.0,5.0,Cash on Delivery,In-Store,104.32,99.1
ORD100247,2025-12-21,CUST1439,Eric Taylor,West,USB-C Hub,Electronics,47.01,2.0,5.0,Debit Card,In-Store,94.02,89.32
ORD105742,2025-07-23,CUST1294,Jenna Anderson DVM,East,Toaster,Home & Kitchen,113.21,2.0,0.0,Unknown,In-Store,226.42,226.42
ORD104713,2025-07-26,CUST1140,Patricia Becker,South,27in Monitor,Electronics,323.86,1.0,0.0,UPI,Mobile App,323.86,323.86
ORD103069,2025-07-08,CUST1666,Ashley Freeman,West,Mechanical Keyboard,Electronics,371.14,3.0,0.0,Cash on Delivery,In-Store,1113.42,1113.42
ORD101281,2025-04-07,CUST1529,Ashley Carr,East,Whiteboard,Office Supplies,232.26,1.0,0.0,Debit Card,Online,232.26,232.26
ORD104138,2024-09-23,CUST1788,Ashley Olson,East,Dumbbell Set,Sports & Outdoors,81.08,1.0,0.0,Cash on Delivery,Mobile App,81.08,81.08
ORD100461,2025-06-12,CUST1883,Mark Nelson,East,Blender,Home & Kitchen,61.35,1.0,0.0,Cash on Delivery,Online,61.35,61.35
ORD102609,2024-01-10,CUST1648,Gregory Fernandez,Central,Mechanical Keyboard,Electronics,244.16,1.0,0.0,PayPal,Online,244.16,244.16
ORD102183,2025-08-28,CUST1497,James Chapman,Central,Noise Cancelling Headphones,Electronics,51.09,1.0,10.0,Cash on Delivery,In-Store,51.09,45.98
ORD101293,2024-05-29,CUST1721,Jason Novak,North,Mechanical Keyboard,Electronics,208.92,1.0,15.0,Credit Card,In-Store,208.92,177.58
ORD103599,2025-03-15,CUST1459,James Nash,Central,Blender,Home & Kitchen,110.26,1.0,0.0,UPI,Mobile App,110.26,110.26
ORD100743,2025-07-20,CUST1421,Krista Davis,North,Running Shoes,Apparel,88.29,2.0,20.0,PayPal,Online,176.58,141.26
ORD104968,2024-12-21,CUST1724,Laura Herrera,North,Camping Tent,Sports & Outdoors,124.13,1.0,0.0,Cash on Delivery,Mobile App,124.13,124.13
ORD105953,2025-08-22,CUST1092,Alan Phillips,East,USB-C Hub,Electronics,407.37,1.0,0.0,PayPal,In-Store,407.37,407.37
ORD102425,2025-11-24,CUST1535,Denise Stuart,West,Cotton T-Shirt,Apparel,51.09,2.0,0.0,Credit Card,Online,102.18,102.18
ORD105264,2025-06-08,CUST1282,Melissa Brown,East,Cycling Helmet,Sports & Outdoors,203.11,2.0,5.0,PayPal,Online,406.22,385.91
ORD103626,2024-09-13,CUST1302,Megan Floyd,East,Portable SSD 1TB,Electronics,61.43,1.0,0.0,Unknown,Mobile App,61.43,61.43
ORD105709,2025-04-19,CUST1037,Kevin Mills,East,Standing Desk,Office Supplies,325.02,2.0,0.0,Cash on Delivery,Mobile App,650.04,650.04
ORD103535,2025-03-23,CUST1502,Alicia Norris,East,Bluetooth Speaker,Electronics,178.65,1.0,0.0,Unknown,Online,178.65,178.65
ORD102259,2024-06-02,CUST1335,Linda Mueller,East,Vacuum Cleaner,Home & Kitchen,91.31,2.0,0.0,Debit Card,In-Store,182.62,182.62
ORD103855,2024-10-30,CUST1794,Richard King,North,Portable SSD 1TB,Electronics,118.38,3.0,15.0,Cash on Delivery,Online,355.14,301.87
ORD105565,2024-10-12,CUST1062,Frances Cardenas,Central,Electric Kettle,Home & Kitchen,41.57,3.0,0.0,UPI,Online,124.71,124.71
ORD103228,2025-02-25,CUST1593,Kayla Jackson,South,Rice Cooker,Home & Kitchen,99.18,2.0,0.0,Debit Card,Mobile App,198.36,198.36
ORD100895,2024-01-29,CUST1788,Ashley Olson,East,Bluetooth Speaker,Electronics,111.6,1.0,5.0,Cash on Delivery,Online,111.6,106.02
ORD102914,2025-12-28,CUST1524,Andrew Dunn,North,Coffee Maker,Home & Kitchen,166.73,2.0,0.0,Debit Card,Online,333.46,333.46
ORD105642,2024-04-23,CUST1608,Lee Ramsey,Central,27in Monitor,Electronics,417.96,4.0,0.0,UPI,Mobile App,1671.84,1671.84
ORD101132,2024-08-02,CUST1062,Frances Cardenas,East,Denim Jacket,Apparel,69.46,1.0,5.0,PayPal,In-Store,69.46,65.99
ORD103732,2025-04-12,CUST1805,Joseph Jennings,West,Whiteboard,Office Supplies,33.48,2.0,5.0,Debit Card,In-Store,66.96,63.61
ORD105382,2024-12-31,CUST1706,James Bray,Central,Wireless Mouse,Electronics,211.44,1.0,0.0,Debit Card,Online,211.44,211.44
ORD102717,2024-04-15,CUST1409,Dr. Morgan Payne PhD,West,Mechanical Keyboard,Electronics,225.29,2.0,0.0,Credit Card,In-Store,450.58,450.58
ORD103254,2025-04-08,CUST1289,Jose Bryant,Central,Cycling Helmet,Sports & Outdoors,14.79,3.0,5.0,Debit Card,Online,44.37,42.15
ORD102431,2025-11-18,CUST1451,Colton Terry,South,Air Fryer,Home & Kitchen,57.96,3.0,0.0,Credit Card,Mobile App,173.88,173.88
ORD100400,2024-10-21,CUST1852,Mrs. Maureen Martin DDS,East,Cotton T-Shirt,Apparel,58.3,1.0,0.0,PayPal,Online,58.3,58.3
ORD105054,2025-09-01,CUST1398,Mary Thompson,West,Wireless Mouse,Electronics,317.49,5.0,10.0,Debit Card,Mobile App,1587.45,1428.71
ORD104293,2025-09-11,CUST1767,Pamela Ruiz,North,Webcam HD,Electronics,144.66,4.0,0.0,Credit Card,In-Store,578.64,578.64
ORD105571,2025-07-21,CUST1870,Jacob Harris,West,Wireless Mouse,Electronics,369.45,1.0,20.0,UPI,Online,369.45,295.56
ORD101576,2024-11-14,CUST1710,Lori Johns,East,Webcam HD,Electronics,101.94,3.0,5.0,PayPal,Mobile App,305.82,290.53
ORD100778,2024-02-16,CUST1017,Deborah Mason,North,Rice Cooker,Home & Kitchen,122.98,2.0,5.0,PayPal,Mobile App,245.96,233.66
ORD101903,2025-07-27,CUST1458,Joseph Camacho,Central,Coffee Maker,Home & Kitchen,127.09,1.0,15.0,Credit Card,Online,127.09,108.03
ORD104956,2025-08-18,CUST1822,Kathryn Hanna,East,Notebook Pack,Office Supplies,238.87,4.0,0.0,Unknown,Online,955.48,955.48
ORD100671,2025-02-18,CUST1831,Kevin Anderson,East,Smartwatch,Electronics,290.35,2.0,10.0,PayPal,Online,580.7,522.63
ORD101779,2024-11-11,CUST1331,Henry Pugh MD,Central,Blender,Home & Kitchen,142.33,1.0,0.0,Cash on Delivery,Mobile App,142.33,142.33
ORD100628,2024-05-13,CUST1764,Michael Vance,West,27in Monitor,Electronics,105.98,3.0,0.0,Debit Card,Mobile App,317.94,317.94
ORD101165,2025-12-29,CUST1203,Douglas Reyes,North,Yoga Pants,Apparel,46.1,2.0,0.0,UPI,In-Store,92.2,92.2
ORD100823,2025-07-03,CUST1041,Victoria Valdez,North,Non-stick Pan Set,Home & Kitchen,196.72,2.0,0.0,Credit Card,Online,393.44,393.44
ORD100304,2025-03-28,CUST1661,Vickie Kennedy,West,Portable SSD 1TB,Electronics,353.96,1.0,0.0,UPI,Mobile App,353.96,353.96
ORD104010,2024-09-19,CUST1822,Kathryn Hanna,South,Wool Sweater,Apparel,18.18,1.0,0.0,PayPal,In-Store,18.18,18.18
ORD100978,2024-04-21,CUST1753,Richard Parker,Central,Notebook Pack,Office Supplies,256.77,2.0,10.0,PayPal,Mobile App,513.54,462.19
ORD100818,2024-10-27,CUST1297,Austin Wheeler,Central,Coffee Maker,Home & Kitchen,87.59,2.0,0.0,Credit Card,Mobile App,175.18,175.18
ORD104906,2024-07-12,CUST1672,Michael Cannon,Central,Camping Tent,Sports & Outdoors,295.16,3.0,10.0,UPI,In-Store,885.48,796.93
ORD105547,2025-01-11,CUST1570,Cynthia Mitchell,North,Non-stick Pan Set,Home & Kitchen,43.65,1.0,20.0,Cash on Delivery,In-Store,43.65,34.92
ORD104931,2025-07-10,CUST1171,Christopher Park,South,Notebook Pack,Office Supplies,80.13,4.0,10.0,Debit Card,Mobile App,320.52,288.47
ORD102881,2024-11-28,CUST1200,James Martin,East,Denim Jacket,Apparel,106.85,2.0,0.0,Cash on Delivery,In-Store,213.7,213.7
ORD101300,2024-07-12,CUST1402,Carol Moore,Central,Vacuum Cleaner,Home & Kitchen,141.2,1.0,0.0,PayPal,In-Store,141.2,141.2
ORD105946,2024-03-16,CUST1424,Carl Stein,East,Notebook Pack,Office Supplies,208.25,1.0,0.0,Credit Card,Mobile App,208.25,208.25
ORD104848,2024-12-15,CUST1761,Brian Mullen,North,Bluetooth Speaker,Electronics,257.89,2.0,0.0,Cash on Delivery,In-Store,515.78,515.78
ORD100754,2025-12-05,CUST1179,Mary Gomez,West,Toaster,Home & Kitchen,155.58,5.0,5.0,UPI,Online,777.9,739.0
ORD102478,2025-05-10,CUST1268,Jennifer Reed,West,Notebook Pack,Office Supplies,218.95,1.0,5.0,PayPal,In-Store,218.95,208.0
ORD101892,2024-03-07,CUST1825,Charles Valdez,East,Bluetooth Speaker,Electronics,312.8,3.0,0.0,PayPal,Mobile App,938.4,938.4
ORD103910,2025-07-27,CUST1870,Jacob Harris,North,Running Shoes,Apparel,37.61,1.0,5.0,Credit Card,Mobile App,37.61,35.73
ORD100680,2024-04-30,CUST1041,Victoria Valdez,North,Yoga Mat,Sports & Outdoors,185.26,1.0,0.0,PayPal,In-Store,185.26,185.26
ORD105697,2024-09-18,CUST1886,Sandra Kennedy,South,USB-C Hub,Electronics,328.49,1.0,5.0,Debit Card,Mobile App,328.49,312.07
ORD104866,2024-12-23,CUST1707,Charlotte Mason,Central,Electric Kettle,Home & Kitchen,45.33,1.0,5.0,PayPal,Online,45.33,43.06
ORD101066,2025-12-25,CUST1153,Samantha Davis,South,USB-C Hub,Electronics,441.81,2.0,0.0,Debit Card,Mobile App,883.62,883.62
ORD100929,2024-05-30,CUST1537,Miguel Parks,Central,Air Fryer,Home & Kitchen,183.79,2.0,0.0,Credit Card,In-Store,367.58,367.58
ORD105580,2024-05-11,CUST1684,Andrew Mitchell,Central,Webcam HD,Electronics,233.02,1.0,5.0,PayPal,Mobile App,233.02,221.37
ORD102365,2024-12-16,CUST1329,Haley Davis,West,Vacuum Cleaner,Home & Kitchen,219.84,1.0,10.0,PayPal,Online,219.84,197.86
ORD102811,2025-05-02,CUST1759,Stephen Garcia,North,Wool Sweater,Apparel,59.91,1.0,10.0,PayPal,In-Store,59.91,53.92
ORD100863,2025-09-25,CUST1760,Dustin Patel,Central,Water Bottle,Sports & Outdoors,292.26,2.0,0.0,UPI,Online,584.52,584.52
ORD104416,2025-11-25,CUST1014,Rebecca Henderson,South,Blender,Home & Kitchen,20.78,1.0,20.0,Credit Card,Mobile App,20.78,16.62
ORD105214,2025-01-01,CUST1317,Mark Peck,North,Water Bottle,Sports & Outdoors,60.58,1.0,0.0,Debit Card,Online,60.58,60.58
ORD102698,2025-11-19,CUST1786,Robert Cruz,East,Camping Tent,Sports & Outdoors,215.24,1.0,0.0,Debit Card,Online,215.24,215.24
ORD105206,2024-03-26,CUST1686,Tammy Moore,South,Air Fryer,Home & Kitchen,88.43,1.0,10.0,Cash on Delivery,Mobile App,88.43,79.59
ORD100445,2025-05-14,CUST1811,Robert Thompson,North,Noise Cancelling Headphones,Electronics,266.85,1.0,0.0,Cash on Delivery,Online,266.85,266.85
ORD103675,2025-09-11,CUST1062,Frances Cardenas,South,Desk Lamp,Office Supplies,272.41,1.0,5.0,Debit Card,Online,272.41,258.79
ORD102334,2024-02-26,CUST1653,Kellie Marsh,West,Yoga Pants,Apparel,79.36,4.0,0.0,PayPal,Mobile App,317.44,317.44
ORD103478,2025-08-29,CUST1331,Henry Pugh MD,East,Power Bank,Electronics,131.14,2.0,0.0,Credit Card,In-Store,262.28,262.28
ORD103829,2024-05-06,CUST1707,Charlotte Mason,West,Notebook Pack,Office Supplies,301.34,2.0,10.0,Debit Card,Online,602.68,542.41
ORD102933,2024-04-01,CUST1617,Tonya Ellis,Central,Whiteboard,Office Supplies,16.31,3.0,5.0,UPI,Online,48.93,46.48
ORD105699,2024-08-20,CUST1826,Matthew Smith,South,27in Monitor,Electronics,419.28,1.0,15.0,Credit Card,Mobile App,419.28,356.39
ORD100438,2025-06-28,CUST1103,Marc Lynch,North,Coffee Maker,Home & Kitchen,186.89,1.0,10.0,Debit Card,Mobile App,186.89,168.2
ORD101653,2025-07-02,CUST1515,Meghan White,East,Yoga Mat,Sports & Outdoors,209.68,2.0,0.0,Cash on Delivery,Mobile App,419.36,419.36
ORD104495,2025-03-14,CUST1227,Jessica Martinez,South,Desk Lamp,Office Supplies,23.6,2.0,0.0,PayPal,In-Store,47.2,47.2
ORD103944,2025-12-09,CUST1251,Amber Campbell,East,Portable SSD 1TB,Electronics,364.35,1.0,0.0,PayPal,Mobile App,364.35,364.35
ORD100037,2025-11-11,CUST1372,Kenneth Farley,North,Electric Kettle,Home & Kitchen,70.94,2.0,0.0,Cash on Delivery,In-Store,141.88,141.88
ORD101811,2024-02-19,CUST1706,James Bray,East,Water Bottle,Sports & Outdoors,27.17,2.0,0.0,Cash on Delivery,In-Store,54.34,54.34
ORD101342,2025-09-12,CUST1141,Richard Johnson,Central,Webcam HD,Electronics,286.56,2.0,0.0,Debit Card,Mobile App,573.12,573.12
ORD103463,2024-05-18,CUST1231,Michele Lewis,Central,Camping Tent,Sports & Outdoors,86.12,2.0,0.0,Credit Card,Mobile App,172.24,172.24
ORD105530,2024-10-11,CUST1642,David Manning,North,Cycling Helmet,Sports & Outdoors,115.76,1.0,0.0,Unknown,In-Store,115.76,115.76
ORD104214,2024-08-17,CUST1310,Elizabeth Ward,North,Smartwatch,Electronics,149.97,1.0,0.0,UPI,Online,149.97,149.97
ORD105881,2024-05-27,CUST1593,Kayla Jackson,Central,27in Monitor,Electronics,201.94,1.0,0.0,Cash on Delivery,In-Store,201.94,201.94
ORD100598,2024-05-01,CUST1440,Marie Thompson,North,Bluetooth Speaker,Electronics,369.03,2.0,15.0,PayPal,In-Store,738.06,627.35
ORD103764,2024-01-19,CUST1396,Brittney Murphy,Central,Webcam HD,Electronics,177.82,3.0,5.0,Cash on Delivery,In-Store,533.46,506.79
ORD102229,2025-02-04,CUST1070,Chris Reyes,North,Coffee Maker,Home & Kitchen,179.43,2.0,5.0,Cash on Delivery,Mobile App,358.86,340.92
ORD100032,2024-06-30,CUST1885,Justin Ford,Central,Dumbbell Set,Sports & Outdoors,292.47,2.0,0.0,Credit Card,Online,584.94,584.94
ORD105834,2025-07-13,CUST1594,James Rodriguez,North,Blender,Home & Kitchen,137.15,1.0,0.0,UPI,In-Store,137.15,137.15
ORD104739,2024-11-14,CUST1657,Johnny Peterson,North,Yoga Mat,Sports & Outdoors,182.79,3.0,20.0,Credit Card,Online,548.37,438.7
ORD100760,2024-11-14,CUST1436,Anthony Guzman,South,Smartwatch,Electronics,378.27,4.0,10.0,Debit Card,Online,1513.08,1361.77
ORD100422,2025-10-14,CUST1139,Crystal Pham,Central,Yoga Pants,Apparel,99.92,1.0,0.0,UPI,In-Store,99.92,99.92
ORD104373,2025-12-05,CUST1349,Brett Walker,North,Camping Tent,Sports & Outdoors,21.39,4.0,10.0,Cash on Delivery,In-Store,85.56,77.0
ORD102631,2024-08-24,CUST1005,Monica Herrera,South,Webcam HD,Electronics,306.61,2.0,0.0,Unknown,In-Store,613.22,613.22
ORD100114,2025-02-08,CUST1315,Kelly Combs,East,Coffee Maker,Home & Kitchen,76.65,2.0,0.0,Credit Card,Online,153.3,153.3
ORD104951,2024-02-16,CUST1426,Daniel Lopez,West,Non-stick Pan Set,Home & Kitchen,36.85,1.0,15.0,Cash on Delivery,Mobile App,36.85,31.32
ORD100323,2025-09-02,CUST1466,Kara Jackson,South,Vacuum Cleaner,Home & Kitchen,53.4,3.0,10.0,UPI,Mobile App,160.2,144.18
ORD105714,2024-02-20,CUST1358,Katherine Church,West,Yoga Pants,Apparel,21.16,2.0,0.0,UPI,Online,42.32,42.32
ORD103617,2025-11-23,CUST1606,Lisa Cohen,North,Denim Jacket,Apparel,116.23,1.0,5.0,PayPal,In-Store,116.23,110.42
ORD104087,2025-08-01,CUST1033,Michael Cross,South,Mechanical Keyboard,Electronics,282.13,3.0,0.0,UPI,In-Store,846.39,846.39
ORD100561,2025-03-30,CUST1485,Micheal Parks,South,Cycling Helmet,Sports & Outdoors,286.21,1.0,0.0,Credit Card,In-Store,286.21,286.21
ORD102617,2024-10-22,CUST1405,Courtney Wright,North,Non-stick Pan Set,Home & Kitchen,79.06,3.0,0.0,PayPal,In-Store,237.18,237.18
ORD103197,2025-06-19,CUST1354,Christopher Moore,East,Non-stick Pan Set,Home & Kitchen,34.96,1.0,0.0,Credit Card,In-Store,34.96,34.96
ORD103759,2025-02-28,CUST1062,Frances Cardenas,West,USB-C Hub,Electronics,310.25,1.0,0.0,Credit Card,Mobile App,310.25,310.25
ORD104852,2024-03-12,CUST1616,Laura Benson,East,Water Bottle,Sports & Outdoors,98.53,3.0,20.0,Credit Card,In-Store,295.59,236.47
ORD101131,2024-02-16,CUST1662,Kelly King,Central,Wool Sweater,Apparel,106.97,1.0,15.0,Debit Card,Online,106.97,90.92
ORD103846,2024-09-26,CUST1393,Austin Baker,Central,Cotton T-Shirt,Apparel,116.75,2.0,0.0,Cash on Delivery,In-Store,233.5,233.5
ORD105062,2024-06-19,CUST1554,Jaime Lang,West,Running Shoes,Apparel,41.7,2.0,15.0,Debit Card,Online,83.4,70.89
ORD103505,2024-07-09,CUST1590,Christopher Nielsen,North,Yoga Pants,Apparel,47.66,3.0,10.0,Debit Card,Mobile App,142.98,128.68
ORD102535,2025-03-30,CUST1331,Henry Pugh MD,North,Bluetooth Speaker,Electronics,173.78,1.0,0.0,PayPal,Online,173.78,173.78
ORD101850,2024-09-08,CUST1026,Timothy Duncan,East,27in Monitor,Electronics,83.04,5.0,10.0,Credit Card,Online,415.2,373.68
ORD100567,2024-10-29,CUST1339,Brian Torres,East,Water Bottle,Sports & Outdoors,56.94,5.0,5.0,PayPal,Mobile App,284.7,270.46
ORD100230,2025-07-03,CUST1591,Nathan Stanley,West,27in Monitor,Electronics,112.46,3.0,0.0,PayPal,Online,337.38,337.38
ORD100126,2024-03-24,CUST1894,Richard Jenkins,Central,Cotton T-Shirt,Apparel,41.46,3.0,0.0,Debit Card,In-Store,124.38,124.38
ORD104561,2025-03-11,CUST1402,Carol Moore,North,Camping Tent,Sports & Outdoors,123.41,3.0,10.0,Debit Card,In-Store,370.23,333.21
ORD104266,2025-06-17,CUST1276,Tanya Rogers,West,Wireless Mouse,Electronics,27.61,5.0,15.0,Debit Card,Online,138.05,117.34
ORD102305,2024-10-30,CUST1518,Krystal Levine,North,Dumbbell Set,Sports & Outdoors,113.93,4.0,0.0,Debit Card,Mobile App,455.72,455.72
ORD102086,2024-11-28,CUST1025,Shannon Jones,Central,Whiteboard,Office Supplies,213.82,5.0,10.0,UPI,Mobile App,1069.1,962.19
ORD104330,2025-04-22,CUST1122,Mary Grimes,North,Noise Cancelling Headphones,Electronics,86.11,4.0,5.0,Cash on Delivery,In-Store,344.44,327.22
ORD105736,2024-01-05,CUST1470,Jeremy Mcintyre,East,Cycling Helmet,Sports & Outdoors,178.12,2.0,0.0,Cash on Delivery,In-Store,356.24,356.24
ORD101947,2025-05-07,CUST1411,Oscar Parker,South,Blender,Home & Kitchen,210.28,1.0,0.0,Cash on Delivery,In-Store,210.28,210.28
ORD105516,2025-05-17,CUST1061,Steven Flynn,North,Wireless Mouse,Electronics,72.45,2.0,10.0,PayPal,In-Store,144.9,130.41
ORD100196,2025-11-20,CUST1052,Matthew Ross,West,Wool Sweater,Apparel,103.95,1.0,0.0,Credit Card,Online,103.95,103.95
ORD105948,2025-08-28,CUST1538,Melissa Morris,South,Running Shoes,Apparel,88.03,2.0,15.0,Credit Card,Online,176.06,149.65
ORD105506,2025-03-23,CUST1635,Patrick Green,East,Bluetooth Speaker,Electronics,104.72,1.0,0.0,Debit Card,In-Store,104.72,104.72
ORD103615,2025-07-01,CUST1638,Dustin Welch,South,Cotton T-Shirt,Apparel,66.71,2.0,0.0,Cash on Delivery,Online,133.42,133.42
ORD102820,2024-05-03,CUST1499,Katherine Christensen MD,Central,Yoga Pants,Apparel,97.99,1.0,10.0,UPI,Online,97.99,88.19
ORD101431,2024-10-28,CUST1037,Kevin Mills,North,Portable SSD 1TB,Electronics,141.88,1.0,5.0,Cash on Delivery,In-Store,141.88,134.79
ORD102941,2025-02-09,CUST1205,Phillip Nelson,North,Dumbbell Set,Sports & Outdoors,90.86,4.0,0.0,UPI,In-Store,363.44,363.44
ORD103541,2025-01-28,CUST1385,Edwin Reyes,East,Wool Sweater,Apparel,70.8,3.0,0.0,PayPal,In-Store,212.4,212.4
ORD102694,2024-06-12,CUST1818,Tina Davis,East,Water Bottle,Sports & Outdoors,281.86,3.0,0.0,Cash on Delivery,Online,845.58,845.58
ORD104664,2024-04-02,CUST1423,Angela Willis,South,Blender,Home & Kitchen,180.62,1.0,10.0,PayPal,Mobile App,180.62,162.56
ORD101051,2024-04-28,CUST1267,Justin Michael,South,Vacuum Cleaner,Home & Kitchen,38.15,3.0,0.0,Debit Card,In-Store,114.45,114.45
ORD103264,2025-10-04,CUST1167,Kristina Santiago,North,Camping Tent,Sports & Outdoors,104.72,2.0,0.0,UPI,Online,209.44,209.44
ORD100650,2025-09-10,CUST1189,Julie Spencer,West,Vacuum Cleaner,Home & Kitchen,88.27,4.0,0.0,Credit Card,In-Store,353.08,353.08
ORD104224,2024-09-01,CUST1820,Heather Miller,West,Air Fryer,Home & Kitchen,35.14,1.0,0.0,PayPal,In-Store,35.14,35.14
ORD101998,2024-09-15,CUST1105,Doris Hall,Central,Smartwatch,Electronics,271.46,3.0,0.0,Cash on Delivery,Mobile App,814.38,814.38
ORD103132,2024-11-14,CUST1836,Julie Sims,Central,Non-stick Pan Set,Home & Kitchen,32.01,1.0,15.0,Debit Card,Online,32.01,27.21
ORD104805,2024-02-11,CUST1345,David Moore,East,Desk Lamp,Office Supplies,22.05,1.0,15.0,Debit Card,In-Store,22.05,18.74
ORD100076,2025-07-18,CUST1726,Cheryl Gonzales,East,Dumbbell Set,Sports & Outdoors,46.97,5.0,0.0,UPI,Online,234.85,234.85
ORD101813,2025-06-13,CUST1753,Richard Parker,South,Cotton T-Shirt,Apparel,109.98,1.0,15.0,Cash on Delivery,Mobile App,109.98,93.48
ORD101033,2025-08-29,CUST1338,Richard Ward,West,Mechanical Keyboard,Electronics,78.85,2.0,5.0,Cash on Delivery,Mobile App,157.7,149.81
ORD102789,2024-07-29,CUST1626,Robert Mendoza,Central,Desk Lamp,Office Supplies,342.03,5.0,0.0,UPI,In-Store,1710.15,1710.15
ORD102070,2025-07-12,CUST1331,Henry Pugh MD,South,Vacuum Cleaner,Home & Kitchen,158.01,1.0,0.0,Credit Card,Online,158.01,158.01
ORD102674,2025-11-30,CUST1895,Rebecca Hansen,Central,Webcam HD,Electronics,347.4,1.0,0.0,UPI,Online,347.4,347.4
ORD101270,2024-05-22,CUST1871,Joshua Martin,Central,Blender,Home & Kitchen,139.76,2.0,10.0,Debit Card,Mobile App,279.52,251.57
ORD103085,2024-03-13,CUST1376,Jackie Clements,East,Dumbbell Set,Sports & Outdoors,234.7,1.0,0.0,Unknown,Mobile App,234.7,234.7
ORD102748,2024-06-24,CUST1346,Karen Morales DDS,North,Cotton T-Shirt,Apparel,23.39,4.0,0.0,Cash on Delivery,Mobile App,93.56,93.56
ORD103959,2024-04-24,CUST1235,Dr. Cynthia Snyder,East,Electric Kettle,Home & Kitchen,20.66,4.0,0.0,UPI,In-Store,82.64,82.64
ORD104808,2024-11-13,CUST1808,Cathy Rodriguez,Central,USB-C Hub,Electronics,34.33,1.0,0.0,Debit Card,Mobile App,34.33,34.33
ORD102496,2025-09-25,CUST1863,Jason Fleming,East,Mechanical Keyboard,Electronics,273.87,3.0,0.0,UPI,In-Store,821.61,821.61
ORD103670,2025-04-01,CUST1228,Amanda Hernandez,East,Wool Sweater,Apparel,108.23,3.0,10.0,PayPal,Mobile App,324.69,292.22
ORD105942,2025-05-21,CUST1317,Mark Peck,West,Wool Sweater,Apparel,57.79,5.0,10.0,UPI,Online,288.95,260.06
ORD103703,2025-02-13,CUST1435,Sara Cochran,West,Whiteboard,Office Supplies,161.76,1.0,5.0,Cash on Delivery,Online,161.76,153.67
ORD105210,2024-01-04,CUST1461,Beth Henderson,Central,Webcam HD,Electronics,355.92,1.0,0.0,Cash on Delivery,Online,355.92,355.92
ORD100563,2024-09-23,CUST1808,Cathy Rodriguez,South,Yoga Pants,Apparel,103.4,1.0,0.0,PayPal,In-Store,103.4,103.4
ORD105111,2024-02-18,CUST1674,John Garcia,East,Blender,Home & Kitchen,192.75,4.0,10.0,Debit Card,In-Store,771.0,693.9
ORD102067,2024-05-19,CUST1667,Michael Howard,South,Electric Kettle,Home & Kitchen,144.39,2.0,0.0,Debit Card,Online,288.78,288.78
ORD100458,2024-12-29,CUST1355,Charlotte Sandoval,West,Smartwatch,Electronics,154.59,1.0,5.0,Debit Card,Mobile App,154.59,146.86
ORD105752,2025-01-18,CUST1280,Cathy Taylor,West,Power Bank,Electronics,105.07,1.0,20.0,Credit Card,Mobile App,105.07,84.06
ORD100705,2024-12-08,CUST1005,Monica Herrera,East,Standing Desk,Office Supplies,25.97,4.0,0.0,Cash on Delivery,Online,103.88,103.88
ORD102813,2024-11-16,CUST1599,Natalie Juarez,West,Portable SSD 1TB,Electronics,271.48,3.0,0.0,UPI,Mobile App,814.44,814.44
ORD103528,2025-02-05,CUST1894,Richard Jenkins,Central,27in Monitor,Electronics,339.88,1.0,15.0,Debit Card,Mobile App,339.88,288.9
ORD101153,2024-02-11,CUST1896,Tammy Mendoza,North,Coffee Maker,Home & Kitchen,128.25,2.0,0.0,PayPal,Online,256.5,256.5
ORD103684,2024-09-26,CUST1844,Andrew Carroll,West,Dumbbell Set,Sports & Outdoors,299.68,2.0,10.0,Debit Card,Online,599.36,539.42
ORD102221,2024-02-16,CUST1007,Dr. Sharon James,South,27in Monitor,Electronics,274.21,2.0,0.0,Cash on Delivery,Online,548.42,548.42
ORD100115,2025-03-16,CUST1007,Dr. Sharon James,South,27in Monitor,Electronics,351.12,3.0,0.0,UPI,Mobile App,1053.36,1053.36
ORD101439,2024-06-18,CUST1261,Patricia James,North,Webcam HD,Electronics,146.45,1.0,5.0,Cash on Delivery,Mobile App,146.45,139.13
ORD101704,2024-01-18,CUST1337,Derrick Adams,Central,Webcam HD,Electronics,55.61,2.0,0.0,Credit Card,Mobile App,111.22,111.22
ORD104309,2025-09-28,CUST1441,Michael Anderson,Central,Standing Desk,Office Supplies,82.15,1.0,20.0,UPI,In-Store,82.15,65.72
ORD101511,2024-02-15,CUST1177,Eric Clark,North,Desk Lamp,Office Supplies,257.93,2.0,0.0,Cash on Delivery,In-Store,515.86,515.86
ORD103013,2024-10-23,CUST1097,Adrian Ferguson,South,Blender,Home & Kitchen,114.62,2.0,20.0,Cash on Delivery,Online,229.24,183.39
ORD104117,2025-07-31,CUST1631,Kenneth Perez,Central,Denim Jacket,Apparel,71.16,1.0,0.0,Debit Card,Mobile App,71.16,71.16
ORD104451,2025-11-05,CUST1148,Elizabeth Ortiz,West,Wool Sweater,Apparel,16.31,1.0,0.0,UPI,Online,16.31,16.31
ORD105466,2025-05-23,CUST1126,Evelyn Garcia,North,27in Monitor,Electronics,102.94,1.0,0.0,Debit Card,Mobile App,102.94,102.94
ORD104229,2024-09-16,CUST1069,Jeremiah Reeves,North,27in Monitor,Electronics,191.8,1.0,0.0,Credit Card,In-Store,191.8,191.8
ORD101596,2025-08-03,CUST1836,Julie Sims,East,Mechanical Keyboard,Electronics,443.77,2.0,0.0,Debit Card,Mobile App,887.54,887.54
ORD104288,2024-04-23,CUST1825,Charles Valdez,South,USB-C Hub,Electronics,76.49,1.0,0.0,PayPal,Mobile App,76.49,76.49
ORD105269,2025-03-31,CUST1005,Monica Herrera,South,Portable SSD 1TB,Electronics,275.58,2.0,0.0,UPI,Mobile App,551.16,551.16
ORD101026,2024-04-26,CUST1170,Renee Bruce,North,Coffee Maker,Home & Kitchen,95.14,3.0,0.0,UPI,In-Store,285.42,285.42
ORD101471,2024-11-01,CUST1298,Andrew Gonzales,West,Desk Lamp,Office Supplies,341.5,2.0,5.0,PayPal,Mobile App,683.0,648.85
ORD102615,2025-04-06,CUST1436,Anthony Guzman,North,Vacuum Cleaner,Home & Kitchen,34.16,3.0,10.0,Credit Card,Mobile App,102.48,92.23
ORD105355,2025-06-10,CUST1871,Joshua Martin,North,Smartwatch,Electronics,315.99,2.0,0.0,Debit Card,In-Store,631.98,631.98
ORD102960,2024-12-25,CUST1529,Ashley Carr,North,Vacuum Cleaner,Home & Kitchen,122.46,1.0,10.0,UPI,In-Store,122.46,110.21
ORD100343,2024-02-17,CUST1110,David Davis,North,Noise Cancelling Headphones,Electronics,116.63,3.0,10.0,Cash on Delivery,Online,349.89,314.9
ORD102986,2025-02-28,CUST1716,Ryan Thomas,Central,Electric Kettle,Home & Kitchen,60.71,3.0,20.0,Credit Card,Mobile App,182.13,145.7
ORD105976,2025-11-05,CUST1545,Maria Fischer,South,Toaster,Home & Kitchen,132.43,1.0,0.0,PayPal,Mobile App,132.43,132.43
ORD102008,2024-01-01,CUST1664,Lauren Vazquez,North,Wool Sweater,Apparel,101.41,4.0,10.0,PayPal,Online,405.64,365.08
ORD102160,2024-09-05,CUST1686,Tammy Moore,West,Power Bank,Electronics,429.07,1.0,0.0,Cash on Delivery,Mobile App,429.07,429.07
ORD104676,2024-07-20,CUST1833,Devin Cole,West,USB-C Hub,Electronics,172.15,2.0,0.0,PayPal,Mobile App,344.3,344.3
ORD101215,2024-06-23,CUST1484,Jason Price,North,Denim Jacket,Apparel,110.46,1.0,0.0,Cash on Delivery,Mobile App,110.46,110.46
ORD100887,2024-06-30,CUST1469,William Ramos,North,Desk Lamp,Office Supplies,187.88,3.0,0.0,Debit Card,Mobile App,563.64,563.64
ORD100656,2025-05-14,CUST1626,Robert Mendoza,East,Cotton T-Shirt,Apparel,18.89,1.0,15.0,Credit Card,Mobile App,18.89,16.06
ORD101618,2024-12-25,CUST1067,Jessica Meadows,South,Smartwatch,Electronics,417.78,3.0,0.0,Credit Card,Online,1253.34,1253.34
ORD102656,2024-03-12,CUST1259,Veronica Silva,North,Portable SSD 1TB,Electronics,384.11,2.0,10.0,Debit Card,In-Store,768.22,691.4
ORD102850,2024-01-01,CUST1741,John Martinez,North,Whiteboard,Office Supplies,240.7,1.0,5.0,PayPal,Online,240.7,228.66
ORD100161,2025-06-11,CUST1781,Kevin Garrett,West,USB-C Hub,Electronics,370.73,4.0,0.0,PayPal,In-Store,1482.92,1482.92
ORD102854,2025-03-11,CUST1359,Harold Ellis,South,Desk Lamp,Office Supplies,329.6,1.0,10.0,Debit Card,Mobile App,329.6,296.64
ORD100516,2024-10-14,CUST1258,Ronald Patel,North,Cotton T-Shirt,Apparel,65.9,1.0,0.0,PayPal,Online,65.9,65.9
ORD103216,2025-10-21,CUST1552,Michael Griffin,West,Yoga Pants,Apparel,20.31,1.0,20.0,Cash on Delivery,Online,20.31,16.25
ORD102663,2024-01-05,CUST1270,Melissa Taylor,North,Webcam HD,Electronics,52.32,1.0,5.0,Cash on Delivery,In-Store,52.32,49.7
ORD100205,2024-07-15,CUST1536,Stacey Hunt,North,Toaster,Home & Kitchen,181.23,4.0,0.0,Unknown,In-Store,724.92,724.92
ORD102427,2024-12-02,CUST1093,Kara Schmidt,West,Yoga Mat,Sports & Outdoors,181.23,1.0,0.0,Debit Card,Mobile App,181.23,181.23
ORD101761,2024-04-22,CUST1106,Dennis Moody,South,Cycling Helmet,Sports & Outdoors,132.14,1.0,10.0,PayPal,Mobile App,132.14,118.93
ORD102684,2024-09-22,CUST1705,Mary Lin,Central,Cotton T-Shirt,Apparel,95.7,3.0,0.0,Cash on Delivery,Mobile App,287.1,287.1
ORD101435,2025-12-05,CUST1446,Stacey Snyder,East,Bluetooth Speaker,Electronics,176.21,3.0,5.0,UPI,In-Store,528.63,502.2
ORD102493,2024-12-16,CUST1525,Jordan Clark,North,Desk Lamp,Office Supplies,296.78,2.0,0.0,UPI,Online,593.56,593.56
ORD104315,2024-02-23,CUST1399,Gregory Holmes PhD,Central,Webcam HD,Electronics,423.3,1.0,0.0,Cash on Delivery,In-Store,423.3,423.3
ORD102455,2024-12-08,CUST1850,Joseph Mendoza,South,Electric Kettle,Home & Kitchen,115.93,1.0,5.0,Debit Card,In-Store,115.93,110.13
ORD101059,2025-04-19,CUST1483,Rebekah Greene,South,Non-stick Pan Set,Home & Kitchen,39.98,2.0,5.0,Credit Card,In-Store,79.96,75.96
ORD103648,2024-11-09,CUST1654,Barry Taylor,South,Wireless Mouse,Electronics,141.57,2.0,0.0,Debit Card,Online,283.14,283.14
ORD100825,2024-01-14,CUST1159,Jodi Walker,West,Toaster,Home & Kitchen,46.28,5.0,0.0,Debit Card,Online,231.4,231.4
ORD104548,2025-04-29,CUST1779,Lisa Dixon,South,Mechanical Keyboard,Electronics,152.59,2.0,10.0,PayPal,In-Store,305.18,274.66
ORD103876,2025-01-06,CUST1216,Ashley Perkins,Central,Mechanical Keyboard,Electronics,284.26,2.0,0.0,Cash on Delivery,Online,568.52,568.52
ORD102176,2024-09-09,CUST1116,Peter Garrett,North,Running Shoes,Apparel,26.01,1.0,0.0,PayPal,Mobile App,26.01,26.01
ORD105748,2024-01-18,CUST1547,Justin Anderson,Central,Running Shoes,Apparel,39.86,3.0,15.0,Cash on Delivery,In-Store,119.58,101.64
ORD102984,2025-10-14,CUST1508,Maureen Hernandez,North,Water Bottle,Sports & Outdoors,285.15,2.0,15.0,Credit Card,In-Store,570.3,484.75
ORD104659,2025-01-31,CUST1749,John Johnson,West,27in Monitor,Electronics,163.38,1.0,15.0,Credit Card,Mobile App,163.38,138.87
ORD102220,2024-05-09,CUST1405,Courtney Wright,North,USB-C Hub,Electronics,407.44,1.0,0.0,Credit Card,Online,407.44,407.44
ORD101313,2024-06-11,CUST1092,Alan Phillips,South,Electric Kettle,Home & Kitchen,189.18,5.0,10.0,Cash on Delivery,Online,945.9,851.31
ORD103304,2025-10-18,CUST1161,Katherine Browning,South,Cycling Helmet,Sports & Outdoors,194.36,1.0,10.0,UPI,Mobile App,194.36,174.92
ORD100131,2025-11-25,CUST1855,Rebecca French,Central,Desk Lamp,Office Supplies,89.56,1.0,0.0,UPI,In-Store,89.56,89.56
ORD104149,2025-12-14,CUST1602,Brian Simmons,Central,Toaster,Home & Kitchen,43.31,4.0,0.0,UPI,Mobile App,173.24,173.24
ORD103474,2024-03-19,CUST1283,Stephanie Padilla,West,Running Shoes,Apparel,35.72,1.0,5.0,UPI,In-Store,35.72,33.93
ORD101420,2025-06-27,CUST1589,Andrew Berry,Central,Noise Cancelling Headphones,Electronics,155.79,3.0,20.0,Credit Card,Online,467.37,373.9
ORD101102,2025-08-18,CUST1233,Victoria Contreras,South,Ergonomic Chair,Office Supplies,318.09,1.0,0.0,Credit Card,Mobile App,318.09,318.09
ORD105936,2024-09-28,CUST1461,Beth Henderson,South,Wool Sweater,Apparel,23.12,5.0,0.0,Cash on Delivery,Online,115.6,115.6
ORD105060,2024-10-08,CUST1839,Tammy Thompson,North,Smartwatch,Electronics,68.99,2.0,0.0,Debit Card,Mobile App,137.98,137.98
ORD104089,2025-06-22,CUST1685,William Lewis,North,Toaster,Home & Kitchen,28.75,1.0,15.0,Cash on Delivery,Online,28.75,24.44
ORD104120,2025-03-25,CUST1339,Brian Torres,Central,Webcam HD,Electronics,256.84,5.0,5.0,PayPal,Online,1284.2,1219.99
ORD103309,2025-06-13,CUST1839,Tammy Thompson,North,Power Bank,Electronics,428.84,2.0,0.0,Credit Card,In-Store,857.68,857.68
ORD102702,2024-08-01,CUST1212,Jose Allen,North,Yoga Mat,Sports & Outdoors,287.38,2.0,5.0,Cash on Delivery,Online,574.76,546.02
ORD100767,2024-01-29,CUST1646,Julie Pitts,North,Toaster,Home & Kitchen,167.13,1.0,10.0,Debit Card,In-Store,167.13,150.42
ORD104259,2024-08-28,CUST1447,Rachel Lane,West,Desk Lamp,Office Supplies,219.47,2.0,0.0,PayPal,Mobile App,438.94,438.94
ORD102155,2024-08-25,CUST1032,Carmen Smith,North,Whiteboard,Office Supplies,57.82,1.0,20.0,Cash on Delivery,Online,57.82,46.26
ORD105455,2025-06-21,CUST1065,Colleen Brock,Central,Bluetooth Speaker,Electronics,330.01,2.0,0.0,Credit Card,In-Store,660.02,660.02
ORD101519,2024-09-11,CUST1778,Susan Torres,West,Wireless Mouse,Electronics,214.76,2.0,0.0,Cash on Delivery,Mobile App,429.52,429.52
ORD104320,2024-01-28,CUST1345,David Moore,West,Portable SSD 1TB,Electronics,297.82,3.0,20.0,Credit Card,In-Store,893.46,714.77
ORD100918,2024-03-02,CUST1076,James Elliott,North,Standing Desk,Office Supplies,234.22,2.0,20.0,Debit Card,In-Store,468.44,374.75
ORD102816,2024-02-04,CUST1308,Autumn Key,West,Ergonomic Chair,Office Supplies,301.19,4.0,5.0,PayPal,Online,1204.76,1144.52
ORD105596,2025-07-12,CUST1854,Faith Johnson,South,Blender,Home & Kitchen,184.64,2.0,15.0,Credit Card,Online,369.28,313.89
ORD103705,2025-04-03,CUST1430,Devin Johnson,East,Rice Cooker,Home & Kitchen,189.09,3.0,10.0,Credit Card,Online,567.27,510.54
ORD105508,2024-08-04,CUST1614,Jordan Powell,South,Denim Jacket,Apparel,58.71,1.0,20.0,Debit Card,Mobile App,58.71,46.97
ORD102825,2025-11-12,CUST1061,Steven Flynn,East,Denim Jacket,Apparel,94.27,1.0,5.0,Credit Card,Online,94.27,89.56
ORD101773,2025-01-06,CUST1194,Nathaniel Douglas,North,Smartwatch,Electronics,154.5,3.0,0.0,Debit Card,Online,463.5,463.5
ORD104128,2025-05-26,CUST1355,Charlotte Sandoval,West,Bluetooth Speaker,Electronics,319.54,1.0,0.0,Credit Card,In-Store,319.54,319.54
ORD102386,2025-07-26,CUST1167,Kristina Santiago,East,Electric Kettle,Home & Kitchen,88.01,3.0,20.0,Cash on Delivery,Mobile App,264.03,211.22
ORD103077,2024-09-16,CUST1252,Stephen Luna,Central,Standing Desk,Office Supplies,349.68,1.0,15.0,Cash on Delivery,In-Store,349.68,297.23
ORD104092,2025-01-10,CUST1400,Patricia Johnson,East,Standing Desk,Office Supplies,79.72,2.0,0.0,PayPal,Mobile App,159.44,159.44
ORD100551,2025-03-11,CUST1787,Dr. Michael Adams DVM,Central,Yoga Mat,Sports & Outdoors,132.32,1.0,0.0,UPI,Mobile App,132.32,132.32
ORD105500,2024-01-18,CUST1334,Brandon Jordan,West,Portable SSD 1TB,Electronics,166.08,1.0,20.0,Credit Card,In-Store,166.08,132.86
ORD103720,2024-04-30,CUST1625,Phillip Dixon,South,Running Shoes,Apparel,72.98,1.0,5.0,Debit Card,Mobile App,72.98,69.33
ORD105614,2024-05-20,CUST1635,Patrick Green,West,USB-C Hub,Electronics,395.67,1.0,0.0,Unknown,Mobile App,395.67,395.67
ORD103961,2024-12-19,CUST1571,Matthew Steele,West,USB-C Hub,Electronics,295.15,3.0,0.0,Cash on Delivery,Online,885.45,885.45
ORD100607,2024-03-19,CUST1437,Carlos Love,North,Cycling Helmet,Sports & Outdoors,39.28,1.0,0.0,PayPal,Mobile App,39.28,39.28
ORD102642,2024-04-14,CUST1824,Judy Gregory,North,Bluetooth Speaker,Electronics,84.46,4.0,0.0,Cash on Delivery,Online,337.84,337.84
ORD104340,2024-02-03,CUST1203,Douglas Reyes,West,Notebook Pack,Office Supplies,99.6,1.0,0.0,UPI,In-Store,99.6,99.6
ORD101611,2024-03-17,CUST1394,Lori Mason,North,Vacuum Cleaner,Home & Kitchen,161.21,2.0,5.0,Cash on Delivery,Online,322.42,306.3
ORD100505,2025-11-26,CUST1306,Michael Morrison,West,Power Bank,Electronics,270.62,1.0,5.0,UPI,Mobile App,270.62,257.09
ORD105297,2025-03-15,CUST1380,William Patterson,West,Non-stick Pan Set,Home & Kitchen,191.31,2.0,0.0,Debit Card,In-Store,382.62,382.62
ORD102385,2024-05-16,CUST1392,Ryan Fisher,South,Notebook Pack,Office Supplies,286.06,1.0,15.0,PayPal,Online,286.06,243.15
ORD102709,2025-10-04,CUST1450,Jessica Valdez,West,Toaster,Home & Kitchen,183.69,3.0,0.0,PayPal,Online,551.07,551.07
ORD100936,2025-04-09,CUST1818,Tina Davis,East,Cycling Helmet,Sports & Outdoors,172.74,1.0,0.0,PayPal,Mobile App,172.74,172.74
ORD101189,2024-07-01,CUST1756,Brittany Peterson,Central,Non-stick Pan Set,Home & Kitchen,212.84,1.0,0.0,Credit Card,Online,212.84,212.84
ORD103472,2024-03-09,CUST1602,Brian Simmons,Central,Yoga Mat,Sports & Outdoors,261.41,1.0,0.0,Debit Card,In-Store,261.41,261.41
ORD103517,2024-05-13,CUST1454,Bradley Anthony,West,Noise Cancelling Headphones,Electronics,221.9,2.0,0.0,PayPal,Mobile App,443.8,443.8
ORD100537,2025-03-12,CUST1064,Michael Snyder,North,Yoga Pants,Apparel,21.72,3.0,10.0,UPI,In-Store,65.16,58.64
ORD104750,2025-01-29,CUST1123,Kimberly Gibson,South,Desk Lamp,Office Supplies,10.4,2.0,5.0,Cash on Delivery,In-Store,20.8,19.76
ORD100475,2024-06-01,CUST1875,Audrey Johnson,North,Camping Tent,Sports & Outdoors,13.02,3.0,0.0,UPI,Online,39.06,39.06
ORD104747,2024-10-18,CUST1700,Ashley Brown,Central,Yoga Mat,Sports & Outdoors,66.0,4.0,0.0,UPI,In-Store,264.0,264.0
ORD101757,2024-10-30,CUST1176,Michael Watkins,North,27in Monitor,Electronics,221.89,2.0,10.0,Debit Card,Online,443.78,399.4
ORD101830,2025-11-30,CUST1070,Chris Reyes,West,Water Bottle,Sports & Outdoors,63.0,1.0,10.0,Credit Card,Online,63.0,56.7
ORD104247,2024-04-30,CUST1077,David Murphy,West,Rice Cooker,Home & Kitchen,59.5,1.0,5.0,UPI,Mobile App,59.5,56.52
ORD104930,2025-12-21,CUST1242,Matthew Le,North,Power Bank,Electronics,369.14,1.0,0.0,Credit Card,Online,369.14,369.14
ORD101469,2025-01-07,CUST1040,Sherry Wood,East,Camping Tent,Sports & Outdoors,106.29,1.0,5.0,PayPal,Online,106.29,100.98
ORD103377,2024-10-16,CUST1170,Renee Bruce,North,Bluetooth Speaker,Electronics,280.49,3.0,5.0,Debit Card,In-Store,841.47,799.4
ORD102402,2024-10-15,CUST1259,Veronica Silva,West,Toaster,Home & Kitchen,49.34,4.0,0.0,Cash on Delivery,In-Store,197.36,197.36
ORD100798,2025-10-22,CUST1393,Austin Baker,West,Dumbbell Set,Sports & Outdoors,90.83,2.0,0.0,PayPal,Mobile App,181.66,181.66
ORD104465,2025-12-11,CUST1264,Matthew Fox,Central,Cotton T-Shirt,Apparel,100.4,1.0,0.0,UPI,In-Store,100.4,100.4
ORD103416,2024-10-03,CUST1471,Samantha Robertson,West,Cycling Helmet,Sports & Outdoors,176.8,1.0,0.0,Credit Card,Mobile App,176.8,176.8
ORD101906,2025-03-29,CUST1020,David Bradley,South,Wool Sweater,Apparel,72.91,3.0,0.0,PayPal,Online,218.73,218.73
ORD100060,2025-02-18,CUST1095,Tiffany Vaughn,East,Denim Jacket,Apparel,87.51,2.0,0.0,PayPal,Mobile App,175.02,175.02
ORD105577,2025-05-03,CUST1683,Joshua Brooks,East,Webcam HD,Electronics,335.89,1.0,0.0,Debit Card,Mobile App,335.89,335.89
ORD105224,2025-01-17,CUST1519,Danielle Reed,East,Non-stick Pan Set,Home & Kitchen,113.86,4.0,0.0,Cash on Delivery,In-Store,455.44,455.44
ORD102276,2024-10-17,CUST1648,Gregory Fernandez,South,Wool Sweater,Apparel,74.86,3.0,0.0,Debit Card,Online,224.58,224.58
ORD104527,2024-09-28,CUST1653,Kellie Marsh,Central,Whiteboard,Office Supplies,121.4,1.0,0.0,UPI,In-Store,121.4,121.4
ORD102862,2024-09-27,CUST1455,Martin Hughes,East,Coffee Maker,Home & Kitchen,138.68,4.0,0.0,Cash on Delivery,In-Store,554.72,554.72
ORD102057,2024-01-28,CUST1374,Sandra Juarez,West,Dumbbell Set,Sports & Outdoors,16.62,1.0,0.0,Debit Card,Mobile App,16.62,16.62
ORD104730,2025-10-02,CUST1540,James Brown,West,Power Bank,Electronics,322.2,3.0,5.0,UPI,Mobile App,966.6,918.27
ORD103484,2024-03-21,CUST1000,Allison Hill,South,Cotton T-Shirt,Apparel,77.88,3.0,0.0,PayPal,Mobile App,233.64,233.64
ORD100511,2025-08-13,CUST1420,Megan Green,West,Yoga Pants,Apparel,67.31,2.0,15.0,Credit Card,Mobile App,134.62,114.43
ORD101917,2025-04-19,CUST1062,Frances Cardenas,North,Air Fryer,Home & Kitchen,91.62,1.0,0.0,UPI,In-Store,91.62,91.62
ORD100355,2025-07-17,CUST1502,Alicia Norris,North,Yoga Mat,Sports & Outdoors,56.27,1.0,10.0,PayPal,Mobile App,56.27,50.64
ORD103339,2025-09-13,CUST1152,Michael Stephens,Central,Camping Tent,Sports & Outdoors,49.93,4.0,0.0,Cash on Delivery,Online,199.72,199.72
ORD100216,2025-12-02,CUST1585,Heather Parrish,Central,Coffee Maker,Home & Kitchen,164.97,2.0,0.0,Debit Card,In-Store,329.94,329.94
ORD103366,2024-08-16,CUST1204,David Davidson,North,Rice Cooker,Home & Kitchen,105.72,1.0,5.0,PayPal,Mobile App,105.72,100.43
ORD105058,2024-01-09,CUST1608,Lee Ramsey,North,Denim Jacket,Apparel,16.19,2.0,0.0,UPI,Mobile App,32.38,32.38
ORD103269,2025-09-10,CUST1458,Joseph Camacho,South,Denim Jacket,Apparel,108.89,3.0,10.0,PayPal,Mobile App,326.67,294.0
ORD103565,2024-07-13,CUST1357,Rebecca Herrera,West,Water Bottle,Sports & Outdoors,21.57,1.0,0.0,UPI,Mobile App,21.57,21.57
ORD104933,2024-05-11,CUST1079,Mrs. Marie Harrington DDS,East,Toaster,Home & Kitchen,130.12,2.0,0.0,UPI,Mobile App,260.24,260.24
ORD104439,2024-01-18,CUST1733,Eric Cross,North,Webcam HD,Electronics,176.98,2.0,0.0,PayPal,Online,353.96,353.96
ORD105026,2024-09-15,CUST1165,Brandon Simmons,North,Mechanical Keyboard,Electronics,117.39,1.0,0.0,Debit Card,In-Store,117.39,117.39
ORD105358,2025-10-17,CUST1591,Nathan Stanley,Central,Smartwatch,Electronics,226.9,2.0,0.0,PayPal,In-Store,453.8,453.8
ORD101120,2024-09-03,CUST1588,Karen Mendoza,East,Cycling Helmet,Sports & Outdoors,263.45,1.0,0.0,Cash on Delivery,Online,263.45,263.45
ORD104011,2024-06-29,CUST1868,Caitlyn Nichols,North,Mechanical Keyboard,Electronics,302.42,1.0,0.0,Cash on Delivery,Online,302.42,302.42
ORD102128,2024-03-31,CUST1139,Crystal Pham,North,Noise Cancelling Headphones,Electronics,433.74,3.0,5.0,PayPal,Mobile App,1301.22,1236.16
ORD105772,2024-08-02,CUST1522,Robert Miller,East,Ergonomic Chair,Office Supplies,217.9,1.0,5.0,Debit Card,Online,217.9,207.0
ORD102418,2025-07-05,CUST1323,Adam Jackson,Central,Whiteboard,Office Supplies,249.49,1.0,0.0,Cash on Delivery,Mobile App,249.49,249.49
ORD104668,2024-02-06,CUST1113,Shannon Rivera,East,Noise Cancelling Headphones,Electronics,64.38,2.0,0.0,UPI,In-Store,128.76,128.76
ORD101152,2025-05-10,CUST1536,Stacey Hunt,North,Vacuum Cleaner,Home & Kitchen,172.12,1.0,0.0,Debit Card,Mobile App,172.12,172.12
ORD100406,2025-03-10,CUST1374,Sandra Juarez,South,Vacuum Cleaner,Home & Kitchen,57.43,1.0,0.0,PayPal,In-Store,57.43,57.43
ORD103358,2025-06-04,CUST1859,Derek Frazier,South,Noise Cancelling Headphones,Electronics,333.5,1.0,0.0,Debit Card,Online,333.5,333.5
ORD104420,2025-01-11,CUST1436,Anthony Guzman,East,27in Monitor,Electronics,221.91,2.0,10.0,Debit Card,Mobile App,443.82,399.44
ORD100719,2025-11-24,CUST1103,Marc Lynch,North,Smartwatch,Electronics,129.53,1.0,0.0,Credit Card,In-Store,129.53,129.53
ORD103987,2025-04-07,CUST1887,Donald Gamble,Central,Vacuum Cleaner,Home & Kitchen,62.58,3.0,5.0,PayPal,In-Store,187.74,178.35
ORD102799,2024-01-05,CUST1366,Joshua Jackson,North,Blender,Home & Kitchen,135.02,1.0,0.0,Credit Card,Mobile App,135.02,135.02
ORD105473,2025-07-12,CUST1751,Kristen Smith,West,Camping Tent,Sports & Outdoors,203.69,2.0,0.0,Credit Card,Mobile App,407.38,407.38
ORD100592,2024-01-14,CUST1695,Patricia Anderson,Central,Cotton T-Shirt,Apparel,118.42,1.0,0.0,UPI,Mobile App,118.42,118.42
ORD100067,2024-07-31,CUST1101,David Grant,East,Dumbbell Set,Sports & Outdoors,99.95,2.0,15.0,PayPal,Mobile App,199.9,169.92
ORD103055,2025-08-16,CUST1233,Victoria Contreras,South,Cycling Helmet,Sports & Outdoors,166.69,1.0,10.0,PayPal,In-Store,166.69,150.02
ORD104642,2024-02-08,CUST1158,Kelly Reese,Central,Running Shoes,Apparel,27.29,1.0,10.0,Credit Card,Online,27.29,24.56
ORD102339,2024-08-31,CUST1425,Jessica Ramsey,West,Desk Lamp,Office Supplies,187.81,2.0,10.0,Credit Card,Mobile App,375.62,338.06
ORD104820,2025-07-12,CUST1384,Karen Perez,East,Wool Sweater,Apparel,111.24,1.0,0.0,Debit Card,In-Store,111.24,111.24
ORD101587,2024-09-09,CUST1621,Travis Vega,North,Water Bottle,Sports & Outdoors,217.69,2.0,10.0,PayPal,In-Store,435.38,391.84
ORD102035,2025-12-29,CUST1618,Austin Schultz,North,Webcam HD,Electronics,74.82,1.0,15.0,Debit Card,Online,74.82,63.6
ORD102950,2024-02-08,CUST1884,Ronnie Roberts,West,Toaster,Home & Kitchen,73.3,5.0,0.0,Debit Card,In-Store,366.5,366.5
ORD100410,2024-05-04,CUST1352,Brent Bowen,South,Ergonomic Chair,Office Supplies,162.95,1.0,0.0,Cash on Delivery,Online,162.95,162.95
ORD101643,2024-08-11,CUST1342,Douglas Hartman,Central,Noise Cancelling Headphones,Electronics,233.58,1.0,0.0,PayPal,Online,233.58,233.58
ORD104291,2025-01-25,CUST1429,Rachael Howard DDS,West,USB-C Hub,Electronics,326.58,1.0,0.0,PayPal,Mobile App,326.58,326.58
ORD102268,2024-06-04,CUST1457,Rhonda Gutierrez,Central,Water Bottle,Sports & Outdoors,224.79,1.0,20.0,UPI,Online,224.79,179.83
ORD104493,2024-06-23,CUST1301,Sheryl Buck,North,Bluetooth Speaker,Electronics,447.89,1.0,10.0,PayPal,Mobile App,447.89,403.1
ORD105940,2025-12-02,CUST1748,Keith Choi,North,Toaster,Home & Kitchen,172.15,1.0,0.0,PayPal,Online,172.15,172.15
ORD103674,2024-10-28,CUST1380,William Patterson,North,Notebook Pack,Office Supplies,185.25,2.0,0.0,Debit Card,Online,370.5,370.5
ORD104546,2025-09-13,CUST1667,Michael Howard,East,Non-stick Pan Set,Home & Kitchen,46.72,2.0,0.0,Cash on Delivery,Mobile App,93.44,93.44
ORD104809,2025-03-23,CUST1319,Megan Drake,South,Running Shoes,Apparel,113.24,1.0,0.0,Debit Card,In-Store,113.24,113.24
ORD102650,2025-10-20,CUST1069,Jeremiah Reeves,South,Cotton T-Shirt,Apparel,117.56,3.0,5.0,PayPal,Mobile App,352.68,335.05
ORD101343,2025-11-11,CUST1402,Carol Moore,West,Whiteboard,Office Supplies,42.68,2.0,15.0,UPI,In-Store,85.36,72.56
ORD103592,2025-02-05,CUST1454,Bradley Anthony,West,Toaster,Home & Kitchen,47.01,2.0,0.0,Debit Card,In-Store,94.02,94.02
ORD104292,2024-07-15,CUST1817,Karen Bradley,East,Dumbbell Set,Sports & Outdoors,272.84,1.0,20.0,PayPal,Online,272.84,218.27
ORD105983,2024-10-17,CUST1637,Richard Kelly,East,Toaster,Home & Kitchen,104.24,1.0,20.0,Cash on Delivery,In-Store,104.24,83.39
ORD103371,2024-02-19,CUST1796,Michael Washington,South,Desk Lamp,Office Supplies,295.3,1.0,0.0,Cash on Delivery,In-Store,295.3,295.3
ORD102648,2024-08-09,CUST1404,Cassidy Horne,Central,Dumbbell Set,Sports & Outdoors,60.47,1.0,10.0,PayPal,Mobile App,60.47,54.42
ORD104679,2024-11-16,CUST1323,Adam Jackson,East,Notebook Pack,Office Supplies,60.77,1.0,0.0,Debit Card,In-Store,60.77,60.77
ORD101434,2024-08-05,CUST1074,Stephanie Freeman,South,Coffee Maker,Home & Kitchen,183.63,3.0,0.0,Debit Card,Online,550.89,550.89
ORD104204,2024-03-01,CUST1202,Vincent Mueller,East,Running Shoes,Apparel,90.2,1.0,15.0,UPI,In-Store,90.2,76.67
ORD103452,2024-07-18,CUST1610,Tara Holmes,West,Blender,Home & Kitchen,199.23,1.0,0.0,UPI,Mobile App,199.23,199.23
ORD103262,2024-09-13,CUST1800,Joseph Graham,East,Smartwatch,Electronics,148.77,4.0,0.0,Cash on Delivery,In-Store,595.08,595.08
ORD101424,2025-05-19,CUST1646,Julie Pitts,North,Coffee Maker,Home & Kitchen,128.88,2.0,5.0,UPI,Mobile App,257.76,244.87
ORD105009,2024-12-02,CUST1317,Mark Peck,West,Bluetooth Speaker,Electronics,358.69,1.0,0.0,Unknown,Online,358.69,358.69
ORD103435,2024-08-13,CUST1235,Dr. Cynthia Snyder,Central,Noise Cancelling Headphones,Electronics,401.72,1.0,10.0,Cash on Delivery,In-Store,401.72,361.55
ORD101634,2024-07-06,CUST1113,Shannon Rivera,North,Noise Cancelling Headphones,Electronics,347.81,2.0,0.0,PayPal,Mobile App,695.62,695.62
ORD104413,2025-11-16,CUST1779,Lisa Dixon,Central,Smartwatch,Electronics,103.33,1.0,0.0,Debit Card,Mobile App,103.33,103.33
ORD104289,2024-05-18,CUST1351,Todd Thomas,East,Camping Tent,Sports & Outdoors,84.14,2.0,15.0,UPI,Online,168.28,143.04
ORD101352,2024-10-24,CUST1736,Kyle Smith,West,Electric Kettle,Home & Kitchen,106.99,4.0,5.0,UPI,Online,427.96,406.56
ORD102509,2024-01-12,CUST1593,Kayla Jackson,Central,Cycling Helmet,Sports & Outdoors,177.27,1.0,0.0,Debit Card,Online,177.27,177.27
ORD101840,2024-01-24,CUST1894,Richard Jenkins,East,Running Shoes,Apparel,113.92,1.0,0.0,Debit Card,In-Store,113.92,113.92
ORD101331,2024-06-18,CUST1224,Mitchell Jackson,East,Camping Tent,Sports & Outdoors,259.35,1.0,0.0,UPI,Online,259.35,259.35
ORD105432,2025-01-22,CUST1569,Danielle Gonzalez,South,27in Monitor,Electronics,82.21,1.0,0.0,Credit Card,Mobile App,82.21,82.21
ORD100315,2024-06-23,CUST1519,Danielle Reed,Central,Yoga Pants,Apparel,82.02,1.0,0.0,Cash on Delivery,Online,82.02,82.02
ORD103020,2025-06-19,CUST1182,Anita Richard,North,Power Bank,Electronics,26.16,1.0,0.0,UPI,In-Store,26.16,26.16
ORD103450,2025-02-24,CUST1497,James Chapman,West,Notebook Pack,Office Supplies,339.46,1.0,0.0,Debit Card,Online,339.46,339.46
ORD104121,2025-05-06,CUST1651,Adam Brooks,Central,Yoga Pants,Apparel,95.81,1.0,0.0,Cash on Delivery,Mobile App,95.81,95.81
ORD103579,2025-01-06,CUST1891,Mark Jones,South,Noise Cancelling Headphones,Electronics,114.75,1.0,0.0,Cash on Delivery,Mobile App,114.75,114.75
ORD103722,2024-08-24,CUST1028,Victoria Garcia,North,Non-stick Pan Set,Home & Kitchen,138.02,1.0,10.0,Credit Card,In-Store,138.02,124.22
ORD102022,2024-08-25,CUST1239,Amy Martinez,North,Water Bottle,Sports & Outdoors,190.87,2.0,0.0,UPI,In-Store,381.74,381.74
ORD104452,2025-11-22,CUST1742,Lisa Rodriguez,West,Smartwatch,Electronics,231.26,3.0,0.0,Debit Card,Mobile App,693.78,693.78
ORD101597,2024-04-29,CUST1124,Reginald Williams,North,Yoga Mat,Sports & Outdoors,216.97,2.0,0.0,Debit Card,Online,433.94,433.94
ORD102906,2024-06-11,CUST1523,Jillian Wilson,South,Wireless Mouse,Electronics,443.58,1.0,20.0,PayPal,In-Store,443.58,354.86
ORD102238,2025-03-12,CUST1523,Jillian Wilson,South,Toaster,Home & Kitchen,142.72,5.0,0.0,PayPal,Mobile App,713.6,713.6
ORD103237,2024-11-30,CUST1746,Mrs. Felicia Castro DDS,North,Water Bottle,Sports & Outdoors,72.58,1.0,0.0,Debit Card,In-Store,72.58,72.58
ORD101588,2025-05-30,CUST1332,Michelle Miller,West,Denim Jacket,Apparel,18.49,2.0,10.0,PayPal,Mobile App,36.98,33.28
ORD105622,2024-06-14,CUST1578,Donna Marshall,Central,Coffee Maker,Home & Kitchen,215.27,4.0,0.0,UPI,In-Store,861.08,861.08
ORD100970,2024-01-16,CUST1046,Sandra Aguilar,West,Noise Cancelling Headphones,Electronics,342.68,4.0,20.0,Debit Card,Online,1370.72,1096.58
ORD104090,2025-06-20,CUST1559,Laura Perez,North,27in Monitor,Electronics,25.02,1.0,20.0,Debit Card,Mobile App,25.02,20.02
ORD102807,2025-08-22,CUST1021,Kim Martinez,West,Air Fryer,Home & Kitchen,208.46,1.0,20.0,Credit Card,Mobile App,208.46,166.77
ORD104844,2025-05-15,CUST1169,John Boone,South,Bluetooth Speaker,Electronics,148.53,1.0,20.0,Cash on Delivery,In-Store,148.53,118.82
ORD101178,2024-08-20,CUST1266,Courtney Dudley,East,USB-C Hub,Electronics,325.59,4.0,0.0,Credit Card,In-Store,1302.36,1302.36
ORD101254,2025-07-03,CUST1406,Michael Williams,South,Non-stick Pan Set,Home & Kitchen,160.36,2.0,0.0,Cash on Delivery,In-Store,320.72,320.72
ORD105426,2025-07-10,CUST1880,Jill Riddle,North,27in Monitor,Electronics,204.32,1.0,10.0,Credit Card,Mobile App,204.32,183.89
ORD101709,2025-01-07,CUST1590,Christopher Nielsen,Central,Toaster,Home & Kitchen,154.99,1.0,20.0,Cash on Delivery,In-Store,154.99,123.99
ORD102436,2025-10-10,CUST1155,Robin Hall,Central,Ergonomic Chair,Office Supplies,147.53,1.0,5.0,PayPal,Mobile App,147.53,140.15
ORD104285,2025-06-02,CUST1196,James Conner,West,Mechanical Keyboard,Electronics,332.59,3.0,5.0,Credit Card,Mobile App,997.77,947.88
ORD101250,2025-09-02,CUST1537,Miguel Parks,South,Toaster,Home & Kitchen,88.71,1.0,0.0,Cash on Delivery,Online,88.71,88.71
ORD100434,2025-02-23,CUST1627,Joyce Martinez,West,Dumbbell Set,Sports & Outdoors,66.68,2.0,0.0,Credit Card,Online,133.36,133.36
ORD105304,2024-04-01,CUST1752,Andre Terrell,Central,Whiteboard,Office Supplies,193.12,3.0,0.0,Credit Card,Mobile App,579.36,579.36
ORD103201,2025-12-21,CUST1649,Adam Mills,Central,Desk Lamp,Office Supplies,53.83,3.0,0.0,Cash on Delivery,Online,161.49,161.49
ORD101386,2024-09-15,CUST1247,Kayla Rodriguez,North,Cycling Helmet,Sports & Outdoors,242.24,2.0,15.0,Cash on Delivery,Mobile App,484.48,411.81
ORD105962,2025-05-02,CUST1020,David Bradley,Central,Webcam HD,Electronics,284.97,5.0,10.0,Debit Card,In-Store,1424.85,1282.36
ORD101042,2024-11-17,CUST1652,Miguel Brewer,North,Standing Desk,Office Supplies,38.16,3.0,10.0,Cash on Delivery,In-Store,114.48,103.03
ORD100689,2024-05-25,CUST1399,Gregory Holmes PhD,West,Power Bank,Electronics,433.48,1.0,0.0,PayPal,In-Store,433.48,433.48
ORD101780,2025-03-31,CUST1643,Shawn Kelley,South,Camping Tent,Sports & Outdoors,110.91,1.0,5.0,Debit Card,Mobile App,110.91,105.36
ORD101047,2025-10-19,CUST1315,Kelly Combs,Central,Standing Desk,Office Supplies,226.9,1.0,10.0,Debit Card,Mobile App,226.9,204.21
ORD105676,2024-08-12,CUST1054,Victoria Johnson,North,Toaster,Home & Kitchen,173.6,1.0,0.0,Credit Card,In-Store,173.6,173.6
ORD102972,2024-05-14,CUST1447,Rachel Lane,East,USB-C Hub,Electronics,390.31,1.0,15.0,Credit Card,Mobile App,390.31,331.76
ORD104019,2025-11-05,CUST1765,Michelle Lambert,South,Noise Cancelling Headphones,Electronics,182.02,4.0,0.0,Debit Card,Mobile App,728.08,728.08
ORD100262,2025-08-08,CUST1277,Todd Rosales MD,Central,Desk Lamp,Office Supplies,86.34,1.0,10.0,Cash on Delivery,Mobile App,86.34,77.71
ORD100350,2024-07-27,CUST1707,Charlotte Mason,North,USB-C Hub,Electronics,443.0,2.0,10.0,Credit Card,In-Store,886.0,797.4
ORD102765,2025-07-15,CUST1328,Jasmine Mosley,South,Noise Cancelling Headphones,Electronics,86.11,1.0,15.0,Credit Card,Online,86.11,73.19
ORD105630,2025-12-06,CUST1614,Jordan Powell,East,Camping Tent,Sports & Outdoors,253.96,3.0,0.0,Cash on Delivery,In-Store,761.88,761.88
ORD100168,2024-09-05,CUST1151,Teresa Ramirez,North,Electric Kettle,Home & Kitchen,164.28,2.0,10.0,Credit Card,Online,328.56,295.7
ORD101151,2025-08-22,CUST1126,Evelyn Garcia,South,Bluetooth Speaker,Electronics,54.98,5.0,10.0,Debit Card,Online,274.9,247.41
ORD103157,2024-01-19,CUST1152,Michael Stephens,West,Water Bottle,Sports & Outdoors,186.68,3.0,0.0,Credit Card,In-Store,560.04,560.04
ORD104755,2025-09-05,CUST1753,Richard Parker,West,Denim Jacket,Apparel,20.76,2.0,10.0,Credit Card,Online,41.52,37.37
ORD103139,2024-09-16,CUST1160,Judith Maynard,South,Denim Jacket,Apparel,27.73,4.0,15.0,PayPal,Mobile App,110.92,94.28
ORD102387,2025-08-05,CUST1886,Sandra Kennedy,East,Cycling Helmet,Sports & Outdoors,90.33,5.0,0.0,Cash on Delivery,In-Store,451.65,451.65
ORD104584,2025-03-15,CUST1634,Brett Martin,South,Air Fryer,Home & Kitchen,129.09,2.0,5.0,Debit Card,Mobile App,258.18,245.27
ORD102588,2025-07-31,CUST1396,Brittney Murphy,Central,Cycling Helmet,Sports & Outdoors,170.0,1.0,0.0,UPI,In-Store,170.0,170.0
ORD104399,2025-11-12,CUST1493,Abigail Hill,South,Running Shoes,Apparel,89.37,5.0,0.0,PayPal,Mobile App,446.85,446.85
ORD103814,2024-01-23,CUST1366,Joshua Jackson,South,Dumbbell Set,Sports & Outdoors,38.84,2.0,0.0,Debit Card,Online,77.68,77.68
ORD104991,2024-05-15,CUST1048,Stacey Russell,West,Coffee Maker,Home & Kitchen,95.64,1.0,0.0,UPI,Mobile App,95.64,95.64
ORD102294,2024-03-15,CUST1324,Shannon Davis,West,27in Monitor,Electronics,412.66,1.0,0.0,PayPal,Online,412.66,412.66
ORD103492,2024-06-16,CUST1469,William Ramos,East,Electric Kettle,Home & Kitchen,55.56,2.0,0.0,UPI,Mobile App,111.12,111.12
ORD100284,2025-10-16,CUST1749,John Johnson,South,Wool Sweater,Apparel,76.53,1.0,15.0,PayPal,Online,76.53,65.05
ORD102037,2024-06-04,CUST1546,William Jones,North,Cotton T-Shirt,Apparel,80.98,2.0,0.0,Debit Card,Mobile App,161.96,161.96
ORD101404,2024-05-23,CUST1870,Jacob Harris,North,Bluetooth Speaker,Electronics,258.29,3.0,10.0,Debit Card,Mobile App,774.87,697.38
ORD100517,2024-09-24,CUST1378,Frank Campbell MD,North,Whiteboard,Office Supplies,69.37,2.0,10.0,Debit Card,In-Store,138.74,124.87
ORD102065,2025-02-18,CUST1579,Victor Holden,West,Yoga Pants,Apparel,88.35,1.0,20.0,Credit Card,Online,88.35,70.68
ORD105740,2025-12-24,CUST1809,Tammy Hill,North,Blender,Home & Kitchen,76.1,2.0,5.0,UPI,In-Store,152.2,144.59
ORD104142,2025-08-27,CUST1547,Justin Anderson,West,Yoga Pants,Apparel,81.55,2.0,15.0,Debit Card,Online,163.1,138.64
ORD100657,2025-09-29,CUST1484,Jason Price,Central,Power Bank,Electronics,159.24,1.0,0.0,PayPal,In-Store,159.24,159.24
ORD102477,2024-07-12,CUST1112,Robert Costa,North,Power Bank,Electronics,222.12,1.0,0.0,UPI,In-Store,222.12,222.12
ORD103807,2024-07-24,CUST1572,Caroline Edwards,West,Bluetooth Speaker,Electronics,195.61,1.0,15.0,Credit Card,Mobile App,195.61,166.27
ORD102537,2024-02-05,CUST1076,James Elliott,North,27in Monitor,Electronics,331.9,5.0,15.0,Credit Card,Mobile App,1659.5,1410.58
ORD104333,2025-02-13,CUST1518,Krystal Levine,Central,Smartwatch,Electronics,223.38,2.0,5.0,PayPal,Online,446.76,424.42
ORD104276,2024-06-15,CUST1583,Michael Boyd,North,Bluetooth Speaker,Electronics,162.15,5.0,10.0,Credit Card,In-Store,810.75,729.68
ORD101798,2024-09-12,CUST1057,Lisa Alvarado,Central,Bluetooth Speaker,Electronics,117.72,1.0,0.0,Debit Card,Online,117.72,117.72
ORD102902,2024-11-14,CUST1580,Travis Hopkins,Central,Coffee Maker,Home & Kitchen,120.45,2.0,0.0,UPI,In-Store,240.9,240.9
ORD101065,2025-04-29,CUST1514,Michael Brown,North,Notebook Pack,Office Supplies,154.49,2.0,0.0,Cash on Delivery,In-Store,308.98,308.98
ORD104249,2025-10-29,CUST1263,Tami Salas,West,Webcam HD,Electronics,222.39,5.0,0.0,Cash on Delivery,In-Store,1111.95,1111.95
ORD100963,2025-07-13,CUST1408,Eddie Mueller,West,Power Bank,Electronics,127.59,2.0,5.0,Credit Card,Mobile App,255.18,242.42
ORD103913,2025-03-07,CUST1411,Oscar Parker,South,Cotton T-Shirt,Apparel,39.01,5.0,10.0,Credit Card,Online,195.05,175.54
ORD101571,2025-07-24,CUST1698,Kirk Johnson,Central,Power Bank,Electronics,131.34,1.0,15.0,UPI,In-Store,131.34,111.64
ORD101192,2025-10-03,CUST1696,Christina Gilbert,Central,Power Bank,Electronics,129.62,2.0,5.0,PayPal,In-Store,259.24,246.28
ORD103061,2024-12-09,CUST1173,Cindy Barnes,West,Notebook Pack,Office Supplies,251.08,3.0,0.0,Credit Card,In-Store,753.24,753.24
ORD105809,2024-11-26,CUST1605,David Logan,North,Rice Cooker,Home & Kitchen,201.36,1.0,10.0,Credit Card,In-Store,201.36,181.22
ORD104558,2025-10-12,CUST1809,Tammy Hill,South,Wool Sweater,Apparel,65.55,1.0,0.0,PayPal,Online,65.55,65.55
ORD105924,2024-04-16,CUST1420,Megan Green,South,Mechanical Keyboard,Electronics,272.14,1.0,20.0,Debit Card,Online,272.14,217.71
ORD101541,2025-05-19,CUST1802,Marissa Nelson,East,Vacuum Cleaner,Home & Kitchen,149.32,2.0,5.0,Credit Card,Online,298.64,283.71
ORD103575,2025-01-26,CUST1650,Katherine Campos,North,Coffee Maker,Home & Kitchen,105.62,2.0,0.0,Credit Card,Online,211.24,211.24
ORD103823,2025-08-09,CUST1022,Lisa Brandt,West,Desk Lamp,Office Supplies,163.23,4.0,0.0,PayPal,In-Store,652.92,652.92
ORD104996,2025-09-25,CUST1348,Matthew Williams,Central,Wool Sweater,Apparel,87.66,1.0,0.0,Debit Card,Online,87.66,87.66
ORD103902,2025-12-01,CUST1732,Krystal Keller,South,Standing Desk,Office Supplies,303.76,3.0,5.0,Credit Card,In-Store,911.28,865.72
ORD104834,2024-03-25,CUST1051,Courtney Velasquez,West,Desk Lamp,Office Supplies,253.64,1.0,0.0,Cash on Delivery,Mobile App,253.64,253.64
ORD103510,2024-12-27,CUST1388,Bryce Blair,East,Toaster,Home & Kitchen,47.53,2.0,15.0,Cash on Delivery,Mobile App,95.06,80.8
ORD102515,2024-08-13,CUST1579,Victor Holden,East,Bluetooth Speaker,Electronics,181.25,5.0,5.0,Cash on Delivery,In-Store,906.25,860.94
ORD104489,2024-10-15,CUST1589,Andrew Berry,South,Yoga Pants,Apparel,90.88,1.0,0.0,UPI,In-Store,90.88,90.88
ORD105105,2025-05-08,CUST1120,Thomas Romero,East,Power Bank,Electronics,441.61,2.0,0.0,UPI,Mobile App,883.22,883.22
ORD102681,2025-08-05,CUST1248,Anthony Dougherty,East,Notebook Pack,Office Supplies,273.82,5.0,0.0,Credit Card,In-Store,1369.1,1369.1
ORD103413,2024-07-23,CUST1627,Joyce Martinez,North,Water Bottle,Sports & Outdoors,132.63,1.0,5.0,Cash on Delivery,Online,132.63,126.0
ORD101983,2025-03-14,CUST1241,Denise Weber,South,Rice Cooker,Home & Kitchen,149.96,3.0,0.0,Credit Card,Online,449.88,449.88
ORD100807,2025-12-01,CUST1127,Jennifer Pena,South,Noise Cancelling Headphones,Electronics,186.05,5.0,0.0,Credit Card,In-Store,930.25,930.25
ORD101269,2025-07-06,CUST1660,Ray Ramos,South,Yoga Mat,Sports & Outdoors,185.42,4.0,0.0,Debit Card,Online,741.68,741.68
ORD105486,2025-11-04,CUST1199,Kimberly Rodgers,South,Wireless Mouse,Electronics,293.46,3.0,10.0,Credit Card,In-Store,880.38,792.34
ORD100756,2024-08-31,CUST1209,Luis Bullock,North,Running Shoes,Apparel,29.44,1.0,5.0,Cash on Delivery,In-Store,29.44,27.97
ORD103043,2024-09-01,CUST1511,Charles Holland,East,Running Shoes,Apparel,66.46,1.0,0.0,Cash on Delivery,Mobile App,66.46,66.46
ORD101171,2025-12-19,CUST1737,Anthony Bailey,North,Smartwatch,Electronics,326.05,2.0,0.0,Cash on Delivery,Online,652.1,652.1
ORD103361,2024-04-02,CUST1348,Matthew Williams,East,27in Monitor,Electronics,415.39,2.0,0.0,Cash on Delivery,Online,830.78,830.78
ORD101889,2025-10-14,CUST1154,Gavin Zhang,East,Noise Cancelling Headphones,Electronics,398.45,3.0,0.0,PayPal,Mobile App,1195.35,1195.35
ORD105698,2024-11-18,CUST1207,Zachary Brooks,West,Coffee Maker,Home & Kitchen,71.85,4.0,0.0,UPI,Online,287.4,287.4
ORD100566,2024-01-26,CUST1546,William Jones,East,Bluetooth Speaker,Electronics,440.66,1.0,0.0,UPI,Online,440.66,440.66
ORD103647,2025-01-19,CUST1767,Pamela Ruiz,East,Running Shoes,Apparel,82.09,2.0,0.0,Cash on Delivery,Mobile App,164.18,164.18
ORD104990,2025-08-24,CUST1153,Samantha Davis,North,27in Monitor,Electronics,126.04,1.0,10.0,PayPal,Mobile App,126.04,113.44
ORD101441,2024-04-12,CUST1582,Heather Harrison,East,Water Bottle,Sports & Outdoors,53.81,3.0,0.0,PayPal,Online,161.43,161.43
ORD101849,2025-02-05,CUST1010,Andrew Stewart,East,Power Bank,Electronics,178.17,1.0,0.0,Credit Card,Online,178.17,178.17
ORD101504,2025-08-03,CUST1158,Kelly Reese,South,Denim Jacket,Apparel,115.45,4.0,5.0,Debit Card,Mobile App,461.8,438.71
ORD104557,2025-12-21,CUST1676,Steve Miller PhD,North,Blender,Home & Kitchen,20.04,2.0,0.0,PayPal,Online,40.08,40.08
ORD101777,2024-09-09,CUST1873,Michael Wells,East,Smartwatch,Electronics,320.29,1.0,0.0,PayPal,In-Store,320.29,320.29
ORD104173,2024-05-18,CUST1750,Julia Olsen,North,Air Fryer,Home & Kitchen,112.04,1.0,0.0,PayPal,Mobile App,112.04,112.04
ORD104462,2024-05-15,CUST1334,Brandon Jordan,Central,Dumbbell Set,Sports & Outdoors,168.03,2.0,0.0,Credit Card,Mobile App,336.06,336.06
ORD102513,2024-09-16,CUST1491,Brittany Gay,West,Noise Cancelling Headphones,Electronics,178.89,1.0,0.0,Debit Card,Mobile App,178.89,178.89
ORD103497,2025-03-13,CUST1441,Michael Anderson,West,27in Monitor,Electronics,104.17,1.0,10.0,Cash on Delivery,Mobile App,104.17,93.75
ORD103631,2025-11-29,CUST1131,Ashlee Jackson,South,Wireless Mouse,Electronics,181.06,1.0,10.0,Cash on Delivery,In-Store,181.06,162.95
ORD104925,2024-10-04,CUST1750,Julia Olsen,East,Camping Tent,Sports & Outdoors,290.2,1.0,5.0,Debit Card,Mobile App,290.2,275.69
ORD105479,2025-06-17,CUST1360,Leslie Powers,North,Bluetooth Speaker,Electronics,56.53,1.0,15.0,UPI,Mobile App,56.53,48.05
ORD105412,2025-05-12,CUST1116,Peter Garrett,West,Cycling Helmet,Sports & Outdoors,272.61,2.0,0.0,Debit Card,In-Store,545.22,545.22
ORD105829,2025-11-01,CUST1790,Angela Schultz,North,Cycling Helmet,Sports & Outdoors,231.08,1.0,10.0,Debit Card,Mobile App,231.08,207.97
ORD102956,2025-08-06,CUST1097,Adrian Ferguson,South,Coffee Maker,Home & Kitchen,208.29,2.0,15.0,Debit Card,In-Store,416.58,354.09
ORD101958,2024-06-24,CUST1849,Stephanie Butler,South,Water Bottle,Sports & Outdoors,195.32,3.0,10.0,PayPal,Mobile App,585.96,527.36
ORD101604,2025-04-02,CUST1288,Daniel Aguilar,Central,Mechanical Keyboard,Electronics,326.31,2.0,0.0,Credit Card,In-Store,652.62,652.62
ORD105657,2025-11-20,CUST1793,Mary Carter,South,Cotton T-Shirt,Apparel,88.29,1.0,20.0,UPI,In-Store,88.29,70.63
ORD101637,2024-01-13,CUST1311,Ryan Rocha,South,Ergonomic Chair,Office Supplies,26.37,5.0,10.0,Cash on Delivery,Online,131.85,118.66
ORD104681,2025-05-19,CUST1217,Carrie Maxwell,South,Toaster,Home & Kitchen,70.38,4.0,20.0,PayPal,Online,281.52,225.22
ORD102292,2025-08-20,CUST1474,Madison Martinez,Central,Power Bank,Electronics,312.29,2.0,0.0,PayPal,Mobile App,624.58,624.58
ORD104972,2024-05-07,CUST1529,Ashley Carr,North,Portable SSD 1TB,Electronics,431.07,1.0,0.0,Cash on Delivery,In-Store,431.07,431.07
ORD105507,2025-08-11,CUST1460,Lisa Martinez,West,Wool Sweater,Apparel,54.48,1.0,20.0,PayPal,In-Store,54.48,43.58
ORD105920,2024-02-29,CUST1585,Heather Parrish,Central,Wool Sweater,Apparel,84.92,2.0,15.0,UPI,In-Store,169.84,144.36
ORD102310,2025-09-09,CUST1176,Michael Watkins,East,Blender,Home & Kitchen,166.56,1.0,15.0,Cash on Delivery,Online,166.56,141.58
ORD105896,2025-07-26,CUST1754,David Hayes DVM,East,Ergonomic Chair,Office Supplies,70.06,1.0,0.0,Credit Card,In-Store,70.06,70.06
ORD102742,2025-02-15,CUST1368,Jeffery Fitzgerald,South,Wool Sweater,Apparel,90.47,2.0,0.0,Debit Card,Mobile App,180.94,180.94
ORD100678,2024-06-15,CUST1749,John Johnson,East,Cycling Helmet,Sports & Outdoors,155.66,1.0,20.0,Debit Card,In-Store,155.66,124.53
ORD103056,2025-04-30,CUST1798,Mark Clark,South,Ergonomic Chair,Office Supplies,277.19,1.0,10.0,Debit Card,In-Store,277.19,249.47
ORD101161,2025-10-12,CUST1332,Michelle Miller,South,Notebook Pack,Office Supplies,129.81,5.0,0.0,Debit Card,Online,649.05,649.05
ORD104797,2025-08-01,CUST1846,Laura Tran,East,Running Shoes,Apparel,89.76,1.0,0.0,Unknown,Online,89.76,89.76
ORD102713,2025-10-22,CUST1886,Sandra Kennedy,North,Wool Sweater,Apparel,42.0,1.0,0.0,UPI,Online,42.0,42.0
ORD100401,2025-11-30,CUST1187,Jeremy Turner,Central,Denim Jacket,Apparel,65.04,1.0,15.0,Debit Card,In-Store,65.04,55.28
ORD100540,2024-10-17,CUST1723,Ricardo Franklin,North,Ergonomic Chair,Office Supplies,309.07,1.0,5.0,UPI,Mobile App,309.07,293.62
ORD104013,2025-09-07,CUST1039,Kristine Garcia,South,Bluetooth Speaker,Electronics,194.74,1.0,15.0,Debit Card,Online,194.74,165.53
ORD105325,2025-05-16,CUST1419,Amanda Huff,North,Yoga Mat,Sports & Outdoors,156.29,3.0,0.0,Credit Card,Mobile App,468.87,468.87
ORD102990,2025-01-15,CUST1090,Robert Peterson,West,Cycling Helmet,Sports & Outdoors,295.2,2.0,0.0,Cash on Delivery,Online,590.4,590.4
ORD104397,2024-11-21,CUST1053,Meghan Anthony,East,Running Shoes,Apparel,67.4,2.0,5.0,Debit Card,Mobile App,134.8,128.06
ORD105388,2024-01-31,CUST1272,Vanessa Moore,Central,Electric Kettle,Home & Kitchen,48.64,3.0,0.0,Debit Card,In-Store,145.92,145.92
ORD102404,2025-04-02,CUST1858,Mrs. Ashley Mendoza,North,Rice Cooker,Home & Kitchen,162.81,2.0,0.0,PayPal,In-Store,325.62,325.62
ORD104538,2024-05-20,CUST1771,Jennifer Gutierrez,Central,Water Bottle,Sports & Outdoors,18.53,4.0,10.0,PayPal,Online,74.12,66.71
ORD105121,2024-09-26,CUST1554,Jaime Lang,North,Portable SSD 1TB,Electronics,93.21,4.0,5.0,Debit Card,Mobile App,372.84,354.2
ORD105310,2025-08-10,CUST1392,Ryan Fisher,West,Portable SSD 1TB,Electronics,260.5,3.0,5.0,UPI,Online,781.5,742.42
ORD105713,2025-11-06,CUST1720,Jacqueline Christian,South,Water Bottle,Sports & Outdoors,294.37,4.0,0.0,PayPal,Mobile App,1177.48,1177.48
ORD102001,2024-01-31,CUST1862,Brian Hernandez,West,Toaster,Home & Kitchen,130.05,2.0,0.0,Credit Card,In-Store,260.1,260.1
ORD104150,2025-08-16,CUST1889,Laura Bruce,East,Toaster,Home & Kitchen,77.18,4.0,0.0,Debit Card,In-Store,308.72,308.72
ORD105416,2025-01-14,CUST1432,Joseph Moody,West,Yoga Mat,Sports & Outdoors,135.99,2.0,0.0,Cash on Delivery,Online,271.98,271.98
ORD105514,2025-11-01,CUST1877,Tina Daugherty,East,Electric Kettle,Home & Kitchen,123.05,1.0,0.0,Credit Card,Online,123.05,123.05
ORD101982,2024-04-22,CUST1170,Renee Bruce,East,Whiteboard,Office Supplies,21.41,1.0,5.0,Cash on Delivery,In-Store,21.41,20.34
ORD104021,2024-09-25,CUST1897,Tracy Jackson,Central,Webcam HD,Electronics,313.85,3.0,10.0,PayPal,Mobile App,941.55,847.4
ORD105044,2025-12-01,CUST1414,Angela Bradley,West,Electric Kettle,Home & Kitchen,99.41,2.0,10.0,PayPal,Online,198.82,178.94
ORD105436,2025-12-17,CUST1343,Catherine Saunders MD,North,Dumbbell Set,Sports & Outdoors,277.73,1.0,10.0,Cash on Delivery,In-Store,277.73,249.96
ORD102834,2024-09-21,CUST1472,Samuel Suarez,North,Bluetooth Speaker,Electronics,429.79,1.0,10.0,Credit Card,Mobile App,429.79,386.81
ORD102696,2025-10-09,CUST1242,Matthew Le,Central,Blender,Home & Kitchen,53.77,1.0,5.0,UPI,In-Store,53.77,51.08
ORD102607,2025-01-22,CUST1128,Michael Santos,West,Running Shoes,Apparel,102.24,3.0,10.0,Cash on Delivery,Online,306.72,276.05
ORD100952,2025-12-24,CUST1215,James Burgess,Central,Air Fryer,Home & Kitchen,216.35,1.0,0.0,Cash on Delivery,Online,216.35,216.35
ORD101305,2024-10-03,CUST1584,Jamie Gray,Central,Noise Cancelling Headphones,Electronics,111.34,2.0,10.0,Credit Card,Online,222.68,200.41
ORD103696,2024-07-03,CUST1621,Travis Vega,Central,Power Bank,Electronics,203.25,1.0,15.0,PayPal,Online,203.25,172.76
ORD103864,2025-07-02,CUST1067,Jessica Meadows,West,Running Shoes,Apparel,102.71,1.0,0.0,Cash on Delivery,Online,102.71,102.71
ORD103100,2024-01-12,CUST1489,Julie Wilson,East,Standing Desk,Office Supplies,72.46,1.0,15.0,Debit Card,Online,72.46,61.59
ORD105263,2025-03-16,CUST1241,Denise Weber,North,Cotton T-Shirt,Apparel,72.49,1.0,0.0,Debit Card,In-Store,72.49,72.49
ORD104022,2024-01-03,CUST1825,Charles Valdez,West,Wool Sweater,Apparel,28.16,5.0,10.0,Cash on Delivery,Online,140.8,126.72
ORD102153,2024-04-07,CUST1172,Kylie Morales,South,Water Bottle,Sports & Outdoors,274.07,1.0,0.0,Unknown,Online,274.07,274.07
ORD102330,2025-09-25,CUST1515,Meghan White,West,Noise Cancelling Headphones,Electronics,85.03,2.0,0.0,Credit Card,Mobile App,170.06,170.06
ORD102239,2025-02-27,CUST1322,Shannon Malone,South,Bluetooth Speaker,Electronics,377.95,1.0,0.0,Cash on Delivery,In-Store,377.95,377.95
ORD101524,2025-01-10,CUST1562,Preston Kim,East,Portable SSD 1TB,Electronics,75.43,1.0,0.0,Debit Card,Online,75.43,75.43
ORD100413,2025-03-31,CUST1660,Ray Ramos,West,27in Monitor,Electronics,158.23,2.0,0.0,PayPal,Mobile App,316.46,316.46
ORD103083,2025-08-13,CUST1814,Jonathan Delgado,West,USB-C Hub,Electronics,118.3,2.0,15.0,UPI,Mobile App,236.6,201.11
ORD104593,2025-04-14,CUST1894,Richard Jenkins,North,Notebook Pack,Office Supplies,168.18,2.0,5.0,Cash on Delivery,In-Store,336.36,319.54
ORD102897,2024-08-21,CUST1008,Daniel Adams,South,Coffee Maker,Home & Kitchen,92.39,3.0,5.0,Credit Card,Online,277.17,263.31
ORD105248,2024-06-05,CUST1028,Victoria Garcia,South,Denim Jacket,Apparel,112.51,1.0,5.0,PayPal,Online,112.51,106.88
ORD100312,2024-10-10,CUST1283,Stephanie Padilla,East,Yoga Pants,Apparel,44.68,2.0,5.0,PayPal,Online,89.36,84.89
ORD100638,2024-07-03,CUST1538,Melissa Morris,North,Vacuum Cleaner,Home & Kitchen,132.65,2.0,10.0,Credit Card,Online,265.3,238.77
ORD103630,2025-03-26,CUST1375,Jason Hayes,North,Toaster,Home & Kitchen,24.34,1.0,15.0,Credit Card,Mobile App,24.34,20.69
ORD100005,2024-03-22,CUST1791,Jose Harrison,North,Cotton T-Shirt,Apparel,75.62,2.0,0.0,Credit Card,In-Store,151.24,151.24
ORD103635,2025-09-03,CUST1698,Kirk Johnson,South,Portable SSD 1TB,Electronics,405.67,4.0,0.0,PayPal,Mobile App,1622.68,1622.68
ORD102093,2024-03-06,CUST1888,Sheena Burton,South,Yoga Mat,Sports & Outdoors,159.62,1.0,0.0,Debit Card,In-Store,159.62,159.62
ORD103624,2024-03-20,CUST1703,Alicia Aguilar,Central,Noise Cancelling Headphones,Electronics,95.71,1.0,5.0,PayPal,Online,95.71,90.92
ORD101782,2025-05-24,CUST1314,Robert Jackson,West,Wool Sweater,Apparel,17.27,1.0,5.0,PayPal,Mobile App,17.27,16.41
ORD101391,2024-08-07,CUST1138,Melissa Garner,East,Coffee Maker,Home & Kitchen,40.52,5.0,0.0,Credit Card,Online,202.6,202.6
ORD102879,2025-01-14,CUST1606,Lisa Cohen,Central,Standing Desk,Office Supplies,255.08,2.0,20.0,UPI,In-Store,510.16,408.13
ORD104896,2024-02-15,CUST1316,Ryan Hall,West,Standing Desk,Office Supplies,320.12,4.0,0.0,Cash on Delivery,Online,1280.48,1280.48
ORD103150,2024-08-03,CUST1186,Justin Riley,East,Dumbbell Set,Sports & Outdoors,236.59,4.0,0.0,PayPal,Online,946.36,946.36
ORD104952,2024-04-22,CUST1105,Doris Hall,South,Wool Sweater,Apparel,116.5,1.0,10.0,Cash on Delivery,Online,116.5,104.85
ORD105083,2025-07-06,CUST1678,Toni Davis,Central,Power Bank,Electronics,85.88,2.0,5.0,Cash on Delivery,Online,171.76,163.17
ORD103683,2024-09-26,CUST1552,Michael Griffin,West,Cycling Helmet,Sports & Outdoors,40.43,2.0,15.0,UPI,In-Store,80.86,68.73
ORD101193,2024-09-16,CUST1836,Julie Sims,Central,Wool Sweater,Apparel,101.47,1.0,10.0,UPI,Online,101.47,91.32
ORD101184,2024-02-12,CUST1192,Helen Hardin,South,Running Shoes,Apparel,50.53,1.0,10.0,UPI,Mobile App,50.53,45.48
ORD100986,2025-01-18,CUST1417,Christopher Owens,West,Cotton T-Shirt,Apparel,30.02,1.0,15.0,PayPal,Mobile App,30.02,25.52
ORD105619,2024-04-29,CUST1883,Mark Nelson,East,Blender,Home & Kitchen,135.69,1.0,0.0,UPI,Mobile App,135.69,135.69
ORD105478,2024-06-27,CUST1120,Thomas Romero,North,Coffee Maker,Home & Kitchen,119.56,2.0,15.0,Cash on Delivery,Online,239.12,203.25
ORD101891,2024-01-03,CUST1150,Kimberly Matthews,East,Power Bank,Electronics,234.55,1.0,0.0,UPI,Online,234.55,234.55
ORD103338,2024-08-12,CUST1884,Ronnie Roberts,West,Power Bank,Electronics,400.11,1.0,15.0,PayPal,In-Store,400.11,340.09
ORD105808,2025-07-08,CUST1702,Christina Mills,Central,Denim Jacket,Apparel,50.52,1.0,0.0,Cash on Delivery,Online,50.52,50.52
ORD101032,2024-04-15,CUST1079,Mrs. Marie Harrington DDS,South,Notebook Pack,Office Supplies,222.33,1.0,5.0,PayPal,Online,222.33,211.21
ORD100727,2024-09-28,CUST1183,Eric Morgan,South,Toaster,Home & Kitchen,93.5,1.0,0.0,PayPal,Online,93.5,93.5
ORD105599,2024-03-17,CUST1822,Kathryn Hanna,North,Camping Tent,Sports & Outdoors,37.35,2.0,15.0,Debit Card,In-Store,74.7,63.5
ORD105073,2024-12-27,CUST1588,Karen Mendoza,North,Wireless Mouse,Electronics,221.1,2.0,10.0,PayPal,Mobile App,442.2,397.98
ORD101375,2025-06-19,CUST1417,Christopher Owens,North,Yoga Mat,Sports & Outdoors,147.45,2.0,0.0,Cash on Delivery,Mobile App,294.9,294.9
ORD104509,2024-02-28,CUST1853,Jennifer Clarke,East,Desk Lamp,Office Supplies,19.51,1.0,0.0,UPI,Mobile App,19.51,19.51
ORD100007,2024-02-27,CUST1224,Mitchell Jackson,West,Portable SSD 1TB,Electronics,186.27,5.0,5.0,Credit Card,In-Store,931.35,884.78
ORD101525,2024-02-25,CUST1144,Brenda Levy,West,Notebook Pack,Office Supplies,330.11,4.0,20.0,PayPal,Mobile App,1320.44,1056.35
ORD102049,2025-08-23,CUST1011,Jennifer Rocha,East,Noise Cancelling Headphones,Electronics,138.04,1.0,15.0,Credit Card,Online,138.04,117.33
ORD105405,2025-01-15,CUST1108,Tammy Gonzales,West,Yoga Pants,Apparel,47.0,3.0,0.0,PayPal,Mobile App,141.0,141.0
ORD101745,2024-03-29,CUST1102,Joseph Hayes,North,Electric Kettle,Home & Kitchen,110.27,3.0,0.0,Credit Card,Mobile App,330.81,330.81
ORD103998,2025-08-25,CUST1141,Richard Johnson,Central,Cotton T-Shirt,Apparel,109.73,1.0,0.0,Cash on Delivery,In-Store,109.73,109.73
ORD100535,2024-03-14,CUST1758,Kelly Smith,Central,Smartwatch,Electronics,219.81,2.0,5.0,Debit Card,In-Store,439.62,417.64
ORD104040,2025-09-17,CUST1500,Mrs. Alison Wagner,West,Running Shoes,Apparel,27.68,1.0,15.0,Credit Card,Mobile App,27.68,23.53
ORD102957,2024-07-31,CUST1104,Brad Allen,Central,Non-stick Pan Set,Home & Kitchen,139.64,2.0,5.0,Debit Card,In-Store,279.28,265.32
ORD105107,2025-10-30,CUST1543,Rebecca Horton,South,Dumbbell Set,Sports & Outdoors,112.89,1.0,0.0,Cash on Delivery,Mobile App,112.89,112.89
ORD102771,2024-04-08,CUST1403,Jordan Williams,West,Cycling Helmet,Sports & Outdoors,197.83,2.0,5.0,Cash on Delivery,Mobile App,395.66,375.88
ORD100658,2025-08-24,CUST1237,Patricia Morrow,East,Running Shoes,Apparel,31.94,2.0,0.0,PayPal,Mobile App,63.88,63.88
ORD102398,2024-03-14,CUST1526,Sarah Rivera,South,Dumbbell Set,Sports & Outdoors,135.22,1.0,20.0,Debit Card,Mobile App,135.22,108.18
ORD101668,2024-08-18,CUST1619,Harry Nichols,North,Wool Sweater,Apparel,116.36,1.0,10.0,PayPal,Online,116.36,104.72
ORD101919,2025-12-23,CUST1515,Meghan White,North,USB-C Hub,Electronics,402.68,1.0,10.0,Debit Card,In-Store,402.68,362.41
ORD101649,2024-02-17,CUST1319,Megan Drake,East,Blender,Home & Kitchen,37.55,2.0,0.0,Debit Card,In-Store,75.1,75.1
ORD100620,2024-06-13,CUST1304,Kristina Faulkner,South,Toaster,Home & Kitchen,205.5,4.0,0.0,PayPal,Mobile App,822.0,822.0
ORD101537,2024-01-20,CUST1716,Ryan Thomas,East,Blender,Home & Kitchen,35.79,2.0,15.0,PayPal,In-Store,71.58,60.84
ORD101976,2025-03-20,CUST1177,Eric Clark,South,USB-C Hub,Electronics,202.66,2.0,0.0,PayPal,Online,405.32,405.32
ORD102817,2024-06-22,CUST1655,Katherine Flores,North,Denim Jacket,Apparel,47.9,1.0,0.0,UPI,Mobile App,47.9,47.9
ORD101496,2025-12-07,CUST1502,Alicia Norris,West,Whiteboard,Office Supplies,219.75,1.0,0.0,Debit Card,In-Store,219.75,219.75
ORD102901,2025-06-27,CUST1117,Michael Martinez,West,Standing Desk,Office Supplies,244.32,1.0,0.0,Credit Card,Online,244.32,244.32
ORD103627,2024-12-06,CUST1011,Jennifer Rocha,East,Yoga Pants,Apparel,53.01,2.0,0.0,UPI,Online,106.02,106.02
ORD105526,2025-05-06,CUST1088,Samuel Rivas,West,Notebook Pack,Office Supplies,344.09,1.0,0.0,Credit Card,Mobile App,344.09,344.09
ORD103860,2025-12-30,CUST1554,Jaime Lang,North,Camping Tent,Sports & Outdoors,186.26,4.0,0.0,Cash on Delivery,Mobile App,745.04,745.04
ORD102511,2025-10-01,CUST1724,Laura Herrera,West,Mechanical Keyboard,Electronics,204.96,2.0,0.0,Cash on Delivery,Online,409.92,409.92
ORD103195,2024-04-24,CUST1080,Cynthia Wells,South,27in Monitor,Electronics,449.93,3.0,0.0,Cash on Delivery,In-Store,1349.79,1349.79
ORD103808,2024-02-02,CUST1004,Gabrielle Davis,South,Power Bank,Electronics,93.4,1.0,5.0,Credit Card,Online,93.4,88.73
ORD105023,2025-08-29,CUST1436,Anthony Guzman,Central,Denim Jacket,Apparel,90.34,4.0,0.0,UPI,Mobile App,361.36,361.36
ORD103079,2024-03-17,CUST1498,Joseph Warren,South,Toaster,Home & Kitchen,161.67,4.0,15.0,PayPal,Online,646.68,549.68
ORD103128,2025-11-22,CUST1180,Thomas Atkins,South,Whiteboard,Office Supplies,79.33,3.0,0.0,Debit Card,Mobile App,237.99,237.99
ORD100185,2025-03-01,CUST1464,Ashley Hernandez,East,Yoga Pants,Apparel,66.33,4.0,0.0,Unknown,Mobile App,265.32,265.32
ORD103190,2025-08-23,CUST1870,Jacob Harris,West,Bluetooth Speaker,Electronics,78.43,2.0,5.0,PayPal,In-Store,156.86,149.02
ORD104573,2024-04-08,CUST1896,Tammy Mendoza,West,Whiteboard,Office Supplies,295.94,1.0,0.0,Credit Card,Online,295.94,295.94
ORD105704,2024-08-29,CUST1558,Allison Love,East,Wool Sweater,Apparel,84.0,2.0,0.0,PayPal,Mobile App,168.0,168.0
ORD100977,2024-09-25,CUST1772,Daniel Benson,Central,Webcam HD,Electronics,38.31,3.0,15.0,Cash on Delivery,Online,114.93,97.69
ORD103870,2025-03-12,CUST1638,Dustin Welch,East,Camping Tent,Sports & Outdoors,137.0,3.0,0.0,Credit Card,Mobile App,411.0,411.0
ORD102705,2025-06-07,CUST1128,Michael Santos,Central,Blender,Home & Kitchen,54.67,1.0,15.0,UPI,In-Store,54.67,46.47
ORD103797,2025-06-22,CUST1428,James Barnes,East,Non-stick Pan Set,Home & Kitchen,161.21,3.0,10.0,Credit Card,In-Store,483.63,435.27
ORD100744,2025-04-18,CUST1212,Jose Allen,East,Whiteboard,Office Supplies,270.62,1.0,0.0,UPI,In-Store,270.62,270.62
ORD104770,2024-05-11,CUST1125,Matthew Hoover,South,Blender,Home & Kitchen,55.04,3.0,10.0,Cash on Delivery,Online,165.12,148.61
ORD101718,2024-10-23,CUST1873,Michael Wells,South,Rice Cooker,Home & Kitchen,102.71,1.0,0.0,Cash on Delivery,Mobile App,102.71,102.71
ORD104806,2025-07-03,CUST1895,Rebecca Hansen,West,Smartwatch,Electronics,59.15,2.0,10.0,UPI,In-Store,118.3,106.47
ORD105104,2024-05-15,CUST1363,Ryan Harvey,North,Cycling Helmet,Sports & Outdoors,85.19,2.0,15.0,PayPal,Online,170.38,144.82
ORD105627,2025-11-13,CUST1809,Tammy Hill,South,Rice Cooker,Home & Kitchen,54.75,3.0,15.0,Cash on Delivery,In-Store,164.25,139.61
ORD104949,2024-02-20,CUST1108,Tammy Gonzales,East,Air Fryer,Home & Kitchen,22.51,1.0,10.0,Cash on Delivery,In-Store,22.51,20.26
ORD104628,2025-09-11,CUST1736,Kyle Smith,South,Power Bank,Electronics,333.0,1.0,0.0,Debit Card,Mobile App,333.0,333.0
ORD105543,2025-04-22,CUST1799,James Turner,West,Ergonomic Chair,Office Supplies,236.01,2.0,20.0,UPI,Mobile App,472.02,377.62
ORD101491,2025-06-06,CUST1504,Lisa Haynes,Central,Rice Cooker,Home & Kitchen,127.78,1.0,10.0,PayPal,Mobile App,127.78,115.0
ORD101118,2024-09-22,CUST1693,Nicole Johnston,South,Camping Tent,Sports & Outdoors,104.52,1.0,20.0,Credit Card,Online,104.52,83.62
ORD105560,2025-03-15,CUST1598,Jessica Mays,North,Dumbbell Set,Sports & Outdoors,152.58,2.0,15.0,Debit Card,In-Store,305.16,259.39
ORD101419,2024-07-10,CUST1348,Matthew Williams,West,Ergonomic Chair,Office Supplies,73.44,3.0,0.0,Credit Card,Mobile App,220.32,220.32
ORD100833,2024-05-13,CUST1089,Mary Rogers,South,Whiteboard,Office Supplies,215.6,1.0,15.0,Cash on Delivery,Online,215.6,183.26
ORD105705,2024-01-09,CUST1517,Arthur Pena,South,Whiteboard,Office Supplies,153.36,5.0,10.0,Cash on Delivery,Mobile App,766.8,690.12
ORD105347,2024-05-14,CUST1771,Jennifer Gutierrez,East,Water Bottle,Sports & Outdoors,279.35,4.0,5.0,Debit Card,Online,1117.4,1061.53
ORD102068,2024-06-28,CUST1233,Victoria Contreras,East,Cotton T-Shirt,Apparel,87.32,1.0,10.0,PayPal,Online,87.32,78.59
ORD102510,2024-12-15,CUST1141,Richard Johnson,Central,Camping Tent,Sports & Outdoors,31.29,1.0,10.0,UPI,Online,31.29,28.16
ORD105172,2025-07-22,CUST1106,Dennis Moody,East,Yoga Pants,Apparel,69.73,3.0,0.0,Credit Card,Online,209.19,209.19
ORD102512,2024-11-01,CUST1774,Kyle Nguyen,South,Power Bank,Electronics,123.56,3.0,0.0,Cash on Delivery,Mobile App,370.68,370.68
ORD100265,2024-12-20,CUST1024,Crystal Robinson,North,Whiteboard,Office Supplies,268.56,1.0,0.0,Credit Card,In-Store,268.56,268.56
ORD104712,2024-12-15,CUST1897,Tracy Jackson,North,Noise Cancelling Headphones,Electronics,374.54,2.0,15.0,Cash on Delivery,In-Store,749.08,636.72
ORD102572,2025-01-09,CUST1499,Katherine Christensen MD,North,Blender,Home & Kitchen,69.71,1.0,10.0,PayPal,Mobile App,69.71,62.74
ORD102224,2024-05-26,CUST1593,Kayla Jackson,North,Non-stick Pan Set,Home & Kitchen,90.78,2.0,20.0,PayPal,In-Store,181.56,145.25
ORD104084,2025-12-15,CUST1453,Matthew Greene,East,Yoga Mat,Sports & Outdoors,206.17,1.0,20.0,PayPal,In-Store,206.17,164.94
ORD101570,2025-02-11,CUST1050,Sharon Cochran,South,Vacuum Cleaner,Home & Kitchen,85.53,2.0,0.0,PayPal,Online,171.06,171.06
ORD102101,2025-06-01,CUST1545,Maria Fischer,East,Mechanical Keyboard,Electronics,264.5,1.0,0.0,Credit Card,Mobile App,264.5,264.5
ORD103433,2025-07-26,CUST1428,James Barnes,North,Notebook Pack,Office Supplies,174.27,1.0,5.0,Debit Card,Mobile App,174.27,165.56
ORD104130,2024-03-17,CUST1132,James Thomas,Central,27in Monitor,Electronics,67.34,1.0,0.0,UPI,Online,67.34,67.34
ORD101258,2025-01-02,CUST1211,Riley Bryant,North,Wireless Mouse,Electronics,156.71,1.0,0.0,UPI,In-Store,156.71,156.71
ORD102611,2025-05-30,CUST1102,Joseph Hayes,Central,Vacuum Cleaner,Home & Kitchen,178.48,3.0,0.0,Debit Card,Online,535.44,535.44
ORD102210,2024-02-14,CUST1380,William Patterson,South,Desk Lamp,Office Supplies,122.73,1.0,0.0,PayPal,Online,122.73,122.73
ORD101067,2025-05-09,CUST1471,Samantha Robertson,North,Desk Lamp,Office Supplies,157.86,1.0,0.0,PayPal,In-Store,157.86,157.86
ORD100278,2025-09-03,CUST1184,Jordan Bullock,South,Wool Sweater,Apparel,51.12,2.0,0.0,PayPal,Online,102.24,102.24
ORD103372,2025-04-23,CUST1851,Melissa Russell,South,Vacuum Cleaner,Home & Kitchen,22.83,1.0,0.0,Credit Card,Online,22.83,22.83
ORD102779,2025-05-20,CUST1425,Jessica Ramsey,East,Power Bank,Electronics,208.77,1.0,0.0,Debit Card,Online,208.77,208.77
ORD100215,2024-11-28,CUST1611,Lisa Craig,South,Yoga Pants,Apparel,57.84,1.0,5.0,Credit Card,In-Store,57.84,54.95
ORD103985,2025-11-21,CUST1899,Rachel Jones,Central,Wireless Mouse,Electronics,342.21,4.0,20.0,PayPal,Online,1368.84,1095.07
ORD100357,2024-12-20,CUST1009,Joel Nelson,Central,Power Bank,Electronics,250.46,5.0,0.0,Cash on Delivery,Mobile App,1252.3,1252.3
ORD104335,2024-06-03,CUST1703,Alicia Aguilar,West,Mechanical Keyboard,Electronics,52.09,1.0,15.0,Cash on Delivery,Online,52.09,44.28
ORD104895,2024-04-11,CUST1436,Anthony Guzman,North,Toaster,Home & Kitchen,210.11,1.0,5.0,Cash on Delivery,Mobile App,210.11,199.6
ORD100661,2024-06-27,CUST1365,Jill Jackson,South,27in Monitor,Electronics,261.65,5.0,5.0,Cash on Delivery,Online,1308.25,1242.84
ORD101283,2025-12-18,CUST1234,Michelle Ho,East,USB-C Hub,Electronics,119.95,3.0,10.0,Credit Card,Online,359.85,323.86
ORD101481,2025-05-09,CUST1739,Matthew Graves,North,Mechanical Keyboard,Electronics,315.9,4.0,20.0,PayPal,In-Store,1263.6,1010.88
ORD105131,2025-08-18,CUST1669,Denise Guerra,West,Electric Kettle,Home & Kitchen,123.05,1.0,0.0,Debit Card,In-Store,123.05,123.05
ORD100667,2024-05-21,CUST1431,William Moreno,West,Notebook Pack,Office Supplies,224.01,1.0,10.0,UPI,In-Store,224.01,201.61
ORD103230,2024-07-21,CUST1601,Adrienne Mills,South,USB-C Hub,Electronics,163.58,2.0,5.0,Debit Card,Online,327.16,310.8
ORD105146,2025-09-11,CUST1262,Jeremy Barnes,West,Rice Cooker,Home & Kitchen,31.62,3.0,0.0,Credit Card,In-Store,94.86,94.86
ORD101735,2024-05-19,CUST1812,Matthew Rodriguez,Central,Camping Tent,Sports & Outdoors,69.3,1.0,0.0,PayPal,In-Store,69.3,69.3
ORD105274,2025-05-17,CUST1687,Kevin Hall,West,Denim Jacket,Apparel,30.27,1.0,0.0,UPI,Mobile App,30.27,30.27
ORD102636,2025-02-18,CUST1725,Danielle Medina,West,Desk Lamp,Office Supplies,292.95,2.0,10.0,Debit Card,Mobile App,585.9,527.31
ORD100770,2024-12-18,CUST1651,Adam Brooks,Central,Noise Cancelling Headphones,Electronics,344.8,4.0,5.0,PayPal,Mobile App,1379.2,1310.24
ORD105343,2024-10-13,CUST1885,Justin Ford,North,Cotton T-Shirt,Apparel,26.45,4.0,0.0,Credit Card,Mobile App,105.8,105.8
ORD100816,2025-09-13,CUST1700,Ashley Brown,Central,Non-stick Pan Set,Home & Kitchen,68.85,2.0,5.0,Debit Card,Mobile App,137.7,130.81
ORD101966,2024-01-22,CUST1711,Steven Sandoval,South,Portable SSD 1TB,Electronics,64.8,4.0,0.0,Debit Card,In-Store,259.2,259.2
ORD105144,2025-06-09,CUST1144,Brenda Levy,Central,Water Bottle,Sports & Outdoors,277.38,2.0,0.0,Cash on Delivery,Online,554.76,554.76
ORD101304,2024-01-24,CUST1860,Mr. Bryan Mckinney,South,27in Monitor,Electronics,287.78,2.0,0.0,PayPal,Online,575.56,575.56
ORD105313,2024-05-15,CUST1557,Ronald Johns,North,Coffee Maker,Home & Kitchen,97.59,1.0,0.0,Cash on Delivery,In-Store,97.59,97.59
ORD100769,2025-05-27,CUST1258,Ronald Patel,East,Running Shoes,Apparel,69.45,1.0,5.0,UPI,Mobile App,69.45,65.98
ORD105590,2024-02-20,CUST1093,Kara Schmidt,North,Ergonomic Chair,Office Supplies,119.07,5.0,0.0,Credit Card,Mobile App,595.35,595.35
ORD101765,2024-10-15,CUST1814,Jonathan Delgado,South,Mechanical Keyboard,Electronics,44.33,1.0,20.0,Cash on Delivery,Mobile App,44.33,35.46
ORD100862,2025-08-08,CUST1728,Ashley Osborne,Central,Noise Cancelling Headphones,Electronics,378.89,2.0,10.0,Debit Card,In-Store,757.78,682.0
ORD100328,2025-06-19,CUST1204,David Davidson,East,Running Shoes,Apparel,44.68,3.0,10.0,PayPal,Mobile App,134.04,120.64
ORD104442,2024-04-04,CUST1878,Terri Kerr,South,Dumbbell Set,Sports & Outdoors,250.58,2.0,5.0,UPI,Mobile App,501.16,476.1
ORD102166,2025-03-04,CUST1884,Ronnie Roberts,North,Camping Tent,Sports & Outdoors,97.77,1.0,5.0,Cash on Delivery,Online,97.77,92.88
ORD102272,2025-05-01,CUST1013,Zachary Hicks,Central,Whiteboard,Office Supplies,35.82,1.0,0.0,UPI,Mobile App,35.82,35.82
ORD101235,2025-05-26,CUST1498,Joseph Warren,South,Vacuum Cleaner,Home & Kitchen,185.96,3.0,5.0,Debit Card,In-Store,557.88,529.99
ORD104791,2025-03-05,CUST1323,Adam Jackson,North,Dumbbell Set,Sports & Outdoors,258.8,2.0,0.0,PayPal,In-Store,517.6,517.6
ORD100117,2024-06-24,CUST1021,Kim Martinez,South,Yoga Pants,Apparel,57.46,2.0,20.0,Cash on Delivery,In-Store,114.92,91.94
ORD101217,2025-11-15,CUST1113,Shannon Rivera,West,Yoga Mat,Sports & Outdoors,63.04,2.0,20.0,PayPal,In-Store,126.08,100.86
ORD102056,2024-10-30,CUST1031,Tammy Allison,North,Noise Cancelling Headphones,Electronics,68.58,1.0,0.0,Debit Card,In-Store,68.58,68.58
ORD101968,2024-07-23,CUST1233,Victoria Contreras,North,Smartwatch,Electronics,328.12,1.0,0.0,Credit Card,In-Store,328.12,328.12
ORD104328,2024-09-13,CUST1129,Stacy Freeman,South,Notebook Pack,Office Supplies,321.19,2.0,0.0,PayPal,Online,642.38,642.38
ORD100796,2025-04-19,CUST1674,John Garcia,West,Denim Jacket,Apparel,83.54,1.0,0.0,UPI,In-Store,83.54,83.54
ORD103718,2024-07-20,CUST1021,Kim Martinez,North,Rice Cooker,Home & Kitchen,144.98,1.0,0.0,PayPal,Mobile App,144.98,144.98
ORD103205,2024-10-07,CUST1585,Heather Parrish,South,USB-C Hub,Electronics,77.79,3.0,0.0,UPI,Online,233.37,233.37
ORD100896,2024-02-09,CUST1796,Michael Washington,East,Running Shoes,Apparel,92.95,1.0,0.0,Debit Card,In-Store,92.95,92.95
ORD105583,2024-12-28,CUST1394,Lori Mason,North,Running Shoes,Apparel,100.45,1.0,0.0,UPI,In-Store,100.45,100.45
ORD101182,2024-10-25,CUST1826,Matthew Smith,East,Portable SSD 1TB,Electronics,37.9,1.0,15.0,Debit Card,Mobile App,37.9,32.21
ORD102010,2025-12-19,CUST1248,Anthony Dougherty,South,Rice Cooker,Home & Kitchen,177.95,3.0,15.0,Cash on Delivery,Mobile App,533.85,453.77
ORD102937,2025-11-28,CUST1007,Dr. Sharon James,Central,Dumbbell Set,Sports & Outdoors,190.0,1.0,0.0,Cash on Delivery,Online,190.0,190.0
ORD105592,2024-07-14,CUST1599,Natalie Juarez,West,USB-C Hub,Electronics,317.58,1.0,0.0,Credit Card,Online,317.58,317.58
ORD102968,2024-05-11,CUST1004,Gabrielle Davis,Central,Power Bank,Electronics,176.85,1.0,0.0,Cash on Delivery,Online,176.85,176.85
ORD104910,2024-02-18,CUST1206,Stacey Arias,South,Smartwatch,Electronics,293.28,3.0,0.0,PayPal,Online,879.84,879.84
ORD100366,2024-12-18,CUST1312,Alexis Tran,East,Wireless Mouse,Electronics,268.41,1.0,0.0,Cash on Delivery,Online,268.41,268.41
ORD100243,2024-05-04,CUST1335,Linda Mueller,East,Vacuum Cleaner,Home & Kitchen,158.94,4.0,5.0,UPI,Mobile App,635.76,603.97
ORD104176,2024-09-28,CUST1296,Shaun Cannon,North,Wireless Mouse,Electronics,145.37,2.0,0.0,Credit Card,Online,290.74,290.74
ORD100359,2024-04-08,CUST1526,Sarah Rivera,West,Rice Cooker,Home & Kitchen,117.36,1.0,0.0,Cash on Delivery,Mobile App,117.36,117.36
ORD105995,2024-04-11,CUST1099,John Peterson,West,Coffee Maker,Home & Kitchen,45.28,2.0,20.0,UPI,Online,90.56,72.45
ORD104872,2024-05-05,CUST1359,Harold Ellis,North,Dumbbell Set,Sports & Outdoors,34.61,2.0,5.0,UPI,Online,69.22,65.76
ORD104427,2024-01-03,CUST1422,Richard Walker,West,Bluetooth Speaker,Electronics,274.01,1.0,0.0,Debit Card,In-Store,274.01,274.01
ORD100723,2025-06-05,CUST1769,John Bell,North,Desk Lamp,Office Supplies,278.94,2.0,15.0,Cash on Delivery,In-Store,557.88,474.2
ORD104624,2025-02-12,CUST1564,Traci Camacho,East,27in Monitor,Electronics,248.97,3.0,0.0,Cash on Delivery,Online,746.91,746.91
ORD100955,2024-08-25,CUST1872,Theresa Reilly,North,Non-stick Pan Set,Home & Kitchen,136.9,3.0,10.0,Credit Card,In-Store,410.7,369.63
ORD103410,2025-06-20,CUST1769,John Bell,South,Running Shoes,Apparel,55.76,1.0,20.0,PayPal,In-Store,55.76,44.61
ORD104155,2024-01-29,CUST1222,Kathleen Jimenez,South,Coffee Maker,Home & Kitchen,59.37,4.0,0.0,UPI,Mobile App,237.48,237.48
ORD105166,2025-04-23,CUST1208,Raven Taylor,South,27in Monitor,Electronics,447.74,4.0,0.0,PayPal,In-Store,1790.96,1790.96
ORD103606,2024-04-06,CUST1576,Kevin Sullivan,South,Non-stick Pan Set,Home & Kitchen,211.01,1.0,0.0,Debit Card,In-Store,211.01,211.01
ORD104533,2025-09-05,CUST1792,Thomas Curry,North,Bluetooth Speaker,Electronics,189.73,2.0,10.0,UPI,In-Store,379.46,341.51
ORD105126,2025-03-06,CUST1755,Paula Gentry,West,Dumbbell Set,Sports & Outdoors,18.72,1.0,0.0,PayPal,Mobile App,18.72,18.72
ORD103869,2025-12-21,CUST1095,Tiffany Vaughn,East,Electric Kettle,Home & Kitchen,143.25,4.0,20.0,Credit Card,Mobile App,573.0,458.4
ORD100991,2024-03-19,CUST1360,Leslie Powers,South,Camping Tent,Sports & Outdoors,140.16,5.0,5.0,UPI,Mobile App,700.8,665.76
ORD105212,2024-01-22,CUST1274,Taylor Gentry,South,Wool Sweater,Apparel,87.08,2.0,20.0,PayPal,Online,174.16,139.33
ORD105638,2024-02-10,CUST1088,Samuel Rivas,South,Smartwatch,Electronics,216.66,3.0,5.0,Cash on Delivery,In-Store,649.98,617.48
ORD105544,2025-03-12,CUST1554,Jaime Lang,West,Power Bank,Electronics,276.26,3.0,10.0,Cash on Delivery,Mobile App,828.78,745.9
ORD101867,2025-10-04,CUST1581,Philip Hall,Central,Wireless Mouse,Electronics,34.84,5.0,10.0,Debit Card,Online,174.2,156.78
ORD105927,2025-05-15,CUST1300,Victoria Boyd,Central,Mechanical Keyboard,Electronics,130.59,1.0,10.0,PayPal,In-Store,130.59,117.53
ORD102527,2025-03-27,CUST1785,Stephanie Dominguez,East,USB-C Hub,Electronics,420.88,3.0,15.0,UPI,Mobile App,1262.64,1073.24
ORD105273,2024-03-26,CUST1342,Douglas Hartman,East,Running Shoes,Apparel,29.15,2.0,15.0,PayPal,Online,58.3,49.56
ORD105800,2025-03-03,CUST1359,Harold Ellis,South,Desk Lamp,Office Supplies,348.26,1.0,0.0,Credit Card,In-Store,348.26,348.26
ORD105629,2024-11-25,CUST1161,Katherine Browning,Central,Smartwatch,Electronics,368.73,4.0,10.0,Cash on Delivery,Mobile App,1474.92,1327.43
ORD100241,2024-09-12,CUST1718,Phillip Salazar,Central,Dumbbell Set,Sports & Outdoors,276.61,5.0,15.0,PayPal,Online,1383.05,1175.59
ORD102141,2024-08-11,CUST1769,John Bell,South,Noise Cancelling Headphones,Electronics,370.76,1.0,0.0,Cash on Delivery,In-Store,370.76,370.76
ORD101764,2024-05-28,CUST1732,Krystal Keller,North,Blender,Home & Kitchen,63.54,2.0,15.0,Debit Card,Online,127.08,108.02
ORD104514,2024-02-06,CUST1042,Shawn Baker,Central,Mechanical Keyboard,Electronics,96.94,1.0,0.0,Credit Card,Mobile App,96.94,96.94
ORD104219,2025-08-13,CUST1369,Scott Miller,South,Blender,Home & Kitchen,161.14,1.0,5.0,PayPal,In-Store,161.14,153.08
ORD100491,2025-12-06,CUST1841,Erika Garcia,West,Whiteboard,Office Supplies,115.52,1.0,20.0,Debit Card,Online,115.52,92.42
ORD104638,2025-05-14,CUST1102,Joseph Hayes,South,Notebook Pack,Office Supplies,89.85,1.0,10.0,Cash on Delivery,Mobile App,89.85,80.86
ORD102435,2024-05-15,CUST1744,Lynn Vasquez,Central,Coffee Maker,Home & Kitchen,23.45,4.0,0.0,PayPal,Online,93.8,93.8
ORD105644,2025-01-27,CUST1878,Terri Kerr,Central,Rice Cooker,Home & Kitchen,176.94,4.0,20.0,UPI,Online,707.76,566.21
ORD102523,2024-04-17,CUST1423,Angela Willis,South,Water Bottle,Sports & Outdoors,247.48,2.0,10.0,UPI,Mobile App,494.96,445.46
ORD100430,2024-11-20,CUST1128,Michael Santos,West,Running Shoes,Apparel,21.28,2.0,0.0,PayPal,In-Store,42.56,42.56
ORD104438,2025-05-01,CUST1028,Victoria Garcia,Central,Whiteboard,Office Supplies,232.5,4.0,10.0,PayPal,Mobile App,930.0,837.0
ORD100506,2024-10-28,CUST1413,Jacqueline Villegas,West,Water Bottle,Sports & Outdoors,297.2,2.0,10.0,Cash on Delivery,Online,594.4,534.96
ORD100331,2025-12-03,CUST1820,Heather Miller,Central,Coffee Maker,Home & Kitchen,182.64,4.0,5.0,Credit Card,Online,730.56,694.03
ORD103316,2025-11-24,CUST1055,William Wilson,West,Smartwatch,Electronics,301.29,1.0,5.0,Cash on Delivery,Online,301.29,286.23
ORD104767,2025-02-23,CUST1780,April Castro,Central,Camping Tent,Sports & Outdoors,215.37,1.0,15.0,UPI,Mobile App,215.37,183.06
ORD103801,2025-02-14,CUST1533,Mr. Thomas Thompson,Central,Air Fryer,Home & Kitchen,125.58,3.0,0.0,Credit Card,Online,376.74,376.74
ORD105147,2024-02-01,CUST1558,Allison Love,West,Mechanical Keyboard,Electronics,26.92,1.0,5.0,Credit Card,Online,26.92,25.57
ORD100668,2025-06-13,CUST1788,Ashley Olson,North,Cycling Helmet,Sports & Outdoors,240.85,1.0,0.0,Credit Card,In-Store,240.85,240.85
ORD101711,2024-05-07,CUST1342,Douglas Hartman,West,Wireless Mouse,Electronics,430.37,2.0,0.0,Debit Card,Online,860.74,860.74
ORD101204,2025-10-14,CUST1229,Laura Moreno,East,Rice Cooker,Home & Kitchen,115.83,4.0,0.0,UPI,In-Store,463.32,463.32
ORD105393,2024-12-28,CUST1224,Mitchell Jackson,South,Running Shoes,Apparel,32.08,5.0,10.0,PayPal,Online,160.4,144.36
ORD102887,2024-05-14,CUST1035,Kim Brown,West,Ergonomic Chair,Office Supplies,210.81,3.0,0.0,UPI,In-Store,632.43,632.43
ORD104768,2025-01-11,CUST1884,Ronnie Roberts,North,Noise Cancelling Headphones,Electronics,368.79,1.0,0.0,Debit Card,Online,368.79,368.79
ORD100882,2025-10-12,CUST1447,Rachel Lane,West,Noise Cancelling Headphones,Electronics,229.69,2.0,0.0,Credit Card,Mobile App,459.38,459.38
ORD101284,2025-12-16,CUST1508,Maureen Hernandez,East,USB-C Hub,Electronics,339.65,4.0,0.0,Cash on Delivery,Mobile App,1358.6,1358.6
ORD105608,2024-01-24,CUST1342,Douglas Hartman,North,Standing Desk,Office Supplies,244.55,1.0,0.0,Credit Card,Online,244.55,244.55
ORD103841,2025-10-29,CUST1333,Emily Rodriguez,North,Dumbbell Set,Sports & Outdoors,28.24,1.0,0.0,UPI,Online,28.24,28.24
ORD105097,2025-05-21,CUST1164,Cindy Hayes,South,Cotton T-Shirt,Apparel,91.28,1.0,0.0,Debit Card,In-Store,91.28,91.28
ORD105966,2025-10-07,CUST1395,Kimberly Hernandez,South,Yoga Mat,Sports & Outdoors,27.94,1.0,0.0,Debit Card,Online,27.94,27.94
ORD104282,2025-12-09,CUST1531,Leah Barton,West,Smartwatch,Electronics,360.8,1.0,0.0,PayPal,Mobile App,360.8,360.8
ORD101846,2024-04-20,CUST1176,Michael Watkins,West,Wireless Mouse,Electronics,137.63,4.0,0.0,Cash on Delivery,Online,550.52,550.52
ORD101608,2024-05-09,CUST1709,Harold Garrett,Central,Portable SSD 1TB,Electronics,383.65,2.0,5.0,Credit Card,Online,767.3,728.94
ORD105482,2024-01-11,CUST1254,William Becker,Central,Toaster,Home & Kitchen,187.9,5.0,0.0,Credit Card,In-Store,939.5,939.5
ORD103365,2024-06-10,CUST1102,Joseph Hayes,East,Camping Tent,Sports & Outdoors,278.81,2.0,15.0,Cash on Delivery,Mobile App,557.62,473.98
ORD105618,2024-08-20,CUST1113,Shannon Rivera,North,Notebook Pack,Office Supplies,215.46,5.0,10.0,PayPal,Mobile App,1077.3,969.57
ORD104569,2025-05-23,CUST1781,Kevin Garrett,North,Cotton T-Shirt,Apparel,51.34,3.0,20.0,Credit Card,Mobile App,154.02,123.22
ORD104965,2024-10-03,CUST1656,Diane Martinez,East,Cotton T-Shirt,Apparel,44.92,1.0,15.0,PayPal,Mobile App,44.92,38.18
ORD103825,2024-03-14,CUST1291,Kimberly Brown,West,Non-stick Pan Set,Home & Kitchen,212.08,1.0,0.0,PayPal,In-Store,212.08,212.08
ORD102045,2025-05-12,CUST1278,David Lopez,West,Coffee Maker,Home & Kitchen,184.57,2.0,0.0,UPI,Online,369.14,369.14
ORD104849,2025-01-09,CUST1152,Michael Stephens,North,Denim Jacket,Apparel,43.5,1.0,0.0,Cash on Delivery,Mobile App,43.5,43.5
ORD101323,2024-09-15,CUST1232,Benjamin Thompson,South,Camping Tent,Sports & Outdoors,198.93,1.0,15.0,UPI,Mobile App,198.93,169.09
ORD102732,2025-06-28,CUST1666,Ashley Freeman,West,Electric Kettle,Home & Kitchen,30.46,2.0,0.0,Credit Card,Online,60.92,60.92
ORD105001,2024-09-25,CUST1031,Tammy Allison,West,Camping Tent,Sports & Outdoors,33.65,1.0,20.0,Credit Card,In-Store,33.65,26.92
ORD100923,2024-07-12,CUST1432,Joseph Moody,West,Rice Cooker,Home & Kitchen,74.52,1.0,0.0,Cash on Delivery,In-Store,74.52,74.52
ORD101003,2025-12-24,CUST1302,Megan Floyd,North,Power Bank,Electronics,206.26,1.0,15.0,Credit Card,In-Store,206.26,175.32
ORD102487,2025-08-01,CUST1112,Robert Costa,Central,Water Bottle,Sports & Outdoors,102.38,1.0,10.0,Debit Card,Mobile App,102.38,92.14
ORD102182,2024-06-08,CUST1566,Patrick Swanson,Central,Camping Tent,Sports & Outdoors,86.25,4.0,0.0,Debit Card,In-Store,345.0,345.0
ORD102002,2025-10-08,CUST1656,Diane Martinez,Central,Smartwatch,Electronics,305.4,5.0,5.0,Credit Card,In-Store,1527.0,1450.65
ORD104539,2024-02-06,CUST1301,Sheryl Buck,North,Power Bank,Electronics,261.58,1.0,0.0,UPI,Online,261.58,261.58
ORD100951,2024-12-29,CUST1043,Michelle Harris,West,Vacuum Cleaner,Home & Kitchen,26.82,2.0,15.0,UPI,Mobile App,53.64,45.59
ORD100225,2025-04-19,CUST1456,Jeremiah Baker,South,Dumbbell Set,Sports & Outdoors,42.51,1.0,0.0,Cash on Delivery,Mobile App,42.51,42.51
ORD100790,2025-02-05,CUST1877,Tina Daugherty,Central,Camping Tent,Sports & Outdoors,213.72,1.0,0.0,Debit Card,Online,213.72,213.72
ORD105193,2024-12-09,CUST1729,Kevin Marquez,Central,Portable SSD 1TB,Electronics,401.92,1.0,0.0,Debit Card,Online,401.92,401.92
ORD104494,2024-10-05,CUST1545,Maria Fischer,South,Notebook Pack,Office Supplies,339.83,1.0,0.0,Credit Card,Mobile App,339.83,339.83
ORD105660,2024-04-19,CUST1431,William Moreno,Central,Cycling Helmet,Sports & Outdoors,227.62,2.0,0.0,UPI,In-Store,455.24,455.24
ORD104474,2025-07-28,CUST1635,Patrick Green,West,Coffee Maker,Home & Kitchen,125.55,4.0,0.0,Cash on Delivery,Online,502.2,502.2
ORD105483,2024-10-09,CUST1667,Michael Howard,North,Toaster,Home & Kitchen,153.52,3.0,0.0,Credit Card,Online,460.56,460.56
ORD104392,2024-03-02,CUST1258,Ronald Patel,Central,Power Bank,Electronics,324.55,1.0,0.0,UPI,In-Store,324.55,324.55
ORD105817,2025-04-21,CUST1562,Preston Kim,East,Wireless Mouse,Electronics,31.38,5.0,0.0,Unknown,Mobile App,156.9,156.9
ORD102896,2025-09-26,CUST1763,Amber Johnson,North,Non-stick Pan Set,Home & Kitchen,185.56,1.0,10.0,UPI,Online,185.56,167.0
ORD101699,2025-11-02,CUST1345,David Moore,Central,Notebook Pack,Office Supplies,147.71,1.0,0.0,UPI,Online,147.71,147.71
ORD103654,2025-09-06,CUST1181,Brian Smith,South,Mechanical Keyboard,Electronics,63.41,1.0,10.0,Cash on Delivery,Online,63.41,57.07
ORD100529,2024-01-01,CUST1152,Michael Stephens,North,Power Bank,Electronics,334.21,3.0,5.0,UPI,In-Store,1002.63,952.5
ORD101411,2024-10-02,CUST1422,Richard Walker,East,Vacuum Cleaner,Home & Kitchen,126.01,1.0,0.0,PayPal,In-Store,126.01,126.01
ORD100120,2025-10-05,CUST1181,Brian Smith,West,27in Monitor,Electronics,98.74,1.0,20.0,Cash on Delivery,Mobile App,98.74,78.99
ORD105671,2024-06-23,CUST1669,Denise Guerra,East,Standing Desk,Office Supplies,172.38,1.0,10.0,PayPal,Mobile App,172.38,155.14
ORD103448,2024-09-18,CUST1769,John Bell,Central,Toaster,Home & Kitchen,214.19,1.0,5.0,Credit Card,In-Store,214.19,203.48
ORD100701,2025-08-05,CUST1113,Shannon Rivera,Central,Power Bank,Electronics,113.86,1.0,15.0,Debit Card,Mobile App,113.86,96.78
ORD104246,2025-04-30,CUST1216,Ashley Perkins,North,Toaster,Home & Kitchen,44.52,4.0,0.0,Debit Card,Mobile App,178.08,178.08
ORD100851,2024-07-01,CUST1044,Sandra Williams,North,Webcam HD,Electronics,176.86,2.0,5.0,PayPal,Mobile App,353.72,336.03
ORD100622,2025-12-12,CUST1755,Paula Gentry,West,Yoga Pants,Apparel,21.97,1.0,0.0,Credit Card,Mobile App,21.97,21.97
ORD100045,2025-11-05,CUST1784,Katelyn Kim,Central,Dumbbell Set,Sports & Outdoors,141.62,3.0,10.0,PayPal,In-Store,424.86,382.37
ORD102091,2024-06-06,CUST1261,Patricia James,South,Notebook Pack,Office Supplies,242.32,1.0,0.0,PayPal,In-Store,242.32,242.32
ORD101309,2025-11-30,CUST1615,Kathy Morgan,South,Toaster,Home & Kitchen,187.64,2.0,10.0,UPI,Online,375.28,337.75
ORD101370,2024-09-27,CUST1116,Peter Garrett,Central,Denim Jacket,Apparel,112.8,2.0,0.0,PayPal,Online,225.6,225.6
ORD104414,2024-12-19,CUST1570,Cynthia Mitchell,West,Noise Cancelling Headphones,Electronics,191.26,2.0,0.0,Debit Card,Online,382.52,382.52
ORD104976,2024-05-22,CUST1260,Paula Lane,Central,Portable SSD 1TB,Electronics,209.76,2.0,15.0,PayPal,Mobile App,419.52,356.59
ORD100636,2025-05-21,CUST1446,Stacey Snyder,South,Wireless Mouse,Electronics,122.69,1.0,0.0,PayPal,Mobile App,122.69,122.69
ORD101162,2024-04-01,CUST1864,Dorothy Brown,West,Yoga Pants,Apparel,83.07,2.0,0.0,Cash on Delivery,Mobile App,166.14,166.14
ORD104078,2025-05-11,CUST1539,Mary Butler,West,Cotton T-Shirt,Apparel,99.59,1.0,20.0,PayPal,Mobile App,99.59,79.67
ORD103400,2025-01-11,CUST1369,Scott Miller,West,27in Monitor,Electronics,316.21,1.0,0.0,Cash on Delivery,Mobile App,316.21,316.21
ORD102777,2025-02-20,CUST1157,Richard Young,North,Portable SSD 1TB,Electronics,283.31,1.0,0.0,Cash on Delivery,Mobile App,283.31,283.31
ORD105048,2025-05-27,CUST1132,James Thomas,East,Dumbbell Set,Sports & Outdoors,175.78,1.0,0.0,Credit Card,Online,175.78,175.78
ORD104174,2025-05-08,CUST1115,April Booth,Central,Notebook Pack,Office Supplies,143.19,2.0,10.0,Cash on Delivery,Mobile App,286.38,257.74
ORD102540,2024-04-27,CUST1401,Laura Jones,Central,Standing Desk,Office Supplies,205.93,1.0,0.0,Debit Card,Online,205.93,205.93
ORD105536,2024-08-16,CUST1080,Cynthia Wells,East,Wireless Mouse,Electronics,386.04,1.0,0.0,UPI,In-Store,386.04,386.04
ORD100630,2025-12-31,CUST1407,John Campbell,Central,Rice Cooker,Home & Kitchen,37.15,1.0,5.0,UPI,Mobile App,37.15,35.29
ORD101640,2024-01-14,CUST1583,Michael Boyd,South,Bluetooth Speaker,Electronics,189.87,1.0,15.0,UPI,Mobile App,189.87,161.39
ORD102727,2024-02-17,CUST1308,Autumn Key,West,Notebook Pack,Office Supplies,126.79,3.0,5.0,Cash on Delivery,In-Store,380.37,361.35
ORD105712,2025-03-31,CUST1266,Courtney Dudley,South,Electric Kettle,Home & Kitchen,150.38,1.0,0.0,Credit Card,Online,150.38,150.38
ORD103199,2025-12-28,CUST1824,Judy Gregory,Central,Electric Kettle,Home & Kitchen,151.41,1.0,5.0,Cash on Delivery,In-Store,151.41,143.84
ORD104049,2025-01-14,CUST1338,Richard Ward,West,Toaster,Home & Kitchen,74.28,2.0,0.0,PayPal,In-Store,148.56,148.56
ORD102553,2024-03-11,CUST1709,Harold Garrett,North,Denim Jacket,Apparel,55.48,1.0,0.0,UPI,Mobile App,55.48,55.48
ORD103545,2025-07-31,CUST1885,Justin Ford,South,Wireless Mouse,Electronics,132.31,1.0,15.0,Cash on Delivery,Online,132.31,112.46
ORD102115,2025-07-06,CUST1802,Marissa Nelson,West,Power Bank,Electronics,299.99,2.0,10.0,Credit Card,Mobile App,599.98,539.98
ORD104619,2024-01-09,CUST1402,Carol Moore,North,Rice Cooker,Home & Kitchen,94.13,1.0,0.0,PayPal,Mobile App,94.13,94.13
ORD105682,2024-06-21,CUST1806,Manuel Brown,East,Webcam HD,Electronics,318.16,1.0,10.0,Debit Card,In-Store,318.16,286.34
ORD102479,2025-06-30,CUST1316,Ryan Hall,South,Non-stick Pan Set,Home & Kitchen,100.26,1.0,0.0,PayPal,In-Store,100.26,100.26
ORD101021,2025-01-16,CUST1508,Maureen Hernandez,South,Webcam HD,Electronics,410.76,2.0,10.0,Credit Card,In-Store,821.52,739.37
ORD101218,2024-06-22,CUST1604,Justin Webb,East,Running Shoes,Apparel,52.24,5.0,0.0,PayPal,Online,261.2,261.2
ORD104258,2024-12-03,CUST1820,Heather Miller,North,Blender,Home & Kitchen,93.94,1.0,15.0,UPI,Online,93.94,79.85
ORD101942,2024-01-07,CUST1253,Chloe Tran,South,Cycling Helmet,Sports & Outdoors,76.85,4.0,0.0,Debit Card,In-Store,307.4,307.4
ORD105735,2024-01-16,CUST1292,Randy Cannon,West,Non-stick Pan Set,Home & Kitchen,171.5,4.0,0.0,Unknown,Online,686.0,686.0
ORD102872,2025-10-31,CUST1394,Lori Mason,South,Ergonomic Chair,Office Supplies,337.46,1.0,0.0,Unknown,In-Store,337.46,337.46
ORD101652,2025-06-21,CUST1069,Jeremiah Reeves,West,USB-C Hub,Electronics,67.06,3.0,0.0,Cash on Delivery,Mobile App,201.18,201.18
ORD100711,2024-10-03,CUST1012,Kimberly Burgess,North,Air Fryer,Home & Kitchen,110.82,1.0,5.0,Debit Card,Mobile App,110.82,105.28
ORD105361,2025-01-31,CUST1211,Riley Bryant,Central,Coffee Maker,Home & Kitchen,85.94,1.0,0.0,UPI,In-Store,85.94,85.94
ORD104426,2025-08-18,CUST1405,Courtney Wright,Central,Air Fryer,Home & Kitchen,84.31,2.0,0.0,PayPal,In-Store,168.62,168.62
ORD104221,2025-06-19,CUST1617,Tonya Ellis,Central,Camping Tent,Sports & Outdoors,226.99,1.0,10.0,PayPal,In-Store,226.99,204.29
ORD103302,2024-05-12,CUST1090,Robert Peterson,North,Portable SSD 1TB,Electronics,163.83,1.0,0.0,Debit Card,In-Store,163.83,163.83
ORD100725,2025-01-21,CUST1313,Kelly Sanchez,South,27in Monitor,Electronics,405.33,1.0,0.0,PayPal,In-Store,405.33,405.33
ORD101159,2025-02-12,CUST1884,Ronnie Roberts,Central,Ergonomic Chair,Office Supplies,128.08,3.0,0.0,UPI,Mobile App,384.24,384.24
ORD101744,2025-03-06,CUST1729,Kevin Marquez,South,Power Bank,Electronics,357.32,1.0,0.0,Debit Card,Online,357.32,357.32
ORD101273,2024-11-07,CUST1159,Jodi Walker,South,Wool Sweater,Apparel,87.22,5.0,10.0,Cash on Delivery,Online,436.1,392.49
ORD104151,2024-09-08,CUST1611,Lisa Craig,West,Webcam HD,Electronics,26.48,1.0,0.0,Debit Card,In-Store,26.48,26.48
ORD105646,2024-09-04,CUST1847,Cindy Wells,West,Coffee Maker,Home & Kitchen,128.08,1.0,5.0,PayPal,Online,128.08,121.68
ORD103275,2024-07-13,CUST1634,Brett Martin,Central,Notebook Pack,Office Supplies,250.98,1.0,5.0,PayPal,Mobile App,250.98,238.43
ORD104685,2025-04-23,CUST1392,Ryan Fisher,East,Bluetooth Speaker,Electronics,163.93,3.0,0.0,UPI,In-Store,491.79,491.79
ORD103455,2025-05-01,CUST1786,Robert Cruz,West,Desk Lamp,Office Supplies,50.93,1.0,5.0,Debit Card,Mobile App,50.93,48.38
ORD102823,2025-05-22,CUST1572,Caroline Edwards,West,Standing Desk,Office Supplies,92.0,5.0,5.0,Credit Card,In-Store,460.0,437.0
ORD100627,2025-04-09,CUST1791,Jose Harrison,West,Camping Tent,Sports & Outdoors,284.81,1.0,15.0,UPI,Online,284.81,242.09
ORD105824,2025-05-09,CUST1387,Tamara Jensen,Central,Electric Kettle,Home & Kitchen,214.56,2.0,15.0,UPI,Mobile App,429.12,364.75
ORD103473,2024-08-03,CUST1661,Vickie Kennedy,Central,Notebook Pack,Office Supplies,270.18,1.0,0.0,UPI,In-Store,270.18,270.18
ORD105848,2024-08-05,CUST1288,Daniel Aguilar,South,Air Fryer,Home & Kitchen,153.63,4.0,5.0,PayPal,Online,614.52,583.79
ORD102870,2024-11-17,CUST1834,Michelle Salazar,South,Smartwatch,Electronics,201.79,2.0,0.0,Credit Card,Online,403.58,403.58
ORD100306,2025-04-01,CUST1467,Amanda Preston,North,27in Monitor,Electronics,396.95,1.0,0.0,PayPal,In-Store,396.95,396.95
ORD104482,2024-02-27,CUST1415,Samuel Howe,South,Power Bank,Electronics,221.99,2.0,0.0,Cash on Delivery,Online,443.98,443.98
ORD104939,2025-08-24,CUST1121,Richard Adams,South,Webcam HD,Electronics,306.67,3.0,5.0,Credit Card,Mobile App,920.01,874.01
ORD105241,2025-08-15,CUST1154,Gavin Zhang,East,Running Shoes,Apparel,56.79,5.0,0.0,Unknown,Online,283.95,283.95
ORD101388,2025-12-13,CUST1782,Christopher Taylor,West,Running Shoes,Apparel,65.51,1.0,0.0,Cash on Delivery,Online,65.51,65.51
ORD102501,2024-09-30,CUST1203,Douglas Reyes,South,Blender,Home & Kitchen,53.16,4.0,0.0,Credit Card,Online,212.64,212.64
ORD101485,2024-02-10,CUST1341,Ernest Oconnell,East,Cycling Helmet,Sports & Outdoors,151.46,1.0,5.0,Credit Card,In-Store,151.46,143.89
ORD104614,2024-10-20,CUST1430,Devin Johnson,East,Wireless Mouse,Electronics,118.25,2.0,20.0,PayPal,Mobile App,236.5,189.2
ORD103210,2025-04-21,CUST1578,Donna Marshall,Central,Standing Desk,Office Supplies,330.16,2.0,5.0,PayPal,In-Store,660.32,627.3
ORD104255,2024-08-16,CUST1330,Jennifer Ayala,South,Smartwatch,Electronics,108.49,1.0,20.0,Debit Card,Online,108.49,86.79
ORD103570,2024-12-24,CUST1486,Sarah Pittman,South,Smartwatch,Electronics,192.73,1.0,0.0,UPI,Online,192.73,192.73
ORD104559,2025-02-09,CUST1750,Julia Olsen,Central,Desk Lamp,Office Supplies,219.43,1.0,0.0,Cash on Delivery,In-Store,219.43,219.43
ORD105069,2025-09-05,CUST1764,Michael Vance,East,Standing Desk,Office Supplies,10.67,5.0,5.0,Cash on Delivery,In-Store,53.35,50.68
ORD101853,2025-04-10,CUST1485,Micheal Parks,Central,Yoga Mat,Sports & Outdoors,176.01,2.0,10.0,Debit Card,In-Store,352.02,316.82
ORD103348,2025-11-06,CUST1082,Alexander Collins,West,Notebook Pack,Office Supplies,53.29,2.0,0.0,Debit Card,Online,106.58,106.58
ORD101768,2024-07-12,CUST1198,Ralph Lee,North,Wireless Mouse,Electronics,172.83,1.0,0.0,Credit Card,In-Store,172.83,172.83
ORD105616,2025-09-03,CUST1486,Sarah Pittman,South,Yoga Pants,Apparel,58.2,4.0,5.0,Cash on Delivery,Online,232.8,221.16
ORD102597,2025-04-08,CUST1108,Tammy Gonzales,Central,27in Monitor,Electronics,444.01,1.0,0.0,UPI,In-Store,444.01,444.01
ORD102564,2024-07-26,CUST1332,Michelle Miller,West,Blender,Home & Kitchen,168.35,1.0,0.0,Cash on Delivery,Online,168.35,168.35
ORD100099,2024-01-22,CUST1657,Johnny Peterson,North,Mechanical Keyboard,Electronics,428.33,3.0,5.0,PayPal,Online,1284.99,1220.74
ORD103141,2024-07-05,CUST1488,Henry Garner,West,USB-C Hub,Electronics,178.24,4.0,0.0,Credit Card,Online,712.96,712.96
ORD100922,2024-06-03,CUST1362,Melissa Brewer,South,Portable SSD 1TB,Electronics,306.3,1.0,0.0,Unknown,Mobile App,306.3,306.3
ORD104461,2024-04-12,CUST1044,Sandra Williams,South,Power Bank,Electronics,79.34,3.0,5.0,PayPal,In-Store,238.02,226.12
ORD103154,2025-07-26,CUST1004,Gabrielle Davis,North,Non-stick Pan Set,Home & Kitchen,115.28,1.0,5.0,Cash on Delivery,In-Store,115.28,109.52
ORD101794,2024-05-09,CUST1386,Alejandra Santos,South,Dumbbell Set,Sports & Outdoors,247.73,1.0,0.0,PayPal,Mobile App,247.73,247.73
ORD101890,2024-10-10,CUST1409,Dr. Morgan Payne PhD,West,Notebook Pack,Office Supplies,65.63,1.0,5.0,Credit Card,Online,65.63,62.35
ORD104205,2024-11-28,CUST1873,Michael Wells,East,Wool Sweater,Apparel,104.28,4.0,0.0,PayPal,Online,417.12,417.12
ORD103071,2024-04-20,CUST1840,Leslie Nguyen,Central,USB-C Hub,Electronics,200.18,1.0,10.0,Credit Card,Online,200.18,180.16
ORD101243,2024-07-11,CUST1843,James Ellis,South,Cotton T-Shirt,Apparel,115.45,1.0,10.0,Cash on Delivery,Mobile App,115.45,103.9
ORD100538,2024-06-26,CUST1782,Christopher Taylor,Central,Power Bank,Electronics,257.0,1.0,0.0,Credit Card,In-Store,257.0,257.0
ORD103360,2024-11-23,CUST1833,Devin Cole,West,Webcam HD,Electronics,271.67,1.0,0.0,UPI,In-Store,271.67,271.67
ORD104663,2024-07-19,CUST1316,Ryan Hall,West,Camping Tent,Sports & Outdoors,153.34,4.0,0.0,Debit Card,Mobile App,613.36,613.36
ORD102069,2025-11-19,CUST1622,Derek Perez,East,Webcam HD,Electronics,235.22,1.0,0.0,PayPal,Online,235.22,235.22
ORD100144,2025-03-10,CUST1273,Matthew Velez,Central,Blender,Home & Kitchen,119.24,1.0,10.0,Cash on Delivery,Online,119.24,107.32
ORD100372,2025-08-15,CUST1031,Tammy Allison,Central,Ergonomic Chair,Office Supplies,257.32,4.0,10.0,Cash on Delivery,Online,1029.28,926.35
ORD103709,2025-10-07,CUST1135,Brooke Alexander,South,Whiteboard,Office Supplies,245.27,4.0,0.0,PayPal,In-Store,981.08,981.08
ORD101385,2025-01-14,CUST1148,Elizabeth Ortiz,East,Desk Lamp,Office Supplies,140.76,5.0,0.0,Credit Card,In-Store,703.8,703.8
ORD102351,2024-08-13,CUST1028,Victoria Garcia,Central,Camping Tent,Sports & Outdoors,120.69,2.0,0.0,Cash on Delivery,Mobile App,241.38,241.38
ORD100819,2024-02-06,CUST1527,Brent Hopkins,Central,Wool Sweater,Apparel,37.83,1.0,10.0,Cash on Delivery,In-Store,37.83,34.05
ORD105575,2025-04-13,CUST1177,Eric Clark,West,Power Bank,Electronics,368.6,2.0,10.0,Debit Card,In-Store,737.2,663.48
ORD103379,2025-06-20,CUST1851,Melissa Russell,Central,Rice Cooker,Home & Kitchen,97.84,1.0,0.0,PayPal,Online,97.84,97.84
ORD102041,2025-07-04,CUST1102,Joseph Hayes,West,27in Monitor,Electronics,314.32,4.0,0.0,PayPal,Mobile App,1257.28,1257.28
ORD105409,2024-04-02,CUST1220,Matthew Mitchell,Central,Camping Tent,Sports & Outdoors,258.72,3.0,5.0,Cash on Delivery,In-Store,776.16,737.35
ORD105122,2025-06-24,CUST1431,William Moreno,South,Webcam HD,Electronics,214.91,2.0,0.0,Cash on Delivery,Mobile App,429.82,429.82
ORD105597,2025-05-20,CUST1388,Bryce Blair,East,Water Bottle,Sports & Outdoors,270.48,1.0,0.0,Credit Card,Online,270.48,270.48
ORD105783,2025-01-08,CUST1682,Erika Watson PhD,South,Wireless Mouse,Electronics,58.51,1.0,15.0,PayPal,Mobile App,58.51,49.73
ORD103726,2024-12-03,CUST1162,Donald Schultz,West,Running Shoes,Apparel,119.52,2.0,0.0,Debit Card,In-Store,239.04,239.04
ORD105130,2024-07-24,CUST1649,Adam Mills,North,Vacuum Cleaner,Home & Kitchen,206.46,4.0,0.0,Debit Card,In-Store,825.84,825.84
ORD105900,2024-07-22,CUST1139,Crystal Pham,North,Air Fryer,Home & Kitchen,206.87,1.0,0.0,UPI,In-Store,206.87,206.87
ORD100371,2024-05-23,CUST1861,Judith Miller,North,Non-stick Pan Set,Home & Kitchen,174.95,1.0,0.0,Debit Card,In-Store,174.95,174.95
ORD104725,2025-11-29,CUST1110,David Davis,West,USB-C Hub,Electronics,298.15,3.0,5.0,Cash on Delivery,Mobile App,894.45,849.73
ORD104359,2025-02-12,CUST1432,Joseph Moody,West,Coffee Maker,Home & Kitchen,160.92,1.0,0.0,PayPal,Mobile App,160.92,160.92
ORD100943,2025-08-02,CUST1130,Yolanda Francis,East,Whiteboard,Office Supplies,318.33,3.0,5.0,Credit Card,In-Store,954.99,907.24
ORD105929,2024-04-20,CUST1734,Toni Smith,North,Smartwatch,Electronics,86.51,1.0,20.0,Debit Card,In-Store,86.51,69.21
ORD103223,2024-07-11,CUST1616,Laura Benson,East,Rice Cooker,Home & Kitchen,204.35,1.0,15.0,PayPal,Online,204.35,173.7
ORD104967,2024-07-14,CUST1192,Helen Hardin,East,Wool Sweater,Apparel,79.39,1.0,15.0,UPI,Mobile App,79.39,67.48
ORD105209,2025-11-06,CUST1718,Phillip Salazar,South,Denim Jacket,Apparel,79.38,2.0,0.0,UPI,Mobile App,158.76,158.76
ORD105764,2025-12-23,CUST1318,Jennifer Smith,West,Coffee Maker,Home & Kitchen,198.71,1.0,10.0,Debit Card,Online,198.71,178.84
ORD105050,2024-01-07,CUST1167,Kristina Santiago,South,Non-stick Pan Set,Home & Kitchen,109.72,2.0,0.0,UPI,Online,219.44,219.44
ORD102840,2024-01-12,CUST1209,Luis Bullock,South,Yoga Pants,Apparel,47.78,2.0,10.0,Debit Card,Online,95.56,86.0
ORD101346,2025-11-18,CUST1659,Catherine Huang,East,Notebook Pack,Office Supplies,206.95,2.0,5.0,Cash on Delivery,In-Store,413.9,393.2
ORD102360,2025-12-28,CUST1538,Melissa Morris,North,Denim Jacket,Apparel,66.24,2.0,15.0,Cash on Delivery,Mobile App,132.48,112.61
ORD101755,2024-01-29,CUST1828,Robert Simmons,East,Noise Cancelling Headphones,Electronics,59.24,1.0,5.0,Cash on Delivery,Mobile App,59.24,56.28
ORD102394,2025-10-17,CUST1376,Jackie Clements,North,Power Bank,Electronics,401.9,2.0,5.0,Cash on Delivery,Mobile App,803.8,763.61
ORD103552,2024-11-23,CUST1331,Henry Pugh MD,West,USB-C Hub,Electronics,370.94,1.0,5.0,Credit Card,In-Store,370.94,352.39
ORD101707,2025-03-08,CUST1413,Jacqueline Villegas,Central,Cycling Helmet,Sports & Outdoors,82.17,2.0,0.0,UPI,Online,164.34,164.34
ORD102652,2024-07-29,CUST1747,Elizabeth Hunter,North,Rice Cooker,Home & Kitchen,192.57,1.0,15.0,Credit Card,Mobile App,192.57,163.68
ORD105556,2025-01-03,CUST1741,John Martinez,North,Non-stick Pan Set,Home & Kitchen,60.61,1.0,5.0,UPI,Online,60.61,57.58
ORD103023,2025-09-02,CUST1151,Teresa Ramirez,East,Denim Jacket,Apparel,30.25,1.0,0.0,UPI,Mobile App,30.25,30.25
ORD104986,2024-01-06,CUST1844,Andrew Carroll,West,Desk Lamp,Office Supplies,43.52,1.0,0.0,Cash on Delivery,Online,43.52,43.52
ORD104170,2024-01-31,CUST1546,William Jones,Central,Ergonomic Chair,Office Supplies,216.96,1.0,0.0,PayPal,Online,216.96,216.96
ORD100541,2025-09-02,CUST1625,Phillip Dixon,South,USB-C Hub,Electronics,296.93,2.0,5.0,UPI,Mobile App,593.86,564.17
ORD103958,2025-06-16,CUST1603,Donald Becker,North,Yoga Pants,Apparel,23.97,1.0,10.0,Credit Card,In-Store,23.97,21.57
ORD104295,2025-04-01,CUST1156,Brianna Anderson,East,Camping Tent,Sports & Outdoors,163.12,1.0,0.0,Credit Card,Online,163.12,163.12
ORD104166,2025-10-24,CUST1519,Danielle Reed,East,Mechanical Keyboard,Electronics,85.7,2.0,0.0,PayPal,Online,171.4,171.4
ORD105371,2025-01-26,CUST1790,Angela Schultz,West,Non-stick Pan Set,Home & Kitchen,96.68,1.0,5.0,Debit Card,Online,96.68,91.85
ORD104038,2024-07-13,CUST1491,Brittany Gay,Central,Wireless Mouse,Electronics,293.93,3.0,20.0,Credit Card,Online,881.79,705.43
ORD105246,2024-05-13,CUST1159,Jodi Walker,West,Whiteboard,Office Supplies,122.73,1.0,0.0,Debit Card,Online,122.73,122.73
ORD105401,2024-12-24,CUST1111,Pamela Thompson,East,Cotton T-Shirt,Apparel,100.29,3.0,10.0,Credit Card,In-Store,300.87,270.78
ORD100497,2025-06-30,CUST1776,Daniel Taylor,West,Wool Sweater,Apparel,79.71,1.0,5.0,UPI,Mobile App,79.71,75.72
ORD100145,2024-06-19,CUST1617,Tonya Ellis,South,Cotton T-Shirt,Apparel,25.77,1.0,10.0,PayPal,In-Store,25.77,23.19
ORD101355,2024-03-18,CUST1440,Marie Thompson,South,Air Fryer,Home & Kitchen,64.36,3.0,0.0,PayPal,Mobile App,193.08,193.08
ORD101201,2024-05-26,CUST1329,Haley Davis,West,Wool Sweater,Apparel,69.39,1.0,0.0,Debit Card,Online,69.39,69.39
ORD105724,2024-12-10,CUST1868,Caitlyn Nichols,East,USB-C Hub,Electronics,113.41,1.0,10.0,Cash on Delivery,Mobile App,113.41,102.07
ORD104365,2024-10-23,CUST1702,Christina Mills,South,Standing Desk,Office Supplies,77.09,1.0,0.0,Credit Card,Mobile App,77.09,77.09
ORD104905,2024-06-20,CUST1696,Christina Gilbert,East,27in Monitor,Electronics,117.59,2.0,5.0,Cash on Delivery,Mobile App,235.18,223.42
ORD104974,2024-03-27,CUST1543,Rebecca Horton,North,Toaster,Home & Kitchen,45.72,5.0,0.0,Cash on Delivery,Mobile App,228.6,228.6
ORD101327,2025-06-13,CUST1376,Jackie Clements,West,Non-stick Pan Set,Home & Kitchen,179.7,1.0,0.0,UPI,In-Store,179.7,179.7
ORD100116,2025-03-22,CUST1882,John Dillon,South,Yoga Pants,Apparel,73.67,2.0,10.0,Credit Card,In-Store,147.34,132.61
ORD104099,2025-12-07,CUST1629,Derrick Mullen,East,Denim Jacket,Apparel,83.47,1.0,5.0,PayPal,In-Store,83.47,79.3
ORD101456,2024-11-17,CUST1091,Jason Peters,North,Vacuum Cleaner,Home & Kitchen,33.43,1.0,15.0,Debit Card,Online,33.43,28.42
ORD102683,2025-10-17,CUST1436,Anthony Guzman,Central,Wireless Mouse,Electronics,217.06,2.0,0.0,PayPal,In-Store,434.12,434.12
ORD101912,2024-04-02,CUST1238,Michael Cooper,West,Denim Jacket,Apparel,39.26,3.0,0.0,PayPal,Online,117.78,117.78
ORD102922,2024-08-25,CUST1279,Margaret Sullivan,Central,Wireless Mouse,Electronics,407.56,1.0,0.0,Debit Card,In-Store,407.56,407.56
ORD104765,2024-12-11,CUST1199,Kimberly Rodgers,East,Ergonomic Chair,Office Supplies,248.26,2.0,0.0,UPI,In-Store,496.52,496.52
ORD105785,2025-11-03,CUST1268,Jennifer Reed,West,Yoga Pants,Apparel,55.22,1.0,10.0,UPI,In-Store,55.22,49.7
ORD102095,2024-02-10,CUST1764,Michael Vance,Central,Power Bank,Electronics,337.75,1.0,0.0,Credit Card,Mobile App,337.75,337.75
ORD102107,2024-08-29,CUST1430,Devin Johnson,East,Notebook Pack,Office Supplies,201.46,1.0,15.0,Debit Card,Online,201.46,171.24
ORD102486,2025-07-10,CUST1588,Karen Mendoza,West,Air Fryer,Home & Kitchen,208.02,1.0,0.0,Cash on Delivery,Online,208.02,208.02
ORD102606,2024-09-27,CUST1392,Ryan Fisher,East,Yoga Mat,Sports & Outdoors,186.03,1.0,0.0,Credit Card,Mobile App,186.03,186.03
ORD101357,2024-12-02,CUST1398,Mary Thompson,West,Camping Tent,Sports & Outdoors,165.82,2.0,5.0,Debit Card,Online,331.64,315.06
ORD101039,2025-01-12,CUST1336,Misty Hansen,North,Camping Tent,Sports & Outdoors,139.32,2.0,0.0,Cash on Delivery,Online,278.64,278.64
ORD100975,2024-11-10,CUST1856,Susan Cox,North,Dumbbell Set,Sports & Outdoors,199.17,1.0,0.0,PayPal,Online,199.17,199.17
ORD103106,2025-12-04,CUST1587,Jack Love,East,Coffee Maker,Home & Kitchen,45.76,1.0,0.0,Debit Card,Online,45.76,45.76
ORD102743,2025-06-14,CUST1343,Catherine Saunders MD,North,Yoga Mat,Sports & Outdoors,290.23,3.0,5.0,PayPal,Online,870.69,827.16
ORD103501,2024-07-04,CUST1488,Henry Garner,South,Yoga Pants,Apparel,28.62,1.0,0.0,PayPal,In-Store,28.62,28.62
ORD104348,2025-01-26,CUST1424,Carl Stein,North,Ergonomic Chair,Office Supplies,129.57,2.0,0.0,Credit Card,Mobile App,259.14,259.14
ORD104647,2025-02-25,CUST1841,Erika Garcia,North,Toaster,Home & Kitchen,139.55,2.0,10.0,Credit Card,Online,279.1,251.19
ORD102731,2024-06-18,CUST1329,Haley Davis,West,Toaster,Home & Kitchen,199.41,2.0,5.0,PayPal,Mobile App,398.82,378.88
ORD100428,2024-09-10,CUST1332,Michelle Miller,North,Air Fryer,Home & Kitchen,192.73,1.0,0.0,UPI,Online,192.73,192.73
ORD100524,2024-08-10,CUST1608,Lee Ramsey,West,Webcam HD,Electronics,132.06,1.0,5.0,Credit Card,Mobile App,132.06,125.46
ORD101459,2024-06-21,CUST1270,Melissa Taylor,East,27in Monitor,Electronics,215.18,4.0,5.0,PayPal,Online,860.72,817.68
ORD104871,2025-05-20,CUST1282,Melissa Brown,North,Standing Desk,Office Supplies,255.03,1.0,0.0,UPI,Mobile App,255.03,255.03
ORD100509,2024-05-19,CUST1673,Brent Hopkins,North,Camping Tent,Sports & Outdoors,50.67,1.0,0.0,UPI,In-Store,50.67,50.67
ORD101784,2025-07-03,CUST1408,Eddie Mueller,West,Vacuum Cleaner,Home & Kitchen,187.78,2.0,10.0,Credit Card,In-Store,375.56,338.0
ORD102507,2024-02-03,CUST1815,Gary Myers,West,Camping Tent,Sports & Outdoors,187.46,1.0,10.0,UPI,Mobile App,187.46,168.71
ORD105124,2025-03-06,CUST1588,Karen Mendoza,South,Yoga Pants,Apparel,81.67,2.0,0.0,PayPal,Mobile App,163.34,163.34
ORD101573,2025-06-02,CUST1226,Heidi Owen,South,Air Fryer,Home & Kitchen,134.24,3.0,0.0,Credit Card,In-Store,402.72,402.72
ORD105384,2025-12-09,CUST1494,Jeffrey Jordan,Central,Standing Desk,Office Supplies,113.74,2.0,0.0,Cash on Delivery,Mobile App,227.48,227.48
ORD103035,2025-09-12,CUST1757,Briana Wiggins,Central,Running Shoes,Apparel,27.73,1.0,0.0,Debit Card,In-Store,27.73,27.73
ORD101221,2024-05-15,CUST1416,Dillon Jones,West,Vacuum Cleaner,Home & Kitchen,159.37,1.0,10.0,PayPal,Mobile App,159.37,143.43
ORD103486,2025-05-28,CUST1310,Elizabeth Ward,South,Wireless Mouse,Electronics,146.3,2.0,0.0,UPI,In-Store,292.6,292.6
ORD103399,2025-06-06,CUST1718,Phillip Salazar,West,Power Bank,Electronics,429.35,1.0,0.0,Credit Card,In-Store,429.35,429.35
ORD102313,2024-03-07,CUST1351,Todd Thomas,North,Yoga Mat,Sports & Outdoors,201.48,5.0,0.0,UPI,Mobile App,1007.4,1007.4
ORD105039,2025-09-10,CUST1661,Vickie Kennedy,North,Wool Sweater,Apparel,79.04,3.0,0.0,Credit Card,Mobile App,237.12,237.12
ORD105591,2024-10-08,CUST1214,Rachel Romero,Central,Electric Kettle,Home & Kitchen,219.79,1.0,15.0,Cash on Delivery,In-Store,219.79,186.82
ORD103663,2024-04-16,CUST1087,Robert Medina,North,Wool Sweater,Apparel,115.89,3.0,0.0,Credit Card,Online,347.67,347.67
ORD103427,2025-09-21,CUST1174,Sophia Moore,North,Bluetooth Speaker,Electronics,75.12,1.0,0.0,PayPal,In-Store,75.12,75.12
ORD103111,2024-08-21,CUST1031,Tammy Allison,East,Whiteboard,Office Supplies,72.12,1.0,15.0,UPI,In-Store,72.12,61.3
ORD101542,2025-01-26,CUST1104,Brad Allen,South,Rice Cooker,Home & Kitchen,157.03,3.0,0.0,Debit Card,Online,471.09,471.09
ORD100875,2025-11-29,CUST1898,Brenda Perez,East,Non-stick Pan Set,Home & Kitchen,94.74,2.0,15.0,Credit Card,Mobile App,189.48,161.06
ORD103947,2024-08-27,CUST1271,David Garcia,South,Running Shoes,Apparel,49.28,1.0,0.0,Credit Card,In-Store,49.28,49.28
ORD104436,2024-08-02,CUST1621,Travis Vega,North,Power Bank,Electronics,219.44,3.0,0.0,Credit Card,Mobile App,658.32,658.32
ORD101155,2024-04-17,CUST1431,William Moreno,Central,Camping Tent,Sports & Outdoors,262.38,2.0,0.0,PayPal,Mobile App,524.76,524.76
ORD100590,2025-06-16,CUST1126,Evelyn Garcia,South,Desk Lamp,Office Supplies,154.19,2.0,0.0,PayPal,Mobile App,308.38,308.38
ORD102154,2025-02-15,CUST1019,Linda Burns,South,Rice Cooker,Home & Kitchen,27.33,1.0,0.0,Debit Card,Online,27.33,27.33
ORD101877,2025-07-27,CUST1163,Larry Garcia,North,27in Monitor,Electronics,171.39,1.0,5.0,Cash on Delivery,Mobile App,171.39,162.82
ORD104186,2025-08-24,CUST1724,Laura Herrera,Central,Yoga Pants,Apparel,27.0,3.0,0.0,Debit Card,Mobile App,81.0,81.0
ORD100354,2024-09-18,CUST1133,Bob Pitts,South,Cycling Helmet,Sports & Outdoors,46.37,1.0,0.0,UPI,Mobile App,46.37,46.37
ORD104358,2024-09-07,CUST1192,Helen Hardin,West,Bluetooth Speaker,Electronics,46.33,1.0,10.0,UPI,In-Store,46.33,41.7
ORD105624,2024-06-05,CUST1884,Ronnie Roberts,West,Desk Lamp,Office Supplies,18.02,1.0,0.0,Debit Card,In-Store,18.02,18.02
ORD101367,2024-11-20,CUST1805,Joseph Jennings,West,Yoga Pants,Apparel,91.22,1.0,10.0,Cash on Delivery,In-Store,91.22,82.1
ORD102826,2025-01-04,CUST1848,Danielle Murphy,East,Cotton T-Shirt,Apparel,110.61,3.0,5.0,UPI,In-Store,331.83,315.24
ORD100292,2025-11-07,CUST1747,Elizabeth Hunter,West,Bluetooth Speaker,Electronics,112.36,1.0,0.0,Debit Card,Online,112.36,112.36
ORD104636,2025-12-15,CUST1582,Heather Harrison,Central,Yoga Pants,Apparel,110.86,1.0,0.0,PayPal,Mobile App,110.86,110.86
ORD101299,2024-10-04,CUST1401,Laura Jones,East,Notebook Pack,Office Supplies,72.25,2.0,0.0,UPI,Mobile App,144.5,144.5
ORD101783,2025-05-31,CUST1821,Nathan Watkins,Central,Yoga Pants,Apparel,44.84,1.0,5.0,Credit Card,In-Store,44.84,42.6
ORD100393,2024-10-20,CUST1628,Jamie Garcia,Central,Mechanical Keyboard,Electronics,283.84,2.0,5.0,Cash on Delivery,Online,567.68,539.3
ORD103059,2025-02-09,CUST1306,Michael Morrison,East,Yoga Mat,Sports & Outdoors,41.01,1.0,0.0,Credit Card,In-Store,41.01,41.01
ORD101979,2025-06-01,CUST1300,Victoria Boyd,South,Vacuum Cleaner,Home & Kitchen,117.75,2.0,0.0,Cash on Delivery,In-Store,235.5,235.5
ORD100253,2024-09-03,CUST1506,Valerie Howard,Central,Noise Cancelling Headphones,Electronics,150.61,1.0,0.0,Cash on Delivery,Online,150.61,150.61
ORD103445,2025-06-30,CUST1638,Dustin Welch,East,Cycling Helmet,Sports & Outdoors,253.94,1.0,5.0,Debit Card,In-Store,253.94,241.24
ORD104375,2025-03-04,CUST1329,Haley Davis,North,Notebook Pack,Office Supplies,330.09,2.0,0.0,Debit Card,Online,660.18,660.18
ORD104218,2025-03-13,CUST1020,David Bradley,South,Air Fryer,Home & Kitchen,184.12,4.0,0.0,Cash on Delivery,Mobile App,736.48,736.48
ORD103694,2024-04-13,CUST1838,Dominique Hamilton,West,Dumbbell Set,Sports & Outdoors,258.75,5.0,10.0,Debit Card,Online,1293.75,1164.38
ORD102274,2024-01-08,CUST1357,Rebecca Herrera,North,USB-C Hub,Electronics,203.1,1.0,5.0,UPI,In-Store,203.1,192.94
ORD102641,2024-10-03,CUST1800,Joseph Graham,South,Portable SSD 1TB,Electronics,209.68,1.0,5.0,Debit Card,Mobile App,209.68,199.2
ORD103270,2024-10-07,CUST1127,Jennifer Pena,North,Denim Jacket,Apparel,71.95,2.0,0.0,PayPal,Mobile App,143.9,143.9
ORD103257,2025-01-30,CUST1220,Matthew Mitchell,Central,Non-stick Pan Set,Home & Kitchen,165.11,1.0,0.0,Credit Card,Online,165.11,165.11
ORD102562,2025-05-07,CUST1167,Kristina Santiago,South,Bluetooth Speaker,Electronics,284.6,5.0,0.0,PayPal,Mobile App,1423.0,1423.0
ORD101436,2024-04-28,CUST1767,Pamela Ruiz,Central,Standing Desk,Office Supplies,221.2,5.0,20.0,Cash on Delivery,Online,1106.0,884.8
ORD102997,2025-01-04,CUST1318,Jennifer Smith,South,Smartwatch,Electronics,226.61,3.0,0.0,PayPal,In-Store,679.83,679.83
ORD103749,2025-03-30,CUST1898,Brenda Perez,South,Toaster,Home & Kitchen,215.89,4.0,5.0,Debit Card,In-Store,863.56,820.38
ORD101211,2024-06-02,CUST1543,Rebecca Horton,West,USB-C Hub,Electronics,349.11,1.0,10.0,Credit Card,Online,349.11,314.2
ORD100870,2024-12-13,CUST1458,Joseph Camacho,West,Smartwatch,Electronics,244.43,2.0,10.0,Cash on Delivery,In-Store,488.86,439.97
ORD104428,2024-02-11,CUST1048,Stacey Russell,Central,Power Bank,Electronics,237.3,1.0,10.0,UPI,Online,237.3,213.57
ORD105915,2025-09-08,CUST1287,Stephanie Harris,South,Yoga Mat,Sports & Outdoors,86.45,4.0,0.0,UPI,Online,345.8,345.8
ORD103775,2024-03-10,CUST1752,Andre Terrell,North,Wireless Mouse,Electronics,234.36,2.0,20.0,Cash on Delivery,Mobile App,468.72,374.98
ORD104400,2024-05-19,CUST1557,Ronald Johns,South,Dumbbell Set,Sports & Outdoors,111.34,2.0,0.0,Debit Card,Online,222.68,222.68
ORD105463,2024-03-04,CUST1122,Mary Grimes,Central,Bluetooth Speaker,Electronics,93.6,3.0,5.0,PayPal,In-Store,280.8,266.76
ORD104521,2025-11-06,CUST1183,Eric Morgan,North,Webcam HD,Electronics,301.61,1.0,0.0,PayPal,In-Store,301.61,301.61
ORD102594,2025-12-11,CUST1762,Tony Brock,Central,Air Fryer,Home & Kitchen,219.36,1.0,10.0,Cash on Delivery,Online,219.36,197.42
ORD101279,2025-04-07,CUST1565,Andrew Armstrong,North,Non-stick Pan Set,Home & Kitchen,68.28,5.0,10.0,UPI,Online,341.4,307.26
ORD102458,2024-12-08,CUST1504,Lisa Haynes,West,Coffee Maker,Home & Kitchen,187.81,2.0,0.0,Cash on Delivery,In-Store,375.62,375.62
ORD100709,2025-03-18,CUST1308,Autumn Key,West,Coffee Maker,Home & Kitchen,176.53,1.0,5.0,Credit Card,Mobile App,176.53,167.7
ORD105451,2025-11-21,CUST1759,Stephen Garcia,East,Toaster,Home & Kitchen,120.87,1.0,15.0,Cash on Delivery,In-Store,120.87,102.74
ORD104326,2025-08-09,CUST1164,Cindy Hayes,North,Electric Kettle,Home & Kitchen,107.82,1.0,20.0,Cash on Delivery,Online,107.82,86.26
ORD104354,2025-05-29,CUST1848,Danielle Murphy,West,Denim Jacket,Apparel,98.81,2.0,0.0,UPI,Online,197.62,197.62
ORD103530,2024-05-07,CUST1485,Micheal Parks,West,Bluetooth Speaker,Electronics,151.73,2.0,0.0,Cash on Delivery,In-Store,303.46,303.46
ORD100745,2024-11-30,CUST1726,Cheryl Gonzales,North,Toaster,Home & Kitchen,191.15,1.0,0.0,Unknown,In-Store,191.15,191.15
ORD100455,2024-07-24,CUST1174,Sophia Moore,East,Yoga Mat,Sports & Outdoors,120.46,4.0,0.0,Cash on Delivery,In-Store,481.84,481.84
ORD103888,2024-01-26,CUST1651,Adam Brooks,South,Water Bottle,Sports & Outdoors,256.57,1.0,15.0,Debit Card,In-Store,256.57,218.08
ORD101602,2025-08-25,CUST1337,Derrick Adams,West,Desk Lamp,Office Supplies,321.44,1.0,20.0,Credit Card,In-Store,321.44,257.15
ORD105647,2025-04-10,CUST1328,Jasmine Mosley,Central,Air Fryer,Home & Kitchen,74.68,4.0,0.0,Debit Card,In-Store,298.72,298.72
ORD102397,2025-11-29,CUST1338,Richard Ward,Central,Bluetooth Speaker,Electronics,365.65,1.0,0.0,Cash on Delivery,In-Store,365.65,365.65
ORD100035,2025-07-03,CUST1695,Patricia Anderson,West,Coffee Maker,Home & Kitchen,213.38,1.0,20.0,Credit Card,Online,213.38,170.7
ORD104898,2025-08-17,CUST1481,Brian Brown,East,Camping Tent,Sports & Outdoors,254.73,1.0,0.0,Credit Card,Online,254.73,254.73
ORD104051,2025-05-09,CUST1858,Mrs. Ashley Mendoza,West,Ergonomic Chair,Office Supplies,288.24,3.0,5.0,Cash on Delivery,Mobile App,864.72,821.48
ORD103632,2025-06-20,CUST1535,Denise Stuart,South,Cotton T-Shirt,Apparel,32.14,5.0,5.0,Credit Card,In-Store,160.7,152.66
ORD100518,2024-06-06,CUST1609,Linda Bautista,North,Smartwatch,Electronics,391.36,1.0,15.0,UPI,In-Store,391.36,332.66
ORD101802,2024-11-10,CUST1264,Matthew Fox,South,Wireless Mouse,Electronics,249.86,2.0,0.0,Debit Card,In-Store,499.72,499.72
ORD102364,2025-08-23,CUST1696,Christina Gilbert,East,Non-stick Pan Set,Home & Kitchen,120.7,1.0,5.0,Credit Card,Online,120.7,114.66
ORD100028,2025-04-12,CUST1734,Toni Smith,South,Mechanical Keyboard,Electronics,340.53,1.0,0.0,Unknown,Mobile App,340.53,340.53
ORD101862,2025-10-02,CUST1402,Carol Moore,Central,Whiteboard,Office Supplies,327.32,3.0,5.0,Debit Card,In-Store,981.96,932.86
ORD103940,2025-03-19,CUST1199,Kimberly Rodgers,Central,Whiteboard,Office Supplies,272.27,4.0,0.0,Credit Card,Mobile App,1089.08,1089.08
ORD100316,2025-11-01,CUST1696,Christina Gilbert,West,Portable SSD 1TB,Electronics,79.38,1.0,15.0,PayPal,Online,79.38,67.47
ORD104701,2025-06-07,CUST1308,Autumn Key,South,Electric Kettle,Home & Kitchen,148.2,2.0,0.0,PayPal,In-Store,296.4,296.4
ORD104935,2025-04-08,CUST1876,Christie Fox,North,USB-C Hub,Electronics,117.52,1.0,0.0,Cash on Delivery,Mobile App,117.52,117.52
ORD102457,2025-06-23,CUST1651,Adam Brooks,West,Rice Cooker,Home & Kitchen,213.07,1.0,0.0,Debit Card,In-Store,213.07,213.07
ORD103903,2024-12-03,CUST1583,Michael Boyd,East,Webcam HD,Electronics,321.83,1.0,20.0,UPI,Mobile App,321.83,257.46
ORD102206,2024-08-15,CUST1683,Joshua Brooks,East,Running Shoes,Apparel,85.74,1.0,0.0,Cash on Delivery,Mobile App,85.74,85.74
ORD105080,2024-04-21,CUST1451,Colton Terry,North,Yoga Mat,Sports & Outdoors,66.83,1.0,10.0,Cash on Delivery,In-Store,66.83,60.15
ORD101345,2024-05-09,CUST1110,David Davis,Central,Blender,Home & Kitchen,27.36,1.0,20.0,Credit Card,In-Store,27.36,21.89
ORD102543,2024-10-02,CUST1069,Jeremiah Reeves,West,Webcam HD,Electronics,250.18,2.0,0.0,Debit Card,In-Store,500.36,500.36
ORD100431,2025-07-26,CUST1496,Michael Sims,North,Ergonomic Chair,Office Supplies,244.34,1.0,10.0,UPI,Online,244.34,219.91
ORD103691,2024-03-22,CUST1616,Laura Benson,North,Air Fryer,Home & Kitchen,36.63,1.0,0.0,Cash on Delivery,Online,36.63,36.63
ORD103116,2025-02-16,CUST1801,Joseph Blanchard,North,Power Bank,Electronics,156.9,3.0,0.0,UPI,In-Store,470.7,470.7
ORD102245,2025-02-08,CUST1324,Shannon Davis,West,USB-C Hub,Electronics,319.7,4.0,0.0,UPI,Online,1278.8,1278.8
ORD103095,2025-08-18,CUST1451,Colton Terry,North,Non-stick Pan Set,Home & Kitchen,195.47,5.0,10.0,UPI,Online,977.35,879.62
ORD104882,2024-03-30,CUST1591,Nathan Stanley,East,Coffee Maker,Home & Kitchen,36.99,2.0,0.0,UPI,In-Store,73.98,73.98
ORD101975,2024-10-27,CUST1169,John Boone,South,Standing Desk,Office Supplies,180.33,1.0,0.0,Unknown,Mobile App,180.33,180.33
ORD100242,2025-10-10,CUST1384,Karen Perez,South,Desk Lamp,Office Supplies,176.42,2.0,0.0,Credit Card,In-Store,352.84,352.84
ORD102236,2025-03-17,CUST1402,Carol Moore,North,Running Shoes,Apparel,100.53,3.0,0.0,Debit Card,In-Store,301.59,301.59
ORD102791,2024-01-28,CUST1535,Denise Stuart,West,Portable SSD 1TB,Electronics,50.19,1.0,10.0,Credit Card,In-Store,50.19,45.17
ORD105034,2024-01-30,CUST1266,Courtney Dudley,West,Standing Desk,Office Supplies,231.89,1.0,10.0,PayPal,Online,231.89,208.7
ORD104391,2025-09-23,CUST1717,Elizabeth Reese,North,Bluetooth Speaker,Electronics,163.24,2.0,10.0,Debit Card,Online,326.48,293.83
ORD103355,2024-08-05,CUST1467,Amanda Preston,East,Electric Kettle,Home & Kitchen,30.9,1.0,10.0,UPI,In-Store,30.9,27.81
ORD104125,2025-03-28,CUST1550,Joshua Davis,South,Smartwatch,Electronics,344.81,1.0,10.0,PayPal,In-Store,344.81,310.33
ORD103843,2025-11-06,CUST1183,Eric Morgan,South,Portable SSD 1TB,Electronics,146.97,3.0,0.0,UPI,In-Store,440.91,440.91
ORD100761,2025-05-07,CUST1278,David Lopez,Central,Electric Kettle,Home & Kitchen,80.62,2.0,15.0,PayPal,In-Store,161.24,137.05
ORD105119,2024-09-05,CUST1193,Rachel Holland,South,Yoga Mat,Sports & Outdoors,35.62,1.0,0.0,Credit Card,In-Store,35.62,35.62
ORD105338,2025-05-20,CUST1749,John Johnson,South,Cycling Helmet,Sports & Outdoors,142.04,5.0,10.0,Cash on Delivery,Online,710.2,639.18
ORD105688,2025-12-20,CUST1702,Christina Mills,North,Noise Cancelling Headphones,Electronics,185.63,1.0,15.0,PayPal,Mobile App,185.63,157.79
ORD101109,2025-04-30,CUST1333,Emily Rodriguez,West,Noise Cancelling Headphones,Electronics,358.97,3.0,20.0,UPI,Mobile App,1076.91,861.53
ORD103970,2024-07-09,CUST1515,Meghan White,East,Camping Tent,Sports & Outdoors,230.1,1.0,0.0,UPI,Mobile App,230.1,230.1
ORD103236,2025-03-17,CUST1704,Lisa Brown,South,Webcam HD,Electronics,194.68,5.0,5.0,Credit Card,Mobile App,973.4,924.73
ORD101725,2025-03-19,CUST1309,Jennifer Allen,South,Blender,Home & Kitchen,191.83,1.0,0.0,UPI,Online,191.83,191.83
ORD100300,2024-05-31,CUST1115,April Booth,East,Air Fryer,Home & Kitchen,177.31,2.0,0.0,Cash on Delivery,Online,354.62,354.62
ORD104613,2025-03-29,CUST1313,Kelly Sanchez,North,Portable SSD 1TB,Electronics,270.4,1.0,0.0,PayPal,Online,270.4,270.4
ORD104743,2025-01-31,CUST1000,Allison Hill,North,Electric Kettle,Home & Kitchen,219.7,1.0,20.0,UPI,In-Store,219.7,175.76
ORD102270,2024-01-17,CUST1294,Jenna Anderson DVM,Central,Power Bank,Electronics,332.46,1.0,10.0,PayPal,Online,332.46,299.21
ORD105449,2024-03-22,CUST1493,Abigail Hill,North,Yoga Mat,Sports & Outdoors,215.56,2.0,10.0,UPI,Online,431.12,388.01
ORD103934,2025-01-26,CUST1139,Crystal Pham,East,Desk Lamp,Office Supplies,231.59,5.0,10.0,PayPal,Mobile App,1157.95,1042.16
ORD100159,2024-12-19,CUST1751,Kristen Smith,South,Rice Cooker,Home & Kitchen,60.8,2.0,20.0,Debit Card,In-Store,121.6,97.28
ORD100054,2025-01-19,CUST1589,Andrew Berry,North,Denim Jacket,Apparel,116.3,1.0,5.0,Debit Card,Online,116.3,110.48
ORD102581,2024-03-21,CUST1038,Michael Evans,West,Yoga Mat,Sports & Outdoors,274.92,2.0,0.0,UPI,Mobile App,549.84,549.84
ORD101408,2024-10-26,CUST1661,Vickie Kennedy,West,Cotton T-Shirt,Apparel,47.85,2.0,0.0,Credit Card,Mobile App,95.7,95.7
ORD102890,2024-03-28,CUST1770,Bethany Garcia,South,27in Monitor,Electronics,311.66,2.0,0.0,PayPal,Online,623.32,623.32
ORD102812,2024-09-03,CUST1760,Dustin Patel,North,Bluetooth Speaker,Electronics,96.64,1.0,15.0,UPI,Online,96.64,82.14
ORD100463,2025-10-14,CUST1763,Amber Johnson,South,Bluetooth Speaker,Electronics,399.06,1.0,15.0,PayPal,Online,399.06,339.2
ORD103862,2024-03-07,CUST1583,Michael Boyd,North,Cycling Helmet,Sports & Outdoors,65.97,2.0,10.0,PayPal,In-Store,131.94,118.75
ORD105862,2025-01-06,CUST1820,Heather Miller,East,Portable SSD 1TB,Electronics,382.82,2.0,0.0,PayPal,Mobile App,765.64,765.64
ORD101490,2025-03-14,CUST1828,Robert Simmons,Central,Cotton T-Shirt,Apparel,57.23,4.0,15.0,PayPal,Mobile App,228.92,194.58
ORD103172,2025-06-05,CUST1398,Mary Thompson,West,Portable SSD 1TB,Electronics,26.17,1.0,0.0,PayPal,In-Store,26.17,26.17
ORD103933,2024-04-15,CUST1415,Samuel Howe,Central,27in Monitor,Electronics,285.77,1.0,5.0,Cash on Delivery,Online,285.77,271.48
ORD100779,2025-12-17,CUST1487,Robert Hines,North,Rice Cooker,Home & Kitchen,100.03,2.0,20.0,UPI,In-Store,200.06,160.05
ORD104485,2025-04-06,CUST1242,Matthew Le,East,Camping Tent,Sports & Outdoors,180.65,4.0,0.0,Credit Card,Mobile App,722.6,722.6
ORD103153,2024-12-17,CUST1809,Tammy Hill,South,Webcam HD,Electronics,430.35,2.0,15.0,UPI,Online,860.7,731.6
ORD103529,2025-02-05,CUST1594,James Rodriguez,North,Blender,Home & Kitchen,116.55,2.0,10.0,UPI,Mobile App,233.1,209.79
ORD102548,2025-09-24,CUST1685,William Lewis,Central,Coffee Maker,Home & Kitchen,133.1,1.0,0.0,Credit Card,Mobile App,133.1,133.1
ORD104067,2025-11-30,CUST1402,Carol Moore,West,Denim Jacket,Apparel,39.16,3.0,0.0,Credit Card,In-Store,117.48,117.48
ORD101306,2024-01-04,CUST1225,Heather Bolton,North,Noise Cancelling Headphones,Electronics,118.91,1.0,0.0,PayPal,In-Store,118.91,118.91
ORD101675,2025-04-09,CUST1275,Jennifer Simpson DVM,West,Portable SSD 1TB,Electronics,355.8,1.0,0.0,PayPal,Mobile App,355.8,355.8
ORD104422,2025-09-29,CUST1575,Stephen Jones,South,USB-C Hub,Electronics,66.93,1.0,0.0,UPI,In-Store,66.93,66.93
ORD102411,2024-07-03,CUST1374,Sandra Juarez,South,27in Monitor,Electronics,248.27,5.0,0.0,Debit Card,In-Store,1241.35,1241.35
ORD100090,2025-06-11,CUST1256,Andrew Reeves,West,Standing Desk,Office Supplies,216.4,1.0,5.0,Debit Card,Mobile App,216.4,205.58
ORD105693,2025-01-30,CUST1017,Deborah Mason,East,Whiteboard,Office Supplies,91.65,3.0,0.0,Debit Card,Mobile App,274.95,274.95
ORD101447,2024-08-09,CUST1645,Mark Anderson,South,Running Shoes,Apparel,97.28,1.0,0.0,UPI,In-Store,97.28,97.28
ORD100166,2025-09-23,CUST1166,Bradley Reynolds,South,Blender,Home & Kitchen,141.25,2.0,0.0,PayPal,Mobile App,282.5,282.5
ORD101739,2024-10-30,CUST1047,Rebecca Valencia,Central,Wireless Mouse,Electronics,117.13,2.0,0.0,Cash on Delivery,Mobile App,234.26,234.26
ORD102301,2025-01-29,CUST1804,Megan Kaiser,North,Portable SSD 1TB,Electronics,296.55,1.0,0.0,UPI,Online,296.55,296.55
ORD101607,2025-01-07,CUST1800,Joseph Graham,West,Coffee Maker,Home & Kitchen,114.5,5.0,5.0,Cash on Delivery,In-Store,572.5,543.88
ORD103751,2025-11-18,CUST1590,Christopher Nielsen,North,Noise Cancelling Headphones,Electronics,252.32,4.0,0.0,Cash on Delivery,Mobile App,1009.28,1009.28
ORD103956,2024-06-23,CUST1569,Danielle Gonzalez,West,Denim Jacket,Apparel,44.54,4.0,0.0,UPI,Online,178.16,178.16
ORD103978,2024-08-16,CUST1603,Donald Becker,South,Ergonomic Chair,Office Supplies,337.26,1.0,0.0,Cash on Delivery,Mobile App,337.26,337.26
ORD102538,2024-05-14,CUST1794,Richard King,Central,Water Bottle,Sports & Outdoors,173.33,5.0,5.0,UPI,Mobile App,866.65,823.32
ORD103076,2024-09-14,CUST1744,Lynn Vasquez,Central,Camping Tent,Sports & Outdoors,95.47,2.0,0.0,UPI,In-Store,190.94,190.94
ORD104075,2025-04-23,CUST1258,Ronald Patel,East,Wireless Mouse,Electronics,133.84,1.0,0.0,Debit Card,Online,133.84,133.84
ORD101829,2025-10-27,CUST1608,Lee Ramsey,Central,Dumbbell Set,Sports & Outdoors,152.01,1.0,0.0,Credit Card,In-Store,152.01,152.01
ORD102052,2024-10-06,CUST1677,Rebecca Brown,East,Portable SSD 1TB,Electronics,173.25,3.0,0.0,Cash on Delivery,Online,519.75,519.75
ORD101231,2024-11-16,CUST1307,Claire Clark,East,Notebook Pack,Office Supplies,163.27,2.0,10.0,Debit Card,Online,326.54,293.89
ORD103685,2025-11-12,CUST1378,Frank Campbell MD,South,Water Bottle,Sports & Outdoors,27.99,5.0,15.0,UPI,In-Store,139.95,118.96
ORD101879,2024-03-28,CUST1418,John Phelps,North,Yoga Mat,Sports & Outdoors,145.82,1.0,0.0,Debit Card,Mobile App,145.82,145.82
ORD103039,2025-05-17,CUST1313,Kelly Sanchez,East,Wool Sweater,Apparel,82.99,3.0,0.0,PayPal,Mobile App,248.97,248.97
ORD102327,2025-01-16,CUST1446,Stacey Snyder,West,Mechanical Keyboard,Electronics,246.57,2.0,15.0,Credit Card,Online,493.14,419.17
ORD105099,2025-09-15,CUST1223,Samantha Gardner,West,Vacuum Cleaner,Home & Kitchen,45.13,1.0,0.0,Debit Card,Online,45.13,45.13
ORD103312,2024-03-01,CUST1171,Christopher Park,West,Webcam HD,Electronics,202.32,1.0,0.0,Debit Card,Online,202.32,202.32
ORD100398,2025-01-21,CUST1256,Andrew Reeves,West,Cycling Helmet,Sports & Outdoors,287.53,4.0,5.0,Debit Card,In-Store,1150.12,1092.61
ORD105973,2025-09-26,CUST1152,Michael Stephens,West,Desk Lamp,Office Supplies,135.97,1.0,0.0,UPI,In-Store,135.97,135.97
ORD104958,2024-03-29,CUST1346,Karen Morales DDS,North,Running Shoes,Apparel,80.68,1.0,10.0,Cash on Delivery,Mobile App,80.68,72.61
ORD101272,2025-06-19,CUST1561,Mercedes Jones,Central,Bluetooth Speaker,Electronics,232.9,1.0,15.0,UPI,Online,232.9,197.96
ORD105364,2024-03-31,CUST1687,Kevin Hall,North,Desk Lamp,Office Supplies,68.75,1.0,10.0,PayPal,In-Store,68.75,61.88
ORD101627,2024-11-21,CUST1310,Elizabeth Ward,East,Webcam HD,Electronics,403.67,4.0,20.0,UPI,Mobile App,1614.68,1291.74
ORD104380,2025-03-30,CUST1660,Ray Ramos,West,Denim Jacket,Apparel,79.35,1.0,0.0,UPI,In-Store,79.35,79.35
ORD104807,2025-04-17,CUST1590,Christopher Nielsen,Central,Non-stick Pan Set,Home & Kitchen,192.79,1.0,0.0,PayPal,Mobile App,192.79,192.79
ORD103754,2025-03-23,CUST1376,Jackie Clements,North,Portable SSD 1TB,Electronics,412.85,2.0,0.0,UPI,In-Store,825.7,825.7
ORD104523,2025-04-18,CUST1435,Sara Cochran,East,Standing Desk,Office Supplies,14.88,1.0,10.0,Cash on Delivery,Online,14.88,13.39
ORD101409,2024-10-22,CUST1154,Gavin Zhang,South,Whiteboard,Office Supplies,237.17,2.0,0.0,Credit Card,In-Store,474.34,474.34
ORD103905,2024-08-10,CUST1316,Ryan Hall,South,27in Monitor,Electronics,69.54,1.0,0.0,Debit Card,Online,69.54,69.54
ORD101468,2024-03-15,CUST1583,Michael Boyd,West,Whiteboard,Office Supplies,346.22,4.0,0.0,Debit Card,Online,1384.88,1384.88
ORD101245,2024-05-31,CUST1080,Cynthia Wells,West,USB-C Hub,Electronics,150.84,1.0,0.0,UPI,Mobile App,150.84,150.84
ORD102519,2025-10-04,CUST1601,Adrienne Mills,Central,Webcam HD,Electronics,120.39,1.0,10.0,Debit Card,Online,120.39,108.35
ORD102919,2024-04-07,CUST1872,Theresa Reilly,Central,Dumbbell Set,Sports & Outdoors,289.16,1.0,0.0,Unknown,Online,289.16,289.16
ORD103646,2024-04-09,CUST1760,Dustin Patel,South,Yoga Mat,Sports & Outdoors,280.23,2.0,15.0,Credit Card,In-Store,560.46,476.39
ORD101684,2025-11-23,CUST1890,Brandy Martin,West,Portable SSD 1TB,Electronics,45.66,1.0,5.0,Cash on Delivery,In-Store,45.66,43.38
ORD100531,2024-02-26,CUST1698,Kirk Johnson,Central,Dumbbell Set,Sports & Outdoors,46.91,2.0,0.0,Credit Card,In-Store,93.82,93.82
ORD102555,2024-12-11,CUST1370,Heather Page,Central,Wool Sweater,Apparel,69.48,1.0,0.0,PayPal,Online,69.48,69.48
ORD104568,2024-03-24,CUST1728,Ashley Osborne,North,Toaster,Home & Kitchen,135.12,2.0,0.0,UPI,Mobile App,270.24,270.24
ORD105843,2024-07-06,CUST1155,Robin Hall,West,Power Bank,Electronics,241.58,1.0,15.0,Debit Card,Mobile App,241.58,205.34
ORD104529,2025-04-24,CUST1801,Joseph Blanchard,West,Denim Jacket,Apparel,69.72,3.0,10.0,UPI,In-Store,209.16,188.24
ORD102788,2024-03-19,CUST1657,Johnny Peterson,North,Standing Desk,Office Supplies,50.01,1.0,0.0,Credit Card,In-Store,50.01,50.01
ORD103915,2025-05-04,CUST1300,Victoria Boyd,North,USB-C Hub,Electronics,37.46,1.0,20.0,Debit Card,In-Store,37.46,29.97
ORD100874,2025-09-26,CUST1410,Makayla Steele,South,Yoga Mat,Sports & Outdoors,291.84,1.0,0.0,Debit Card,In-Store,291.84,291.84
ORD101070,2025-04-14,CUST1840,Leslie Nguyen,Central,Cycling Helmet,Sports & Outdoors,82.3,3.0,0.0,PayPal,In-Store,246.9,246.9
ORD101696,2024-07-24,CUST1798,Mark Clark,East,Wool Sweater,Apparel,111.92,3.0,0.0,PayPal,Online,335.76,335.76
ORD101713,2025-12-11,CUST1313,Kelly Sanchez,East,Wireless Mouse,Electronics,25.51,1.0,0.0,UPI,In-Store,25.51,25.51
ORD104657,2024-12-03,CUST1712,Lori Perez,South,Cycling Helmet,Sports & Outdoors,18.0,2.0,0.0,Cash on Delivery,Online,36.0,36.0
ORD100675,2024-10-18,CUST1239,Amy Martinez,West,Cycling Helmet,Sports & Outdoors,217.82,4.0,0.0,Cash on Delivery,Mobile App,871.28,871.28
ORD102472,2024-04-12,CUST1347,Robin Wheeler,East,Webcam HD,Electronics,152.05,3.0,0.0,PayPal,Mobile App,456.15,456.15
ORD100313,2025-11-28,CUST1413,Jacqueline Villegas,West,27in Monitor,Electronics,407.37,3.0,5.0,Credit Card,Mobile App,1222.11,1161.0
ORD105999,2025-05-08,CUST1694,George Alvarez,West,Vacuum Cleaner,Home & Kitchen,197.74,1.0,0.0,Debit Card,Online,197.74,197.74
ORD104751,2024-12-02,CUST1126,Evelyn Garcia,East,Yoga Pants,Apparel,51.94,1.0,20.0,Cash on Delivery,In-Store,51.94,41.55
ORD105348,2025-12-17,CUST1259,Veronica Silva,Central,Denim Jacket,Apparel,22.93,1.0,5.0,Cash on Delivery,In-Store,22.93,21.78
ORD105678,2025-07-26,CUST1770,Bethany Garcia,South,Ergonomic Chair,Office Supplies,245.85,2.0,0.0,Credit Card,Mobile App,491.7,491.7
ORD102558,2025-12-11,CUST1391,Jonathan Wheeler,Central,Electric Kettle,Home & Kitchen,115.58,1.0,5.0,Debit Card,In-Store,115.58,109.8
ORD100471,2025-04-06,CUST1402,Carol Moore,North,Desk Lamp,Office Supplies,40.75,2.0,0.0,UPI,Mobile App,81.5,81.5
ORD102344,2024-08-29,CUST1438,Patricia Mathis,East,Cotton T-Shirt,Apparel,50.54,3.0,0.0,Credit Card,Mobile App,151.62,151.62
ORD103431,2025-05-28,CUST1529,Ashley Carr,North,USB-C Hub,Electronics,27.84,1.0,5.0,PayPal,Online,27.84,26.45
ORD104641,2025-01-01,CUST1326,Amanda Mcfarland,East,Desk Lamp,Office Supplies,245.89,1.0,0.0,Cash on Delivery,In-Store,245.89,245.89
ORD105832,2025-02-24,CUST1375,Jason Hayes,Central,Denim Jacket,Apparel,97.13,2.0,0.0,Unknown,Mobile App,194.26,194.26
ORD101845,2024-03-21,CUST1187,Jeremy Turner,East,Noise Cancelling Headphones,Electronics,442.76,3.0,0.0,PayPal,Online,1328.28,1328.28
ORD105385,2024-06-12,CUST1436,Anthony Guzman,North,Toaster,Home & Kitchen,174.08,5.0,20.0,Cash on Delivery,Mobile App,870.4,696.32
ORD105149,2024-11-17,CUST1291,Kimberly Brown,Central,Rice Cooker,Home & Kitchen,90.73,1.0,5.0,PayPal,Mobile App,90.73,86.19
ORD100824,2025-11-29,CUST1563,Daniel Francis,North,Wool Sweater,Apparel,115.77,5.0,0.0,PayPal,In-Store,578.85,578.85
ORD102375,2024-02-01,CUST1685,William Lewis,Central,Webcam HD,Electronics,348.33,2.0,20.0,PayPal,Online,696.66,557.33
ORD103173,2024-08-13,CUST1775,Brian Cervantes,Central,Standing Desk,Office Supplies,345.16,4.0,0.0,Debit Card,In-Store,1380.64,1380.64
ORD103653,2025-12-09,CUST1406,Michael Williams,South,Webcam HD,Electronics,214.94,1.0,15.0,Debit Card,In-Store,214.94,182.7
ORD105386,2025-06-01,CUST1674,John Garcia,East,Cycling Helmet,Sports & Outdoors,144.93,2.0,20.0,PayPal,Mobile App,289.86,231.89
ORD105365,2025-02-21,CUST1693,Nicole Johnston,South,Cotton T-Shirt,Apparel,82.94,2.0,0.0,Credit Card,Mobile App,165.88,165.88
ORD103142,2024-09-09,CUST1795,Christopher Vargas,West,Wireless Mouse,Electronics,300.86,1.0,5.0,Cash on Delivery,Mobile App,300.86,285.82
ORD101799,2025-05-21,CUST1648,Gregory Fernandez,South,Yoga Mat,Sports & Outdoors,279.64,3.0,20.0,PayPal,Mobile App,838.92,671.14
ORD104648,2024-07-14,CUST1065,Colleen Brock,East,Rice Cooker,Home & Kitchen,78.25,2.0,0.0,UPI,Mobile App,156.5,156.5
ORD102226,2024-12-27,CUST1121,Richard Adams,East,Rice Cooker,Home & Kitchen,166.78,3.0,5.0,Cash on Delivery,Mobile App,500.34,475.32
ORD101495,2025-11-29,CUST1568,Tara Gamble,North,Bluetooth Speaker,Electronics,169.47,1.0,10.0,PayPal,In-Store,169.47,152.52
ORD100071,2024-01-27,CUST1330,Jennifer Ayala,Central,Rice Cooker,Home & Kitchen,107.55,2.0,5.0,Cash on Delivery,Mobile App,215.1,204.34
ORD102066,2025-08-30,CUST1385,Edwin Reyes,West,Camping Tent,Sports & Outdoors,104.78,3.0,5.0,PayPal,Online,314.34,298.62
ORD105339,2025-12-11,CUST1168,Michelle Schmitt,Central,Water Bottle,Sports & Outdoors,272.57,1.0,5.0,Cash on Delivery,In-Store,272.57,258.94
ORD102928,2024-11-12,CUST1073,Sarah Ashley,North,Rice Cooker,Home & Kitchen,115.25,1.0,0.0,PayPal,Mobile App,115.25,115.25
ORD104699,2025-03-14,CUST1206,Stacey Arias,South,Smartwatch,Electronics,311.11,2.0,0.0,UPI,In-Store,622.22,622.22
ORD103787,2025-04-20,CUST1555,Jose Vaughan,East,Wireless Mouse,Electronics,264.8,1.0,0.0,UPI,In-Store,264.8,264.8
ORD105974,2025-03-25,CUST1236,Stephen Jones,East,Running Shoes,Apparel,100.85,3.0,0.0,Credit Card,In-Store,302.55,302.55
ORD100285,2024-06-28,CUST1681,Kathy Sandoval,West,Yoga Pants,Apparel,87.82,4.0,5.0,PayPal,Online,351.28,333.72
ORD102613,2025-04-05,CUST1027,Brent Jordan,East,Rice Cooker,Home & Kitchen,139.93,3.0,0.0,Cash on Delivery,Mobile App,419.79,419.79
ORD100956,2024-06-27,CUST1814,Jonathan Delgado,West,Dumbbell Set,Sports & Outdoors,105.21,1.0,0.0,UPI,In-Store,105.21,105.21
ORD102560,2024-07-05,CUST1770,Bethany Garcia,South,Yoga Mat,Sports & Outdoors,207.49,1.0,0.0,Credit Card,In-Store,207.49,207.49
ORD105359,2025-09-02,CUST1584,Jamie Gray,East,Desk Lamp,Office Supplies,23.18,3.0,5.0,PayPal,Mobile App,69.54,66.06
ORD104833,2024-09-01,CUST1117,Michael Martinez,Central,Yoga Pants,Apparel,62.5,3.0,0.0,Debit Card,Online,187.5,187.5
ORD101301,2025-09-01,CUST1643,Shawn Kelley,South,Vacuum Cleaner,Home & Kitchen,122.22,1.0,20.0,UPI,In-Store,122.22,97.78
ORD100901,2024-01-31,CUST1124,Reginald Williams,North,Dumbbell Set,Sports & Outdoors,298.54,2.0,0.0,Cash on Delivery,Mobile App,597.08,597.08
ORD102492,2025-12-04,CUST1680,Megan Park,Central,Camping Tent,Sports & Outdoors,214.63,3.0,0.0,Debit Card,In-Store,643.89,643.89
ORD100334,2025-09-18,CUST1388,Bryce Blair,East,Power Bank,Electronics,230.14,2.0,10.0,Debit Card,In-Store,460.28,414.25
ORD102963,2025-08-09,CUST1564,Traci Camacho,Central,Whiteboard,Office Supplies,291.73,4.0,5.0,Cash on Delivery,Online,1166.92,1108.57
ORD100442,2024-10-18,CUST1743,Lee Stewart,Central,Water Bottle,Sports & Outdoors,115.68,1.0,0.0,Cash on Delivery,Online,115.68,115.68
ORD104644,2024-08-05,CUST1446,Stacey Snyder,South,Camping Tent,Sports & Outdoors,261.11,3.0,0.0,Credit Card,In-Store,783.33,783.33
ORD104617,2024-10-20,CUST1544,Juan Smith,West,Wool Sweater,Apparel,53.54,5.0,0.0,UPI,In-Store,267.7,267.7
ORD101105,2025-06-10,CUST1336,Misty Hansen,East,Water Bottle,Sports & Outdoors,229.31,2.0,0.0,PayPal,In-Store,458.62,458.62
ORD105695,2024-11-12,CUST1129,Stacy Freeman,North,Smartwatch,Electronics,275.88,1.0,20.0,PayPal,Mobile App,275.88,220.7
ORD101825,2024-05-23,CUST1388,Bryce Blair,East,Non-stick Pan Set,Home & Kitchen,206.53,3.0,10.0,Credit Card,Online,619.59,557.63
ORD104162,2024-11-06,CUST1570,Cynthia Mitchell,East,27in Monitor,Electronics,30.95,1.0,0.0,PayPal,In-Store,30.95,30.95
ORD100652,2024-01-15,CUST1089,Mary Rogers,West,Non-stick Pan Set,Home & Kitchen,158.13,5.0,0.0,Credit Card,Mobile App,790.65,790.65
ORD105294,2025-07-25,CUST1680,Megan Park,South,Cotton T-Shirt,Apparel,27.03,4.0,0.0,UPI,In-Store,108.12,108.12
ORD105906,2025-12-22,CUST1125,Matthew Hoover,South,Coffee Maker,Home & Kitchen,140.06,1.0,0.0,Credit Card,In-Store,140.06,140.06
ORD101878,2024-01-19,CUST1335,Linda Mueller,West,Coffee Maker,Home & Kitchen,157.32,4.0,0.0,UPI,Online,629.28,629.28
ORD105182,2024-04-15,CUST1511,Charles Holland,Central,Webcam HD,Electronics,408.38,1.0,0.0,Credit Card,In-Store,408.38,408.38
ORD104841,2025-06-26,CUST1248,Anthony Dougherty,West,Wool Sweater,Apparel,33.63,1.0,0.0,Debit Card,Mobile App,33.63,33.63
ORD105855,2025-06-06,CUST1151,Teresa Ramirez,West,Wool Sweater,Apparel,23.33,1.0,5.0,Credit Card,Online,23.33,22.16
ORD102973,2025-08-28,CUST1344,Sandra Jones,South,Non-stick Pan Set,Home & Kitchen,93.03,1.0,15.0,Credit Card,Mobile App,93.03,79.08
ORD100047,2025-08-21,CUST1398,Mary Thompson,North,Non-stick Pan Set,Home & Kitchen,128.52,1.0,15.0,Credit Card,Mobile App,128.52,109.24
ORD105395,2025-10-17,CUST1267,Justin Michael,East,Smartwatch,Electronics,243.24,2.0,0.0,Cash on Delivery,Online,486.48,486.48
ORD100062,2025-05-10,CUST1189,Julie Spencer,Central,27in Monitor,Electronics,159.11,2.0,0.0,Cash on Delivery,Mobile App,318.22,318.22
ORD101034,2024-05-26,CUST1822,Kathryn Hanna,Central,Camping Tent,Sports & Outdoors,60.41,3.0,5.0,Credit Card,In-Store,181.23,172.17
ORD103719,2025-08-10,CUST1851,Melissa Russell,South,Denim Jacket,Apparel,36.89,3.0,20.0,Debit Card,In-Store,110.67,88.54
ORD102989,2025-11-27,CUST1891,Mark Jones,North,Denim Jacket,Apparel,56.05,1.0,0.0,Cash on Delivery,Mobile App,56.05,56.05
ORD101497,2025-06-11,CUST1132,James Thomas,South,Rice Cooker,Home & Kitchen,163.87,1.0,0.0,Debit Card,In-Store,163.87,163.87
ORD105990,2025-08-21,CUST1574,Mr. Matthew Miller,South,Denim Jacket,Apparel,35.15,1.0,0.0,Cash on Delivery,Online,35.15,35.15
ORD102442,2024-12-15,CUST1709,Harold Garrett,South,Bluetooth Speaker,Electronics,385.06,4.0,20.0,Cash on Delivery,Online,1540.24,1232.19
ORD105201,2024-12-30,CUST1467,Amanda Preston,East,Mechanical Keyboard,Electronics,186.13,1.0,0.0,PayPal,Mobile App,186.13,186.13
ORD100121,2024-06-11,CUST1480,Jorge Bates,North,Non-stick Pan Set,Home & Kitchen,192.85,2.0,0.0,Cash on Delivery,Online,385.7,385.7
ORD103752,2025-04-15,CUST1257,Brenda Velazquez,West,Wool Sweater,Apparel,56.1,2.0,0.0,PayPal,Online,112.2,112.2
ORD100203,2025-04-11,CUST1009,Joel Nelson,South,Wireless Mouse,Electronics,200.27,3.0,0.0,Cash on Delivery,Mobile App,600.81,600.81
ORD105268,2025-10-06,CUST1261,Patricia James,South,Bluetooth Speaker,Electronics,57.31,1.0,0.0,Credit Card,Mobile App,57.31,57.31
ORD100809,2025-12-18,CUST1097,Adrian Ferguson,South,Yoga Mat,Sports & Outdoors,62.61,2.0,0.0,PayPal,Mobile App,125.22,125.22
ORD102174,2025-11-14,CUST1866,Keith Villanueva,East,Cotton T-Shirt,Apparel,16.19,1.0,5.0,UPI,Mobile App,16.19,15.38
ORD103711,2025-12-03,CUST1220,Matthew Mitchell,South,Denim Jacket,Apparel,15.34,4.0,10.0,UPI,Mobile App,61.36,55.22
ORD101776,2024-05-10,CUST1788,Ashley Olson,West,Smartwatch,Electronics,247.12,3.0,0.0,UPI,In-Store,741.36,741.36
ORD100773,2025-10-01,CUST1451,Colton Terry,Central,USB-C Hub,Electronics,368.9,1.0,5.0,Debit Card,Online,368.9,350.46
ORD101970,2024-10-09,CUST1101,David Grant,Central,Mechanical Keyboard,Electronics,435.12,1.0,0.0,PayPal,Online,435.12,435.12
ORD100876,2024-03-15,CUST1583,Michael Boyd,South,Whiteboard,Office Supplies,12.7,3.0,0.0,UPI,Mobile App,38.1,38.1
ORD100029,2025-10-14,CUST1341,Ernest Oconnell,South,Air Fryer,Home & Kitchen,38.46,1.0,10.0,Debit Card,Mobile App,38.46,34.61
ORD103099,2025-07-17,CUST1064,Michael Snyder,East,Smartwatch,Electronics,62.08,1.0,0.0,UPI,Mobile App,62.08,62.08
ORD102329,2025-04-07,CUST1828,Robert Simmons,West,Dumbbell Set,Sports & Outdoors,186.23,1.0,0.0,Debit Card,Mobile App,186.23,186.23
ORD104869,2024-09-03,CUST1017,Deborah Mason,South,Portable SSD 1TB,Electronics,136.81,1.0,10.0,Debit Card,Online,136.81,123.13
ORD105090,2024-04-22,CUST1476,Anthony Nash,East,Portable SSD 1TB,Electronics,211.63,1.0,0.0,Cash on Delivery,Mobile App,211.63,211.63
ORD104223,2024-10-25,CUST1632,James Thomas,Central,Electric Kettle,Home & Kitchen,24.43,1.0,0.0,UPI,Mobile App,24.43,24.43
ORD101885,2025-04-03,CUST1003,Abigail Shaffer,North,Standing Desk,Office Supplies,290.86,2.0,0.0,UPI,In-Store,581.72,581.72
ORD105346,2024-07-05,CUST1269,Thomas Douglas,East,Wireless Mouse,Electronics,191.18,3.0,0.0,Credit Card,Mobile App,573.54,573.54
ORD100417,2025-12-15,CUST1138,Melissa Garner,South,Dumbbell Set,Sports & Outdoors,292.79,2.0,20.0,Cash on Delivery,Mobile App,585.58,468.46
ORD104296,2025-08-19,CUST1852,Mrs. Maureen Martin DDS,Central,Wool Sweater,Apparel,34.43,1.0,0.0,PayPal,Mobile App,34.43,34.43
ORD105452,2024-06-01,CUST1542,Ashley Parrish,East,Portable SSD 1TB,Electronics,397.39,2.0,10.0,Cash on Delivery,Mobile App,794.78,715.3
ORD103854,2025-03-04,CUST1651,Adam Brooks,South,Desk Lamp,Office Supplies,268.66,1.0,0.0,UPI,In-Store,268.66,268.66
ORD105633,2025-12-08,CUST1072,Alicia Gilmore,Central,Cotton T-Shirt,Apparel,83.16,1.0,15.0,UPI,In-Store,83.16,70.69
ORD101078,2025-01-13,CUST1765,Michelle Lambert,South,Ergonomic Chair,Office Supplies,224.67,2.0,20.0,PayPal,In-Store,449.34,359.47
ORD103886,2025-06-02,CUST1655,Katherine Flores,West,Portable SSD 1TB,Electronics,34.9,1.0,0.0,Debit Card,In-Store,34.9,34.9
ORD102889,2025-04-10,CUST1297,Austin Wheeler,West,Cotton T-Shirt,Apparel,23.21,1.0,5.0,UPI,In-Store,23.21,22.05
ORD103817,2025-10-16,CUST1351,Todd Thomas,North,Bluetooth Speaker,Electronics,322.98,4.0,0.0,UPI,In-Store,1291.92,1291.92
ORD104336,2024-01-31,CUST1293,Susan Bennett,South,Blender,Home & Kitchen,49.59,1.0,10.0,Debit Card,Mobile App,49.59,44.63
ORD102624,2025-08-22,CUST1318,Jennifer Smith,Central,Notebook Pack,Office Supplies,92.89,1.0,5.0,UPI,Mobile App,92.89,88.25
ORD104954,2025-12-16,CUST1275,Jennifer Simpson DVM,East,Power Bank,Electronics,269.72,2.0,10.0,Cash on Delivery,Mobile App,539.44,485.5
ORD101465,2024-05-01,CUST1438,Patricia Mathis,East,Ergonomic Chair,Office Supplies,177.56,2.0,0.0,Credit Card,In-Store,355.12,355.12
ORD100260,2024-04-15,CUST1376,Jackie Clements,Central,Portable SSD 1TB,Electronics,242.08,1.0,0.0,Credit Card,Online,242.08,242.08
ORD101948,2024-07-27,CUST1656,Diane Martinez,East,Mechanical Keyboard,Electronics,410.23,1.0,0.0,PayPal,Mobile App,410.23,410.23
ORD105387,2024-01-11,CUST1411,Oscar Parker,Central,Desk Lamp,Office Supplies,250.32,1.0,20.0,Credit Card,Mobile App,250.32,200.26
ORD100999,2024-11-22,CUST1292,Randy Cannon,Central,Smartwatch,Electronics,406.35,2.0,0.0,Debit Card,Online,812.7,812.7
ORD101844,2024-01-29,CUST1557,Ronald Johns,North,Running Shoes,Apparel,115.25,4.0,20.0,Cash on Delivery,In-Store,461.0,368.8
ORD102055,2024-11-18,CUST1631,Kenneth Perez,North,USB-C Hub,Electronics,278.78,2.0,0.0,UPI,Online,557.56,557.56
ORD102261,2025-03-11,CUST1833,Devin Cole,West,Dumbbell Set,Sports & Outdoors,108.52,1.0,0.0,UPI,Mobile App,108.52,108.52
ORD101987,2024-06-22,CUST1311,Ryan Rocha,East,Running Shoes,Apparel,55.66,3.0,5.0,Cash on Delivery,Mobile App,166.98,158.63
ORD103451,2024-09-30,CUST1464,Ashley Hernandez,West,Whiteboard,Office Supplies,234.99,1.0,15.0,Cash on Delivery,Mobile App,234.99,199.74
ORD101107,2025-10-15,CUST1882,John Dillon,West,Blender,Home & Kitchen,55.76,3.0,0.0,Debit Card,Online,167.28,167.28
ORD103531,2024-01-10,CUST1841,Erika Garcia,West,Yoga Pants,Apparel,112.7,1.0,15.0,Debit Card,Mobile App,112.7,95.8
ORD103324,2025-08-20,CUST1255,Gina Mcmillan,North,Denim Jacket,Apparel,92.15,1.0,0.0,UPI,Mobile App,92.15,92.15
ORD100391,2024-12-12,CUST1520,Mason Moore,North,27in Monitor,Electronics,214.8,2.0,0.0,Cash on Delivery,Mobile App,429.6,429.6
ORD100548,2024-12-17,CUST1469,William Ramos,North,Air Fryer,Home & Kitchen,158.44,1.0,0.0,PayPal,Mobile App,158.44,158.44
ORD100508,2025-01-03,CUST1192,Helen Hardin,North,Toaster,Home & Kitchen,107.04,1.0,5.0,Debit Card,In-Store,107.04,101.69
ORD104334,2025-04-06,CUST1683,Joshua Brooks,South,Wool Sweater,Apparel,18.46,1.0,15.0,Cash on Delivery,Mobile App,18.46,15.69
ORD104622,2024-04-25,CUST1776,Daniel Taylor,West,Webcam HD,Electronics,159.35,3.0,0.0,Cash on Delivery,Online,478.05,478.05
ORD104041,2024-10-08,CUST1425,Jessica Ramsey,North,Vacuum Cleaner,Home & Kitchen,205.56,4.0,5.0,Credit Card,In-Store,822.24,781.13
ORD104563,2024-10-24,CUST1080,Cynthia Wells,South,Wireless Mouse,Electronics,380.52,2.0,5.0,PayPal,In-Store,761.04,722.99
ORD102209,2025-07-10,CUST1532,Jonathan Moreno,South,Wool Sweater,Apparel,74.48,1.0,5.0,UPI,Online,74.48,70.76
ORD102682,2024-10-10,CUST1669,Denise Guerra,West,Power Bank,Electronics,145.94,2.0,10.0,PayPal,In-Store,291.88,262.69
ORD105957,2025-08-14,CUST1580,Travis Hopkins,Central,Rice Cooker,Home & Kitchen,213.53,1.0,0.0,UPI,Mobile App,213.53,213.53
ORD103308,2024-02-08,CUST1335,Linda Mueller,West,Denim Jacket,Apparel,80.22,2.0,15.0,UPI,In-Store,160.44,136.37
ORD102277,2025-03-09,CUST1836,Julie Sims,East,27in Monitor,Electronics,63.94,5.0,5.0,Cash on Delivery,Online,319.7,303.71
ORD102647,2024-06-04,CUST1590,Christopher Nielsen,North,Dumbbell Set,Sports & Outdoors,164.83,4.0,0.0,PayPal,In-Store,659.32,659.32
ORD105683,2025-04-26,CUST1125,Matthew Hoover,South,Power Bank,Electronics,430.88,1.0,0.0,Cash on Delivery,In-Store,430.88,430.88
ORD102533,2024-03-02,CUST1732,Krystal Keller,South,Whiteboard,Office Supplies,113.88,1.0,10.0,PayPal,In-Store,113.88,102.49
ORD103999,2025-08-20,CUST1861,Judith Miller,South,Camping Tent,Sports & Outdoors,206.43,1.0,0.0,Credit Card,Mobile App,206.43,206.43
ORD100095,2025-10-12,CUST1226,Heidi Owen,East,Wool Sweater,Apparel,17.63,4.0,5.0,PayPal,Mobile App,70.52,66.99
ORD100648,2024-03-24,CUST1363,Ryan Harvey,West,Noise Cancelling Headphones,Electronics,200.53,1.0,0.0,Credit Card,Online,200.53,200.53
ORD105491,2024-06-13,CUST1898,Brenda Perez,South,Yoga Pants,Apparel,101.57,5.0,10.0,Credit Card,Online,507.85,457.07
ORD100925,2024-04-13,CUST1414,Angela Bradley,West,Smartwatch,Electronics,67.94,1.0,0.0,PayPal,In-Store,67.94,67.94
ORD100202,2025-06-20,CUST1657,Johnny Peterson,East,Notebook Pack,Office Supplies,67.55,2.0,0.0,Unknown,Mobile App,135.1,135.1
ORD105659,2024-01-12,CUST1176,Michael Watkins,North,Blender,Home & Kitchen,34.17,1.0,5.0,Credit Card,Mobile App,34.17,32.46
ORD100079,2025-05-16,CUST1593,Kayla Jackson,West,Cycling Helmet,Sports & Outdoors,88.95,1.0,20.0,UPI,Mobile App,88.95,71.16
ORD101606,2025-04-15,CUST1163,Larry Garcia,East,USB-C Hub,Electronics,185.62,2.0,0.0,Cash on Delivery,Online,371.24,371.24
ORD104378,2024-04-20,CUST1823,George Le,Central,Wireless Mouse,Electronics,202.48,3.0,0.0,Cash on Delivery,Mobile App,607.44,607.44
ORD105707,2025-10-10,CUST1588,Karen Mendoza,North,Noise Cancelling Headphones,Electronics,136.04,1.0,0.0,PayPal,Mobile App,136.04,136.04
ORD101387,2024-01-12,CUST1152,Michael Stephens,Central,Yoga Pants,Apparel,111.79,2.0,20.0,Cash on Delivery,In-Store,223.58,178.86
ORD102352,2025-12-24,CUST1764,Michael Vance,South,27in Monitor,Electronics,318.29,1.0,20.0,Cash on Delivery,Online,318.29,254.63
ORD102264,2025-04-28,CUST1548,Frank Williams,West,27in Monitor,Electronics,26.88,2.0,0.0,Unknown,Mobile App,53.76,53.76
ORD103219,2024-07-10,CUST1431,William Moreno,North,Running Shoes,Apparel,114.64,3.0,15.0,Credit Card,Mobile App,343.92,292.33
ORD102796,2025-02-09,CUST1727,Louis Brown,Central,Standing Desk,Office Supplies,155.64,2.0,0.0,Debit Card,Online,311.28,311.28
ORD101004,2024-12-28,CUST1684,Andrew Mitchell,Central,Dumbbell Set,Sports & Outdoors,87.76,3.0,0.0,Debit Card,Mobile App,263.28,263.28
ORD100231,2025-05-02,CUST1611,Lisa Craig,Central,Vacuum Cleaner,Home & Kitchen,154.14,1.0,0.0,Unknown,In-Store,154.14,154.14
ORD102097,2025-04-20,CUST1325,Karen Williams,East,27in Monitor,Electronics,179.1,2.0,15.0,UPI,Mobile App,358.2,304.47
ORD104590,2024-05-18,CUST1497,James Chapman,North,Denim Jacket,Apparel,50.21,3.0,0.0,Unknown,Online,150.63,150.63
ORD103387,2025-12-12,CUST1714,Shari Parker,East,Noise Cancelling Headphones,Electronics,144.77,3.0,0.0,PayPal,Online,434.31,434.31
ORD103389,2024-04-15,CUST1106,Dennis Moody,North,Whiteboard,Office Supplies,204.97,1.0,10.0,PayPal,Mobile App,204.97,184.47
ORD103246,2024-01-29,CUST1163,Larry Garcia,West,Cycling Helmet,Sports & Outdoors,244.43,1.0,15.0,Debit Card,Online,244.43,207.77
ORD102252,2024-02-06,CUST1521,Erica Rivera,Central,Air Fryer,Home & Kitchen,128.18,1.0,5.0,Credit Card,Online,128.18,121.77
ORD101863,2024-08-17,CUST1516,Sheryl Acosta,South,Water Bottle,Sports & Outdoors,167.62,2.0,0.0,Cash on Delivery,In-Store,335.24,335.24
ORD105229,2025-04-07,CUST1008,Daniel Adams,East,Camping Tent,Sports & Outdoors,261.13,2.0,5.0,Credit Card,Mobile App,522.26,496.15
ORD101467,2025-11-26,CUST1088,Samuel Rivas,South,USB-C Hub,Electronics,101.69,2.0,20.0,PayPal,Online,203.38,162.7
ORD105164,2024-01-23,CUST1294,Jenna Anderson DVM,East,Mechanical Keyboard,Electronics,439.6,2.0,0.0,Debit Card,Mobile App,879.2,879.2
ORD105184,2024-08-27,CUST1898,Brenda Perez,North,Denim Jacket,Apparel,57.95,2.0,0.0,PayPal,Mobile App,115.9,115.9
ORD102126,2024-11-08,CUST1627,Joyce Martinez,North,Notebook Pack,Office Supplies,286.9,1.0,0.0,Cash on Delivery,Mobile App,286.9,286.9
ORD104981,2024-09-03,CUST1186,Justin Riley,South,Desk Lamp,Office Supplies,131.25,1.0,0.0,PayPal,In-Store,131.25,131.25
ORD103973,2025-01-15,CUST1691,Sarah Mcfarland,Central,Denim Jacket,Apparel,115.59,1.0,0.0,Credit Card,Mobile App,115.59,115.59
ORD100459,2024-08-18,CUST1568,Tara Gamble,Central,Wireless Mouse,Electronics,290.96,4.0,15.0,UPI,Mobile App,1163.84,989.26
ORD105327,2024-09-11,CUST1523,Jillian Wilson,West,27in Monitor,Electronics,317.8,1.0,0.0,Debit Card,Online,317.8,317.8
ORD102161,2024-08-12,CUST1854,Faith Johnson,South,Cotton T-Shirt,Apparel,33.62,1.0,10.0,UPI,In-Store,33.62,30.26
ORD104031,2024-08-22,CUST1708,Thomas Torres,Central,Cotton T-Shirt,Apparel,55.38,1.0,0.0,Cash on Delivery,Mobile App,55.38,55.38
ORD103392,2025-10-02,CUST1438,Patricia Mathis,East,Bluetooth Speaker,Electronics,323.58,1.0,0.0,PayPal,In-Store,323.58,323.58
ORD101413,2025-01-10,CUST1805,Joseph Jennings,East,Noise Cancelling Headphones,Electronics,280.89,2.0,20.0,Cash on Delivery,Online,561.78,449.42
ORD100018,2025-11-05,CUST1194,Nathaniel Douglas,East,Whiteboard,Office Supplies,205.91,1.0,0.0,UPI,In-Store,205.91,205.91
ORD105837,2025-02-14,CUST1121,Richard Adams,West,Rice Cooker,Home & Kitchen,172.59,5.0,0.0,Debit Card,In-Store,862.95,862.95
ORD102156,2024-02-17,CUST1679,Laura Meza,West,USB-C Hub,Electronics,45.06,1.0,10.0,Credit Card,Online,45.06,40.55
ORD104098,2025-09-16,CUST1878,Terri Kerr,Central,Power Bank,Electronics,280.62,3.0,10.0,UPI,In-Store,841.86,757.67
ORD102318,2025-04-30,CUST1783,Zachary Santiago,East,Notebook Pack,Office Supplies,266.97,1.0,0.0,Credit Card,In-Store,266.97,266.97
ORD102078,2025-08-07,CUST1766,Anna Lang,North,Yoga Pants,Apparel,36.93,2.0,5.0,Cash on Delivery,Online,73.86,70.17
ORD101895,2025-10-19,CUST1102,Joseph Hayes,South,Yoga Pants,Apparel,59.51,3.0,10.0,UPI,Online,178.53,160.68
ORD101995,2024-07-13,CUST1839,Tammy Thompson,North,Dumbbell Set,Sports & Outdoors,19.71,1.0,0.0,PayPal,Mobile App,19.71,19.71
ORD105670,2025-11-19,CUST1184,Jordan Bullock,West,Blender,Home & Kitchen,43.17,3.0,5.0,Cash on Delivery,Mobile App,129.51,123.03
ORD102062,2024-09-27,CUST1730,Susan Hogan,South,Bluetooth Speaker,Electronics,190.05,1.0,5.0,Cash on Delivery,In-Store,190.05,180.55
ORD104880,2025-04-24,CUST1662,Kelly King,Central,Running Shoes,Apparel,80.84,2.0,5.0,Cash on Delivery,Mobile App,161.68,153.6
ORD104688,2024-07-05,CUST1267,Justin Michael,South,Wireless Mouse,Electronics,125.34,2.0,0.0,Cash on Delivery,Online,250.68,250.68
ORD103217,2025-09-09,CUST1071,John Brown,Central,Dumbbell Set,Sports & Outdoors,148.27,1.0,10.0,Credit Card,Online,148.27,133.44
ORD101259,2024-03-20,CUST1877,Tina Daugherty,East,Denim Jacket,Apparel,111.69,1.0,15.0,Credit Card,Online,111.69,94.94
ORD105637,2024-01-01,CUST1898,Brenda Perez,North,USB-C Hub,Electronics,221.41,4.0,0.0,Cash on Delivery,Mobile App,885.64,885.64
ORD101624,2024-02-16,CUST1036,Cynthia Wilson,North,Camping Tent,Sports & Outdoors,243.77,3.0,0.0,Cash on Delivery,Mobile App,731.31,731.31
ORD104900,2025-01-15,CUST1551,Daniel Goodwin,East,Desk Lamp,Office Supplies,246.65,1.0,10.0,UPI,In-Store,246.65,221.98
ORD103525,2025-06-10,CUST1597,April Pace,South,Portable SSD 1TB,Electronics,166.84,2.0,0.0,PayPal,In-Store,333.68,333.68
ORD101981,2025-12-11,CUST1376,Jackie Clements,South,Standing Desk,Office Supplies,241.01,1.0,5.0,PayPal,Mobile App,241.01,228.96
ORD105415,2025-08-18,CUST1311,Ryan Rocha,West,Dumbbell Set,Sports & Outdoors,69.44,2.0,0.0,Credit Card,Online,138.88,138.88
ORD105899,2024-07-08,CUST1654,Barry Taylor,West,Standing Desk,Office Supplies,154.71,1.0,0.0,Debit Card,Online,154.71,154.71
ORD104403,2025-08-02,CUST1206,Stacey Arias,West,Notebook Pack,Office Supplies,234.9,2.0,0.0,PayPal,Online,469.8,469.8
ORD102720,2025-01-05,CUST1508,Maureen Hernandez,East,Power Bank,Electronics,418.19,1.0,5.0,Debit Card,Online,418.19,397.28
ORD105464,2025-07-27,CUST1546,William Jones,South,Cycling Helmet,Sports & Outdoors,19.05,2.0,5.0,PayPal,Online,38.1,36.2
ORD105467,2024-05-03,CUST1576,Kevin Sullivan,North,Dumbbell Set,Sports & Outdoors,150.79,1.0,20.0,Cash on Delivery,Mobile App,150.79,120.63
ORD105594,2024-04-21,CUST1120,Thomas Romero,South,Non-stick Pan Set,Home & Kitchen,84.53,3.0,0.0,Credit Card,Online,253.59,253.59
ORD102915,2024-10-22,CUST1527,Brent Hopkins,East,Blender,Home & Kitchen,119.83,1.0,0.0,Credit Card,Online,119.83,119.83
ORD104008,2024-07-31,CUST1783,Zachary Santiago,South,Whiteboard,Office Supplies,149.8,1.0,5.0,Credit Card,Online,149.8,142.31
ORD102699,2025-02-24,CUST1063,Angel Riggs,East,Wool Sweater,Apparel,58.04,5.0,0.0,Cash on Delivery,Online,290.2,290.2
ORD102692,2024-04-02,CUST1811,Robert Thompson,North,USB-C Hub,Electronics,129.41,1.0,5.0,PayPal,In-Store,129.41,122.94
ORD101669,2024-04-30,CUST1394,Lori Mason,North,Power Bank,Electronics,185.19,1.0,0.0,Debit Card,In-Store,185.19,185.19
ORD103263,2025-11-06,CUST1460,Lisa Martinez,Central,Wireless Mouse,Electronics,262.63,2.0,0.0,Credit Card,In-Store,525.26,525.26
ORD102289,2024-08-09,CUST1673,Brent Hopkins,Central,Coffee Maker,Home & Kitchen,121.82,1.0,0.0,Debit Card,In-Store,121.82,121.82
ORD102949,2024-07-29,CUST1646,Julie Pitts,Central,USB-C Hub,Electronics,198.23,2.0,5.0,PayPal,In-Store,396.46,376.64
ORD103872,2025-04-25,CUST1419,Amanda Huff,South,Portable SSD 1TB,Electronics,316.06,3.0,15.0,Credit Card,In-Store,948.18,805.95
ORD100576,2025-10-22,CUST1503,Michael Harris,South,Desk Lamp,Office Supplies,52.22,2.0,15.0,Credit Card,In-Store,104.44,88.77
ORD101086,2025-04-13,CUST1870,Jacob Harris,East,Power Bank,Electronics,400.49,2.0,15.0,Debit Card,Online,800.98,680.83
ORD101737,2025-09-16,CUST1145,Richard Smith,East,Dumbbell Set,Sports & Outdoors,117.18,3.0,10.0,PayPal,Online,351.54,316.39
ORD102618,2025-08-20,CUST1793,Mary Carter,Central,Smartwatch,Electronics,195.0,2.0,5.0,Cash on Delivery,In-Store,390.0,370.5
ORD104567,2024-12-10,CUST1847,Cindy Wells,Central,Wool Sweater,Apparel,57.41,1.0,15.0,UPI,In-Store,57.41,48.8
ORD102011,2025-12-30,CUST1530,Richard Love,Central,Bluetooth Speaker,Electronics,396.57,2.0,0.0,Debit Card,Online,793.14,793.14
ORD104036,2025-04-07,CUST1457,Rhonda Gutierrez,West,Camping Tent,Sports & Outdoors,140.88,4.0,0.0,Credit Card,Mobile App,563.52,563.52
ORD101731,2025-07-07,CUST1820,Heather Miller,West,Portable SSD 1TB,Electronics,328.54,1.0,5.0,Credit Card,Mobile App,328.54,312.11
ORD102735,2025-01-30,CUST1286,Angela Griffin,East,Notebook Pack,Office Supplies,169.96,2.0,0.0,Debit Card,Mobile App,339.92,339.92
ORD102349,2025-09-07,CUST1523,Jillian Wilson,South,Notebook Pack,Office Supplies,69.2,2.0,0.0,Cash on Delivery,Mobile App,138.4,138.4
ORD105027,2025-03-21,CUST1649,Adam Mills,North,Desk Lamp,Office Supplies,156.04,1.0,0.0,Credit Card,Online,156.04,156.04
ORD102389,2025-04-11,CUST1563,Daniel Francis,South,Wireless Mouse,Electronics,348.86,3.0,0.0,PayPal,In-Store,1046.58,1046.58
ORD105887,2025-09-26,CUST1825,Charles Valdez,East,Bluetooth Speaker,Electronics,41.83,5.0,0.0,Debit Card,In-Store,209.15,209.15
ORD101671,2025-09-29,CUST1632,James Thomas,Central,Air Fryer,Home & Kitchen,126.76,1.0,0.0,Debit Card,Mobile App,126.76,126.76
ORD103226,2025-01-22,CUST1728,Ashley Osborne,North,Webcam HD,Electronics,141.54,1.0,0.0,UPI,Mobile App,141.54,141.54
ORD105930,2025-08-01,CUST1701,Robert Torres,West,Camping Tent,Sports & Outdoors,25.83,2.0,0.0,UPI,In-Store,51.66,51.66
ORD103885,2024-12-21,CUST1388,Bryce Blair,East,Webcam HD,Electronics,42.71,3.0,0.0,Debit Card,Mobile App,128.13,128.13
ORD104918,2024-11-11,CUST1524,Andrew Dunn,South,Wool Sweater,Apparel,35.31,2.0,0.0,PayPal,Online,70.62,70.62
ORD105842,2025-01-17,CUST1496,Michael Sims,North,Whiteboard,Office Supplies,210.11,1.0,0.0,Credit Card,Online,210.11,210.11
ORD103544,2024-06-17,CUST1051,Courtney Velasquez,South,Electric Kettle,Home & Kitchen,129.88,2.0,0.0,PayPal,Online,259.76,259.76
ORD100227,2024-11-03,CUST1463,Donald Ellis,East,Whiteboard,Office Supplies,174.19,1.0,0.0,Credit Card,Online,174.19,174.19
ORD101532,2025-08-29,CUST1458,Joseph Camacho,North,Smartwatch,Electronics,43.11,1.0,0.0,Credit Card,In-Store,43.11,43.11
ORD105377,2025-09-02,CUST1413,Jacqueline Villegas,West,Dumbbell Set,Sports & Outdoors,32.71,1.0,0.0,Debit Card,In-Store,32.71,32.71
ORD102230,2024-06-03,CUST1343,Catherine Saunders MD,West,Yoga Mat,Sports & Outdoors,123.28,3.0,0.0,UPI,Online,369.84,369.84
ORD101539,2024-03-10,CUST1786,Robert Cruz,East,Yoga Mat,Sports & Outdoors,17.66,2.0,15.0,Cash on Delivery,Mobile App,35.32,30.02
ORD101144,2024-10-29,CUST1123,Kimberly Gibson,East,Smartwatch,Electronics,78.65,1.0,5.0,PayPal,In-Store,78.65,74.72
ORD102524,2024-06-02,CUST1428,James Barnes,West,Vacuum Cleaner,Home & Kitchen,196.22,1.0,0.0,UPI,Online,196.22,196.22
ORD105738,2025-08-03,CUST1531,Leah Barton,Central,Running Shoes,Apparel,106.14,2.0,5.0,Cash on Delivery,Mobile App,212.28,201.67
ORD102590,2025-02-10,CUST1515,Meghan White,South,Cotton T-Shirt,Apparel,101.21,1.0,0.0,Debit Card,Mobile App,101.21,101.21
ORD103457,2024-06-08,CUST1448,Fernando Lynn,West,Rice Cooker,Home & Kitchen,112.97,1.0,0.0,Cash on Delivery,Mobile App,112.97,112.97
ORD105240,2024-11-23,CUST1089,Mary Rogers,South,Toaster,Home & Kitchen,35.31,1.0,15.0,Cash on Delivery,Online,35.31,30.01
ORD104244,2024-07-23,CUST1729,Kevin Marquez,West,Yoga Pants,Apparel,89.68,2.0,0.0,PayPal,Mobile App,179.36,179.36
ORD103353,2025-01-04,CUST1852,Mrs. Maureen Martin DDS,East,Air Fryer,Home & Kitchen,163.43,2.0,0.0,Debit Card,Mobile App,326.86,326.86
ORD103498,2024-05-19,CUST1493,Abigail Hill,West,Noise Cancelling Headphones,Electronics,204.36,1.0,5.0,Credit Card,Online,204.36,194.14
ORD101191,2024-08-21,CUST1181,Brian Smith,South,Mechanical Keyboard,Electronics,417.83,1.0,20.0,UPI,Online,417.83,334.26
ORD105094,2025-04-27,CUST1493,Abigail Hill,North,Cycling Helmet,Sports & Outdoors,274.07,1.0,10.0,Credit Card,Mobile App,274.07,246.66
ORD102874,2025-11-07,CUST1083,Michael Burton,South,Yoga Pants,Apparel,38.37,4.0,0.0,UPI,Online,153.48,153.48
ORD103279,2025-03-10,CUST1872,Theresa Reilly,West,Notebook Pack,Office Supplies,314.28,4.0,0.0,PayPal,Online,1257.12,1257.12
ORD102795,2024-08-07,CUST1800,Joseph Graham,Central,Mechanical Keyboard,Electronics,114.92,3.0,0.0,Cash on Delivery,Online,344.76,344.76
ORD104277,2025-08-02,CUST1082,Alexander Collins,West,Dumbbell Set,Sports & Outdoors,229.94,2.0,15.0,Debit Card,Mobile App,459.88,390.9
ORD104014,2024-11-30,CUST1320,Manuel King,Central,Bluetooth Speaker,Electronics,81.54,1.0,5.0,PayPal,Mobile App,81.54,77.46
ORD103065,2024-02-12,CUST1068,Paul Larsen,East,USB-C Hub,Electronics,95.32,2.0,0.0,PayPal,In-Store,190.64,190.64
ORD102112,2025-02-03,CUST1780,April Castro,East,Air Fryer,Home & Kitchen,131.57,1.0,10.0,Cash on Delivery,Online,131.57,118.41
ORD104816,2025-01-18,CUST1042,Shawn Baker,South,Noise Cancelling Headphones,Electronics,386.86,3.0,15.0,Debit Card,In-Store,1160.58,986.49
ORD104429,2024-10-29,CUST1516,Sheryl Acosta,West,Wool Sweater,Apparel,38.14,2.0,0.0,Debit Card,In-Store,76.28,76.28
ORD103119,2024-01-15,CUST1474,Madison Martinez,Central,Wool Sweater,Apparel,23.63,3.0,0.0,Debit Card,In-Store,70.89,70.89
ORD101365,2025-11-11,CUST1584,Jamie Gray,East,Non-stick Pan Set,Home & Kitchen,59.82,1.0,0.0,Unknown,In-Store,59.82,59.82
ORD103740,2024-11-19,CUST1347,Robin Wheeler,West,Smartwatch,Electronics,327.27,1.0,0.0,Credit Card,Mobile App,327.27,327.27
ORD102454,2024-01-19,CUST1654,Barry Taylor,East,Vacuum Cleaner,Home & Kitchen,156.3,3.0,0.0,UPI,In-Store,468.9,468.9
ORD104732,2025-04-24,CUST1622,Derek Perez,North,Whiteboard,Office Supplies,23.3,3.0,10.0,Credit Card,Mobile App,69.9,62.91
ORD101907,2024-05-25,CUST1713,Erin Daniels,Central,Coffee Maker,Home & Kitchen,69.18,3.0,10.0,Credit Card,Mobile App,207.54,186.79
ORD103328,2024-08-31,CUST1785,Stephanie Dominguez,South,Desk Lamp,Office Supplies,233.32,1.0,0.0,Credit Card,Online,233.32,233.32
ORD104012,2024-09-09,CUST1842,Kevin Brown,North,Cycling Helmet,Sports & Outdoors,59.09,1.0,0.0,PayPal,Online,59.09,59.09
ORD100346,2025-02-26,CUST1824,Judy Gregory,Central,Electric Kettle,Home & Kitchen,74.72,5.0,0.0,Cash on Delivery,In-Store,373.6,373.6
ORD105793,2024-07-26,CUST1208,Raven Taylor,South,Non-stick Pan Set,Home & Kitchen,191.16,4.0,15.0,PayPal,Online,764.64,649.94
ORD102953,2024-01-23,CUST1241,Denise Weber,North,Portable SSD 1TB,Electronics,227.21,2.0,15.0,PayPal,In-Store,454.42,386.26
ORD104773,2024-10-04,CUST1701,Robert Torres,Central,Bluetooth Speaker,Electronics,246.6,3.0,0.0,Cash on Delivery,Online,739.8,739.8
ORD105568,2025-07-04,CUST1174,Sophia Moore,East,Vacuum Cleaner,Home & Kitchen,103.26,1.0,0.0,PayPal,Online,103.26,103.26
ORD100449,2024-03-28,CUST1561,Mercedes Jones,East,Standing Desk,Office Supplies,54.94,1.0,0.0,UPI,Mobile App,54.94,54.94
ORD102661,2024-04-24,CUST1030,Angela Morton,East,Whiteboard,Office Supplies,49.01,1.0,15.0,UPI,Online,49.01,41.66
ORD103899,2025-06-21,CUST1392,Ryan Fisher,Central,Running Shoes,Apparel,86.12,4.0,10.0,Credit Card,In-Store,344.48,310.03
ORD100480,2025-09-18,CUST1214,Rachel Romero,East,Coffee Maker,Home & Kitchen,158.92,1.0,5.0,Cash on Delivery,Mobile App,158.92,150.97
ORD101904,2025-05-27,CUST1476,Anthony Nash,East,Whiteboard,Office Supplies,15.07,2.0,15.0,Debit Card,Mobile App,30.14,25.62
ORD103468,2024-12-22,CUST1011,Jennifer Rocha,North,Non-stick Pan Set,Home & Kitchen,46.68,1.0,20.0,UPI,Online,46.68,37.34
ORD103982,2025-01-08,CUST1382,Cynthia Rios,Central,Denim Jacket,Apparel,52.69,1.0,0.0,PayPal,Mobile App,52.69,52.69
ORD105101,2024-06-14,CUST1180,Thomas Atkins,North,Rice Cooker,Home & Kitchen,132.74,2.0,15.0,Debit Card,In-Store,265.48,225.66
ORD102985,2025-01-07,CUST1637,Richard Kelly,South,Bluetooth Speaker,Electronics,167.97,1.0,20.0,Debit Card,Online,167.97,134.38
ORD100969,2024-02-29,CUST1198,Ralph Lee,Central,Portable SSD 1TB,Electronics,75.15,2.0,0.0,Credit Card,Mobile App,150.3,150.3
ORD101666,2025-02-06,CUST1861,Judith Miller,South,Wireless Mouse,Electronics,180.93,2.0,20.0,Credit Card,In-Store,361.86,289.49
ORD105120,2025-12-15,CUST1234,Michelle Ho,West,Toaster,Home & Kitchen,212.72,1.0,0.0,PayPal,Mobile App,212.72,212.72
ORD102145,2025-01-04,CUST1067,Jessica Meadows,West,Electric Kettle,Home & Kitchen,134.53,1.0,0.0,Credit Card,In-Store,134.53,134.53
ORD104552,2024-07-04,CUST1125,Matthew Hoover,Central,Standing Desk,Office Supplies,115.89,2.0,0.0,Credit Card,Online,231.78,231.78
ORD102304,2024-03-08,CUST1260,Paula Lane,Central,Camping Tent,Sports & Outdoors,116.22,1.0,0.0,UPI,Mobile App,116.22,116.22
ORD101884,2025-07-01,CUST1502,Alicia Norris,Central,USB-C Hub,Electronics,135.28,1.0,20.0,PayPal,Online,135.28,108.22
ORD105607,2024-04-10,CUST1413,Jacqueline Villegas,South,Smartwatch,Electronics,158.35,5.0,0.0,Debit Card,Mobile App,791.75,791.75
ORD102886,2024-09-26,CUST1435,Sara Cochran,Central,Water Bottle,Sports & Outdoors,22.98,3.0,5.0,PayPal,Online,68.94,65.49
ORD101146,2025-01-06,CUST1048,Stacey Russell,Central,Whiteboard,Office Supplies,214.32,1.0,10.0,Cash on Delivery,Online,214.32,192.89
ORD104302,2025-11-24,CUST1514,Michael Brown,East,Vacuum Cleaner,Home & Kitchen,56.98,1.0,5.0,PayPal,In-Store,56.98,54.13
ORD103851,2025-05-02,CUST1001,Angie Henderson,Central,Running Shoes,Apparel,90.22,1.0,20.0,PayPal,In-Store,90.22,72.18
ORD103240,2025-03-16,CUST1259,Veronica Silva,West,Notebook Pack,Office Supplies,168.96,1.0,5.0,Credit Card,Online,168.96,160.51
ORD105444,2025-08-12,CUST1862,Brian Hernandez,West,Portable SSD 1TB,Electronics,35.94,2.0,5.0,Credit Card,Mobile App,71.88,68.29
ORD101238,2025-01-13,CUST1064,Michael Snyder,South,Bluetooth Speaker,Electronics,368.03,3.0,0.0,Debit Card,In-Store,1104.09,1104.09
ORD103278,2024-06-08,CUST1464,Ashley Hernandez,East,Electric Kettle,Home & Kitchen,140.56,2.0,0.0,PayPal,Online,281.12,281.12
ORD104105,2025-01-24,CUST1130,Yolanda Francis,West,Air Fryer,Home & Kitchen,20.29,1.0,10.0,PayPal,Mobile App,20.29,18.26
ORD100338,2024-03-21,CUST1412,Valerie Thomas,South,Non-stick Pan Set,Home & Kitchen,214.03,1.0,10.0,Cash on Delivery,In-Store,214.03,192.63
ORD102741,2025-06-24,CUST1156,Brianna Anderson,East,Cotton T-Shirt,Apparel,54.57,1.0,10.0,PayPal,In-Store,54.57,49.11
ORD104775,2025-12-10,CUST1116,Peter Garrett,Central,Power Bank,Electronics,31.27,3.0,10.0,UPI,Online,93.81,84.43
ORD101512,2025-12-22,CUST1700,Ashley Brown,East,Wool Sweater,Apparel,69.46,2.0,0.0,Cash on Delivery,In-Store,138.92,138.92
ORD100766,2025-12-10,CUST1521,Erica Rivera,South,Blender,Home & Kitchen,58.85,1.0,10.0,Credit Card,Mobile App,58.85,52.96
ORD101740,2024-02-23,CUST1816,Jared Luna,Central,Ergonomic Chair,Office Supplies,40.89,2.0,0.0,Credit Card,In-Store,81.78,81.78
ORD102801,2024-04-01,CUST1898,Brenda Perez,Central,Toaster,Home & Kitchen,43.65,1.0,0.0,Debit Card,In-Store,43.65,43.65
ORD103667,2025-09-24,CUST1531,Leah Barton,East,Wireless Mouse,Electronics,443.19,5.0,0.0,Debit Card,Online,2215.95,2215.95
ORD101990,2025-08-14,CUST1411,Oscar Parker,Central,Ergonomic Chair,Office Supplies,148.43,1.0,10.0,Credit Card,In-Store,148.43,133.59
ORD100481,2024-11-20,CUST1294,Jenna Anderson DVM,West,Cycling Helmet,Sports & Outdoors,296.31,1.0,0.0,Cash on Delivery,Mobile App,296.31,296.31
ORD105515,2024-01-19,CUST1584,Jamie Gray,South,Notebook Pack,Office Supplies,272.01,2.0,0.0,Debit Card,Online,544.02,544.02
ORD105520,2025-01-15,CUST1414,Angela Bradley,East,Wool Sweater,Apparel,42.16,5.0,0.0,PayPal,Mobile App,210.8,210.8
ORD103407,2024-10-06,CUST1042,Shawn Baker,East,Noise Cancelling Headphones,Electronics,111.0,1.0,0.0,Debit Card,Mobile App,111.0,111.0
ORD104390,2024-03-03,CUST1241,Denise Weber,South,Yoga Pants,Apparel,96.74,1.0,10.0,UPI,Mobile App,96.74,87.07
ORD100737,2025-02-24,CUST1175,Lawrence Perry,North,Webcam HD,Electronics,305.32,1.0,0.0,Credit Card,Online,305.32,305.32
ORD103397,2024-12-18,CUST1214,Rachel Romero,West,Blender,Home & Kitchen,210.53,5.0,5.0,PayPal,In-Store,1052.65,1000.02
ORD103695,2024-04-12,CUST1314,Robert Jackson,North,Running Shoes,Apparel,76.31,1.0,20.0,PayPal,In-Store,76.31,61.05
ORD100921,2024-04-22,CUST1897,Tracy Jackson,North,Webcam HD,Electronics,429.39,2.0,0.0,UPI,Online,858.78,858.78
ORD102358,2024-09-06,CUST1320,Manuel King,Central,27in Monitor,Electronics,293.53,2.0,0.0,UPI,Online,587.06,587.06
ORD103564,2025-05-03,CUST1346,Karen Morales DDS,South,27in Monitor,Electronics,318.54,3.0,5.0,Cash on Delivery,Online,955.62,907.84
ORD102756,2025-04-18,CUST1062,Frances Cardenas,East,27in Monitor,Electronics,169.35,1.0,15.0,Debit Card,Online,169.35,143.95
ORD104046,2025-03-16,CUST1809,Tammy Hill,North,Notebook Pack,Office Supplies,345.07,1.0,0.0,Debit Card,In-Store,345.07,345.07
ORD100154,2025-03-19,CUST1786,Robert Cruz,South,Yoga Mat,Sports & Outdoors,141.59,2.0,20.0,Credit Card,Online,283.18,226.54
ORD105134,2025-06-07,CUST1574,Mr. Matthew Miller,Central,USB-C Hub,Electronics,342.69,1.0,0.0,PayPal,In-Store,342.69,342.69
ORD101770,2025-06-30,CUST1061,Steven Flynn,West,Whiteboard,Office Supplies,68.11,3.0,0.0,Debit Card,In-Store,204.33,204.33
ORD102446,2024-07-17,CUST1818,Tina Davis,North,Denim Jacket,Apparel,103.55,1.0,10.0,Credit Card,In-Store,103.55,93.2
ORD103614,2025-11-02,CUST1680,Megan Park,Central,USB-C Hub,Electronics,36.12,1.0,0.0,UPI,Online,36.12,36.12
ORD105431,2025-08-24,CUST1691,Sarah Mcfarland,South,Camping Tent,Sports & Outdoors,180.1,1.0,20.0,UPI,Online,180.1,144.08
ORD101402,2025-10-27,CUST1573,Brandy Quinn,North,Yoga Mat,Sports & Outdoors,241.42,1.0,0.0,Debit Card,Online,241.42,241.42
ORD101647,2025-03-30,CUST1090,Robert Peterson,Central,Cycling Helmet,Sports & Outdoors,84.94,1.0,0.0,Debit Card,Mobile App,84.94,84.94
ORD103103,2025-11-26,CUST1701,Robert Torres,West,Vacuum Cleaner,Home & Kitchen,46.63,2.0,5.0,PayPal,In-Store,93.26,88.6
ORD101514,2024-06-15,CUST1355,Charlotte Sandoval,North,Power Bank,Electronics,388.45,2.0,10.0,Cash on Delivery,Online,776.9,699.21
ORD101567,2024-02-20,CUST1321,Judy Sanchez,South,Vacuum Cleaner,Home & Kitchen,157.74,3.0,10.0,Cash on Delivery,Online,473.22,425.9
ORD104661,2024-08-28,CUST1780,April Castro,North,Mechanical Keyboard,Electronics,370.7,2.0,5.0,Debit Card,Mobile App,741.4,704.33
ORD103098,2025-05-27,CUST1045,Michael Hoffman,North,Cotton T-Shirt,Apparel,72.45,1.0,0.0,Credit Card,Mobile App,72.45,72.45
ORD103504,2025-08-24,CUST1704,Lisa Brown,South,Wireless Mouse,Electronics,347.2,3.0,5.0,Debit Card,In-Store,1041.6,989.52
ORD100484,2025-07-17,CUST1315,Kelly Combs,South,Denim Jacket,Apparel,16.19,1.0,0.0,Credit Card,Online,16.19,16.19
ORD102861,2025-09-07,CUST1566,Patrick Swanson,South,Air Fryer,Home & Kitchen,151.84,1.0,0.0,PayPal,Mobile App,151.84,151.84
ORD103258,2025-07-03,CUST1479,Judy Robinson,North,Ergonomic Chair,Office Supplies,146.3,2.0,10.0,Debit Card,Mobile App,292.6,263.34
ORD102004,2024-06-28,CUST1058,Erika Terry,West,Yoga Pants,Apparel,29.01,1.0,5.0,UPI,Online,29.01,27.56
ORD105871,2024-12-23,CUST1604,Justin Webb,South,Power Bank,Electronics,191.02,2.0,0.0,Debit Card,Mobile App,382.04,382.04
ORD102614,2025-09-21,CUST1725,Danielle Medina,South,Yoga Pants,Apparel,62.23,2.0,0.0,Debit Card,Mobile App,124.46,124.46
ORD103760,2025-10-26,CUST1870,Jacob Harris,North,Blender,Home & Kitchen,91.54,3.0,0.0,Credit Card,Mobile App,274.62,274.62
ORD105567,2025-07-21,CUST1530,Richard Love,West,Water Bottle,Sports & Outdoors,209.44,2.0,0.0,UPI,In-Store,418.88,418.88
ORD100340,2025-04-12,CUST1211,Riley Bryant,Central,Whiteboard,Office Supplies,337.48,2.0,5.0,PayPal,Online,674.96,641.21
ORD100014,2025-06-29,CUST1835,Justin Lee,North,27in Monitor,Electronics,398.15,4.0,0.0,Debit Card,Mobile App,1592.6,1592.6
ORD102059,2024-11-10,CUST1251,Amber Campbell,South,Air Fryer,Home & Kitchen,94.68,1.0,5.0,PayPal,Online,94.68,89.95
ORD101565,2024-07-08,CUST1859,Derek Frazier,Central,Portable SSD 1TB,Electronics,140.12,2.0,0.0,UPI,In-Store,280.24,280.24
ORD103021,2025-12-13,CUST1588,Karen Mendoza,South,Cycling Helmet,Sports & Outdoors,70.35,1.0,10.0,Credit Card,Mobile App,70.35,63.32
ORD101897,2024-04-19,CUST1832,Adam Howe,South,Webcam HD,Electronics,38.78,1.0,0.0,UPI,Mobile App,38.78,38.78
ORD104445,2024-09-14,CUST1576,Kevin Sullivan,Central,Dumbbell Set,Sports & Outdoors,184.53,2.0,5.0,UPI,Online,369.06,350.61
ORD103253,2024-02-24,CUST1033,Michael Cross,East,Wool Sweater,Apparel,16.13,1.0,10.0,Debit Card,Mobile App,16.13,14.52
ORD104781,2025-03-05,CUST1093,Kara Schmidt,North,Vacuum Cleaner,Home & Kitchen,135.93,3.0,0.0,Cash on Delivery,Online,407.79,407.79
ORD102808,2025-10-12,CUST1071,John Brown,South,Running Shoes,Apparel,57.67,4.0,0.0,Credit Card,Online,230.68,230.68
ORD102975,2024-02-01,CUST1865,Grant Lucas,West,Notebook Pack,Office Supplies,184.25,1.0,0.0,Debit Card,Mobile App,184.25,184.25
ORD104129,2025-02-25,CUST1611,Lisa Craig,North,Dumbbell Set,Sports & Outdoors,89.76,1.0,0.0,UPI,Mobile App,89.76,89.76
ORD105665,2025-04-29,CUST1839,Tammy Thompson,North,Webcam HD,Electronics,269.21,1.0,0.0,Cash on Delivery,In-Store,269.21,269.21
ORD100024,2025-06-19,CUST1673,Brent Hopkins,West,Power Bank,Electronics,129.64,2.0,5.0,PayPal,Online,259.28,246.32
ORD104463,2024-05-24,CUST1752,Andre Terrell,South,Power Bank,Electronics,420.42,1.0,5.0,UPI,Online,420.42,399.4
ORD101721,2024-01-18,CUST1898,Brenda Perez,South,Notebook Pack,Office Supplies,103.77,1.0,0.0,Cash on Delivery,Online,103.77,103.77
ORD103594,2025-01-29,CUST1333,Emily Rodriguez,North,Desk Lamp,Office Supplies,245.89,1.0,0.0,Debit Card,Online,245.89,245.89
ORD105150,2025-10-20,CUST1169,John Boone,West,Dumbbell Set,Sports & Outdoors,283.01,2.0,5.0,PayPal,In-Store,566.02,537.72
ORD105198,2025-12-13,CUST1743,Lee Stewart,South,27in Monitor,Electronics,326.64,4.0,0.0,UPI,In-Store,1306.56,1306.56
ORD101838,2025-04-26,CUST1505,Autumn Wilson,Central,27in Monitor,Electronics,276.03,3.0,0.0,PayPal,Mobile App,828.09,828.09
ORD100560,2024-04-24,CUST1111,Pamela Thompson,North,Dumbbell Set,Sports & Outdoors,37.14,1.0,0.0,UPI,Online,37.14,37.14
ORD101139,2024-09-30,CUST1529,Ashley Carr,West,Notebook Pack,Office Supplies,121.73,5.0,5.0,Debit Card,In-Store,608.65,578.22
ORD104169,2024-06-01,CUST1489,Julie Wilson,Central,Wireless Mouse,Electronics,320.58,4.0,0.0,PayPal,Online,1282.32,1282.32
ORD105821,2024-05-29,CUST1131,Ashlee Jackson,North,Power Bank,Electronics,440.91,1.0,0.0,Cash on Delivery,In-Store,440.91,440.91
ORD102090,2024-12-11,CUST1395,Kimberly Hernandez,North,Camping Tent,Sports & Outdoors,85.37,1.0,0.0,UPI,Mobile App,85.37,85.37
ORD100363,2024-04-18,CUST1366,Joshua Jackson,North,Yoga Pants,Apparel,21.64,2.0,15.0,PayPal,Mobile App,43.28,36.79
ORD101960,2025-02-05,CUST1082,Alexander Collins,South,27in Monitor,Electronics,391.46,2.0,10.0,Debit Card,Online,782.92,704.63
ORD105513,2025-09-28,CUST1286,Angela Griffin,Central,Notebook Pack,Office Supplies,28.52,1.0,0.0,Cash on Delivery,In-Store,28.52,28.52
ORD100136,2025-09-15,CUST1561,Mercedes Jones,North,Air Fryer,Home & Kitchen,201.17,1.0,15.0,Credit Card,In-Store,201.17,170.99
ORD100660,2025-05-18,CUST1204,David Davidson,East,Cotton T-Shirt,Apparel,87.52,1.0,0.0,UPI,In-Store,87.52,87.52
ORD102967,2025-04-19,CUST1823,George Le,South,Power Bank,Electronics,298.13,1.0,0.0,Debit Card,Online,298.13,298.13
ORD105998,2024-08-07,CUST1142,Casey Anderson,West,Power Bank,Electronics,334.1,3.0,0.0,Debit Card,Online,1002.3,1002.3
ORD100189,2024-11-01,CUST1774,Kyle Nguyen,Central,Smartwatch,Electronics,192.05,1.0,0.0,Cash on Delivery,In-Store,192.05,192.05
ORD103658,2025-10-28,CUST1147,Terri Murphy,West,Webcam HD,Electronics,361.24,1.0,0.0,UPI,In-Store,361.24,361.24
ORD105275,2025-03-20,CUST1724,Laura Herrera,South,Vacuum Cleaner,Home & Kitchen,193.95,4.0,10.0,Credit Card,Mobile App,775.8,698.22
ORD105227,2025-10-18,CUST1214,Rachel Romero,West,Notebook Pack,Office Supplies,220.16,3.0,0.0,Credit Card,Mobile App,660.48,660.48
ORD102728,2024-12-11,CUST1527,Brent Hopkins,South,Wool Sweater,Apparel,69.2,1.0,0.0,Debit Card,In-Store,69.2,69.2
ORD100806,2025-07-06,CUST1577,Kimberly Valdez,North,Webcam HD,Electronics,448.03,2.0,5.0,UPI,Online,896.06,851.26
ORD103194,2024-03-30,CUST1038,Michael Evans,East,Standing Desk,Office Supplies,113.8,3.0,0.0,Credit Card,Online,341.4,341.4
ORD101076,2025-07-25,CUST1554,Jaime Lang,West,Yoga Pants,Apparel,101.83,2.0,0.0,PayPal,In-Store,203.66,203.66
ORD103785,2025-03-04,CUST1751,Kristen Smith,East,Standing Desk,Office Supplies,142.16,2.0,0.0,Debit Card,In-Store,284.32,284.32
ORD105220,2025-08-05,CUST1227,Jessica Martinez,North,Wireless Mouse,Electronics,377.85,1.0,15.0,PayPal,Mobile App,377.85,321.17
ORD104048,2025-11-02,CUST1047,Rebecca Valencia,Central,Vacuum Cleaner,Home & Kitchen,114.18,3.0,10.0,Credit Card,Mobile App,342.54,308.29
ORD102152,2024-02-25,CUST1054,Victoria Johnson,North,Webcam HD,Electronics,101.16,2.0,0.0,Cash on Delivery,In-Store,202.32,202.32
ORD102015,2025-08-25,CUST1673,Brent Hopkins,Central,Electric Kettle,Home & Kitchen,198.51,1.0,10.0,Cash on Delivery,Mobile App,198.51,178.66
ORD101398,2024-06-10,CUST1111,Pamela Thompson,West,Blender,Home & Kitchen,94.91,2.0,0.0,Debit Card,In-Store,189.82,189.82
ORD100474,2025-04-01,CUST1429,Rachael Howard DDS,West,Camping Tent,Sports & Outdoors,58.69,1.0,0.0,Debit Card,Online,58.69,58.69
ORD105696,2025-08-30,CUST1242,Matthew Le,West,Portable SSD 1TB,Electronics,188.74,2.0,15.0,PayPal,Mobile App,377.48,320.86
ORD100419,2025-07-01,CUST1352,Brent Bowen,West,Webcam HD,Electronics,29.49,2.0,0.0,UPI,In-Store,58.98,58.98
ORD100840,2025-10-26,CUST1547,Justin Anderson,Central,Water Bottle,Sports & Outdoors,263.53,1.0,0.0,Cash on Delivery,In-Store,263.53,263.53
ORD103315,2024-03-03,CUST1822,Kathryn Hanna,Central,Toaster,Home & Kitchen,29.65,1.0,5.0,PayPal,In-Store,29.65,28.17
ORD103603,2025-05-04,CUST1895,Rebecca Hansen,North,Blender,Home & Kitchen,26.35,1.0,0.0,PayPal,Online,26.35,26.35
ORD102348,2025-11-27,CUST1223,Samantha Gardner,East,Noise Cancelling Headphones,Electronics,401.44,1.0,0.0,UPI,In-Store,401.44,401.44
ORD101227,2024-03-18,CUST1716,Ryan Thomas,South,Air Fryer,Home & Kitchen,35.91,5.0,0.0,PayPal,Online,179.55,179.55
ORD103878,2024-08-28,CUST1432,Joseph Moody,Central,Ergonomic Chair,Office Supplies,190.71,2.0,0.0,PayPal,Mobile App,381.42,381.42
ORD100968,2025-12-13,CUST1396,Brittney Murphy,East,Wool Sweater,Apparel,86.6,2.0,10.0,UPI,Mobile App,173.2,155.88
ORD101321,2024-07-30,CUST1129,Stacy Freeman,South,Desk Lamp,Office Supplies,265.55,2.0,10.0,PayPal,In-Store,531.1,477.99
ORD104280,2025-07-06,CUST1334,Brandon Jordan,North,Denim Jacket,Apparel,78.64,1.0,10.0,PayPal,In-Store,78.64,70.78
ORD100916,2025-02-27,CUST1771,Jennifer Gutierrez,South,Denim Jacket,Apparel,76.26,1.0,5.0,Credit Card,Mobile App,76.26,72.45
ORD100533,2024-02-06,CUST1752,Andre Terrell,North,Running Shoes,Apparel,81.21,1.0,0.0,Cash on Delivery,Online,81.21,81.21
ORD103352,2024-12-10,CUST1595,Chase Davis,Central,Coffee Maker,Home & Kitchen,150.01,1.0,0.0,Debit Card,Mobile App,150.01,150.01
ORD103198,2024-12-23,CUST1672,Michael Cannon,West,Cycling Helmet,Sports & Outdoors,69.52,2.0,0.0,UPI,Mobile App,139.04,139.04
ORD100676,2025-04-10,CUST1842,Kevin Brown,South,Noise Cancelling Headphones,Electronics,245.86,1.0,10.0,UPI,In-Store,245.86,221.27
ORD104444,2025-12-10,CUST1474,Madison Martinez,Central,Water Bottle,Sports & Outdoors,181.33,1.0,10.0,Cash on Delivery,Online,181.33,163.2
ORD102222,2025-09-10,CUST1618,Austin Schultz,West,27in Monitor,Electronics,298.27,1.0,0.0,Credit Card,Mobile App,298.27,298.27
ORD105252,2024-06-02,CUST1539,Mary Butler,North,Mechanical Keyboard,Electronics,317.62,4.0,10.0,Cash on Delivery,Mobile App,1270.48,1143.43
ORD103429,2025-06-26,CUST1283,Stephanie Padilla,Central,Webcam HD,Electronics,176.53,2.0,15.0,UPI,Online,353.06,300.1
ORD103939,2024-06-02,CUST1810,Richard Ramirez,Central,Coffee Maker,Home & Kitchen,127.34,5.0,15.0,Debit Card,Mobile App,636.7,541.2
ORD104580,2024-01-13,CUST1206,Stacey Arias,South,Camping Tent,Sports & Outdoors,94.75,1.0,0.0,PayPal,Mobile App,94.75,94.75
ORD104074,2025-07-27,CUST1133,Bob Pitts,South,Camping Tent,Sports & Outdoors,41.4,4.0,5.0,UPI,In-Store,165.6,157.32
ORD102579,2024-06-06,CUST1320,Manuel King,East,Wireless Mouse,Electronics,396.45,1.0,0.0,Cash on Delivery,Mobile App,396.45,396.45
ORD102407,2025-04-15,CUST1868,Caitlyn Nichols,North,Webcam HD,Electronics,381.71,2.0,0.0,Credit Card,Online,763.42,763.42
ORD105345,2024-05-06,CUST1533,Mr. Thomas Thompson,South,Electric Kettle,Home & Kitchen,161.56,1.0,20.0,Debit Card,In-Store,161.56,129.25
ORD102704,2024-01-03,CUST1624,Sarah Watson,Central,Ergonomic Chair,Office Supplies,261.82,1.0,0.0,Debit Card,Online,261.82,261.82
ORD102414,2025-05-29,CUST1699,Jessica Glass,North,Wool Sweater,Apparel,102.52,5.0,15.0,UPI,In-Store,512.6,435.71
ORD102951,2025-08-12,CUST1801,Joseph Blanchard,South,Power Bank,Electronics,288.22,1.0,0.0,Credit Card,Online,288.22,288.22
ORD100721,2025-10-13,CUST1325,Karen Williams,South,USB-C Hub,Electronics,362.83,1.0,5.0,Credit Card,Mobile App,362.83,344.69
ORD104506,2024-03-07,CUST1700,Ashley Brown,South,USB-C Hub,Electronics,42.66,2.0,5.0,UPI,In-Store,85.32,81.05
ORD103052,2024-07-30,CUST1309,Jennifer Allen,West,Webcam HD,Electronics,111.63,4.0,5.0,Cash on Delivery,Mobile App,446.52,424.19
ORD101517,2024-04-30,CUST1118,Anna Gay,North,Mechanical Keyboard,Electronics,86.7,1.0,0.0,UPI,In-Store,86.7,86.7
ORD104355,2024-03-04,CUST1547,Justin Anderson,West,Running Shoes,Apparel,76.9,2.0,5.0,Cash on Delivery,Online,153.8,146.11
ORD100534,2024-02-27,CUST1016,Patricia Peterson,East,Coffee Maker,Home & Kitchen,178.55,2.0,0.0,Credit Card,In-Store,357.1,357.1
ORD105958,2024-11-13,CUST1597,April Pace,East,Cycling Helmet,Sports & Outdoors,177.21,1.0,10.0,PayPal,In-Store,177.21,159.49
ORD100302,2024-05-12,CUST1411,Oscar Parker,East,Blender,Home & Kitchen,75.08,1.0,0.0,Credit Card,Mobile App,75.08,75.08
ORD103621,2025-03-30,CUST1749,John Johnson,West,Portable SSD 1TB,Electronics,342.76,5.0,0.0,Credit Card,Mobile App,1713.8,1713.8
ORD103921,2024-12-23,CUST1114,Brandon King,West,Yoga Pants,Apparel,112.79,1.0,15.0,PayPal,Online,112.79,95.87
ORD102494,2025-06-19,CUST1144,Brenda Levy,West,Dumbbell Set,Sports & Outdoors,245.22,4.0,15.0,Cash on Delivery,Online,980.88,833.75
ORD104349,2024-05-26,CUST1050,Sharon Cochran,South,Dumbbell Set,Sports & Outdoors,181.59,1.0,0.0,PayPal,Online,181.59,181.59
ORD103143,2024-09-05,CUST1366,Joshua Jackson,East,Water Bottle,Sports & Outdoors,284.95,4.0,0.0,UPI,Mobile App,1139.8,1139.8
ORD105600,2025-01-21,CUST1206,Stacey Arias,Central,Noise Cancelling Headphones,Electronics,186.32,1.0,15.0,Credit Card,In-Store,186.32,158.37
ORD105839,2024-01-29,CUST1218,Chad Baldwin,South,Electric Kettle,Home & Kitchen,87.04,2.0,0.0,Debit Card,Online,174.08,174.08
ORD104984,2025-10-23,CUST1877,Tina Daugherty,South,Dumbbell Set,Sports & Outdoors,46.49,3.0,15.0,Debit Card,In-Store,139.47,118.55
ORD100839,2024-10-25,CUST1046,Sandra Aguilar,North,27in Monitor,Electronics,150.95,1.0,0.0,Debit Card,In-Store,150.95,150.95
ORD104669,2024-11-17,CUST1297,Austin Wheeler,East,Blender,Home & Kitchen,202.14,1.0,15.0,Debit Card,Mobile App,202.14,171.82
ORD100861,2025-10-19,CUST1159,Jodi Walker,North,Non-stick Pan Set,Home & Kitchen,108.79,2.0,0.0,Debit Card,Mobile App,217.58,217.58
ORD104072,2025-10-15,CUST1494,Jeffrey Jordan,West,27in Monitor,Electronics,84.53,2.0,0.0,PayPal,Online,169.06,169.06
ORD101545,2024-04-01,CUST1864,Dorothy Brown,East,Camping Tent,Sports & Outdoors,19.58,1.0,0.0,Debit Card,Mobile App,19.58,19.58
ORD100418,2024-04-01,CUST1493,Abigail Hill,South,Toaster,Home & Kitchen,124.69,2.0,0.0,PayPal,In-Store,249.38,249.38
ORD105898,2024-08-15,CUST1543,Rebecca Horton,South,Cotton T-Shirt,Apparel,64.16,1.0,0.0,Debit Card,Online,64.16,64.16
ORD105392,2024-07-25,CUST1706,James Bray,South,Denim Jacket,Apparel,100.3,2.0,0.0,Debit Card,In-Store,200.6,200.6
ORD102708,2024-11-27,CUST1374,Sandra Juarez,South,Cycling Helmet,Sports & Outdoors,27.27,1.0,0.0,PayPal,In-Store,27.27,27.27
ORD104670,2024-12-26,CUST1618,Austin Schultz,East,Denim Jacket,Apparel,67.25,3.0,5.0,Credit Card,Online,201.75,191.66
ORD103578,2025-10-27,CUST1712,Lori Perez,West,Cotton T-Shirt,Apparel,80.5,1.0,15.0,Credit Card,Mobile App,80.5,68.42
ORD105139,2024-10-30,CUST1020,David Bradley,South,Portable SSD 1TB,Electronics,220.91,4.0,0.0,UPI,In-Store,883.64,883.64
ORD100276,2025-07-17,CUST1510,Sarah Ward,South,USB-C Hub,Electronics,39.73,2.0,0.0,Credit Card,In-Store,79.46,79.46
ORD100626,2025-03-15,CUST1050,Sharon Cochran,North,Denim Jacket,Apparel,110.22,5.0,0.0,Debit Card,Online,551.1,551.1
ORD103415,2024-06-30,CUST1440,Marie Thompson,Central,Portable SSD 1TB,Electronics,396.3,1.0,0.0,PayPal,Online,396.3,396.3
ORD102773,2025-07-14,CUST1525,Jordan Clark,East,Noise Cancelling Headphones,Electronics,350.14,4.0,10.0,Credit Card,Online,1400.56,1260.5
ORD102282,2024-11-13,CUST1744,Lynn Vasquez,East,Power Bank,Electronics,275.17,1.0,0.0,Cash on Delivery,Online,275.17,275.17
ORD102042,2024-02-03,CUST1608,Lee Ramsey,West,USB-C Hub,Electronics,365.15,1.0,5.0,UPI,Mobile App,365.15,346.89
ORD102857,2024-07-21,CUST1584,Jamie Gray,West,Webcam HD,Electronics,154.29,3.0,5.0,Cash on Delivery,In-Store,462.87,439.73
ORD105095,2025-11-26,CUST1600,Angela George,West,Standing Desk,Office Supplies,259.03,1.0,0.0,Unknown,Online,259.03,259.03
ORD102726,2025-06-30,CUST1622,Derek Perez,East,Dumbbell Set,Sports & Outdoors,241.31,1.0,0.0,UPI,Online,241.31,241.31
ORD100602,2024-12-31,CUST1438,Patricia Mathis,South,Whiteboard,Office Supplies,19.15,4.0,0.0,Credit Card,Mobile App,76.6,76.6
ORD101322,2024-08-08,CUST1203,Douglas Reyes,North,Noise Cancelling Headphones,Electronics,187.59,1.0,10.0,Debit Card,In-Store,187.59,168.83
ORD100583,2024-05-22,CUST1319,Megan Drake,North,Coffee Maker,Home & Kitchen,43.31,1.0,5.0,Cash on Delivery,Mobile App,43.31,41.14
ORD103297,2025-12-15,CUST1331,Henry Pugh MD,East,Non-stick Pan Set,Home & Kitchen,167.97,2.0,5.0,UPI,Mobile App,335.94,319.14
ORD103064,2025-09-10,CUST1136,Ryan Gonzalez,South,Power Bank,Electronics,447.97,1.0,0.0,Credit Card,Mobile App,447.97,447.97
ORD104792,2025-06-12,CUST1018,Mark Lynch,North,Ergonomic Chair,Office Supplies,340.19,3.0,0.0,PayPal,Mobile App,1020.57,1020.57
ORD104235,2024-07-01,CUST1462,Deanna Bartlett,North,Portable SSD 1TB,Electronics,348.81,1.0,0.0,Cash on Delivery,Mobile App,348.81,348.81
ORD105216,2024-04-29,CUST1569,Danielle Gonzalez,South,27in Monitor,Electronics,171.91,2.0,5.0,PayPal,Mobile App,343.82,326.63
ORD102058,2024-11-19,CUST1508,Maureen Hernandez,Central,Portable SSD 1TB,Electronics,122.92,2.0,10.0,PayPal,Mobile App,245.84,221.26
ORD100212,2025-05-17,CUST1802,Marissa Nelson,North,Whiteboard,Office Supplies,144.88,3.0,20.0,Cash on Delivery,In-Store,434.64,347.71
ORD103968,2025-11-26,CUST1565,Andrew Armstrong,West,Blender,Home & Kitchen,66.24,1.0,0.0,UPI,In-Store,66.24,66.24
ORD104793,2025-02-23,CUST1827,Christopher Garza,East,Electric Kettle,Home & Kitchen,173.04,2.0,0.0,PayPal,Online,346.08,346.08
ORD104942,2025-08-21,CUST1288,Daniel Aguilar,Central,Water Bottle,Sports & Outdoors,188.44,1.0,0.0,UPI,Online,188.44,188.44
ORD101833,2024-10-04,CUST1648,Gregory Fernandez,Central,Toaster,Home & Kitchen,46.86,3.0,0.0,Cash on Delivery,Mobile App,140.58,140.58
ORD101837,2024-04-10,CUST1775,Brian Cervantes,Central,Wool Sweater,Apparel,99.63,5.0,0.0,Credit Card,Online,498.15,498.15
ORD104466,2024-01-18,CUST1305,Tammy Boone,North,Vacuum Cleaner,Home & Kitchen,167.85,1.0,0.0,Cash on Delivery,Online,167.85,167.85
ORD101921,2025-01-21,CUST1010,Andrew Stewart,East,Vacuum Cleaner,Home & Kitchen,219.41,1.0,0.0,Debit Card,In-Store,219.41,219.41
ORD105779,2025-01-23,CUST1544,Juan Smith,Central,Notebook Pack,Office Supplies,17.9,5.0,5.0,Credit Card,In-Store,89.5,85.02
ORD102267,2025-11-22,CUST1144,Brenda Levy,North,Mechanical Keyboard,Electronics,87.23,1.0,0.0,Debit Card,Mobile App,87.23,87.23
ORD105174,2024-11-03,CUST1383,Kelly Wallace,North,Standing Desk,Office Supplies,230.37,1.0,5.0,UPI,Mobile App,230.37,218.85
ORD100867,2024-11-18,CUST1407,John Campbell,Central,Bluetooth Speaker,Electronics,64.61,1.0,0.0,PayPal,Online,64.61,64.61
ORD104145,2024-05-27,CUST1111,Pamela Thompson,North,Camping Tent,Sports & Outdoors,252.01,5.0,0.0,Cash on Delivery,In-Store,1260.05,1260.05
ORD100949,2024-10-23,CUST1487,Robert Hines,South,Denim Jacket,Apparel,29.88,2.0,0.0,Cash on Delivery,In-Store,59.76,59.76
ORD105806,2025-12-29,CUST1596,Kim Goodwin,Central,Air Fryer,Home & Kitchen,82.9,2.0,0.0,Cash on Delivery,Mobile App,165.8,165.8
ORD101015,2025-01-05,CUST1050,Sharon Cochran,East,Bluetooth Speaker,Electronics,412.7,3.0,0.0,Debit Card,Mobile App,1238.1,1238.1
ORD100960,2025-08-07,CUST1194,Nathaniel Douglas,South,Toaster,Home & Kitchen,133.66,3.0,10.0,Cash on Delivery,In-Store,400.98,360.88
ORD102203,2025-09-19,CUST1248,Anthony Dougherty,Central,Webcam HD,Electronics,68.49,1.0,0.0,Debit Card,Mobile App,68.49,68.49
ORD103368,2024-07-25,CUST1400,Patricia Johnson,North,Standing Desk,Office Supplies,210.24,1.0,10.0,Credit Card,In-Store,210.24,189.22
ORD104916,2025-01-07,CUST1855,Rebecca French,North,Portable SSD 1TB,Electronics,407.13,1.0,15.0,Credit Card,Online,407.13,346.06
ORD105931,2024-01-28,CUST1144,Brenda Levy,Central,Running Shoes,Apparel,91.65,2.0,0.0,Cash on Delivery,In-Store,183.3,183.3
ORD103518,2024-01-02,CUST1613,Krista Barber,North,Notebook Pack,Office Supplies,26.35,2.0,0.0,UPI,Online,52.7,52.7
ORD101179,2024-04-07,CUST1060,Richard Lawson,East,Coffee Maker,Home & Kitchen,124.77,1.0,5.0,Cash on Delivery,Online,124.77,118.53
ORD104104,2025-05-27,CUST1894,Richard Jenkins,Central,Camping Tent,Sports & Outdoors,107.09,5.0,5.0,Cash on Delivery,In-Store,535.45,508.68
ORD103192,2025-12-17,CUST1441,Michael Anderson,North,Dumbbell Set,Sports & Outdoors,115.85,2.0,0.0,Credit Card,In-Store,231.7,231.7
ORD100741,2025-09-24,CUST1255,Gina Mcmillan,Central,Cotton T-Shirt,Apparel,56.06,3.0,0.0,UPI,In-Store,168.18,168.18
ORD105654,2024-12-03,CUST1671,Patty Allen,East,Standing Desk,Office Supplies,29.84,3.0,0.0,Credit Card,Mobile App,89.52,89.52
ORD103524,2024-08-30,CUST1672,Michael Cannon,South,Coffee Maker,Home & Kitchen,56.68,1.0,0.0,Unknown,In-Store,56.68,56.68
ORD102469,2024-06-11,CUST1142,Casey Anderson,Central,Wireless Mouse,Electronics,311.27,1.0,0.0,UPI,In-Store,311.27,311.27
ORD102187,2024-01-09,CUST1192,Helen Hardin,South,Dumbbell Set,Sports & Outdoors,256.55,1.0,5.0,Credit Card,Online,256.55,243.72
ORD103777,2024-07-27,CUST1690,Tammy Cook,East,Rice Cooker,Home & Kitchen,187.47,1.0,0.0,UPI,Online,187.47,187.47
ORD102589,2024-11-07,CUST1103,Marc Lynch,East,Toaster,Home & Kitchen,109.89,1.0,0.0,Credit Card,In-Store,109.89,109.89
ORD100324,2024-08-21,CUST1831,Kevin Anderson,West,Water Bottle,Sports & Outdoors,298.89,1.0,0.0,Debit Card,Online,298.89,298.89
ORD100083,2024-12-02,CUST1665,Mr. George Booker DDS,South,Yoga Mat,Sports & Outdoors,147.21,5.0,0.0,Cash on Delivery,In-Store,736.05,736.05
ORD105895,2024-06-30,CUST1683,Joshua Brooks,Central,Running Shoes,Apparel,90.97,1.0,5.0,Debit Card,Mobile App,90.97,86.42
ORD100356,2024-06-08,CUST1094,Jesse Parker,North,USB-C Hub,Electronics,246.26,3.0,0.0,PayPal,In-Store,738.78,738.78
ORD104926,2024-04-06,CUST1244,Kathleen Burton,South,Wireless Mouse,Electronics,420.17,1.0,5.0,UPI,Online,420.17,399.16
ORD100693,2025-10-30,CUST1849,Stephanie Butler,North,Toaster,Home & Kitchen,212.27,2.0,5.0,Credit Card,Online,424.54,403.31
ORD100514,2025-03-07,CUST1587,Jack Love,East,Bluetooth Speaker,Electronics,252.39,1.0,10.0,PayPal,In-Store,252.39,227.15
ORD101734,2024-12-12,CUST1287,Stephanie Harris,West,Notebook Pack,Office Supplies,332.06,1.0,0.0,PayPal,Mobile App,332.06,332.06
ORD103247,2024-03-15,CUST1372,Kenneth Farley,North,Non-stick Pan Set,Home & Kitchen,56.08,1.0,0.0,Debit Card,In-Store,56.08,56.08
ORD103007,2024-04-12,CUST1453,Matthew Greene,West,Wireless Mouse,Electronics,149.03,1.0,0.0,Debit Card,Online,149.03,149.03
ORD104720,2025-12-11,CUST1060,Richard Lawson,North,Notebook Pack,Office Supplies,82.26,1.0,10.0,Credit Card,In-Store,82.26,74.03
ORD101358,2024-09-21,CUST1132,James Thomas,East,Running Shoes,Apparel,49.52,1.0,15.0,PayPal,Mobile App,49.52,42.09
ORD102938,2024-01-05,CUST1856,Susan Cox,West,Desk Lamp,Office Supplies,239.82,1.0,15.0,Cash on Delivery,In-Store,239.82,203.85
ORD104963,2024-12-21,CUST1240,Travis Stone,South,Noise Cancelling Headphones,Electronics,130.41,1.0,0.0,Cash on Delivery,Mobile App,130.41,130.41
ORD100472,2024-04-03,CUST1735,Lisa Snyder,South,Camping Tent,Sports & Outdoors,266.17,1.0,10.0,UPI,Mobile App,266.17,239.55
ORD104721,2024-10-24,CUST1751,Kristen Smith,West,Cotton T-Shirt,Apparel,103.45,1.0,0.0,Credit Card,Online,103.45,103.45
ORD101064,2025-10-31,CUST1465,Sharon Beard,East,Yoga Mat,Sports & Outdoors,58.33,1.0,0.0,UPI,In-Store,58.33,58.33
ORD105541,2024-11-04,CUST1338,Richard Ward,West,Standing Desk,Office Supplies,216.49,5.0,0.0,PayPal,Online,1082.45,1082.45
ORD104758,2025-11-22,CUST1590,Christopher Nielsen,North,27in Monitor,Electronics,128.07,2.0,0.0,Credit Card,Mobile App,256.14,256.14
ORD102891,2025-04-25,CUST1645,Mark Anderson,East,Noise Cancelling Headphones,Electronics,423.72,5.0,0.0,UPI,Mobile App,2118.6,2118.6
ORD102054,2024-10-16,CUST1290,Jennifer Velasquez,South,Yoga Pants,Apparel,77.5,1.0,15.0,UPI,In-Store,77.5,65.88
ORD105686,2025-04-02,CUST1380,William Patterson,Central,Notebook Pack,Office Supplies,241.29,5.0,5.0,PayPal,Online,1206.45,1146.13
ORD105181,2024-04-21,CUST1370,Heather Page,South,Camping Tent,Sports & Outdoors,112.75,2.0,5.0,Debit Card,Online,225.5,214.22
ORD104346,2025-06-16,CUST1860,Mr. Bryan Mckinney,Central,Denim Jacket,Apparel,31.79,1.0,0.0,Debit Card,In-Store,31.79,31.79
ORD101005,2025-12-24,CUST1688,Misty Mcguire,West,USB-C Hub,Electronics,240.5,1.0,10.0,Credit Card,In-Store,240.5,216.45
ORD101759,2024-03-06,CUST1721,Jason Novak,Central,Running Shoes,Apparel,19.58,2.0,15.0,Credit Card,Online,39.16,33.29
ORD105897,2025-03-28,CUST1087,Robert Medina,West,USB-C Hub,Electronics,97.15,1.0,10.0,Cash on Delivery,Mobile App,97.15,87.44
ORD105890,2024-09-15,CUST1041,Victoria Valdez,Central,Smartwatch,Electronics,124.83,3.0,5.0,Cash on Delivery,Mobile App,374.49,355.77
ORD105774,2024-12-19,CUST1249,Michelle Lee,West,Non-stick Pan Set,Home & Kitchen,35.79,3.0,10.0,PayPal,In-Store,107.37,96.63
ORD102167,2025-11-15,CUST1767,Pamela Ruiz,East,Electric Kettle,Home & Kitchen,208.04,1.0,0.0,UPI,Online,208.04,208.04
ORD101575,2025-03-11,CUST1711,Steven Sandoval,Central,Bluetooth Speaker,Electronics,281.55,1.0,15.0,Debit Card,Online,281.55,239.32
ORD104606,2024-10-28,CUST1834,Michelle Salazar,Central,Desk Lamp,Office Supplies,276.45,1.0,10.0,Cash on Delivery,Online,276.45,248.8
ORD100140,2024-12-06,CUST1790,Angela Schultz,South,Wireless Mouse,Electronics,176.76,1.0,5.0,PayPal,Mobile App,176.76,167.92
ORD101880,2024-10-05,CUST1205,Phillip Nelson,West,Mechanical Keyboard,Electronics,37.59,2.0,20.0,UPI,Online,75.18,60.14
ORD105609,2024-08-20,CUST1195,Emily Douglas,Central,27in Monitor,Electronics,385.27,1.0,15.0,Debit Card,In-Store,385.27,327.48
ORD101997,2025-10-18,CUST1649,Adam Mills,Central,Ergonomic Chair,Office Supplies,150.86,2.0,0.0,Debit Card,Mobile App,301.72,301.72
ORD104024,2025-07-02,CUST1383,Kelly Wallace,West,Vacuum Cleaner,Home & Kitchen,143.69,2.0,5.0,Debit Card,Mobile App,287.38,273.01
ORD100237,2025-07-13,CUST1778,Susan Torres,Central,Smartwatch,Electronics,374.9,1.0,10.0,UPI,Online,374.9,337.41
ORD102175,2025-07-17,CUST1421,Krista Davis,South,Water Bottle,Sports & Outdoors,175.34,1.0,5.0,PayPal,Online,175.34,166.57
ORD102471,2025-04-12,CUST1621,Travis Vega,West,Ergonomic Chair,Office Supplies,236.54,4.0,0.0,PayPal,Online,946.16,946.16
ORD103581,2024-12-31,CUST1747,Elizabeth Hunter,East,Desk Lamp,Office Supplies,146.47,1.0,0.0,Cash on Delivery,Online,146.47,146.47
ORD102395,2025-08-13,CUST1418,John Phelps,West,Vacuum Cleaner,Home & Kitchen,84.84,4.0,15.0,Debit Card,In-Store,339.36,288.46
ORD102441,2024-01-30,CUST1044,Sandra Williams,South,USB-C Hub,Electronics,413.25,4.0,0.0,Debit Card,In-Store,1653.0,1653.0
ORD102269,2025-02-16,CUST1358,Katherine Church,South,Yoga Pants,Apparel,81.24,1.0,10.0,UPI,In-Store,81.24,73.12
ORD101315,2025-04-26,CUST1180,Thomas Atkins,East,Electric Kettle,Home & Kitchen,194.36,2.0,0.0,Debit Card,Online,388.72,388.72
ORD104863,2025-05-13,CUST1787,Dr. Michael Adams DVM,West,Portable SSD 1TB,Electronics,375.39,4.0,0.0,Credit Card,In-Store,1501.56,1501.56
ORD100914,2024-07-14,CUST1231,Michele Lewis,West,Standing Desk,Office Supplies,45.75,1.0,0.0,PayPal,Mobile App,45.75,45.75
ORD104211,2024-01-20,CUST1173,Cindy Barnes,West,Air Fryer,Home & Kitchen,88.1,3.0,10.0,Debit Card,Mobile App,264.3,237.87
ORD100373,2025-02-05,CUST1793,Mary Carter,East,Cycling Helmet,Sports & Outdoors,87.06,4.0,0.0,Cash on Delivery,Mobile App,348.24,348.24
ORD105404,2024-04-24,CUST1508,Maureen Hernandez,West,Denim Jacket,Apparel,62.92,1.0,0.0,Cash on Delivery,In-Store,62.92,62.92
ORD104344,2024-05-22,CUST1415,Samuel Howe,Central,Blender,Home & Kitchen,156.31,1.0,5.0,Debit Card,Mobile App,156.31,148.49
ORD101992,2025-04-19,CUST1791,Jose Harrison,Central,USB-C Hub,Electronics,202.94,1.0,10.0,Credit Card,Mobile App,202.94,182.65
ORD100310,2025-03-09,CUST1726,Cheryl Gonzales,Central,Wireless Mouse,Electronics,120.1,2.0,5.0,PayPal,In-Store,240.2,228.19
ORD103523,2025-04-17,CUST1609,Linda Bautista,West,Ergonomic Chair,Office Supplies,234.8,1.0,0.0,PayPal,Mobile App,234.8,234.8
ORD102628,2024-02-04,CUST1623,Blake Sosa,North,Denim Jacket,Apparel,43.72,1.0,0.0,PayPal,In-Store,43.72,43.72
ORD102208,2024-10-07,CUST1557,Ronald Johns,South,Dumbbell Set,Sports & Outdoors,237.86,2.0,10.0,Credit Card,In-Store,475.72,428.15
ORD105534,2024-09-27,CUST1169,John Boone,East,Bluetooth Speaker,Electronics,67.98,1.0,0.0,PayPal,In-Store,67.98,67.98
ORD103334,2025-10-25,CUST1499,Katherine Christensen MD,South,Desk Lamp,Office Supplies,310.98,1.0,0.0,Cash on Delivery,Mobile App,310.98,310.98
ORD104837,2025-03-02,CUST1010,Andrew Stewart,East,Notebook Pack,Office Supplies,222.05,1.0,0.0,UPI,Online,222.05,222.05
ORD101633,2025-08-02,CUST1803,Julia Leonard,North,Wireless Mouse,Electronics,404.51,2.0,10.0,Credit Card,Online,809.02,728.12
ORD104545,2024-09-09,CUST1672,Michael Cannon,South,Cotton T-Shirt,Apparel,110.37,4.0,0.0,Cash on Delivery,In-Store,441.48,441.48
ORD105425,2025-11-17,CUST1739,Matthew Graves,West,Whiteboard,Office Supplies,217.13,1.0,0.0,Cash on Delivery,Mobile App,217.13,217.13
ORD102787,2025-10-30,CUST1157,Richard Young,East,Notebook Pack,Office Supplies,29.73,2.0,0.0,Debit Card,Online,59.46,59.46
ORD103591,2025-04-19,CUST1855,Rebecca French,Central,Cotton T-Shirt,Apparel,41.98,2.0,0.0,PayPal,Mobile App,83.96,83.96
ORD100787,2024-10-30,CUST1323,Adam Jackson,East,Yoga Pants,Apparel,38.32,1.0,0.0,UPI,Mobile App,38.32,38.32
ORD100318,2024-02-25,CUST1542,Ashley Parrish,North,Yoga Mat,Sports & Outdoors,148.0,1.0,0.0,Debit Card,Online,148.0,148.0
ORD100415,2024-03-26,CUST1789,Blake Wu,East,Coffee Maker,Home & Kitchen,32.76,4.0,0.0,Cash on Delivery,Online,131.04,131.04
ORD100218,2025-09-27,CUST1405,Courtney Wright,North,Yoga Pants,Apparel,79.75,1.0,0.0,PayPal,In-Store,79.75,79.75
ORD101722,2025-12-08,CUST1740,Anna Evans,North,Wireless Mouse,Electronics,277.16,2.0,15.0,Cash on Delivery,Mobile App,554.32,471.17
ORD104197,2024-02-19,CUST1347,Robin Wheeler,North,Bluetooth Speaker,Electronics,175.54,2.0,10.0,Credit Card,Mobile App,351.08,315.97
ORD104261,2024-10-28,CUST1888,Sheena Burton,North,Wireless Mouse,Electronics,185.23,2.0,20.0,Cash on Delivery,Online,370.46,296.37
ORD101938,2025-07-20,CUST1464,Ashley Hernandez,West,Noise Cancelling Headphones,Electronics,330.37,1.0,15.0,PayPal,Online,330.37,280.81
ORD103761,2025-09-29,CUST1633,Dr. Samuel Holmes DDS,South,Denim Jacket,Apparel,63.06,1.0,0.0,Credit Card,In-Store,63.06,63.06
ORD104103,2025-04-02,CUST1680,Megan Park,Central,Ergonomic Chair,Office Supplies,203.75,1.0,20.0,Debit Card,Mobile App,203.75,163.0
ORD103542,2025-02-22,CUST1283,Stephanie Padilla,West,Standing Desk,Office Supplies,328.25,1.0,10.0,Debit Card,In-Store,328.25,295.42
ORD103156,2024-12-06,CUST1529,Ashley Carr,North,Electric Kettle,Home & Kitchen,197.82,1.0,0.0,UPI,Mobile App,197.82,197.82
ORD104402,2025-08-03,CUST1213,Jason Beck,North,Yoga Pants,Apparel,35.98,1.0,0.0,UPI,Mobile App,35.98,35.98
ORD104386,2024-04-20,CUST1373,Wendy Camacho,West,Webcam HD,Electronics,111.14,1.0,5.0,UPI,In-Store,111.14,105.58
ORD100132,2024-09-13,CUST1820,Heather Miller,North,Desk Lamp,Office Supplies,180.99,1.0,5.0,UPI,In-Store,180.99,171.94
ORD102038,2024-07-27,CUST1614,Jordan Powell,West,Running Shoes,Apparel,116.94,1.0,0.0,Unknown,Mobile App,116.94,116.94
ORD100610,2024-11-03,CUST1764,Michael Vance,North,Ergonomic Chair,Office Supplies,187.57,1.0,5.0,UPI,In-Store,187.57,178.19
ORD103101,2024-02-14,CUST1312,Alexis Tran,West,Webcam HD,Electronics,307.32,1.0,0.0,Credit Card,Online,307.32,307.32
ORD104062,2025-03-30,CUST1176,Michael Watkins,Central,Non-stick Pan Set,Home & Kitchen,58.29,1.0,0.0,Cash on Delivery,Mobile App,58.29,58.29
ORD102302,2024-01-26,CUST1650,Katherine Campos,Central,Power Bank,Electronics,216.77,1.0,0.0,PayPal,In-Store,216.77,216.77
ORD102680,2025-02-10,CUST1881,Jessica Mosley,Central,Blender,Home & Kitchen,122.67,2.0,5.0,Credit Card,Mobile App,245.34,233.07
ORD104570,2025-06-16,CUST1200,James Martin,West,Running Shoes,Apparel,33.97,1.0,5.0,Debit Card,In-Store,33.97,32.27
ORD104096,2025-11-01,CUST1226,Heidi Owen,Central,Non-stick Pan Set,Home & Kitchen,111.11,5.0,0.0,Cash on Delivery,Mobile App,555.55,555.55
ORD103311,2025-05-08,CUST1691,Sarah Mcfarland,North,Camping Tent,Sports & Outdoors,253.1,2.0,15.0,Debit Card,In-Store,506.2,430.27
ORD104146,2024-05-29,CUST1337,Derrick Adams,North,Running Shoes,Apparel,43.3,2.0,0.0,Cash on Delivery,Online,86.6,86.6
ORD101392,2024-08-30,CUST1214,Rachel Romero,West,Power Bank,Electronics,198.88,5.0,0.0,Credit Card,In-Store,994.4,994.4
ORD101928,2024-03-17,CUST1493,Abigail Hill,Central,Standing Desk,Office Supplies,30.28,1.0,0.0,PayPal,Mobile App,30.28,30.28
ORD105820,2024-10-16,CUST1163,Larry Garcia,Central,Mechanical Keyboard,Electronics,101.42,1.0,0.0,Credit Card,Mobile App,101.42,101.42
ORD101804,2025-09-09,CUST1296,Shaun Cannon,East,Vacuum Cleaner,Home & Kitchen,160.47,5.0,10.0,PayPal,Online,802.35,722.12
ORD100681,2024-08-08,CUST1312,Alexis Tran,East,Wireless Mouse,Electronics,361.26,1.0,15.0,UPI,Online,361.26,307.07
ORD101674,2025-05-26,CUST1868,Caitlyn Nichols,North,Yoga Mat,Sports & Outdoors,244.97,1.0,5.0,PayPal,Mobile App,244.97,232.72
ORD103847,2024-03-17,CUST1457,Rhonda Gutierrez,North,Power Bank,Electronics,427.84,2.0,15.0,UPI,Online,855.68,727.33
ORD102643,2025-09-21,CUST1190,Larry Mason,South,Vacuum Cleaner,Home & Kitchen,141.0,2.0,0.0,PayPal,In-Store,282.0,282.0
ORD104776,2025-08-20,CUST1097,Adrian Ferguson,North,Desk Lamp,Office Supplies,178.36,1.0,0.0,Cash on Delivery,Mobile App,178.36,178.36
ORD101500,2025-11-12,CUST1531,Leah Barton,West,Wool Sweater,Apparel,51.23,2.0,10.0,Debit Card,In-Store,102.46,92.21
ORD102241,2025-12-02,CUST1796,Michael Washington,West,Denim Jacket,Apparel,92.67,2.0,0.0,Debit Card,Online,185.34,185.34
ORD105400,2024-10-28,CUST1234,Michelle Ho,East,Vacuum Cleaner,Home & Kitchen,76.98,1.0,0.0,UPI,In-Store,76.98,76.98
ORD103547,2025-10-23,CUST1209,Luis Bullock,South,Webcam HD,Electronics,230.99,2.0,5.0,PayPal,Mobile App,461.98,438.88
ORD101677,2024-01-23,CUST1351,Todd Thomas,North,Coffee Maker,Home & Kitchen,106.18,4.0,0.0,Credit Card,Mobile App,424.72,424.72
ORD101693,2024-02-05,CUST1089,Mary Rogers,South,Denim Jacket,Apparel,97.1,1.0,0.0,Credit Card,Online,97.1,97.1
ORD104740,2024-07-31,CUST1442,Patricia Bradley,West,Noise Cancelling Headphones,Electronics,297.25,1.0,0.0,UPI,Mobile App,297.25,297.25
ORD104516,2025-03-11,CUST1083,Michael Burton,West,Ergonomic Chair,Office Supplies,295.19,1.0,10.0,Debit Card,Mobile App,295.19,265.67
ORD100266,2024-03-02,CUST1429,Rachael Howard DDS,North,Noise Cancelling Headphones,Electronics,385.83,2.0,0.0,Debit Card,Mobile App,771.66,771.66
ORD105366,2025-11-05,CUST1252,Stephen Luna,North,Wool Sweater,Apparel,102.36,1.0,15.0,UPI,Online,102.36,87.01
ORD100282,2024-07-25,CUST1339,Brian Torres,East,Wireless Mouse,Electronics,123.86,1.0,15.0,PayPal,Mobile App,123.86,105.28
ORD104207,2024-01-06,CUST1649,Adam Mills,North,Portable SSD 1TB,Electronics,254.4,3.0,0.0,Debit Card,In-Store,763.2,763.2
ORD102413,2024-03-20,CUST1370,Heather Page,East,Wireless Mouse,Electronics,337.64,3.0,10.0,Cash on Delivery,Mobile App,1012.92,911.63
ORD101562,2024-01-29,CUST1713,Erin Daniels,North,Power Bank,Electronics,66.38,1.0,0.0,UPI,In-Store,66.38,66.38
ORD102632,2025-08-20,CUST1407,John Campbell,West,Wool Sweater,Apparel,88.04,5.0,20.0,PayPal,In-Store,440.2,352.16
ORD100147,2025-01-05,CUST1797,Samantha Monroe,North,Power Bank,Electronics,313.19,1.0,5.0,Cash on Delivery,Online,313.19,297.53
ORD102173,2024-05-22,CUST1612,Penny Gomez MD,Central,Notebook Pack,Office Supplies,127.12,1.0,0.0,Cash on Delivery,Mobile App,127.12,127.12
ORD100448,2025-05-31,CUST1770,Bethany Garcia,Central,Electric Kettle,Home & Kitchen,50.64,2.0,5.0,UPI,In-Store,101.28,96.22
ORD103227,2025-05-21,CUST1123,Kimberly Gibson,West,Mechanical Keyboard,Electronics,167.03,2.0,0.0,Credit Card,Mobile App,334.06,334.06
ORD100927,2024-01-14,CUST1466,Kara Jackson,North,Standing Desk,Office Supplies,67.88,2.0,0.0,UPI,In-Store,135.76,135.76
ORD104934,2025-10-19,CUST1217,Carrie Maxwell,East,Mechanical Keyboard,Electronics,195.08,1.0,0.0,UPI,Online,195.08,195.08
ORD102969,2025-12-10,CUST1541,Miss Brianna Brown,Central,Wool Sweater,Apparel,112.99,1.0,15.0,Debit Card,Online,112.99,96.04
ORD100557,2025-10-26,CUST1244,Kathleen Burton,North,Running Shoes,Apparel,73.88,3.0,0.0,Cash on Delivery,Mobile App,221.64,221.64
ORD105112,2024-10-19,CUST1172,Kylie Morales,North,Running Shoes,Apparel,84.52,4.0,0.0,Cash on Delivery,In-Store,338.08,338.08
ORD101311,2025-05-17,CUST1368,Jeffery Fitzgerald,South,Running Shoes,Apparel,62.49,3.0,0.0,UPI,In-Store,187.47,187.47
ORD101091,2024-04-24,CUST1776,Daniel Taylor,North,Rice Cooker,Home & Kitchen,105.72,1.0,10.0,PayPal,In-Store,105.72,95.15
ORD101568,2025-01-25,CUST1252,Stephen Luna,East,Standing Desk,Office Supplies,29.92,2.0,5.0,Credit Card,In-Store,59.84,56.85
ORD103419,2025-08-15,CUST1169,John Boone,Central,Mechanical Keyboard,Electronics,97.55,4.0,0.0,Credit Card,Online,390.2,390.2
ORD103094,2024-08-23,CUST1669,Denise Guerra,Central,Mechanical Keyboard,Electronics,212.57,4.0,10.0,PayPal,Mobile App,850.28,765.25
ORD104113,2025-02-14,CUST1537,Miguel Parks,Central,Toaster,Home & Kitchen,172.44,1.0,0.0,Cash on Delivery,In-Store,172.44,172.44
ORD103980,2025-04-18,CUST1629,Derrick Mullen,South,Non-stick Pan Set,Home & Kitchen,191.72,1.0,10.0,Credit Card,In-Store,191.72,172.55
ORD104240,2024-09-02,CUST1063,Angel Riggs,East,Dumbbell Set,Sports & Outdoors,122.91,2.0,0.0,PayPal,Mobile App,245.82,245.82
ORD105170,2024-01-22,CUST1419,Amanda Huff,South,Cycling Helmet,Sports & Outdoors,162.92,2.0,0.0,Credit Card,In-Store,325.84,325.84
ORD101461,2025-11-14,CUST1758,Kelly Smith,Central,Mechanical Keyboard,Electronics,194.3,2.0,10.0,Debit Card,Online,388.6,349.74
ORD102118,2025-07-06,CUST1502,Alicia Norris,South,Portable SSD 1TB,Electronics,416.56,1.0,0.0,Cash on Delivery,Mobile App,416.56,416.56
ORD103677,2025-09-29,CUST1235,Dr. Cynthia Snyder,North,Wool Sweater,Apparel,36.58,1.0,0.0,UPI,Online,36.58,36.58
ORD105403,2024-08-20,CUST1766,Anna Lang,Central,Camping Tent,Sports & Outdoors,206.7,2.0,5.0,PayPal,Mobile App,413.4,392.73
ORD103914,2025-11-12,CUST1899,Rachel Jones,East,Power Bank,Electronics,140.65,4.0,15.0,PayPal,Online,562.6,478.21
ORD105802,2025-08-08,CUST1372,Kenneth Farley,West,Toaster,Home & Kitchen,157.94,1.0,0.0,Credit Card,Online,157.94,157.94
ORD105424,2025-12-14,CUST1041,Victoria Valdez,North,Coffee Maker,Home & Kitchen,36.11,1.0,0.0,Debit Card,In-Store,36.11,36.11
ORD104411,2025-08-01,CUST1195,Emily Douglas,West,Bluetooth Speaker,Electronics,29.26,1.0,5.0,Debit Card,Mobile App,29.26,27.8
ORD100311,2025-11-09,CUST1104,Brad Allen,West,Portable SSD 1TB,Electronics,153.41,2.0,0.0,PayPal,Mobile App,306.82,306.82
ORD104241,2025-10-26,CUST1277,Todd Rosales MD,South,Smartwatch,Electronics,216.57,3.0,5.0,Debit Card,Online,649.71,617.22
ORD102188,2024-10-20,CUST1125,Matthew Hoover,West,Dumbbell Set,Sports & Outdoors,98.88,5.0,10.0,Debit Card,Online,494.4,444.96
ORD101198,2024-06-05,CUST1044,Sandra Williams,North,Whiteboard,Office Supplies,270.71,1.0,5.0,PayPal,Online,270.71,257.17
ORD104718,2025-04-08,CUST1222,Kathleen Jimenez,East,Coffee Maker,Home & Kitchen,118.89,4.0,15.0,Debit Card,Online,475.56,404.23
ORD103849,2025-05-03,CUST1133,Bob Pitts,East,Yoga Mat,Sports & Outdoors,282.06,1.0,20.0,Credit Card,In-Store,282.06,225.65
ORD102556,2025-10-24,CUST1276,Tanya Rogers,East,Yoga Mat,Sports & Outdoors,252.46,2.0,15.0,PayPal,Online,504.92,429.18
ORD100860,2025-06-24,CUST1481,Brian Brown,South,Mechanical Keyboard,Electronics,30.3,3.0,10.0,PayPal,In-Store,90.9,81.81
ORD104194,2024-04-23,CUST1600,Angela George,Central,Wool Sweater,Apparel,21.08,2.0,0.0,Credit Card,Mobile App,42.16,42.16
ORD103067,2025-12-14,CUST1336,Misty Hansen,East,Standing Desk,Office Supplies,186.08,5.0,15.0,PayPal,Mobile App,930.4,790.84
ORD101377,2025-10-25,CUST1723,Ricardo Franklin,South,Dumbbell Set,Sports & Outdoors,274.29,1.0,0.0,Credit Card,Online,274.29,274.29
ORD103181,2025-12-20,CUST1244,Kathleen Burton,Central,Rice Cooker,Home & Kitchen,36.49,2.0,0.0,Debit Card,Online,72.98,72.98
ORD101167,2025-12-12,CUST1026,Timothy Duncan,North,Dumbbell Set,Sports & Outdoors,249.93,1.0,0.0,Debit Card,Online,249.93,249.93
ORD103332,2025-12-29,CUST1078,Trevor Fisher,West,Smartwatch,Electronics,321.51,1.0,0.0,UPI,Online,321.51,321.51
ORD104674,2024-10-23,CUST1167,Kristina Santiago,Central,Water Bottle,Sports & Outdoors,136.12,3.0,0.0,PayPal,In-Store,408.36,408.36
ORD101932,2025-04-20,CUST1889,Laura Bruce,East,Cotton T-Shirt,Apparel,67.02,1.0,0.0,Credit Card,Online,67.02,67.02
ORD103158,2025-08-21,CUST1771,Jennifer Gutierrez,North,Wireless Mouse,Electronics,263.33,2.0,0.0,PayPal,In-Store,526.66,526.66
ORD100254,2024-06-25,CUST1374,Sandra Juarez,North,Air Fryer,Home & Kitchen,217.38,4.0,0.0,Credit Card,Online,869.52,869.52
ORD101045,2024-12-25,CUST1318,Jennifer Smith,South,Vacuum Cleaner,Home & Kitchen,141.71,2.0,0.0,UPI,Mobile App,283.42,283.42
ORD101474,2025-04-17,CUST1736,Kyle Smith,Central,Dumbbell Set,Sports & Outdoors,91.17,3.0,5.0,Cash on Delivery,In-Store,273.51,259.83
ORD104042,2025-07-10,CUST1717,Elizabeth Reese,East,Denim Jacket,Apparel,51.39,1.0,10.0,Debit Card,Online,51.39,46.25
ORD102766,2024-07-21,CUST1286,Angela Griffin,North,Running Shoes,Apparel,114.4,1.0,10.0,UPI,Online,114.4,102.96
ORD104015,2025-04-04,CUST1830,Donald Todd,Central,Desk Lamp,Office Supplies,153.87,1.0,0.0,Cash on Delivery,Mobile App,153.87,153.87
ORD105035,2024-08-20,CUST1583,Michael Boyd,Central,Power Bank,Electronics,149.87,3.0,5.0,UPI,In-Store,449.61,427.13
ORD103562,2025-03-28,CUST1208,Raven Taylor,East,Bluetooth Speaker,Electronics,205.78,1.0,0.0,Unknown,Mobile App,205.78,205.78
ORD100859,2024-06-10,CUST1857,Jacob Wong,East,Water Bottle,Sports & Outdoors,27.58,1.0,5.0,PayPal,Online,27.58,26.2
ORD102616,2024-03-24,CUST1701,Robert Torres,South,Running Shoes,Apparel,51.51,4.0,10.0,Cash on Delivery,Mobile App,206.04,185.44
ORD104183,2025-07-15,CUST1307,Claire Clark,South,Wireless Mouse,Electronics,256.94,5.0,15.0,Credit Card,Mobile App,1284.7,1092.0
ORD103273,2024-06-15,CUST1312,Alexis Tran,Central,Camping Tent,Sports & Outdoors,171.87,1.0,0.0,Debit Card,In-Store,171.87,171.87
ORD100268,2024-11-18,CUST1242,Matthew Le,East,Wool Sweater,Apparel,22.86,2.0,0.0,UPI,Mobile App,45.72,45.72
ORD103526,2024-04-30,CUST1399,Gregory Holmes PhD,West,Dumbbell Set,Sports & Outdoors,74.7,1.0,0.0,Credit Card,In-Store,74.7,74.7
ORD102467,2025-10-03,CUST1418,John Phelps,East,Running Shoes,Apparel,77.93,1.0,0.0,Debit Card,Mobile App,77.93,77.93
ORD100746,2024-06-14,CUST1482,Stephanie Evans,Central,Coffee Maker,Home & Kitchen,129.69,1.0,10.0,Credit Card,Mobile App,129.69,116.72
ORD101758,2024-04-09,CUST1684,Andrew Mitchell,East,Coffee Maker,Home & Kitchen,87.04,1.0,5.0,Credit Card,Online,87.04,82.69
ORD104310,2024-04-30,CUST1069,Jeremiah Reeves,North,Wool Sweater,Apparel,76.13,1.0,10.0,Cash on Delivery,In-Store,76.13,68.52
ORD101531,2024-09-10,CUST1102,Joseph Hayes,South,Wireless Mouse,Electronics,367.59,2.0,0.0,Credit Card,In-Store,735.18,735.18
ORD104490,2025-09-01,CUST1304,Kristina Faulkner,North,Water Bottle,Sports & Outdoors,154.36,1.0,0.0,Credit Card,Online,154.36,154.36
ORD101520,2024-07-02,CUST1549,Michael Fox,South,Ergonomic Chair,Office Supplies,109.83,1.0,0.0,PayPal,Mobile App,109.83,109.83
ORD101789,2024-08-05,CUST1013,Zachary Hicks,East,Electric Kettle,Home & Kitchen,22.91,4.0,0.0,PayPal,Mobile App,91.64,91.64
ORD103189,2025-02-14,CUST1736,Kyle Smith,South,Dumbbell Set,Sports & Outdoors,228.53,1.0,0.0,UPI,In-Store,228.53,228.53
ORD100898,2024-07-03,CUST1289,Jose Bryant,North,Yoga Mat,Sports & Outdoors,43.95,4.0,0.0,UPI,In-Store,175.8,175.8
ORD101329,2024-10-09,CUST1095,Tiffany Vaughn,North,Wool Sweater,Apparel,91.8,2.0,5.0,Credit Card,Online,183.6,174.42
ORD105055,2025-01-22,CUST1708,Thomas Torres,East,Wireless Mouse,Electronics,421.68,1.0,0.0,PayPal,Mobile App,421.68,421.68
ORD103721,2025-04-18,CUST1555,Jose Vaughan,North,Desk Lamp,Office Supplies,316.38,1.0,0.0,Credit Card,In-Store,316.38,316.38
ORD105509,2025-04-27,CUST1222,Kathleen Jimenez,Central,Wireless Mouse,Electronics,261.01,1.0,0.0,Cash on Delivery,Online,261.01,261.01
ORD100245,2025-04-15,CUST1047,Rebecca Valencia,South,Denim Jacket,Apparel,74.44,1.0,0.0,Debit Card,In-Store,74.44,74.44
ORD103060,2024-06-15,CUST1290,Jennifer Velasquez,Central,USB-C Hub,Electronics,188.35,1.0,0.0,Debit Card,Online,188.35,188.35
ORD102459,2025-03-27,CUST1114,Brandon King,West,Non-stick Pan Set,Home & Kitchen,34.39,1.0,5.0,UPI,Online,34.39,32.67
ORD103837,2025-05-20,CUST1851,Melissa Russell,Central,Denim Jacket,Apparel,65.58,1.0,10.0,PayPal,Mobile App,65.58,59.02
ORD103623,2025-09-24,CUST1031,Tammy Allison,North,Toaster,Home & Kitchen,72.93,1.0,0.0,Debit Card,In-Store,72.93,72.93
ORD101882,2024-05-27,CUST1670,Kimberly Gibson,Central,Water Bottle,Sports & Outdoors,101.87,2.0,0.0,UPI,Online,203.74,203.74
ORD102034,2024-12-01,CUST1002,Cristian Santos,East,Running Shoes,Apparel,111.79,1.0,0.0,Credit Card,Mobile App,111.79,111.79
ORD100872,2024-11-17,CUST1510,Sarah Ward,West,Notebook Pack,Office Supplies,196.03,5.0,0.0,PayPal,Online,980.15,980.15
ORD104035,2025-11-26,CUST1161,Katherine Browning,South,Running Shoes,Apparel,102.42,3.0,5.0,UPI,Online,307.26,291.9
ORD103420,2025-03-27,CUST1142,Casey Anderson,North,Coffee Maker,Home & Kitchen,91.31,2.0,0.0,Cash on Delivery,Online,182.62,182.62
ORD100146,2025-02-19,CUST1076,James Elliott,West,Bluetooth Speaker,Electronics,286.31,1.0,5.0,Debit Card,Online,286.31,271.99
ORD102468,2025-10-26,CUST1328,Jasmine Mosley,Central,Air Fryer,Home & Kitchen,54.14,1.0,10.0,Debit Card,Mobile App,54.14,48.73
ORD102083,2025-09-06,CUST1503,Michael Harris,West,USB-C Hub,Electronics,169.93,2.0,0.0,Cash on Delivery,Online,339.86,339.86
ORD101831,2025-10-12,CUST1548,Frank Williams,Central,Wool Sweater,Apparel,115.68,1.0,15.0,UPI,In-Store,115.68,98.33
ORD101489,2024-05-12,CUST1006,Shannon Ray,Central,Wool Sweater,Apparel,73.96,2.0,0.0,Cash on Delivery,Mobile App,147.92,147.92
ORD105708,2025-05-11,CUST1590,Christopher Nielsen,North,Power Bank,Electronics,103.95,3.0,0.0,PayPal,Online,311.85,311.85
ORD105351,2024-10-30,CUST1525,Jordan Clark,Central,Noise Cancelling Headphones,Electronics,409.27,1.0,0.0,UPI,In-Store,409.27,409.27
ORD103291,2024-09-29,CUST1009,Joel Nelson,North,Rice Cooker,Home & Kitchen,139.54,2.0,0.0,PayPal,Mobile App,279.08,279.08
ORD102031,2024-09-01,CUST1091,Jason Peters,West,Portable SSD 1TB,Electronics,292.7,5.0,0.0,Debit Card,Mobile App,1463.5,1463.5
ORD101594,2025-09-04,CUST1882,John Dillon,South,Portable SSD 1TB,Electronics,314.44,1.0,10.0,UPI,Mobile App,314.44,283.0
ORD100190,2025-05-03,CUST1032,Carmen Smith,South,Electric Kettle,Home & Kitchen,69.5,1.0,10.0,Credit Card,Online,69.5,62.55
ORD102929,2024-10-31,CUST1668,Edward Terry,East,Bluetooth Speaker,Electronics,118.52,3.0,0.0,UPI,Online,355.56,355.56
ORD105186,2025-01-22,CUST1454,Bradley Anthony,North,Water Bottle,Sports & Outdoors,106.83,1.0,10.0,Debit Card,Online,106.83,96.15
ORD105376,2024-03-29,CUST1618,Austin Schultz,North,Standing Desk,Office Supplies,332.71,1.0,0.0,Debit Card,In-Store,332.71,332.71
ORD104757,2024-02-06,CUST1606,Lisa Cohen,West,Cotton T-Shirt,Apparel,88.73,3.0,5.0,Debit Card,Online,266.19,252.88
ORD104272,2025-07-01,CUST1215,James Burgess,West,Camping Tent,Sports & Outdoors,297.13,1.0,5.0,Debit Card,Mobile App,297.13,282.27
ORD102600,2025-01-12,CUST1368,Jeffery Fitzgerald,Central,Rice Cooker,Home & Kitchen,110.32,3.0,0.0,Credit Card,In-Store,330.96,330.96
ORD104431,2024-11-27,CUST1504,Lisa Haynes,Central,Notebook Pack,Office Supplies,100.25,3.0,0.0,Credit Card,In-Store,300.75,300.75
ORD100957,2025-09-13,CUST1452,Kenneth Larsen,Central,Yoga Mat,Sports & Outdoors,188.23,1.0,10.0,Credit Card,Online,188.23,169.41
ORD103250,2025-08-18,CUST1706,James Bray,North,Wool Sweater,Apparel,109.93,2.0,0.0,Credit Card,In-Store,219.86,219.86
ORD102130,2025-01-28,CUST1212,Jose Allen,South,Whiteboard,Office Supplies,94.13,1.0,0.0,PayPal,In-Store,94.13,94.13
ORD102338,2024-02-02,CUST1815,Gary Myers,East,Wireless Mouse,Electronics,66.88,2.0,0.0,Debit Card,Mobile App,133.76,133.76
ORD105494,2025-10-31,CUST1689,Susan Larson,Central,Wireless Mouse,Electronics,245.07,1.0,5.0,UPI,Mobile App,245.07,232.82
ORD100728,2025-01-03,CUST1100,Jennifer Jones,West,Smartwatch,Electronics,242.94,2.0,0.0,Debit Card,In-Store,485.88,485.88
ORD103046,2024-02-08,CUST1378,Frank Campbell MD,East,Mechanical Keyboard,Electronics,266.65,5.0,0.0,Credit Card,Online,1333.25,1333.25
ORD101551,2025-06-09,CUST1276,Tanya Rogers,East,Mechanical Keyboard,Electronics,422.01,2.0,10.0,Cash on Delivery,Mobile App,844.02,759.62
ORD103325,2025-01-04,CUST1234,Michelle Ho,West,Rice Cooker,Home & Kitchen,203.65,1.0,10.0,Debit Card,In-Store,203.65,183.28
ORD104683,2025-10-06,CUST1206,Stacey Arias,South,Portable SSD 1TB,Electronics,205.82,5.0,0.0,Credit Card,Online,1029.1,1029.1
ORD105985,2024-07-31,CUST1312,Alexis Tran,West,Running Shoes,Apparel,24.07,1.0,5.0,Debit Card,In-Store,24.07,22.87
ORD104136,2025-06-27,CUST1272,Vanessa Moore,West,Ergonomic Chair,Office Supplies,336.81,5.0,0.0,Debit Card,In-Store,1684.05,1684.05
ORD102877,2024-08-06,CUST1042,Shawn Baker,Central,Blender,Home & Kitchen,28.42,4.0,5.0,Credit Card,In-Store,113.68,108.0
ORD105788,2025-05-30,CUST1615,Kathy Morgan,South,Dumbbell Set,Sports & Outdoors,279.61,1.0,15.0,Credit Card,In-Store,279.61,237.67
ORD101196,2025-04-25,CUST1530,Richard Love,East,Standing Desk,Office Supplies,333.07,2.0,20.0,Credit Card,Online,666.14,532.91
ORD104938,2024-06-29,CUST1773,Kimberly Young,West,Vacuum Cleaner,Home & Kitchen,153.55,1.0,0.0,Debit Card,In-Store,153.55,153.55
ORD100020,2025-07-17,CUST1453,Matthew Greene,Central,Toaster,Home & Kitchen,56.7,1.0,10.0,Cash on Delivery,Online,56.7,51.03
ORD105357,2024-02-14,CUST1792,Thomas Curry,Central,Cycling Helmet,Sports & Outdoors,160.11,3.0,5.0,Credit Card,In-Store,480.33,456.31
ORD103573,2025-04-28,CUST1774,Kyle Nguyen,East,Whiteboard,Office Supplies,162.17,1.0,0.0,Credit Card,Mobile App,162.17,162.17
ORD100945,2024-05-27,CUST1718,Phillip Salazar,North,Whiteboard,Office Supplies,173.7,1.0,0.0,UPI,Online,173.7,173.7
ORD105323,2024-11-25,CUST1739,Matthew Graves,Central,Yoga Mat,Sports & Outdoors,207.58,2.0,0.0,Unknown,Online,415.16,415.16
ORD101729,2024-07-06,CUST1209,Luis Bullock,East,Coffee Maker,Home & Kitchen,34.5,4.0,0.0,UPI,Online,138.0,138.0
ORD103537,2025-02-24,CUST1496,Michael Sims,West,Standing Desk,Office Supplies,129.25,4.0,0.0,PayPal,Mobile App,517.0,517.0
ORD101018,2024-03-16,CUST1882,John Dillon,South,Mechanical Keyboard,Electronics,370.52,1.0,0.0,UPI,Online,370.52,370.52
ORD103995,2025-01-23,CUST1497,James Chapman,North,Running Shoes,Apparel,116.32,1.0,0.0,Cash on Delivery,In-Store,116.32,116.32
ORD105562,2025-03-26,CUST1002,Cristian Santos,Central,Denim Jacket,Apparel,75.72,2.0,10.0,Credit Card,In-Store,151.44,136.3
ORD100539,2024-12-04,CUST1595,Chase Davis,North,Noise Cancelling Headphones,Electronics,96.42,1.0,0.0,Cash on Delivery,In-Store,96.42,96.42
ORD101480,2025-08-09,CUST1559,Laura Perez,South,Cotton T-Shirt,Apparel,97.9,3.0,20.0,PayPal,In-Store,293.7,234.96
ORD104884,2024-04-06,CUST1417,Christopher Owens,East,Cycling Helmet,Sports & Outdoors,261.08,4.0,20.0,UPI,Online,1044.32,835.46
ORD105109,2025-11-30,CUST1412,Valerie Thomas,South,Smartwatch,Electronics,167.79,4.0,0.0,Cash on Delivery,Online,671.16,671.16
ORD104795,2025-10-12,CUST1778,Susan Torres,East,Wireless Mouse,Electronics,382.2,1.0,5.0,Debit Card,Online,382.2,363.09
ORD103949,2025-03-14,CUST1190,Larry Mason,North,Yoga Mat,Sports & Outdoors,179.91,1.0,15.0,UPI,In-Store,179.91,152.92
ORD105746,2024-01-13,CUST1180,Thomas Atkins,Central,Bluetooth Speaker,Electronics,124.32,1.0,15.0,Credit Card,In-Store,124.32,105.67
ORD105056,2024-10-20,CUST1613,Krista Barber,South,Yoga Mat,Sports & Outdoors,209.18,2.0,0.0,Credit Card,In-Store,418.36,418.36
ORD104632,2024-12-24,CUST1510,Sarah Ward,East,27in Monitor,Electronics,127.69,1.0,0.0,Cash on Delivery,In-Store,127.69,127.69
ORD100055,2025-02-08,CUST1824,Judy Gregory,Central,Denim Jacket,Apparel,25.7,3.0,0.0,PayPal,Mobile App,77.1,77.1
ORD104598,2025-12-06,CUST1771,Jennifer Gutierrez,West,Bluetooth Speaker,Electronics,227.46,1.0,0.0,Credit Card,Mobile App,227.46,227.46
ORD101362,2024-12-16,CUST1064,Michael Snyder,Central,Yoga Mat,Sports & Outdoors,274.34,2.0,0.0,Cash on Delivery,Online,548.68,548.68
ORD104966,2024-03-12,CUST1537,Miguel Parks,West,Camping Tent,Sports & Outdoors,20.24,5.0,0.0,Credit Card,In-Store,101.2,101.2
ORD103317,2024-09-03,CUST1068,Paul Larsen,West,Portable SSD 1TB,Electronics,412.0,2.0,0.0,UPI,Mobile App,824.0,824.0
ORD102179,2024-10-16,CUST1410,Makayla Steele,East,Running Shoes,Apparel,22.76,1.0,0.0,Cash on Delivery,Mobile App,22.76,22.76
ORD101060,2024-03-14,CUST1611,Lisa Craig,South,USB-C Hub,Electronics,194.95,1.0,0.0,Cash on Delivery,Online,194.95,194.95
ORD102388,2025-04-13,CUST1336,Misty Hansen,Central,27in Monitor,Electronics,162.15,1.0,0.0,Cash on Delivery,Mobile App,162.15,162.15
ORD102539,2024-06-10,CUST1078,Trevor Fisher,East,Rice Cooker,Home & Kitchen,51.9,4.0,0.0,Cash on Delivery,In-Store,207.6,207.6
ORD103536,2025-06-23,CUST1556,Austin Santiago,South,Denim Jacket,Apparel,78.88,1.0,15.0,Credit Card,In-Store,78.88,67.05
ORD100412,2025-02-18,CUST1646,Julie Pitts,Central,Denim Jacket,Apparel,106.17,2.0,0.0,Unknown,Online,212.34,212.34
ORD100519,2024-04-28,CUST1055,William Wilson,East,Portable SSD 1TB,Electronics,333.55,1.0,5.0,UPI,In-Store,333.55,316.87
ORD102342,2025-04-14,CUST1106,Dennis Moody,North,Vacuum Cleaner,Home & Kitchen,132.13,4.0,0.0,PayPal,Online,528.52,528.52
ORD102822,2025-11-17,CUST1217,Carrie Maxwell,Central,Vacuum Cleaner,Home & Kitchen,54.49,3.0,20.0,Cash on Delivery,Mobile App,163.47,130.78
ORD103133,2025-11-16,CUST1057,Lisa Alvarado,Central,Bluetooth Speaker,Electronics,260.94,2.0,0.0,PayPal,Mobile App,521.88,521.88
ORD100085,2024-05-29,CUST1367,Ashley Wilson,West,Webcam HD,Electronics,408.96,1.0,0.0,UPI,Mobile App,408.96,408.96
ORD104603,2024-01-31,CUST1319,Megan Drake,East,Yoga Mat,Sports & Outdoors,21.18,3.0,0.0,PayPal,Online,63.54,63.54
ORD101158,2024-09-01,CUST1097,Adrian Ferguson,Central,Coffee Maker,Home & Kitchen,138.07,3.0,0.0,Cash on Delivery,In-Store,414.21,414.21
ORD102332,2025-09-25,CUST1354,Christopher Moore,East,Smartwatch,Electronics,315.04,1.0,15.0,Credit Card,In-Store,315.04,267.78
ORD103988,2024-07-18,CUST1427,Danielle Phillips,West,Wireless Mouse,Electronics,188.41,1.0,0.0,Cash on Delivery,Mobile App,188.41,188.41
ORD105812,2025-10-09,CUST1341,Ernest Oconnell,East,Desk Lamp,Office Supplies,197.31,1.0,0.0,Credit Card,In-Store,197.31,197.31
ORD102866,2024-02-11,CUST1390,Katrina Adkins,South,Air Fryer,Home & Kitchen,61.92,3.0,0.0,Credit Card,Online,185.76,185.76
ORD104023,2024-03-15,CUST1814,Jonathan Delgado,South,Standing Desk,Office Supplies,275.94,5.0,0.0,PayPal,Online,1379.7,1379.7
ORD105077,2024-01-19,CUST1527,Brent Hopkins,Central,Wool Sweater,Apparel,80.93,2.0,0.0,PayPal,Mobile App,161.86,161.86
ORD105905,2025-08-26,CUST1008,Daniel Adams,East,Air Fryer,Home & Kitchen,59.02,1.0,0.0,Cash on Delivery,Online,59.02,59.02
ORD100789,2024-12-07,CUST1385,Edwin Reyes,East,Cycling Helmet,Sports & Outdoors,149.75,3.0,0.0,Debit Card,Mobile App,449.25,449.25
ORD102660,2025-10-17,CUST1145,Richard Smith,West,Denim Jacket,Apparel,15.3,4.0,15.0,UPI,In-Store,61.2,52.02
ORD100685,2024-02-24,CUST1633,Dr. Samuel Holmes DDS,East,Webcam HD,Electronics,263.44,1.0,0.0,Cash on Delivery,Online,263.44,263.44
ORD102502,2025-02-08,CUST1520,Mason Moore,North,USB-C Hub,Electronics,255.22,4.0,0.0,UPI,In-Store,1020.88,1020.88
ORD102913,2025-12-18,CUST1756,Brittany Peterson,East,Webcam HD,Electronics,121.17,1.0,10.0,Cash on Delivery,Mobile App,121.17,109.05
ORD102480,2025-11-21,CUST1357,Rebecca Herrera,East,Bluetooth Speaker,Electronics,89.45,3.0,5.0,PayPal,In-Store,268.35,254.93
ORD100468,2024-02-09,CUST1896,Tammy Mendoza,East,Power Bank,Electronics,424.13,2.0,10.0,UPI,In-Store,848.26,763.43
ORD101364,2025-05-21,CUST1854,Faith Johnson,Central,Yoga Pants,Apparel,93.51,1.0,5.0,UPI,In-Store,93.51,88.83
ORD101075,2024-01-19,CUST1099,John Peterson,Central,Cotton T-Shirt,Apparel,43.04,2.0,0.0,Debit Card,Online,86.08,86.08
ORD102258,2024-01-29,CUST1736,Kyle Smith,North,Denim Jacket,Apparel,84.72,1.0,0.0,Cash on Delivery,Online,84.72,84.72
ORD101815,2025-05-07,CUST1763,Amber Johnson,North,Yoga Mat,Sports & Outdoors,254.67,1.0,5.0,Credit Card,Online,254.67,241.94
ORD104651,2024-09-25,CUST1668,Edward Terry,East,Cycling Helmet,Sports & Outdoors,281.48,2.0,0.0,Cash on Delivery,In-Store,562.96,562.96
ORD104264,2024-03-01,CUST1107,Derek Thomas,East,Electric Kettle,Home & Kitchen,137.5,3.0,0.0,PayPal,Mobile App,412.5,412.5
ORD105029,2025-07-18,CUST1754,David Hayes DVM,Central,Electric Kettle,Home & Kitchen,52.55,1.0,5.0,PayPal,In-Store,52.55,49.92
ORD104100,2025-06-09,CUST1484,Jason Price,West,Yoga Mat,Sports & Outdoors,245.16,2.0,5.0,Cash on Delivery,In-Store,490.32,465.8
ORD103206,2024-10-08,CUST1344,Sandra Jones,North,Notebook Pack,Office Supplies,151.8,1.0,0.0,Debit Card,Mobile App,151.8,151.8
ORD104800,2025-02-04,CUST1577,Kimberly Valdez,East,Yoga Pants,Apparel,20.91,2.0,0.0,Cash on Delivery,Online,41.82,41.82
ORD104734,2024-01-02,CUST1510,Sarah Ward,Central,Wireless Mouse,Electronics,82.49,3.0,5.0,Credit Card,In-Store,247.47,235.1
ORD105729,2025-06-25,CUST1544,Juan Smith,East,Power Bank,Electronics,136.84,1.0,10.0,Cash on Delivery,Online,136.84,123.16
ORD105512,2024-10-27,CUST1502,Alicia Norris,North,Smartwatch,Electronics,115.87,4.0,0.0,Credit Card,Online,463.48,463.48
ORD101011,2025-12-22,CUST1355,Charlotte Sandoval,South,Noise Cancelling Headphones,Electronics,74.22,1.0,5.0,UPI,In-Store,74.22,70.51
ORD103074,2024-02-06,CUST1320,Manuel King,West,Dumbbell Set,Sports & Outdoors,101.91,1.0,0.0,Cash on Delivery,Mobile App,101.91,101.91
ORD105037,2024-02-15,CUST1535,Denise Stuart,East,Vacuum Cleaner,Home & Kitchen,54.13,3.0,0.0,PayPal,In-Store,162.39,162.39
ORD105231,2025-07-19,CUST1199,Kimberly Rodgers,West,Noise Cancelling Headphones,Electronics,118.96,1.0,20.0,Credit Card,Online,118.96,95.17
ORD103426,2025-05-22,CUST1687,Kevin Hall,North,Bluetooth Speaker,Electronics,370.16,1.0,0.0,PayPal,Mobile App,370.16,370.16
ORD102247,2024-09-16,CUST1274,Taylor Gentry,East,Wireless Mouse,Electronics,403.82,2.0,0.0,Cash on Delivery,Online,807.64,807.64
ORD103819,2024-05-17,CUST1674,John Garcia,West,Mechanical Keyboard,Electronics,194.73,4.0,0.0,UPI,In-Store,778.92,778.92
ORD104777,2025-09-22,CUST1091,Jason Peters,West,Cotton T-Shirt,Apparel,106.44,2.0,0.0,Cash on Delivery,Online,212.88,212.88
ORD103965,2025-08-03,CUST1336,Misty Hansen,East,Electric Kettle,Home & Kitchen,108.85,2.0,15.0,Credit Card,Mobile App,217.7,185.04
ORD102462,2025-04-08,CUST1420,Megan Green,North,Standing Desk,Office Supplies,113.81,2.0,5.0,PayPal,In-Store,227.62,216.24
ORD104761,2024-09-18,CUST1336,Misty Hansen,Central,USB-C Hub,Electronics,277.09,1.0,0.0,Cash on Delivery,In-Store,277.09,277.09
ORD103925,2024-10-29,CUST1291,Kimberly Brown,West,Wireless Mouse,Electronics,377.07,1.0,0.0,PayPal,Online,377.07,377.07
ORD103151,2025-03-27,CUST1806,Manuel Brown,East,Camping Tent,Sports & Outdoors,248.14,5.0,0.0,Debit Card,Mobile App,1240.7,1240.7
ORD101199,2024-07-07,CUST1517,Arthur Pena,South,Electric Kettle,Home & Kitchen,200.31,1.0,0.0,PayPal,Mobile App,200.31,200.31
ORD105606,2025-09-02,CUST1042,Shawn Baker,North,Rice Cooker,Home & Kitchen,141.96,4.0,10.0,Debit Card,Mobile App,567.84,511.06
ORD102711,2025-09-21,CUST1444,Mrs. Stacey Davis,East,Cotton T-Shirt,Apparel,58.74,1.0,0.0,Cash on Delivery,In-Store,58.74,58.74
ORD102096,2024-10-06,CUST1898,Brenda Perez,East,Ergonomic Chair,Office Supplies,290.05,1.0,0.0,Debit Card,Mobile App,290.05,290.05
ORD104488,2024-01-26,CUST1156,Brianna Anderson,North,Standing Desk,Office Supplies,334.71,2.0,0.0,UPI,In-Store,669.42,669.42
ORD104131,2024-01-03,CUST1286,Angela Griffin,South,Desk Lamp,Office Supplies,141.88,3.0,5.0,UPI,Online,425.64,404.36
ORD100573,2025-08-27,CUST1343,Catherine Saunders MD,East,Whiteboard,Office Supplies,39.27,1.0,0.0,Credit Card,Online,39.27,39.27
ORD101911,2025-07-17,CUST1487,Robert Hines,Central,27in Monitor,Electronics,44.91,1.0,10.0,PayPal,In-Store,44.91,40.42
ORD101924,2024-01-27,CUST1265,Megan Dillon,West,Denim Jacket,Apparel,33.52,2.0,0.0,Cash on Delivery,Online,67.04,67.04
ORD103096,2025-05-30,CUST1016,Patricia Peterson,South,Webcam HD,Electronics,282.69,5.0,20.0,Debit Card,Online,1413.45,1130.76
ORD101950,2024-04-15,CUST1408,Eddie Mueller,Central,Water Bottle,Sports & Outdoors,148.35,1.0,0.0,Debit Card,Mobile App,148.35,148.35
ORD104790,2024-06-11,CUST1710,Lori Johns,North,Running Shoes,Apparel,99.7,1.0,0.0,PayPal,In-Store,99.7,99.7
ORD101801,2025-12-01,CUST1514,Michael Brown,North,Cotton T-Shirt,Apparel,29.69,3.0,0.0,UPI,Online,89.07,89.07
ORD100263,2024-10-16,CUST1070,Chris Reyes,North,Camping Tent,Sports & Outdoors,76.28,2.0,15.0,PayPal,In-Store,152.56,129.68
ORD105142,2025-07-27,CUST1540,James Brown,South,Noise Cancelling Headphones,Electronics,144.08,2.0,5.0,Debit Card,Mobile App,288.16,273.75
ORD100965,2024-02-06,CUST1719,Michael Howard,Central,Air Fryer,Home & Kitchen,67.12,1.0,10.0,Credit Card,In-Store,67.12,60.41
ORD101639,2024-09-06,CUST1558,Allison Love,South,Running Shoes,Apparel,115.32,5.0,0.0,Cash on Delivery,In-Store,576.6,576.6
ORD101205,2025-07-08,CUST1470,Jeremy Mcintyre,South,Water Bottle,Sports & Outdoors,225.12,1.0,0.0,UPI,Online,225.12,225.12
ORD104164,2024-05-13,CUST1764,Michael Vance,North,Noise Cancelling Headphones,Electronics,267.83,2.0,0.0,PayPal,Mobile App,535.66,535.66
ORD105538,2024-04-02,CUST1377,Heather Brown,East,Bluetooth Speaker,Electronics,321.6,1.0,0.0,PayPal,Mobile App,321.6,321.6
ORD104904,2025-01-03,CUST1761,Brian Mullen,Central,Yoga Pants,Apparel,109.99,1.0,10.0,UPI,Online,109.99,98.99
ORD101129,2024-04-24,CUST1489,Julie Wilson,North,Cotton T-Shirt,Apparel,58.59,1.0,0.0,Credit Card,Online,58.59,58.59
ORD105867,2025-10-26,CUST1198,Ralph Lee,East,Desk Lamp,Office Supplies,225.35,1.0,0.0,Debit Card,Online,225.35,225.35
ORD104236,2024-08-16,CUST1350,Kathryn Cooper,West,Desk Lamp,Office Supplies,288.27,3.0,0.0,UPI,In-Store,864.81,864.81
ORD105379,2024-12-13,CUST1770,Bethany Garcia,West,Denim Jacket,Apparel,44.04,1.0,0.0,Credit Card,Online,44.04,44.04
ORD103470,2025-02-12,CUST1611,Lisa Craig,South,Toaster,Home & Kitchen,151.16,4.0,0.0,UPI,Online,604.64,604.64
ORD103293,2025-06-07,CUST1808,Cathy Rodriguez,West,Dumbbell Set,Sports & Outdoors,59.54,4.0,20.0,Debit Card,Online,238.16,190.53
ORD100426,2024-04-06,CUST1203,Douglas Reyes,South,Camping Tent,Sports & Outdoors,122.82,5.0,0.0,Debit Card,In-Store,614.1,614.1
ORD101478,2024-09-14,CUST1872,Theresa Reilly,North,Mechanical Keyboard,Electronics,96.37,4.0,0.0,Cash on Delivery,In-Store,385.48,385.48
ORD101442,2024-08-16,CUST1194,Nathaniel Douglas,Central,Notebook Pack,Office Supplies,203.62,3.0,0.0,Debit Card,In-Store,610.86,610.86
ORD101083,2024-10-22,CUST1894,Richard Jenkins,Central,Desk Lamp,Office Supplies,267.32,1.0,0.0,PayPal,In-Store,267.32,267.32
ORD103576,2024-11-15,CUST1043,Michelle Harris,West,Running Shoes,Apparel,88.99,1.0,0.0,PayPal,Online,88.99,88.99
ORD105474,2024-01-03,CUST1693,Nicole Johnston,Central,27in Monitor,Electronics,425.53,3.0,0.0,Cash on Delivery,In-Store,1276.59,1276.59
ORD103810,2024-11-26,CUST1854,Faith Johnson,East,Yoga Mat,Sports & Outdoors,13.83,2.0,5.0,PayPal,Mobile App,27.66,26.28
ORD105847,2025-12-30,CUST1791,Jose Harrison,South,Power Bank,Electronics,52.83,1.0,10.0,Credit Card,Online,52.83,47.55
ORD100424,2025-01-15,CUST1804,Megan Kaiser,South,Mechanical Keyboard,Electronics,89.04,1.0,10.0,Credit Card,In-Store,89.04,80.14
ORD100390,2025-12-23,CUST1591,Nathan Stanley,East,Desk Lamp,Office Supplies,70.76,2.0,0.0,Debit Card,Mobile App,141.52,141.52
ORD100640,2024-01-06,CUST1275,Jennifer Simpson DVM,East,Mechanical Keyboard,Electronics,220.6,2.0,5.0,Credit Card,Mobile App,441.2,419.14
ORD102737,2024-07-04,CUST1636,Gregory Frazier,South,Rice Cooker,Home & Kitchen,87.19,1.0,10.0,UPI,Mobile App,87.19,78.47
ORD103776,2025-01-26,CUST1639,Logan Sullivan,East,Camping Tent,Sports & Outdoors,74.29,3.0,0.0,Cash on Delivery,In-Store,222.87,222.87
ORD104133,2024-04-07,CUST1359,Harold Ellis,North,Coffee Maker,Home & Kitchen,92.0,2.0,15.0,Debit Card,Mobile App,184.0,156.4
ORD100063,2024-05-09,CUST1014,Rebecca Henderson,South,Running Shoes,Apparel,102.43,1.0,10.0,Credit Card,Mobile App,102.43,92.19
ORD105418,2025-10-17,CUST1043,Michelle Harris,West,Dumbbell Set,Sports & Outdoors,91.4,1.0,0.0,UPI,In-Store,91.4,91.4
ORD105100,2024-07-28,CUST1877,Tina Daugherty,Central,Coffee Maker,Home & Kitchen,184.44,1.0,15.0,Cash on Delivery,In-Store,184.44,156.77
ORD100100,2024-08-26,CUST1221,Jessica Ross,East,Cycling Helmet,Sports & Outdoors,71.1,3.0,10.0,Debit Card,Mobile App,213.3,191.97
ORD102595,2024-04-09,CUST1138,Melissa Garner,East,Wool Sweater,Apparel,57.15,1.0,0.0,Credit Card,Online,57.15,57.15
ORD104885,2025-08-28,CUST1675,Dawn Diaz,North,Cotton T-Shirt,Apparel,82.91,2.0,0.0,PayPal,Mobile App,165.82,165.82
ORD104828,2024-03-12,CUST1413,Jacqueline Villegas,East,Air Fryer,Home & Kitchen,152.94,3.0,0.0,PayPal,In-Store,458.82,458.82
ORD105827,2024-04-09,CUST1643,Shawn Kelley,East,Smartwatch,Electronics,129.44,2.0,0.0,PayPal,Online,258.88,258.88
ORD105088,2025-01-16,CUST1496,Michael Sims,West,27in Monitor,Electronics,32.01,1.0,5.0,PayPal,Online,32.01,30.41
ORD103327,2025-12-24,CUST1596,Kim Goodwin,West,Notebook Pack,Office Supplies,333.58,1.0,0.0,PayPal,In-Store,333.58,333.58
ORD104382,2025-03-20,CUST1400,Patricia Johnson,West,Mechanical Keyboard,Electronics,217.55,1.0,10.0,Debit Card,Mobile App,217.55,195.8
ORD100150,2024-03-30,CUST1730,Susan Hogan,North,Wool Sweater,Apparel,36.02,1.0,0.0,PayPal,Mobile App,36.02,36.02
ORD100010,2025-01-25,CUST1610,Tara Holmes,North,Air Fryer,Home & Kitchen,192.22,1.0,0.0,UPI,Mobile App,192.22,192.22
ORD100913,2025-09-24,CUST1124,Reginald Williams,East,Air Fryer,Home & Kitchen,98.67,2.0,10.0,Debit Card,Online,197.34,177.61
ORD103367,2024-01-03,CUST1593,Kayla Jackson,East,Noise Cancelling Headphones,Electronics,178.68,1.0,5.0,PayPal,In-Store,178.68,169.75
ORD100599,2025-03-17,CUST1723,Ricardo Franklin,Central,Air Fryer,Home & Kitchen,26.57,2.0,0.0,UPI,In-Store,53.14,53.14
ORD100780,2025-05-24,CUST1516,Sheryl Acosta,West,Denim Jacket,Apparel,106.34,4.0,0.0,PayPal,Mobile App,425.36,425.36
ORD100065,2024-06-04,CUST1644,Luke Miller,East,Portable SSD 1TB,Electronics,73.49,1.0,5.0,Cash on Delivery,In-Store,73.49,69.82
ORD103030,2025-01-06,CUST1058,Erika Terry,South,27in Monitor,Electronics,436.35,3.0,5.0,Cash on Delivery,Online,1309.05,1243.6
ORD101923,2024-09-26,CUST1687,Kevin Hall,East,Dumbbell Set,Sports & Outdoors,219.95,3.0,5.0,Cash on Delivery,In-Store,659.85,626.86
ORD102396,2024-03-14,CUST1814,Jonathan Delgado,Central,Air Fryer,Home & Kitchen,47.14,2.0,5.0,Cash on Delivery,Mobile App,94.28,89.57
ORD100321,2024-07-23,CUST1004,Gabrielle Davis,Central,Noise Cancelling Headphones,Electronics,294.23,1.0,0.0,Credit Card,In-Store,294.23,294.23
ORD103827,2025-04-23,CUST1281,Paul Finley,North,Camping Tent,Sports & Outdoors,298.24,1.0,0.0,Cash on Delivery,Online,298.24,298.24
ORD101002,2025-05-15,CUST1818,Tina Davis,Central,Ergonomic Chair,Office Supplies,213.45,1.0,0.0,Credit Card,In-Store,213.45,213.45
ORD103167,2024-02-04,CUST1459,James Nash,Central,Yoga Mat,Sports & Outdoors,134.61,4.0,0.0,Cash on Delivery,Mobile App,538.44,538.44
ORD102608,2024-08-13,CUST1064,Michael Snyder,West,Dumbbell Set,Sports & Outdoors,129.85,2.0,20.0,PayPal,Online,259.7,207.76
ORD103890,2024-02-01,CUST1483,Rebekah Greene,East,Ergonomic Chair,Office Supplies,90.37,1.0,0.0,PayPal,Online,90.37,90.37
ORD103341,2024-03-28,CUST1418,John Phelps,East,Yoga Pants,Apparel,65.58,3.0,10.0,Debit Card,Online,196.74,177.07
ORD104576,2024-07-30,CUST1500,Mrs. Alison Wagner,West,Noise Cancelling Headphones,Electronics,395.73,1.0,0.0,Cash on Delivery,In-Store,395.73,395.73
ORD105047,2025-04-23,CUST1464,Ashley Hernandez,West,Mechanical Keyboard,Electronics,63.14,1.0,10.0,Cash on Delivery,Online,63.14,56.83
ORD105859,2025-10-05,CUST1733,Eric Cross,Central,Coffee Maker,Home & Kitchen,185.03,2.0,15.0,PayPal,Online,370.06,314.55
ORD100069,2024-08-18,CUST1435,Sara Cochran,South,Portable SSD 1TB,Electronics,55.25,1.0,0.0,PayPal,Online,55.25,55.25
ORD100981,2024-01-10,CUST1473,Danielle Bryant,Central,Power Bank,Electronics,305.83,3.0,0.0,PayPal,In-Store,917.49,917.49
ORD103031,2025-01-19,CUST1499,Katherine Christensen MD,West,Whiteboard,Office Supplies,271.49,1.0,5.0,UPI,Online,271.49,257.92
ORD104572,2025-08-02,CUST1148,Elizabeth Ortiz,East,Yoga Mat,Sports & Outdoors,182.62,2.0,0.0,Cash on Delivery,Mobile App,365.24,365.24
ORD105798,2024-07-07,CUST1277,Todd Rosales MD,North,Vacuum Cleaner,Home & Kitchen,157.83,2.0,0.0,PayPal,Mobile App,315.66,315.66
ORD104634,2025-10-02,CUST1487,Robert Hines,North,Camping Tent,Sports & Outdoors,88.15,1.0,10.0,Cash on Delivery,In-Store,88.15,79.34
ORD101395,2024-06-25,CUST1683,Joshua Brooks,West,Denim Jacket,Apparel,17.82,1.0,0.0,Debit Card,Mobile App,17.82,17.82
ORD105762,2025-07-30,CUST1663,Jeffrey Smith,West,Denim Jacket,Apparel,89.08,1.0,5.0,Cash on Delivery,In-Store,89.08,84.63
ORD100714,2024-07-24,CUST1432,Joseph Moody,Central,Denim Jacket,Apparel,21.02,2.0,0.0,Debit Card,Online,42.04,42.04
ORD104774,2025-11-10,CUST1255,Gina Mcmillan,North,Yoga Mat,Sports & Outdoors,39.0,1.0,15.0,UPI,Mobile App,39.0,33.15
ORD102734,2024-04-14,CUST1810,Richard Ramirez,Central,Denim Jacket,Apparel,101.38,2.0,0.0,Debit Card,Online,202.76,202.76
ORD105305,2025-04-03,CUST1664,Lauren Vazquez,North,Noise Cancelling Headphones,Electronics,211.69,1.0,10.0,Cash on Delivery,In-Store,211.69,190.52
ORD102138,2025-09-03,CUST1742,Lisa Rodriguez,North,Denim Jacket,Apparel,43.21,2.0,0.0,UPI,In-Store,86.42,86.42
ORD100815,2024-01-15,CUST1714,Shari Parker,Central,Denim Jacket,Apparel,65.36,2.0,0.0,Credit Card,Mobile App,130.72,130.72
ORD105926,2025-06-24,CUST1458,Joseph Camacho,Central,Cotton T-Shirt,Apparel,28.05,3.0,0.0,PayPal,Online,84.15,84.15
ORD100105,2025-03-16,CUST1464,Ashley Hernandez,East,Yoga Pants,Apparel,89.78,1.0,0.0,Credit Card,Mobile App,89.78,89.78
ORD104343,2025-05-18,CUST1778,Susan Torres,South,Standing Desk,Office Supplies,69.82,1.0,0.0,Credit Card,Online,69.82,69.82
ORD103745,2024-04-09,CUST1575,Stephen Jones,West,Standing Desk,Office Supplies,179.54,1.0,5.0,PayPal,Mobile App,179.54,170.56
ORD101625,2025-01-03,CUST1802,Marissa Nelson,Central,Denim Jacket,Apparel,86.88,1.0,10.0,Cash on Delivery,Online,86.88,78.19
ORD103799,2025-09-08,CUST1276,Tanya Rogers,South,Ergonomic Chair,Office Supplies,295.85,2.0,0.0,PayPal,Online,591.7,591.7
ORD103091,2025-03-15,CUST1688,Misty Mcguire,South,Yoga Mat,Sports & Outdoors,19.46,1.0,0.0,PayPal,Mobile App,19.46,19.46
ORD101127,2025-03-25,CUST1389,Bradley Tran,Central,Desk Lamp,Office Supplies,18.64,3.0,0.0,Debit Card,In-Store,55.92,55.92
ORD104794,2025-09-13,CUST1192,Helen Hardin,West,Toaster,Home & Kitchen,35.64,1.0,0.0,Cash on Delivery,Mobile App,35.64,35.64
ORD105662,2025-03-02,CUST1205,Phillip Nelson,North,Webcam HD,Electronics,252.92,1.0,0.0,Credit Card,Mobile App,252.92,252.92
ORD101150,2025-10-23,CUST1400,Patricia Johnson,Central,USB-C Hub,Electronics,349.95,3.0,10.0,Cash on Delivery,Online,1049.85,944.86
ORD103605,2024-02-29,CUST1433,Rebecca Kelly,North,Noise Cancelling Headphones,Electronics,196.2,2.0,0.0,Cash on Delivery,Online,392.4,392.4
ORD101295,2025-10-08,CUST1545,Maria Fischer,East,Blender,Home & Kitchen,113.87,1.0,0.0,PayPal,In-Store,113.87,113.87
ORD104867,2024-11-02,CUST1321,Judy Sanchez,West,Wool Sweater,Apparel,78.88,1.0,0.0,UPI,In-Store,78.88,78.88
ORD102798,2024-02-09,CUST1785,Stephanie Dominguez,South,Rice Cooker,Home & Kitchen,208.75,1.0,0.0,Credit Card,In-Store,208.75,208.75
ORD103014,2024-02-11,CUST1375,Jason Hayes,Central,Wireless Mouse,Electronics,291.69,1.0,0.0,Credit Card,Mobile App,291.69,291.69
ORD103556,2024-11-29,CUST1500,Mrs. Alison Wagner,East,Coffee Maker,Home & Kitchen,138.88,4.0,10.0,Cash on Delivery,Mobile App,555.52,499.97
ORD102193,2025-05-31,CUST1213,Jason Beck,West,Cotton T-Shirt,Apparel,60.43,1.0,0.0,Debit Card,Online,60.43,60.43
ORD101440,2025-11-09,CUST1850,Joseph Mendoza,South,Wool Sweater,Apparel,95.5,2.0,5.0,UPI,Online,191.0,181.45
ORD100600,2024-06-09,CUST1481,Brian Brown,West,Whiteboard,Office Supplies,239.51,2.0,0.0,UPI,In-Store,479.02,479.02
ORD103453,2025-07-27,CUST1855,Rebecca French,Central,Notebook Pack,Office Supplies,347.21,1.0,0.0,Debit Card,Mobile App,347.21,347.21
ORD104888,2024-07-09,CUST1087,Robert Medina,South,Wireless Mouse,Electronics,240.46,1.0,15.0,Debit Card,In-Store,240.46,204.39
ORD102401,2025-01-20,CUST1470,Jeremy Mcintyre,South,Webcam HD,Electronics,298.15,2.0,0.0,Credit Card,Online,596.3,596.3
ORD104217,2024-06-12,CUST1324,Shannon Davis,South,Water Bottle,Sports & Outdoors,57.24,1.0,0.0,UPI,In-Store,57.24,57.24
ORD101636,2025-09-01,CUST1760,Dustin Patel,Central,USB-C Hub,Electronics,222.07,2.0,5.0,Debit Card,Mobile App,444.14,421.93
ORD105178,2025-10-13,CUST1520,Mason Moore,North,Camping Tent,Sports & Outdoors,245.78,3.0,5.0,UPI,Mobile App,737.34,700.47
ORD105894,2025-05-28,CUST1176,Michael Watkins,West,Webcam HD,Electronics,195.78,1.0,5.0,Credit Card,Mobile App,195.78,185.99
ORD102987,2025-05-29,CUST1594,James Rodriguez,Central,Whiteboard,Office Supplies,131.08,1.0,0.0,Credit Card,In-Store,131.08,131.08
ORD101380,2024-05-06,CUST1741,John Martinez,East,Wireless Mouse,Electronics,200.68,1.0,5.0,PayPal,In-Store,200.68,190.65
ORD101320,2024-12-28,CUST1662,Kelly King,Central,Desk Lamp,Office Supplies,197.11,2.0,15.0,Cash on Delivery,Mobile App,394.22,335.09
ORD102384,2024-09-17,CUST1446,Stacey Snyder,North,27in Monitor,Electronics,134.38,1.0,15.0,Cash on Delivery,In-Store,134.38,114.22
ORD101865,2025-06-15,CUST1021,Kim Martinez,North,Non-stick Pan Set,Home & Kitchen,20.3,1.0,0.0,PayPal,Mobile App,20.3,20.3
ORD100452,2024-02-15,CUST1638,Dustin Welch,Central,Webcam HD,Electronics,96.93,1.0,0.0,Debit Card,Online,96.93,96.93
ORD104998,2025-05-09,CUST1364,Tracey Wagner,West,27in Monitor,Electronics,306.38,1.0,15.0,UPI,Mobile App,306.38,260.42
ORD100492,2025-08-31,CUST1045,Michael Hoffman,North,Desk Lamp,Office Supplies,141.78,3.0,5.0,PayPal,In-Store,425.34,404.07
ORD100456,2024-01-20,CUST1368,Jeffery Fitzgerald,West,Wireless Mouse,Electronics,53.3,2.0,15.0,UPI,Online,106.6,90.61
ORD102912,2024-01-30,CUST1862,Brian Hernandez,North,Notebook Pack,Office Supplies,277.07,4.0,5.0,Credit Card,Mobile App,1108.28,1052.87
ORD105684,2024-11-18,CUST1261,Patricia James,North,Rice Cooker,Home & Kitchen,48.06,1.0,0.0,UPI,Online,48.06,48.06
ORD102839,2025-12-16,CUST1844,Andrew Carroll,South,Electric Kettle,Home & Kitchen,40.4,1.0,10.0,Credit Card,Online,40.4,36.36
ORD103996,2024-03-22,CUST1490,Steve Mason,North,Standing Desk,Office Supplies,262.75,2.0,0.0,UPI,In-Store,525.5,525.5
ORD102534,2025-08-15,CUST1109,Kathryn Snyder,Central,Non-stick Pan Set,Home & Kitchen,77.45,1.0,0.0,Cash on Delivery,Online,77.45,77.45
ORD103362,2025-07-31,CUST1145,Richard Smith,East,Yoga Pants,Apparel,51.4,1.0,15.0,PayPal,Mobile App,51.4,43.69
ORD105759,2024-04-15,CUST1872,Theresa Reilly,West,Electric Kettle,Home & Kitchen,24.31,1.0,10.0,PayPal,Online,24.31,21.88
ORD104646,2025-08-24,CUST1444,Mrs. Stacey Davis,East,Electric Kettle,Home & Kitchen,61.72,1.0,5.0,UPI,Online,61.72,58.63
ORD100732,2025-07-25,CUST1214,Rachel Romero,Central,Notebook Pack,Office Supplies,297.57,1.0,0.0,Debit Card,Mobile App,297.57,297.57
ORD102856,2024-01-24,CUST1405,Courtney Wright,North,Coffee Maker,Home & Kitchen,136.05,1.0,10.0,Debit Card,Mobile App,136.05,122.44
ORD104785,2024-02-27,CUST1260,Paula Lane,South,Toaster,Home & Kitchen,134.82,2.0,15.0,UPI,Online,269.64,229.19
ORD105527,2024-03-18,CUST1580,Travis Hopkins,East,Vacuum Cleaner,Home & Kitchen,171.89,2.0,5.0,UPI,Online,343.78,326.59
ORD100152,2025-04-23,CUST1567,Clinton Jensen,East,27in Monitor,Electronics,361.63,1.0,5.0,Cash on Delivery,Online,361.63,343.55
ORD102991,2024-03-02,CUST1415,Samuel Howe,North,Running Shoes,Apparel,26.34,3.0,0.0,Debit Card,Mobile App,79.02,79.02
ORD100751,2025-02-08,CUST1212,Jose Allen,West,Coffee Maker,Home & Kitchen,183.12,1.0,0.0,Credit Card,Online,183.12,183.12
ORD101229,2024-02-03,CUST1352,Brent Bowen,North,Cotton T-Shirt,Apparel,44.55,1.0,15.0,UPI,Online,44.55,37.87
ORD101022,2024-05-27,CUST1658,Amanda Miller,South,Wireless Mouse,Electronics,193.87,1.0,0.0,Credit Card,Online,193.87,193.87
ORD100979,2024-10-14,CUST1135,Brooke Alexander,West,Vacuum Cleaner,Home & Kitchen,52.51,1.0,15.0,PayPal,Online,52.51,44.63
ORD103386,2025-01-22,CUST1678,Toni Davis,North,Rice Cooker,Home & Kitchen,42.15,4.0,15.0,UPI,Online,168.6,143.31
ORD101872,2024-11-27,CUST1070,Chris Reyes,Central,Wireless Mouse,Electronics,105.37,1.0,0.0,PayPal,In-Store,105.37,105.37
ORD103193,2025-12-03,CUST1660,Ray Ramos,West,Camping Tent,Sports & Outdoors,183.33,2.0,0.0,Credit Card,In-Store,366.66,366.66
ORD105805,2024-01-14,CUST1644,Luke Miller,Central,Webcam HD,Electronics,248.62,1.0,10.0,Cash on Delivery,Online,248.62,223.76
ORD105422,2024-06-26,CUST1478,Alejandra King,West,Camping Tent,Sports & Outdoors,12.37,1.0,10.0,UPI,Online,12.37,11.13
ORD103149,2025-08-24,CUST1695,Patricia Anderson,North,Camping Tent,Sports & Outdoors,165.19,2.0,5.0,Cash on Delivery,Mobile App,330.38,313.86
ORD102283,2025-09-28,CUST1639,Logan Sullivan,North,27in Monitor,Electronics,167.77,5.0,5.0,Credit Card,In-Store,838.85,796.91
ORD104945,2025-11-26,CUST1200,James Martin,East,Mechanical Keyboard,Electronics,26.66,2.0,5.0,Cash on Delivery,Online,53.32,50.65
ORD104729,2025-10-06,CUST1464,Ashley Hernandez,South,Toaster,Home & Kitchen,22.62,1.0,0.0,PayPal,Mobile App,22.62,22.62
ORD105545,2024-12-07,CUST1531,Leah Barton,North,Mechanical Keyboard,Electronics,69.75,4.0,10.0,PayPal,Mobile App,279.0,251.1
ORD104064,2025-10-23,CUST1629,Derrick Mullen,South,Wool Sweater,Apparel,92.66,1.0,0.0,UPI,Mobile App,92.66,92.66
ORD102265,2025-04-11,CUST1812,Matthew Rodriguez,North,Electric Kettle,Home & Kitchen,131.11,2.0,0.0,Credit Card,Online,262.22,262.22
ORD105861,2025-10-19,CUST1874,Tammy Morgan,Central,Running Shoes,Apparel,103.48,2.0,15.0,Credit Card,Mobile App,206.96,175.92
ORD102518,2025-04-13,CUST1782,Christopher Taylor,North,Electric Kettle,Home & Kitchen,109.64,2.0,10.0,UPI,Online,219.28,197.35
ORD101544,2025-12-29,CUST1826,Matthew Smith,Central,Cotton T-Shirt,Apparel,76.2,4.0,0.0,PayPal,Online,304.8,304.8
ORD101628,2025-03-30,CUST1054,Victoria Johnson,North,Water Bottle,Sports & Outdoors,128.9,1.0,0.0,Credit Card,In-Store,128.9,128.9
ORD104077,2024-01-30,CUST1266,Courtney Dudley,East,Bluetooth Speaker,Electronics,317.26,1.0,5.0,PayPal,Online,317.26,301.4
ORD103842,2025-07-23,CUST1612,Penny Gomez MD,East,Wireless Mouse,Electronics,165.63,1.0,0.0,Cash on Delivery,Mobile App,165.63,165.63
ORD102925,2025-06-25,CUST1258,Ronald Patel,Central,Ergonomic Chair,Office Supplies,114.36,2.0,5.0,UPI,Mobile App,228.72,217.28
ORD102262,2025-04-18,CUST1209,Luis Bullock,North,Yoga Mat,Sports & Outdoors,246.66,3.0,0.0,UPI,In-Store,739.98,739.98
ORD104047,2024-03-02,CUST1556,Austin Santiago,North,Cycling Helmet,Sports & Outdoors,165.11,2.0,0.0,Cash on Delivery,Online,330.22,330.22
ORD101629,2024-10-01,CUST1578,Donna Marshall,South,Non-stick Pan Set,Home & Kitchen,90.49,1.0,0.0,Cash on Delivery,In-Store,90.49,90.49
ORD101839,2024-08-26,CUST1849,Stephanie Butler,East,27in Monitor,Electronics,116.14,1.0,0.0,Cash on Delivery,Online,116.14,116.14
ORD105615,2024-01-16,CUST1733,Eric Cross,West,Desk Lamp,Office Supplies,104.73,3.0,5.0,Credit Card,Mobile App,314.19,298.48
ORD103548,2024-04-29,CUST1893,Heidi Ferguson,West,Vacuum Cleaner,Home & Kitchen,121.19,2.0,0.0,Cash on Delivery,Mobile App,242.38,242.38
ORD104899,2025-04-13,CUST1746,Mrs. Felicia Castro DDS,South,Toaster,Home & Kitchen,156.7,2.0,10.0,Credit Card,Mobile App,313.4,282.06
ORD101648,2025-07-30,CUST1342,Douglas Hartman,Central,Water Bottle,Sports & Outdoors,270.16,1.0,10.0,Cash on Delivery,In-Store,270.16,243.14
ORD101949,2025-01-16,CUST1234,Michelle Ho,East,Yoga Mat,Sports & Outdoors,180.76,1.0,0.0,UPI,Online,180.76,180.76
ORD105831,2025-06-22,CUST1754,David Hayes DVM,Central,Electric Kettle,Home & Kitchen,140.46,1.0,10.0,Cash on Delivery,In-Store,140.46,126.41
ORD105754,2025-10-14,CUST1222,Kathleen Jimenez,Central,27in Monitor,Electronics,398.18,1.0,5.0,Cash on Delivery,In-Store,398.18,378.27
ORD103952,2024-12-18,CUST1810,Richard Ramirez,East,Blender,Home & Kitchen,25.03,1.0,10.0,PayPal,In-Store,25.03,22.53
ORD101383,2025-06-26,CUST1787,Dr. Michael Adams DVM,South,Mechanical Keyboard,Electronics,399.56,1.0,0.0,UPI,In-Store,399.56,399.56
ORD100405,2024-08-03,CUST1008,Daniel Adams,East,Desk Lamp,Office Supplies,342.01,2.0,0.0,Credit Card,In-Store,684.02,684.02
ORD101723,2025-08-07,CUST1106,Dennis Moody,North,Whiteboard,Office Supplies,208.1,4.0,20.0,Credit Card,Mobile App,832.4,665.92
ORD101787,2025-06-07,CUST1000,Allison Hill,North,Smartwatch,Electronics,379.26,1.0,5.0,Debit Card,Mobile App,379.26,360.3
ORD101483,2025-07-26,CUST1269,Thomas Douglas,West,Noise Cancelling Headphones,Electronics,181.92,1.0,20.0,Cash on Delivery,In-Store,181.92,145.54
ORD102255,2024-04-03,CUST1562,Preston Kim,Central,Dumbbell Set,Sports & Outdoors,93.17,1.0,0.0,Cash on Delivery,Online,93.17,93.17
ORD101085,2025-05-08,CUST1624,Sarah Watson,Central,Coffee Maker,Home & Kitchen,139.91,2.0,0.0,Credit Card,In-Store,279.82,279.82
ORD100234,2024-02-24,CUST1862,Brian Hernandez,North,Camping Tent,Sports & Outdoors,171.81,1.0,0.0,Credit Card,In-Store,171.81,171.81
ORD102085,2025-10-19,CUST1740,Anna Evans,West,Air Fryer,Home & Kitchen,96.88,1.0,0.0,PayPal,In-Store,96.88,96.88
ORD102722,2025-09-09,CUST1373,Wendy Camacho,Central,Wireless Mouse,Electronics,445.65,1.0,15.0,UPI,Mobile App,445.65,378.8
ORD101028,2025-01-15,CUST1822,Kathryn Hanna,South,Non-stick Pan Set,Home & Kitchen,132.76,1.0,5.0,PayPal,In-Store,132.76,126.12
ORD105911,2025-03-19,CUST1369,Scott Miller,North,Rice Cooker,Home & Kitchen,115.03,1.0,0.0,UPI,Online,115.03,115.03
ORD105116,2024-10-19,CUST1222,Kathleen Jimenez,South,Power Bank,Electronics,434.21,1.0,0.0,PayPal,In-Store,434.21,434.21
ORD101010,2024-10-21,CUST1115,April Booth,South,Desk Lamp,Office Supplies,213.27,2.0,20.0,UPI,In-Store,426.54,341.23
ORD104843,2024-12-28,CUST1660,Ray Ramos,West,USB-C Hub,Electronics,431.96,1.0,5.0,UPI,Mobile App,431.96,410.36
ORD105581,2025-12-23,CUST1286,Angela Griffin,North,Coffee Maker,Home & Kitchen,104.23,4.0,15.0,Debit Card,In-Store,416.92,354.38
ORD105786,2025-01-27,CUST1406,Michael Williams,South,Toaster,Home & Kitchen,170.25,4.0,0.0,Cash on Delivery,In-Store,681.0,681.0
ORD101856,2024-05-13,CUST1323,Adam Jackson,West,Air Fryer,Home & Kitchen,61.65,1.0,0.0,Credit Card,Mobile App,61.65,61.65
ORD103266,2025-09-24,CUST1031,Tammy Allison,Central,Notebook Pack,Office Supplies,19.41,4.0,0.0,PayPal,Online,77.64,77.64
ORD105706,2025-07-23,CUST1037,Kevin Mills,East,Dumbbell Set,Sports & Outdoors,151.96,5.0,0.0,Credit Card,Online,759.8,759.8
ORD100078,2024-09-10,CUST1139,Crystal Pham,East,Smartwatch,Electronics,86.47,1.0,15.0,UPI,In-Store,86.47,73.5
ORD100553,2025-08-20,CUST1878,Terri Kerr,North,Running Shoes,Apparel,16.67,2.0,5.0,UPI,In-Store,33.34,31.67
ORD102603,2024-01-16,CUST1310,Elizabeth Ward,South,Non-stick Pan Set,Home & Kitchen,48.11,1.0,0.0,PayPal,Mobile App,48.11,48.11
ORD105041,2025-11-01,CUST1104,Brad Allen,East,Cycling Helmet,Sports & Outdoors,101.24,3.0,15.0,Cash on Delivery,Online,303.72,258.16
ORD105245,2024-05-21,CUST1254,William Becker,South,Camping Tent,Sports & Outdoors,100.43,4.0,0.0,PayPal,Online,401.72,401.72
ORD104106,2024-12-19,CUST1038,Michael Evans,West,Power Bank,Electronics,299.35,2.0,0.0,Credit Card,In-Store,598.7,598.7
ORD101154,2025-06-19,CUST1776,Daniel Taylor,West,Wool Sweater,Apparel,76.42,4.0,0.0,Cash on Delivery,Mobile App,305.68,305.68
ORD100252,2024-11-04,CUST1868,Caitlyn Nichols,Central,Yoga Pants,Apparel,90.72,1.0,10.0,Cash on Delivery,Mobile App,90.72,81.65
ORD102246,2024-04-25,CUST1436,Anthony Guzman,Central,Toaster,Home & Kitchen,146.03,2.0,0.0,Debit Card,Online,292.06,292.06
ORD101808,2025-08-01,CUST1051,Courtney Velasquez,East,Electric Kettle,Home & Kitchen,205.32,2.0,0.0,PayPal,In-Store,410.64,410.64
ORD102978,2025-05-19,CUST1642,David Manning,West,Portable SSD 1TB,Electronics,354.78,1.0,0.0,Cash on Delivery,Online,354.78,354.78
ORD104165,2024-12-29,CUST1768,Jenna Lyons,North,Cotton T-Shirt,Apparel,108.69,1.0,15.0,Debit Card,Mobile App,108.69,92.39
ORD103618,2025-09-06,CUST1806,Manuel Brown,East,Notebook Pack,Office Supplies,109.16,2.0,0.0,Cash on Delivery,Online,218.32,218.32
ORD100953,2025-11-05,CUST1285,Joshua Ruiz,South,USB-C Hub,Electronics,174.54,2.0,10.0,UPI,Online,349.08,314.17
ORD104172,2025-06-02,CUST1297,Austin Wheeler,West,Rice Cooker,Home & Kitchen,32.35,1.0,0.0,Debit Card,Online,32.35,32.35
ORD105669,2024-05-10,CUST1770,Bethany Garcia,West,Dumbbell Set,Sports & Outdoors,238.02,1.0,10.0,Credit Card,In-Store,238.02,214.22
ORD105000,2025-12-16,CUST1048,Stacey Russell,West,Running Shoes,Apparel,59.28,1.0,5.0,Credit Card,In-Store,59.28,56.32
ORD101988,2025-11-17,CUST1330,Jennifer Ayala,West,Desk Lamp,Office Supplies,18.18,3.0,10.0,Cash on Delivery,Online,54.54,49.09
ORD104139,2025-01-03,CUST1895,Rebecca Hansen,East,Notebook Pack,Office Supplies,190.16,1.0,0.0,Debit Card,Online,190.16,190.16
ORD102993,2024-08-04,CUST1573,Brandy Quinn,Central,Wool Sweater,Apparel,69.47,4.0,0.0,PayPal,In-Store,277.88,277.88
ORD103946,2025-11-23,CUST1774,Kyle Nguyen,Central,Portable SSD 1TB,Electronics,117.84,5.0,0.0,Cash on Delivery,Online,589.2,589.2
ORD105244,2024-11-12,CUST1092,Alan Phillips,East,Desk Lamp,Office Supplies,112.0,2.0,5.0,Credit Card,Mobile App,224.0,212.8
ORD105674,2024-12-24,CUST1426,Daniel Lopez,North,Mechanical Keyboard,Electronics,228.31,1.0,0.0,PayPal,In-Store,228.31,228.31
ORD100919,2024-11-15,CUST1526,Sarah Rivera,West,Standing Desk,Office Supplies,175.8,1.0,15.0,Debit Card,Mobile App,175.8,149.43
ORD105203,2025-09-03,CUST1736,Kyle Smith,West,Blender,Home & Kitchen,205.65,1.0,0.0,UPI,In-Store,205.65,205.65
ORD104226,2024-01-25,CUST1148,Elizabeth Ortiz,Central,Running Shoes,Apparel,46.95,1.0,15.0,PayPal,Online,46.95,39.91
ORD105004,2024-01-23,CUST1541,Miss Brianna Brown,North,Ergonomic Chair,Office Supplies,66.62,3.0,0.0,UPI,Mobile App,199.86,199.86
ORD101366,2024-04-29,CUST1608,Lee Ramsey,North,Ergonomic Chair,Office Supplies,339.66,3.0,0.0,Unknown,In-Store,1018.98,1018.98
ORD103908,2024-12-18,CUST1105,Doris Hall,East,Rice Cooker,Home & Kitchen,53.49,1.0,0.0,Unknown,Online,53.49,53.49
ORD102827,2025-04-28,CUST1193,Rachel Holland,North,Blender,Home & Kitchen,215.02,3.0,5.0,Cash on Delivery,Online,645.06,612.81
ORD103136,2024-02-04,CUST1813,Michelle Garcia,East,Vacuum Cleaner,Home & Kitchen,77.05,4.0,5.0,PayPal,Online,308.2,292.79
ORD100327,2024-05-20,CUST1637,Richard Kelly,West,Wireless Mouse,Electronics,152.97,2.0,5.0,Credit Card,Mobile App,305.94,290.64
ORD100966,2024-04-16,CUST1277,Todd Rosales MD,East,Yoga Pants,Apparel,112.58,4.0,10.0,Cash on Delivery,Online,450.32,405.29
ORD101871,2025-05-28,CUST1710,Lori Johns,North,Mechanical Keyboard,Electronics,247.44,1.0,0.0,Cash on Delivery,In-Store,247.44,247.44
ORD103611,2025-03-08,CUST1657,Johnny Peterson,North,USB-C Hub,Electronics,326.37,4.0,0.0,UPI,In-Store,1305.48,1305.48
ORD102106,2024-06-02,CUST1479,Judy Robinson,East,Running Shoes,Apparel,54.01,5.0,0.0,Debit Card,In-Store,270.05,270.05
ORD105757,2024-10-27,CUST1553,Robert Wilson,West,Yoga Pants,Apparel,82.36,5.0,0.0,Debit Card,Mobile App,411.8,411.8
ORD102196,2024-04-15,CUST1455,Martin Hughes,West,Wool Sweater,Apparel,105.42,1.0,10.0,Credit Card,Mobile App,105.42,94.88
ORD102368,2024-09-05,CUST1794,Richard King,South,Whiteboard,Office Supplies,95.57,1.0,0.0,UPI,Mobile App,95.57,95.57
ORD101347,2024-02-20,CUST1196,James Conner,South,Camping Tent,Sports & Outdoors,269.93,2.0,0.0,PayPal,In-Store,539.86,539.86
ORD103267,2025-05-01,CUST1730,Susan Hogan,West,Wireless Mouse,Electronics,195.52,1.0,10.0,Credit Card,In-Store,195.52,175.97
ORD101617,2025-04-08,CUST1164,Cindy Hayes,West,Portable SSD 1TB,Electronics,246.07,4.0,5.0,Debit Card,In-Store,984.28,935.07
ORD103558,2025-04-11,CUST1027,Brent Jordan,Central,Smartwatch,Electronics,333.01,3.0,5.0,UPI,Mobile App,999.03,949.08
ORD102693,2025-04-26,CUST1041,Victoria Valdez,Central,Rice Cooker,Home & Kitchen,217.34,1.0,0.0,Debit Card,In-Store,217.34,217.34
ORD105554,2024-04-28,CUST1045,Michael Hoffman,West,Rice Cooker,Home & Kitchen,181.71,2.0,0.0,UPI,In-Store,363.42,363.42
ORD101510,2025-11-22,CUST1133,Bob Pitts,North,Portable SSD 1TB,Electronics,325.87,3.0,0.0,Credit Card,Online,977.61,977.61
ORD105318,2025-07-28,CUST1656,Diane Martinez,Central,Coffee Maker,Home & Kitchen,102.84,1.0,0.0,Debit Card,Online,102.84,102.84
ORD105036,2024-12-22,CUST1599,Natalie Juarez,South,Whiteboard,Office Supplies,297.23,1.0,0.0,Credit Card,Mobile App,297.23,297.23
ORD102391,2024-09-24,CUST1598,Jessica Mays,West,Mechanical Keyboard,Electronics,219.47,3.0,0.0,Credit Card,Online,658.41,658.41
ORD105531,2024-04-10,CUST1581,Philip Hall,East,Water Bottle,Sports & Outdoors,122.29,1.0,0.0,Credit Card,In-Store,122.29,122.29
ORD105758,2025-04-24,CUST1639,Logan Sullivan,South,Coffee Maker,Home & Kitchen,162.34,2.0,15.0,Cash on Delivery,Online,324.68,275.98
ORD101056,2025-04-08,CUST1536,Stacey Hunt,East,Smartwatch,Electronics,95.71,1.0,0.0,Debit Card,Mobile App,95.71,95.71
ORD105084,2024-07-20,CUST1575,Stephen Jones,East,Wool Sweater,Apparel,33.74,1.0,0.0,Debit Card,Mobile App,33.74,33.74
ORD104053,2025-04-24,CUST1024,Crystal Robinson,Central,Smartwatch,Electronics,98.99,3.0,0.0,PayPal,In-Store,296.97,296.97
ORD102253,2024-12-04,CUST1077,David Murphy,South,Webcam HD,Electronics,127.85,1.0,5.0,Credit Card,In-Store,127.85,121.46
ORD104227,2024-02-26,CUST1665,Mr. George Booker DDS,South,Blender,Home & Kitchen,29.16,1.0,10.0,UPI,In-Store,29.16,26.24
ORD101289,2024-04-11,CUST1489,Julie Wilson,North,27in Monitor,Electronics,390.75,3.0,0.0,Cash on Delivery,Mobile App,1172.25,1172.25
ORD102373,2024-08-23,CUST1704,Lisa Brown,Central,USB-C Hub,Electronics,299.69,2.0,5.0,Credit Card,In-Store,599.38,569.41
ORD102671,2024-01-07,CUST1846,Laura Tran,East,Power Bank,Electronics,225.13,3.0,0.0,Unknown,In-Store,675.39,675.39
ORD103821,2025-04-28,CUST1302,Megan Floyd,Central,Dumbbell Set,Sports & Outdoors,211.65,2.0,20.0,Debit Card,In-Store,423.3,338.64
ORD103234,2024-12-02,CUST1661,Vickie Kennedy,West,Blender,Home & Kitchen,131.4,1.0,5.0,Credit Card,Mobile App,131.4,124.83
ORD102544,2024-02-22,CUST1258,Ronald Patel,South,Wireless Mouse,Electronics,356.47,1.0,0.0,UPI,Online,356.47,356.47
ORD104123,2024-03-09,CUST1325,Karen Williams,West,Yoga Pants,Apparel,45.76,1.0,0.0,UPI,Mobile App,45.76,45.76
ORD105818,2025-11-20,CUST1072,Alicia Gilmore,Central,Cycling Helmet,Sports & Outdoors,233.32,1.0,0.0,PayPal,Mobile App,233.32,233.32
ORD103406,2025-04-23,CUST1655,Katherine Flores,East,Bluetooth Speaker,Electronics,256.36,1.0,0.0,Debit Card,In-Store,256.36,256.36
ORD105402,2025-03-14,CUST1523,Jillian Wilson,North,Cycling Helmet,Sports & Outdoors,294.27,1.0,0.0,Credit Card,In-Store,294.27,294.27
ORD100849,2025-03-01,CUST1105,Doris Hall,North,Smartwatch,Electronics,77.31,3.0,0.0,Debit Card,Online,231.93,231.93
ORD100336,2025-05-08,CUST1677,Rebecca Brown,West,Cotton T-Shirt,Apparel,69.51,2.0,10.0,UPI,Online,139.02,125.12
ORD104715,2025-08-05,CUST1741,John Martinez,Central,Yoga Pants,Apparel,71.08,2.0,0.0,UPI,In-Store,142.16,142.16
ORD102005,2025-10-19,CUST1645,Mark Anderson,West,Cotton T-Shirt,Apparel,44.46,1.0,5.0,Cash on Delivery,Mobile App,44.46,42.24
ORD100228,2024-06-12,CUST1528,Jacqueline Rodriguez,Central,Ergonomic Chair,Office Supplies,240.23,1.0,0.0,UPI,In-Store,240.23,240.23
ORD102762,2025-03-09,CUST1010,Andrew Stewart,West,Cotton T-Shirt,Apparel,51.99,1.0,5.0,Debit Card,Mobile App,51.99,49.39
